hour,line_id,flow_MW,limit_MW
2030-01-14 06:00:00,1341-1701-1,29.140529787275348,210.0
2030-01-14 06:00:00,1341-5191-1,-12.995100601626746,159.0
2030-01-14 06:00:00,1571-5191-1,-1.4648813879999238,91.0
2030-01-14 06:00:00,1631-5041-1,116.07126329044209,210.0
2030-01-14 06:00:00,1701-28712-2,-65.75525594494471,210.0
2030-01-14 06:00:00,1701-5041-1,39.437800571412865,191.0
2030-01-14 06:00:00,1931-4371-1,-72.52939698172028,210.0
2030-01-14 06:00:00,2321-28710-1,-12.95820190545345,123.0
2030-01-14 06:00:00,2321-3581-1,47.513629071043965,123.0
2030-01-14 06:00:00,2870-17010-1,65.75525594494471,209.0
2030-01-14 06:00:00,28710-51911-1,-60.606777417350486,183.0
2030-01-14 06:00:00,3581-28019-1,-18.91547656205573,121.0
2030-01-14 06:00:00,3581-5361-1,-7.452799195947691,123.0
2030-01-14 06:00:00,3591-5191-1,-8.448419341248751,159.0
2030-01-14 06:00:00,4981-5041-1,27.029387411092866,123.0
2030-01-14 06:00:00,4981-5041-2,26.251054265747264,123.0
2030-01-14 06:00:00,4991-5361-1,14.10332549394127,123.0
2030-01-14 06:00:00,5041-17010-2,-176.29856065319524,210.0
2030-01-14 07:00:00,1341-1701-1,48.29677592002507,210.0
2030-01-14 07:00:00,1341-5191-1,-24.691596944394632,159.0
2030-01-14 07:00:00,1571-5191-1,0.010492436474748956,91.0
2030-01-14 07:00:00,1631-5041-1,130.93032166081412,210.0
2030-01-14 07:00:00,1701-28712-2,-80.7209012568641,210.0
2030-01-14 07:00:00,1701-5041-1,46.97677672076112,191.0
2030-01-14 07:00:00,1931-4371-1,-77.02841006206326,210.0
2030-01-14 07:00:00,2321-28710-1,13.302732572569624,123.0
2030-01-14 07:00:00,2321-3581-1,37.67233703501665,123.0
2030-01-14 07:00:00,2870-17010-1,80.7209012568641,209.0
2030-01-14 07:00:00,28710-51911-1,-86.08848218272237,183.0
2030-01-14 07:00:00,3581-28019-1,1.2877043212775021,121.0
2030-01-14 07:00:00,3581-5361-1,-29.110104564494662,123.0
2030-01-14 07:00:00,3591-5191-1,0.04898482416510319,159.0
2030-01-14 07:00:00,4981-5041-1,29.103920038641217,123.0
2030-01-14 07:00:00,4981-5041-2,28.265849042764117,123.0
2030-01-14 07:00:00,4991-5361-1,27.659276221218988,123.0
2030-01-14 07:00:00,5041-17010-2,-210.0000000000003,210.0
2030-01-14 08:00:00,1341-1701-1,47.927982503887335,210.0
2030-01-14 08:00:00,1341-5191-1,-29.15616927100649,159.0
2030-01-14 08:00:00,1571-5191-1,0.8830326380133613,91.0
2030-01-14 08:00:00,1631-5041-1,134.0493529772727,210.0
2030-01-14 08:00:00,1701-28712-2,-88.36501291936253,210.0
2030-01-14 08:00:00,1701-5041-1,46.97677672076112,191.0
2030-01-14 08:00:00,1931-4371-1,-75.6831389561247,210.0
2030-01-14 08:00:00,2321-28710-1,13.196558924897488,123.0
2030-01-14 08:00:00,2321-3581-1,37.91593074438879,123.0
2030-01-14 08:00:00,2870-17010-1,88.36501291936253,209.0
2030-01-14 08:00:00,28710-51911-1,-95.18606088102774,183.0
2030-01-14 08:00:00,3581-28019-1,1.1632790100915429,121.0
2030-01-14 08:00:00,3581-5361-1,-34.6403982215806,123.0
2030-01-14 08:00:00,3591-5191-1,3.255054687811054,159.0
2030-01-14 08:00:00,4981-5041-1,26.02424245139236,123.0
2030-01-14 08:00:00,4981-5041-2,25.27485327085489,123.0
2030-01-14 08:00:00,4991-5361-1,31.572924712035274,123.0
2030-01-14 08:00:00,5041-17010-2,-210.0000000000003,210.0
2030-01-14 09:00:00,1341-1701-1,59.033176232447374,210.0
2030-01-14 09:00:00,1341-5191-1,-26.08751091402175,159.0
2030-01-14 09:00:00,1571-5191-1,5.83994209261931,91.0
2030-01-14 09:00:00,1631-5041-1,146.37391370798713,210.0
2030-01-14 09:00:00,1701-28712-2,-95.79290149893808,210.0
2030-01-14 09:00:00,1701-5041-1,46.97677672076113,191.0
2030-01-14 09:00:00,1931-4371-1,-95.59236262360467,210.0
2030-01-14 09:00:00,2321-28710-1,-0.5460947422196227,123.0
2030-01-14 09:00:00,2321-3581-1,19.406234354638855,123.0
2030-01-14 09:00:00,2870-17010-1,95.79290149893808,209.0
2030-01-14 09:00:00,28710-51911-1,-115.24030742485684,183.0
2030-01-14 09:00:00,3581-28019-1,-4.447204257262882,121.0
2030-01-14 09:00:00,3581-5361-1,-33.08987957977487,123.0
2030-01-14 09:00:00,3591-5191-1,-6.534782731272969,159.0
2030-01-14 09:00:00,4981-5041-1,41.13154681785314,123.0
2030-01-14 09:00:00,4981-5041-2,39.947130548229104,123.0
2030-01-14 09:00:00,4991-5361-1,30.856659273453943,123.0
2030-01-14 09:00:00,5041-17010-2,-210.00000000000034,210.0
2030-01-14 10:00:00,1341-1701-1,55.907733327824985,210.0
2030-01-14 10:00:00,1341-5191-1,-31.232307840074185,159.0
2030-01-14 10:00:00,1571-5191-1,6.175556703276527,91.0
2030-01-14 10:00:00,1631-5041-1,141.8913520645751,210.0
2030-01-14 10:00:00,1701-28712-2,-98.15555361627528,210.0
2030-01-14 10:00:00,1701-5041-1,46.97677672076113,191.0
2030-01-14 10:00:00,1931-4371-1,-95.06986907119271,210.0
2030-01-14 10:00:00,2321-28710-1,11.289225002114847,123.0
2030-01-14 10:00:00,2321-3581-1,44.7553153638255,123.0
2030-01-14 10:00:00,2870-17010-1,98.15555361627528,209.0
2030-01-14 10:00:00,28710-51911-1,-109.39640054505617,183.0
2030-01-14 10:00:00,3581-28019-1,-1.5885725786424416,121.0
2030-01-14 10:00:00,3581-5361-1,-18.935986983188457,123.0
2030-01-14 10:00:00,3591-5191-1,-1.695451617576424,159.0
2030-01-14 10:00:00,4981-5041-1,40.54259523972847,123.0
2030-01-14 10:00:00,4981-5041-2,39.37513830874153,123.0
2030-01-14 10:00:00,4991-5361-1,22.562850613697492,123.0
2030-01-14 10:00:00,5041-17010-2,-210.00000000000034,210.0
2030-01-14 11:00:00,1341-1701-1,64.50653497636671,210.0
2030-01-14 11:00:00,1341-5191-1,-18.608009668037482,159.0
2030-01-14 11:00:00,1571-5191-1,9.60433629334986,91.0
2030-01-14 11:00:00,1631-5041-1,148.52537804908448,210.0
2030-01-14 11:00:00,1701-28712-2,-91.49840045452916,210.0
2030-01-14 11:00:00,1701-5041-1,46.97677672076113,191.0
2030-01-14 11:00:00,1931-4371-1,-97.5027728911594,210.0
2030-01-14 11:00:00,2321-28710-1,-12.079115498640022,123.0
2030-01-14 11:00:00,2321-3581-1,12.079115498640249,123.0
2030-01-14 11:00:00,2870-17010-1,91.49840045452916,209.0
2030-01-14 11:00:00,28710-51911-1,-120.73533693508989,183.0
2030-01-14 11:00:00,3581-28019-1,-10.876711144292173,121.0
2030-01-14 11:00:00,3581-5361-1,-30.88371739755985,123.0
2030-01-14 11:00:00,3591-5191-1,-17.89946757865698,159.0
2030-01-14 11:00:00,4981-5041-1,42.69692744998885,123.0
2030-01-14 11:00:00,4981-5041-2,41.4674347747274,123.0
2030-01-14 11:00:00,4991-5361-1,29.467757435840895,123.0
2030-01-14 11:00:00,5041-17010-2,-210.00000000000034,210.0
2030-01-14 12:00:00,1341-1701-1,25.064809028480163,210.0
2030-01-14 12:00:00,1341-5191-1,-15.688164824643124,159.0
2030-01-14 12:00:00,1571-5191-1,-0.33941362069215586,91.0
2030-01-14 12:00:00,1631-5041-1,77.79798148369396,210.0
2030-01-14 12:00:00,1701-28712-2,-69.47996096419607,210.0
2030-01-14 12:00:00,1701-5041-1,39.39876223209682,191.0
2030-01-14 12:00:00,1931-4371-1,-71.05339296467031,210.0
2030-01-14 12:00:00,2321-28710-1,-17.646541913335113,123.0
2030-01-14 12:00:00,2321-3581-1,51.44212109129808,123.0
2030-01-14 12:00:00,2870-17010-1,69.47996096419607,209.0
2030-01-14 12:00:00,28710-51911-1,-70.10370159614399,183.0
2030-01-14 12:00:00,3581-28019-1,-22.977759893936067,121.0
2030-01-14 12:00:00,3581-5361-1,-4.500251836218169,123.0
2030-01-14 12:00:00,3591-5191-1,-8.082205562318222,159.0
2030-01-14 12:00:00,4981-5041-1,19.4093620743809,123.0
2030-01-14 12:00:00,4981-5041-2,18.850453742396116,123.0
2030-01-14 12:00:00,4991-5361-1,13.91159194499653,123.0
2030-01-14 12:00:00,5041-17010-2,-176.12404780176868,210.0
2030-01-14 13:00:00,1341-1701-1,21.253717885634124,210.0
2030-01-14 13:00:00,1341-5191-1,-13.047492875234425,159.0
2030-01-14 13:00:00,1571-5191-1,-1.015330255958247,91.0
2030-01-14 13:00:00,1631-5041-1,84.24233674477759,210.0
2030-01-14 13:00:00,1701-28712-2,-66.861915054438,210.0
2030-01-14 13:00:00,1701-5041-1,37.5570069497491,191.0
2030-01-14 13:00:00,1931-4371-1,-68.05125497901957,210.0
2030-01-14 13:00:00,2321-28710-1,-23.488746115749834,123.0
2030-01-14 13:00:00,2321-3581-1,54.17315794663875,123.0
2030-01-14 13:00:00,2870-17010-1,66.861915054438,209.0
2030-01-14 13:00:00,28710-51911-1,-73.16045370509687,183.0
2030-01-14 13:00:00,3581-28019-1,-27.585913231374548,121.0
2030-01-14 13:00:00,3581-5361-1,-1.7862170633495111,123.0
2030-01-14 13:00:00,3591-5191-1,-9.966729724143889,159.0
2030-01-14 13:00:00,4981-5041-1,17.420781146783778,123.0
2030-01-14 13:00:00,4981-5041-2,16.919135616379013,123.0
2030-01-14 13:00:00,4991-5361-1,12.225090131852085,123.0
2030-01-14 13:00:00,5041-17010-2,-167.89086033571394,210.0
2030-01-14 14:00:00,1341-1701-1,5.461042915915705,210.0
2030-01-14 14:00:00,1341-5191-1,-2.505708944127349,159.0
2030-01-14 14:00:00,1571-5191-1,-2.3871142231027562,91.0
2030-01-14 14:00:00,1631-5041-1,65.28035650675983,210.0
2030-01-14 14:00:00,1701-28712-2,-41.93765845133966,210.0
2030-01-14 14:00:00,1701-5041-1,24.856261692537124,191.0
2030-01-14 14:00:00,1931-4371-1,-66.69833805220051,210.0
2030-01-14 14:00:00,2321-28710-1,-31.76823738052412,123.0
2030-01-14 14:00:00,2321-3581-1,58.58545561078108,123.0
2030-01-14 14:00:00,2870-17010-1,41.93765845133966,209.0
2030-01-14 14:00:00,28710-51911-1,-52.686559097106624,183.0
2030-01-14 14:00:00,3581-28019-1,-34.230177452486316,121.0
2030-01-14 14:00:00,3581-5361-1,3.381636296148397,123.0
2030-01-14 14:00:00,3591-5191-1,-14.485495117727773,159.0
2030-01-14 14:00:00,4981-5041-1,15.991895897885952,123.0
2030-01-14 14:00:00,4981-5041-2,15.531396277789762,123.0
2030-01-14 14:00:00,4991-5361-1,9.100715189151572,123.0
2030-01-14 14:00:00,5041-17010-2,-111.11479585882138,210.0
2030-01-14 15:00:00,1341-1701-1,44.28066047593106,210.0
2030-01-14 15:00:00,1341-5191-1,-22.113584377607737,159.0
2030-01-14 15:00:00,1571-5191-1,1.7872666083949724,91.0
2030-01-14 15:00:00,1631-5041-1,121.20786587763374,210.0
2030-01-14 15:00:00,1701-28712-2,-81.06718450745042,210.0
2030-01-14 15:00:00,1701-5041-1,46.976776720761116,191.0
2030-01-14 15:00:00,1931-4371-1,-78.3695855761098,210.0
2030-01-14 15:00:00,2321-28710-1,3.5619742824069647,123.0
2030-01-14 15:00:00,2321-3581-1,53.82333097939738,123.0
2030-01-14 15:00:00,2870-17010-1,81.06718450745042,209.0
2030-01-14 15:00:00,28710-51911-1,-98.13480402024493,183.0
2030-01-14 15:00:00,3581-28019-1,-8.827815142557569,121.0
2030-01-14 15:00:00,3581-5361-1,-10.536782787875126,123.0
2030-01-14 15:00:00,3591-5191-1,-5.8576256086205944,159.0
2030-01-14 15:00:00,4981-5041-1,26.284539976541122,123.0
2030-01-14 15:00:00,4981-5041-2,25.52765531753078,123.0
2030-01-14 15:00:00,4991-5361-1,17.352691411046635,123.0
2030-01-14 15:00:00,5041-17010-2,-210.00000000000028,210.0
2030-01-14 16:00:00,1341-1701-1,29.741616440329537,210.0
2030-01-14 16:00:00,1341-5191-1,-15.904593946388815,159.0
2030-01-14 16:00:00,1571-5191-1,-2.342085894907825,91.0
2030-01-14 16:00:00,1631-5041-1,121.20318271594515,210.0
2030-01-14 16:00:00,1701-28712-2,-78.76493480006881,210.0
2030-01-14 16:00:00,1701-5041-1,44.77361075619825,191.0
2030-01-14 16:00:00,1931-4371-1,-77.74695963605309,210.0
2030-01-14 16:00:00,2321-28710-1,-13.88607565999422,123.0
2030-01-14 16:00:00,2321-3581-1,61.41340637606385,123.0
2030-01-14 16:00:00,2870-17010-1,78.76493480006881,209.0
2030-01-14 16:00:00,28710-51911-1,-78.48868206479256,183.0
2030-01-14 16:00:00,3581-28019-1,-22.47153718444406,121.0
2030-01-14 16:00:00,3581-5361-1,-1.8367465561173475,123.0
2030-01-14 16:00:00,3591-5191-1,-4.9286213275334205,159.0
2030-01-14 16:00:00,4981-5041-1,25.41753783817914,123.0
2030-01-14 16:00:00,4981-5041-2,24.685619209331055,123.0
2030-01-14 16:00:00,4991-5361-1,12.735443310024152,123.0
2030-01-14 16:00:00,5041-17010-2,-200.1512005536617,210.0
2030-01-14 17:00:00,1341-1701-1,41.56932727303928,210.0
2030-01-14 17:00:00,1341-5191-1,-15.340435840939705,159.0
2030-01-14 17:00:00,1571-5191-1,-0.1335074866606618,91.0
2030-01-14 17:00:00,1631-5041-1,137.5666705456856,210.0
2030-01-14 17:00:00,1701-28712-2,-76.89851942583479,210.0
2030-01-14 17:00:00,1701-5041-1,46.97677672076111,191.0
2030-01-14 17:00:00,1931-4371-1,-87.76114283081665,210.0
2030-01-14 17:00:00,2321-28710-1,-5.307419807482063,123.0
2030-01-14 17:00:00,2321-3581-1,59.96218096160169,123.0
2030-01-14 17:00:00,2870-17010-1,76.89851942583479,209.0
2030-01-14 17:00:00,28710-51911-1,-88.11736524487287,183.0
2030-01-14 17:00:00,3581-28019-1,-16.241646314896087,121.0
2030-01-14 17:00:00,3581-5361-1,-1.0130726335208777,123.0
2030-01-14 17:00:00,3591-5191-1,-10.536028912150812,159.0
2030-01-14 17:00:00,4981-5041-1,32.77145316625598,123.0
2030-01-14 17:00:00,4981-5041-2,31.82777257769888,123.0
2030-01-14 17:00:00,4991-5361-1,12.82968513286039,123.0
2030-01-14 17:00:00,5041-17010-2,-210.00000000000026,210.0
2030-01-14 18:00:00,1341-1701-1,22.7851312029049,210.0
2030-01-14 18:00:00,1341-5191-1,-8.875614391056004,159.0
2030-01-14 18:00:00,1571-5191-1,-2.830205967857381,91.0
2030-01-14 18:00:00,1631-5041-1,130.50624202413036,210.0
2030-01-14 18:00:00,1701-28712-2,-60.735549228797225,210.0
2030-01-14 18:00:00,1701-5041-1,35.904040071692854,191.0
2030-01-14 18:00:00,1931-4371-1,-82.63639330227616,210.0
2030-01-14 18:00:00,2321-28710-1,-17.889299298458553,123.0
2030-01-14 18:00:00,2321-3581-1,62.169393465285964,123.0
2030-01-14 18:00:00,2870-17010-1,60.735549228797225,209.0
2030-01-14 18:00:00,28710-51911-1,-61.41075467979226,183.0
2030-01-14 18:00:00,3581-28019-1,-25.395232263463342,121.0
2030-01-14 18:00:00,3581-5361-1,2.243474229938954,123.0
2030-01-14 18:00:00,3591-5191-1,-10.878635273090424,159.0
2030-01-14 18:00:00,4981-5041-1,27.7113351081954,123.0
2030-01-14 18:00:00,4981-5041-2,26.91336472549868,123.0
2030-01-14 18:00:00,4991-5361-1,10.921434353595714,123.0
2030-01-14 18:00:00,5041-17010-2,-160.5016125281179,210.0
2030-01-14 19:00:00,1341-1701-1,30.0630304394886,210.0
2030-01-14 19:00:00,1341-5191-1,-15.573618325822792,159.0
2030-01-14 19:00:00,1571-5191-1,-0.657287107442798,91.0
2030-01-14 19:00:00,1631-5041-1,136.2693879039257,210.0
2030-01-14 19:00:00,1701-28712-2,-72.82284557399299,210.0
2030-01-14 19:00:00,1701-5041-1,41.67040244650278,191.0
2030-01-14 19:00:00,1931-4371-1,-81.57772402879912,210.0
2030-01-14 19:00:00,2321-28710-1,-11.398842472928862,123.0
2030-01-14 19:00:00,2321-3581-1,57.42836831770728,123.0
2030-01-14 19:00:00,2870-17010-1,72.82284557399299,209.0
2030-01-14 19:00:00,28710-51911-1,-68.56665332919715,183.0
2030-01-14 19:00:00,3581-28019-1,-19.917764030075645,121.0
2030-01-14 19:00:00,3581-5361-1,-3.6418286223847502,123.0
2030-01-14 19:00:00,3591-5191-1,-6.729370300577671,159.0
2030-01-14 19:00:00,4981-5041-1,27.608993672543466,123.0
2030-01-14 19:00:00,4981-5041-2,26.813970294538294,123.0
2030-01-14 19:00:00,4991-5361-1,13.985471597453625,123.0
2030-01-14 19:00:00,5041-17010-2,-186.27894727179606,210.0
2030-01-14 20:00:00,1341-1701-1,5.743121584723966,210.0
2030-01-14 20:00:00,1341-5191-1,-0.11781742993363054,159.0
2030-01-14 20:00:00,1571-5191-1,-3.242637109568399,91.0
2030-01-14 20:00:00,1631-5041-1,114.03864490530974,210.0
2030-01-14 20:00:00,1701-28712-2,-38.51655529925022,210.0
2030-01-14 20:00:00,1701-5041-1,23.387416293124073,191.0
2030-01-14 20:00:00,1931-4371-1,-74.73372433511993,210.0
2030-01-14 20:00:00,2321-28710-1,-28.40881780591532,123.0
2030-01-14 20:00:00,2321-3581-1,58.13221132576567,123.0
2030-01-14 20:00:00,2870-17010-1,38.51655529925022,209.0
2030-01-14 20:00:00,28710-51911-1,-45.290033678645386,183.0
2030-01-14 20:00:00,3581-28019-1,-31.814669993532174,121.0
2030-01-14 20:00:00,3581-5361-1,2.698837459112905,123.0
2030-01-14 20:00:00,3591-5191-1,-12.957675740523214,159.0
2030-01-14 20:00:00,4981-5041-1,21.38786002270477,123.0
2030-01-14 20:00:00,4981-5041-2,20.77197923671066,123.0
2030-01-14 20:00:00,4991-5361-1,9.789263877525514,123.0
2030-01-14 20:00:00,5041-17010-2,-104.54862518026947,210.0
2030-01-14 21:00:00,1341-1701-1,20.89761272127336,210.0
2030-01-14 21:00:00,1341-5191-1,-7.225010849720178,159.0
2030-01-14 21:00:00,1571-5191-1,1.6978310559922107,91.0
2030-01-14 21:00:00,1631-5041-1,110.0902552096361,210.0
2030-01-14 21:00:00,1701-28712-2,-54.56271144988176,210.0
2030-01-14 21:00:00,1701-5041-1,32.492067736139994,191.0
2030-01-14 21:00:00,1931-4371-1,-71.12952862846755,210.0
2030-01-14 21:00:00,2321-28710-1,-19.79163304862601,123.0
2030-01-14 21:00:00,2321-3581-1,54.35942777000395,123.0
2030-01-14 21:00:00,2870-17010-1,54.56271144988176,209.0
2030-01-14 21:00:00,28710-51911-1,-55.09865454005467,183.0
2030-01-14 21:00:00,3581-28019-1,-25.071273940518324,121.0
2030-01-14 21:00:00,3581-5361-1,-4.020916201228346,123.0
2030-01-14 21:00:00,3591-5191-1,-12.36651334445554,159.0
2030-01-14 21:00:00,4981-5041-1,19.399722198045005,123.0
2030-01-14 21:00:00,4981-5041-2,18.841091454122246,123.0
2030-01-14 21:00:00,4991-5361-1,13.246118494741268,123.0
2030-01-14 21:00:00,5041-17010-2,-145.2490932945145,210.0
2030-01-14 22:00:00,1341-1701-1,7.901990520507091,210.0
2030-01-14 22:00:00,1341-5191-1,-2.4116433370013795,159.0
2030-01-14 22:00:00,1571-5191-1,-1.0018857199918187,91.0
2030-01-14 22:00:00,1631-5041-1,100.57845315673156,210.0
2030-01-14 22:00:00,1701-28712-2,-44.52303405716821,210.0
2030-01-14 22:00:00,1701-5041-1,26.275864871069622,191.0
2030-01-14 22:00:00,1931-4371-1,-68.63679434198156,210.0
2030-01-14 22:00:00,2321-28710-1,-26.668841019072815,123.0
2030-01-14 22:00:00,2321-3581-1,56.569723803681256,123.0
2030-01-14 22:00:00,2870-17010-1,44.52303405716821,209.0
2030-01-14 22:00:00,28710-51911-1,-50.4156845756047,183.0
2030-01-14 22:00:00,3581-28019-1,-30.285121775192422,121.0
2030-01-14 22:00:00,3581-5361-1,-1.1923542866896568,123.0
2030-01-14 22:00:00,3591-5191-1,-10.120958099282234,159.0
2030-01-14 22:00:00,4981-5041-1,19.683654850866603,123.0
2030-01-14 22:00:00,4981-5041-2,19.116848035789296,123.0
2030-01-14 22:00:00,4991-5361-1,11.10791140998225,123.0
2030-01-14 22:00:00,5041-17010-2,-117.46083933608858,210.0
2030-01-14 23:00:00,1341-1701-1,41.526591057225886,210.0
2030-01-14 23:00:00,1341-5191-1,-20.29396125280695,159.0
2030-01-14 23:00:00,1571-5191-1,2.3887580891465205,91.0
2030-01-14 23:00:00,1631-5041-1,140.7318104480931,210.0
2030-01-14 23:00:00,1701-28712-2,-78.20060442264041,210.0
2030-01-14 23:00:00,1701-5041-1,46.976776720761116,191.0
2030-01-14 23:00:00,1931-4371-1,-74.96344724726058,210.0
2030-01-14 23:00:00,2321-28710-1,3.314016688025106,123.0
2030-01-14 23:00:00,2321-3581-1,46.31173224429517,123.0
2030-01-14 23:00:00,2870-17010-1,78.20060442264041,209.0
2030-01-14 23:00:00,28710-51911-1,-83.40817248830058,183.0
2030-01-14 23:00:00,3581-28019-1,-7.423705873868272,121.0
2030-01-14 23:00:00,3581-5361-1,-17.525427604681354,123.0
2030-01-14 23:00:00,3591-5191-1,-2.4270758813941598,159.0
2030-01-14 23:00:00,4981-5041-1,27.609791483525296,123.0
2030-01-14 23:00:00,4981-5041-2,26.81474513190546,123.0
2030-01-14 23:00:00,4991-5361-1,20.197918411359524,123.0
2030-01-14 23:00:00,5041-17010-2,-210.00000000000028,210.0
2030-01-15 00:00:00,1341-1701-1,61.80773935033764,210.0
2030-01-15 00:00:00,1341-5191-1,-25.945160166220376,159.0
2030-01-15 00:00:00,1571-5191-1,6.000298748841317,91.0
2030-01-15 00:00:00,1631-5041-1,148.02428270901018,210.0
2030-01-15 00:00:00,1701-28712-2,-95.02755283624467,210.0
2030-01-15 00:00:00,1701-5041-1,46.97677672076113,191.0
2030-01-15 00:00:00,1931-4371-1,-81.13271310004203,210.0
2030-01-15 00:00:00,2321-28710-1,6.552937870499221,123.0
2030-01-15 00:00:00,2321-3581-1,16.695771743800265,123.0
2030-01-15 00:00:00,2870-17010-1,95.02755283624467,209.0
2030-01-15 00:00:00,28710-51911-1,-106.97348835677394,183.0
2030-01-15 00:00:00,3581-28019-1,1.0247625554672481,121.0
2030-01-15 00:00:00,3581-5361-1,-32.735336152146886,123.0
2030-01-15 00:00:00,3591-5191-1,-3.332776887245757,159.0
2030-01-15 00:00:00,4981-5041-1,33.04861759291805,123.0
2030-01-15 00:00:00,4981-5041-2,32.096955829771204,123.0
2030-01-15 00:00:00,4991-5361-1,28.639969176537306,123.0
2030-01-15 00:00:00,5041-17010-2,-210.00000000000034,210.0
2030-01-15 01:00:00,1341-1701-1,64.18564810108374,210.0
2030-01-15 01:00:00,1341-5191-1,-20.91559697625371,159.0
2030-01-15 01:00:00,1571-5191-1,8.964707869540717,91.0
2030-01-15 01:00:00,1631-5041-1,147.44559732254692,210.0
2030-01-15 01:00:00,1701-28712-2,-90.51338423799251,210.0
2030-01-15 01:00:00,1701-5041-1,46.97677672076112,191.0
2030-01-15 01:00:00,1931-4371-1,-82.77715368243841,210.0
2030-01-15 01:00:00,2321-28710-1,-6.576078405467541,123.0
2030-01-15 01:00:00,2321-3581-1,6.576078405467797,123.0
2030-01-15 01:00:00,2870-17010-1,90.51338423799251,209.0
2030-01-15 01:00:00,28710-51911-1,-113.44950406254338,183.0
2030-01-15 01:00:00,3581-28019-1,-5.921468776959799,121.0
2030-01-15 01:00:00,3581-5361-1,-32.603558106548604,123.0
2030-01-15 01:00:00,3591-5191-1,-14.081660782538165,159.0
2030-01-15 01:00:00,4981-5041-1,35.28472689782257,123.0
2030-01-15 01:00:00,4981-5041-2,34.268674552597325,123.0
2030-01-15 01:00:00,4991-5361-1,28.277885843965805,123.0
2030-01-15 01:00:00,5041-17010-2,-210.0000000000003,210.0
2030-01-15 02:00:00,1341-1701-1,64.97053010656477,210.0
2030-01-15 02:00:00,1341-5191-1,-22.504663829428864,159.0
2030-01-15 02:00:00,1571-5191-1,7.905996029245557,91.0
2030-01-15 02:00:00,1631-5041-1,148.0195210091432,210.0
2030-01-15 02:00:00,1701-28712-2,-91.27440857085946,210.0
2030-01-15 02:00:00,1701-5041-1,46.97677672076112,191.0
2030-01-15 02:00:00,1931-4371-1,-89.47527264828751,210.0
2030-01-15 02:00:00,2321-28710-1,-2.698993768894553,123.0
2030-01-15 02:00:00,2321-3581-1,2.6989937688945247,123.0
2030-01-15 02:00:00,2870-17010-1,91.27440857085946,209.0
2030-01-15 02:00:00,28710-51911-1,-110.02230579021716,183.0
2030-01-15 02:00:00,3581-28019-1,-2.4303249362766195,121.0
2030-01-15 02:00:00,3581-5361-1,-28.43999993498116,123.0
2030-01-15 02:00:00,3591-5191-1,-11.223003663715303,159.0
2030-01-15 02:00:00,4981-5041-1,42.37857984835844,123.0
2030-01-15 02:00:00,4981-5041-2,41.158254250630854,123.0
2030-01-15 02:00:00,4991-5361-1,25.648240392411935,123.0
2030-01-15 02:00:00,5041-17010-2,-210.0000000000003,210.0
2030-01-15 03:00:00,1341-1701-1,69.49671910297378,210.0
2030-01-15 03:00:00,1341-5191-1,-10.149494051596832,159.0
2030-01-15 03:00:00,1571-5191-1,11.395624357118265,91.0
2030-01-15 03:00:00,1631-5041-1,151.25383420563927,210.0
2030-01-15 03:00:00,1701-28712-2,-86.0926019701773,210.0
2030-01-15 03:00:00,1701-5041-1,46.97677672076112,191.0
2030-01-15 03:00:00,1931-4371-1,-98.08934469443744,210.0
2030-01-15 03:00:00,2321-28710-1,-18.39557335421202,123.0
2030-01-15 03:00:00,2321-3581-1,18.39557335421216,123.0
2030-01-15 03:00:00,2870-17010-1,86.0926019701773,209.0
2030-01-15 03:00:00,28710-51911-1,-121.43444558905458,183.0
2030-01-15 03:00:00,3581-28019-1,-16.564403058314042,121.0
2030-01-15 03:00:00,3581-5361-1,-29.83739484548296,123.0
2030-01-15 03:00:00,3591-5191-1,-28.09703908112398,159.0
2030-01-15 03:00:00,4981-5041-1,51.20152916460393,123.0
2030-01-15 03:00:00,4981-5041-2,49.72713958133001,123.0
2030-01-15 03:00:00,4991-5361-1,26.372122088212336,123.0
2030-01-15 03:00:00,5041-17010-2,-210.0000000000003,210.0
2030-01-15 04:00:00,1341-1701-1,66.51949710311368,210.0
2030-01-15 04:00:00,1341-5191-1,-6.6967541252307115,159.0
2030-01-15 04:00:00,1571-5191-1,11.123055285406963,91.0
2030-01-15 04:00:00,1631-5041-1,152.06537305720198,210.0
2030-01-15 04:00:00,1701-28712-2,-81.99855426241972,210.0
2030-01-15 04:00:00,1701-5041-1,45.99164333419919,191.0
2030-01-15 04:00:00,1931-4371-1,-103.74416512506846,210.0
2030-01-15 04:00:00,2321-28710-1,-23.392905773551092,123.0
2030-01-15 04:00:00,2321-3581-1,23.392905773551206,123.0
2030-01-15 04:00:00,2870-17010-1,81.99855426241972,209.0
2030-01-15 04:00:00,28710-51911-1,-122.20188611277263,183.0
2030-01-15 04:00:00,3581-28019-1,-21.06428065475535,121.0
2030-01-15 04:00:00,3581-5361-1,-33.85752704920108,123.0
2030-01-15 04:00:00,3591-5191-1,-31.304229385583014,159.0
2030-01-15 04:00:00,4981-5041-1,55.47209165310518,123.0
2030-01-15 04:00:00,4981-5041-2,53.874727757335144,123.0
2030-01-15 04:00:00,4991-5361-1,28.727813786240404,123.0
2030-01-15 04:00:00,5041-17010-2,-205.59616419815873,210.0
2030-01-15 05:00:00,1341-1701-1,70.90108798324741,210.0
2030-01-15 05:00:00,1341-5191-1,-18.165056521432774,159.0
2030-01-15 05:00:00,1571-5191-1,9.129116393694488,91.0
2030-01-15 05:00:00,1631-5041-1,151.68712463473375,210.0
2030-01-15 05:00:00,1701-28712-2,-84.71492699342834,210.0
2030-01-15 05:00:00,1701-5041-1,46.976776720761116,191.0
2030-01-15 05:00:00,1931-4371-1,-94.84307371297224,210.0
2030-01-15 05:00:00,2321-28710-1,-1.1050885903901246,123.0
2030-01-15 05:00:00,2321-3581-1,1.10508859039021,123.0
2030-01-15 05:00:00,2870-17010-1,84.71492699342834,209.0
2030-01-15 05:00:00,28710-51911-1,-120.31675560816302,183.0
2030-01-15 05:00:00,3581-28019-1,-0.9950835711339749,121.0
2030-01-15 05:00:00,3581-5361-1,-23.448185176470275,123.0
2030-01-15 05:00:00,3591-5191-1,-17.697356179212136,159.0
2030-01-15 05:00:00,4981-5041-1,49.579091441149835,123.0
2030-01-15 05:00:00,4981-5041-2,48.151421268760714,123.0
2030-01-15 05:00:00,4991-5361-1,22.81812323814779,123.0
2030-01-15 05:00:00,5041-17010-2,-210.00000000000028,210.0
2030-01-15 06:00:00,1341-1701-1,60.510753688323604,210.0
2030-01-15 06:00:00,1341-5191-1,-26.84220861486105,159.0
2030-01-15 06:00:00,1571-5191-1,4.225452331132459,91.0
2030-01-15 06:00:00,1631-5041-1,150.05048190358858,210.0
2030-01-15 06:00:00,1701-28712-2,-93.3858367415896,210.0
2030-01-15 06:00:00,1701-5041-1,46.97677672076113,191.0
2030-01-15 06:00:00,1931-4371-1,-89.22309821925417,210.0
2030-01-15 06:00:00,2321-28710-1,14.663753410315394,123.0
2030-01-15 06:00:00,2321-3581-1,36.0626480235411,123.0
2030-01-15 06:00:00,2870-17010-1,93.3858367415896,209.0
2030-01-15 06:00:00,28710-51911-1,-99.39069010657477,183.0
2030-01-15 06:00:00,3581-28019-1,2.5653958932213925,121.0
2030-01-15 06:00:00,3581-5361-1,-15.694255273062623,123.0
2030-01-15 06:00:00,3591-5191-1,-2.131382390149213,159.0
2030-01-15 06:00:00,4981-5041-1,44.34164522441301,123.0
2030-01-15 06:00:00,4981-5041-2,43.0647915661184,123.0
2030-01-15 06:00:00,4991-5361-1,18.844254057832586,123.0
2030-01-15 06:00:00,5041-17010-2,-210.00000000000034,210.0
2030-01-15 07:00:00,1341-1701-1,38.963726696984594,210.0
2030-01-15 07:00:00,1341-5191-1,-16.956453920796804,159.0
2030-01-15 07:00:00,1571-5191-1,1.611308072121858,91.0
2030-01-15 07:00:00,1631-5041-1,136.96646999358254,210.0
2030-01-15 07:00:00,1701-28712-2,-73.81688103862875,210.0
2030-01-15 07:00:00,1701-5041-1,46.976776720761094,191.0
2030-01-15 07:00:00,1931-4371-1,-79.7350801427987,210.0
2030-01-15 07:00:00,2321-28710-1,1.5470763022473193,123.0
2030-01-15 07:00:00,2321-3581-1,55.37714290811505,123.0
2030-01-15 07:00:00,2870-17010-1,73.81688103862875,209.0
2030-01-15 07:00:00,28710-51911-1,-83.29452405587995,183.0
2030-01-15 07:00:00,3581-28019-1,-10.545440033356329,121.0
2030-01-15 07:00:00,3581-5361-1,-1.0029661879188012,123.0
2030-01-15 07:00:00,3591-5191-1,-4.724237138553946,159.0
2030-01-15 07:00:00,4981-5041-1,33.58549638360991,123.0
2030-01-15 07:00:00,4981-5041-2,32.61837475999811,123.0
2030-01-15 07:00:00,4991-5361-1,11.090139790328408,123.0
2030-01-15 07:00:00,5041-17010-2,-210.0000000000002,210.0
2030-01-15 08:00:00,1341-1701-1,40.94254157015425,210.0
2030-01-15 08:00:00,1341-5191-1,-16.73918656211393,159.0
2030-01-15 08:00:00,1571-5191-1,2.3946742222149453,91.0
2030-01-15 08:00:00,1631-5041-1,143.33072568171235,210.0
2030-01-15 08:00:00,1701-28712-2,-76.79019579235656,210.0
2030-01-15 08:00:00,1701-5041-1,46.976776720761094,191.0
2030-01-15 08:00:00,1931-4371-1,-81.56293385473938,210.0
2030-01-15 08:00:00,2321-28710-1,0.3195289211165573,123.0
2030-01-15 08:00:00,2321-3581-1,56.905941165428885,123.0
2030-01-15 08:00:00,2870-17010-1,76.79019579235656,209.0
2030-01-15 08:00:00,28710-51911-1,-96.7129798776441,183.0
2030-01-15 08:00:00,3581-28019-1,-11.71397262337645,121.0
2030-01-15 08:00:00,3581-5361-1,0.968272547431809,123.0
2030-01-15 08:00:00,3591-5191-1,-5.582194238577742,159.0
2030-01-15 08:00:00,4981-5041-1,34.38200212971129,123.0
2030-01-15 08:00:00,4981-5041-2,33.391944476761495,123.0
2030-01-15 08:00:00,4991-5361-1,10.599730441624729,123.0
2030-01-15 08:00:00,5041-17010-2,-210.0000000000002,210.0
2030-01-15 09:00:00,1341-1701-1,52.32604767117752,210.0
2030-01-15 09:00:00,1341-5191-1,-18.534985432796475,159.0
2030-01-15 09:00:00,1571-5191-1,4.649212382060142,91.0
2030-01-15 09:00:00,1631-5041-1,147.08381672824763,210.0
2030-01-15 09:00:00,1701-28712-2,-84.97649931042942,210.0
2030-01-15 09:00:00,1701-5041-1,46.976776720761094,191.0
2030-01-15 09:00:00,1931-4371-1,-91.67798763404821,210.0
2030-01-15 09:00:00,2321-28710-1,1.9177262388012934,123.0
2030-01-15 09:00:00,2321-3581-1,52.03832087582248,123.0
2030-01-15 09:00:00,2870-17010-1,84.97649931042942,209.0
2030-01-15 09:00:00,28710-51911-1,-104.12854933359813,183.0
2030-01-15 09:00:00,3581-28019-1,-9.589181922991344,121.0
2030-01-15 09:00:00,3581-5361-1,-2.5527632668179763,123.0
2030-01-15 09:00:00,3591-5191-1,-9.246970667523527,159.0
2030-01-15 09:00:00,4981-5041-1,42.250171558964176,123.0
2030-01-15 09:00:00,4981-5041-2,41.03354358213537,123.0
2030-01-15 09:00:00,4991-5361-1,12.852874697140692,123.0
2030-01-15 09:00:00,5041-17010-2,-210.0000000000002,210.0
2030-01-15 10:00:00,1341-1701-1,38.20438178939227,210.0
2030-01-15 10:00:00,1341-5191-1,-14.373499568833239,159.0
2030-01-15 10:00:00,1571-5191-1,2.2621632259844233,91.0
2030-01-15 10:00:00,1631-5041-1,142.59134782492725,210.0
2030-01-15 10:00:00,1701-28712-2,-75.38833975425115,210.0
2030-01-15 10:00:00,1701-5041-1,46.97677672076111,191.0
2030-01-15 10:00:00,1931-4371-1,-100.21622150060799,210.0
2030-01-15 10:00:00,2321-28710-1,-5.128516535711469,123.0
2030-01-15 10:00:00,2321-3581-1,56.77626658502447,123.0
2030-01-15 10:00:00,2870-17010-1,75.38833975425115,209.0
2030-01-15 10:00:00,28710-51911-1,-78.3073497580151,183.0
2030-01-15 10:00:00,3581-28019-1,-15.449902058076347,121.0
2030-01-15 10:00:00,3581-5361-1,0.26225108602984903,123.0
2030-01-15 10:00:00,3591-5191-1,-6.731396018636204,159.0
2030-01-15 10:00:00,4981-5041-1,46.92410914219053,123.0
2030-01-15 10:00:00,4981-5041-2,45.572891339666725,123.0
2030-01-15 10:00:00,4991-5361-1,11.203350351970926,123.0
2030-01-15 10:00:00,5041-17010-2,-210.00000000000026,210.0
2030-01-15 11:00:00,1341-1701-1,43.7603502899868,210.0
2030-01-15 11:00:00,1341-5191-1,-13.583172740113099,159.0
2030-01-15 11:00:00,1571-5191-1,4.467560320165845,91.0
2030-01-15 11:00:00,1631-5041-1,144.6751266961882,210.0
2030-01-15 11:00:00,1701-28712-2,-69.9353419657224,210.0
2030-01-15 11:00:00,1701-5041-1,46.976776720761094,191.0
2030-01-15 11:00:00,1931-4371-1,-115.47261342204052,210.0
2030-01-15 11:00:00,2321-28710-1,-1.088995124306848,123.0
2030-01-15 11:00:00,2321-3581-1,51.8528850011204,123.0
2030-01-15 11:00:00,2870-17010-1,69.9353419657224,209.0
2030-01-15 11:00:00,28710-51911-1,-83.40950455413326,183.0
2030-01-15 11:00:00,3581-28019-1,-11.627122209957548,121.0
2030-01-15 11:00:00,3581-5361-1,-4.036249409193886,123.0
2030-01-15 11:00:00,3591-5191-1,-11.587150411621408,159.0
2030-01-15 11:00:00,4981-5041-1,55.6575730731503,123.0
2030-01-15 11:00:00,4981-5041-2,54.054868089368505,123.0
2030-01-15 11:00:00,4991-5361-1,13.627203589680335,123.0
2030-01-15 11:00:00,5041-17010-2,-210.0000000000002,210.0
2030-01-15 12:00:00,1341-1701-1,35.51505065376902,210.0
2030-01-15 12:00:00,1341-5191-1,-12.017692768585619,159.0
2030-01-15 12:00:00,1571-5191-1,2.541683562458246,91.0
2030-01-15 12:00:00,1631-5041-1,130.53557914950346,210.0
2030-01-15 12:00:00,1701-28712-2,-74.62654218547965,210.0
2030-01-15 12:00:00,1701-5041-1,46.45586726677487,191.0
2030-01-15 12:00:00,1931-4371-1,-94.92504832242119,210.0
2030-01-15 12:00:00,2321-28710-1,-9.949322372775555,123.0
2030-01-15 12:00:00,2321-3581-1,55.46924350837975,123.0
2030-01-15 12:00:00,2870-17010-1,74.62654218547965,209.0
2030-01-15 12:00:00,28710-51911-1,-69.00384308317985,183.0
2030-01-15 12:00:00,3581-28019-1,-18.50565748112902,121.0
2030-01-15 12:00:00,3581-5361-1,-2.1940210395724193,123.0
2030-01-15 12:00:00,3591-5191-1,-6.616087986981114,159.0
2030-01-15 12:00:00,4981-5041-1,40.77042214681383,123.0
2030-01-15 12:00:00,4981-5041-2,39.59640475515166,123.0
2030-01-15 12:00:00,4991-5361-1,12.452751280776283,123.0
2030-01-15 12:00:00,5041-17010-2,-207.67138162783414,210.0
2030-01-15 13:00:00,1341-1701-1,19.12068822823872,210.0
2030-01-15 13:00:00,1341-5191-1,-8.338035091021482,159.0
2030-01-15 13:00:00,1571-5191-1,1.204832258355637,91.0
2030-01-15 13:00:00,1631-5041-1,102.99408615051759,210.0
2030-01-15 13:00:00,1701-28712-2,-57.46067710448595,210.0
2030-01-15 13:00:00,1701-5041-1,35.72564868694012,191.0
2030-01-15 13:00:00,1931-4371-1,-79.11728564135785,210.0
2030-01-15 13:00:00,2321-28710-1,-16.131925849205075,123.0
2030-01-15 13:00:00,2321-3581-1,58.06629278637547,123.0
2030-01-15 13:00:00,2870-17010-1,57.46067710448595,209.0
2030-01-15 13:00:00,28710-51911-1,-55.324812222774426,183.0
2030-01-15 13:00:00,3581-28019-1,-23.32083389511172,121.0
2030-01-15 13:00:00,3581-5361-1,0.7019048152714049,123.0
2030-01-15 13:00:00,3591-5191-1,-6.956119419949559,159.0
2030-01-15 13:00:00,4981-5041-1,29.0326916911995,123.0
2030-01-15 13:00:00,4981-5041-2,28.196671773390094,123.0
2030-01-15 13:00:00,4991-5361-1,10.66085996927518,123.0
2030-01-15 13:00:00,5041-17010-2,-159.70415060303188,210.0
2030-01-15 14:00:00,1341-1701-1,-8.759416247133561,210.0
2030-01-15 14:00:00,1341-5191-1,7.5955447154063656,159.0
2030-01-15 14:00:00,1571-5191-1,-1.7438900883807023,91.0
2030-01-15 14:00:00,1631-5041-1,97.05471612388715,210.0
2030-01-15 14:00:00,1701-28712-2,-20.42476459670184,210.0
2030-01-15 14:00:00,1701-5041-1,16.292698455996355,191.0
2030-01-15 14:00:00,1931-4371-1,-77.86416838988222,210.0
2030-01-15 14:00:00,2321-28710-1,-36.349860974310424,123.0
2030-01-15 14:00:00,2321-3581-1,60.908794961171935,123.0
2030-01-15 14:00:00,2870-17010-1,20.42476459670184,209.0
2030-01-15 14:00:00,28710-51911-1,-32.290352570125265,183.0
2030-01-15 14:00:00,3581-28019-1,-37.882105649644096,121.0
2030-01-15 14:00:00,3581-5361-1,7.821826769751365,123.0
2030-01-15 14:00:00,3591-5191-1,-14.611795029467716,159.0
2030-01-15 14:00:00,4981-5041-1,29.166063538058644,123.0
2030-01-15 14:00:00,4981-5041-2,28.326203069685235,123.0
2030-01-15 14:00:00,4991-5361-1,6.393818080583344,123.0
2030-01-15 14:00:00,5041-17010-2,-72.83315107158346,210.0
2030-01-15 15:00:00,1341-1701-1,-9.502992588678632,210.0
2030-01-15 15:00:00,1341-5191-1,8.938435372905309,159.0
2030-01-15 15:00:00,1571-5191-1,-0.2742659581754747,91.0
2030-01-15 15:00:00,1631-5041-1,64.74381100060852,210.0
2030-01-15 15:00:00,1701-28712-2,-15.701709548308969,210.0
2030-01-15 15:00:00,1701-5041-1,13.69489711146723,191.0
2030-01-15 15:00:00,1931-4371-1,-77.99609312857018,210.0
2030-01-15 15:00:00,2321-28710-1,-38.14217208986632,123.0
2030-01-15 15:00:00,2321-3581-1,61.11261824252159,123.0
2030-01-15 15:00:00,2870-17010-1,15.701709548308969,209.0
2030-01-15 15:00:00,28710-51911-1,-28.55428804781951,183.0
2030-01-15 15:00:00,3581-28019-1,-39.162854912328605,121.0
2030-01-15 15:00:00,3581-5361-1,10.478064266804124,123.0
2030-01-15 15:00:00,3591-5191-1,-18.219465516379007,159.0
2030-01-15 15:00:00,4981-5041-1,27.64020335914059,123.0
2030-01-15 15:00:00,4981-5041-2,26.84428127288262,123.0
2030-01-15 15:00:00,4991-5361-1,4.932287750362519,123.0
2030-01-15 15:00:00,5041-17010-2,-61.22021548015494,210.0
2030-01-15 16:00:00,1341-1701-1,-20.769668939971297,210.0
2030-01-15 16:00:00,1341-5191-1,16.000695767973063,159.0
2030-01-15 16:00:00,1571-5191-1,-3.6144502565325425,91.0
2030-01-15 16:00:00,1631-5041-1,64.51378941117693,210.0
2030-01-15 16:00:00,1701-28712-2,-2.0227972904928535,210.0
2030-01-15 16:00:00,1701-5041-1,5.8844971147718175,191.0
2030-01-15 16:00:00,1931-4371-1,-80.86615563479587,210.0
2030-01-15 16:00:00,2321-28710-1,-45.55428123397979,123.0
2030-01-15 16:00:00,2321-3581-1,64.4936170916844,123.0
2030-01-15 16:00:00,2870-17010-1,2.0227972904928535,209.0
2030-01-15 16:00:00,28710-51911-1,-20.27857504854009,183.0
2030-01-15 16:00:00,3581-28019-1,-44.991702096498884,121.0
2030-01-15 16:00:00,3581-5361-1,13.10914399525712,123.0
2030-01-15 16:00:00,3591-5191-1,-19.782186069191237,159.0
2030-01-15 16:00:00,4981-5041-1,27.27764819765587,123.0
2030-01-15 16:00:00,4981-5041-2,26.492166181493012,123.0
2030-01-15 16:00:00,4991-5361-1,3.865319030685839,123.0
2030-01-15 16:00:00,5041-17010-2,-26.305431755090027,210.0
2030-01-15 17:00:00,1341-1701-1,-22.88538981961331,210.0
2030-01-15 17:00:00,1341-5191-1,18.159125780075314,159.0
2030-01-15 17:00:00,1571-5191-1,-6.010145710567823,91.0
2030-01-15 17:00:00,1631-5041-1,57.149087319217806,210.0
2030-01-15 17:00:00,1701-28712-2,2.2219194942095033,210.0
2030-01-15 17:00:00,1701-5041-1,3.9571522802919468,191.0
2030-01-15 17:00:00,1931-4371-1,-75.14363042864153,210.0
2030-01-15 17:00:00,2321-28710-1,-44.81249288690424,123.0
2030-01-15 17:00:00,2321-3581-1,64.28167682113005,123.0
2030-01-15 17:00:00,2870-17010-1,-2.2219194942095033,209.0
2030-01-15 17:00:00,28710-51911-1,-14.540541485038368,183.0
2030-01-15 17:00:00,3581-28019-1,-44.43487753558347,121.0
2030-01-15 17:00:00,3581-5361-1,12.419681067977628,123.0
2030-01-15 17:00:00,3591-5191-1,-18.867201647815957,159.0
2030-01-15 17:00:00,4981-5041-1,20.412852125181235,123.0
2030-01-15 17:00:00,4981-5041-2,19.82504748283309,123.0
2030-01-15 17:00:00,4991-5361-1,4.839055895775118,123.0
2030-01-15 17:00:00,5041-17010-2,-17.689633833350115,210.0
2030-01-15 18:00:00,1341-1701-1,-10.6949455289943,210.0
2030-01-15 18:00:00,1341-5191-1,9.265264794327774,159.0
2030-01-15 18:00:00,1571-5191-1,-4.226993773765384,91.0
2030-01-15 18:00:00,1631-5041-1,70.66287937984154,210.0
2030-01-15 18:00:00,1701-28712-2,-14.024963064034395,210.0
2030-01-15 18:00:00,1701-5041-1,13.074312605150737,191.0
2030-01-15 18:00:00,1931-4371-1,-75.80039666661403,210.0
2030-01-15 18:00:00,2321-28710-1,-33.39015438580838,123.0
2030-01-15 18:00:00,2321-3581-1,60.30322025483959,123.0
2030-01-15 18:00:00,2870-17010-1,14.024963064034395,209.0
2030-01-15 18:00:00,28710-51911-1,-21.778878815617077,183.0
2030-01-15 18:00:00,3581-28019-1,-35.71074401750421,121.0
2030-01-15 18:00:00,3581-5361-1,7.209486347644432,123.0
2030-01-15 18:00:00,3591-5191-1,-14.021033948046082,159.0
2030-01-15 18:00:00,4981-5041-1,20.91507679876165,123.0
2030-01-15 18:00:00,4981-5041-2,20.312810189373227,123.0
2030-01-15 18:00:00,4991-5361-1,7.89209291690787,123.0
2030-01-15 18:00:00,5041-17010-2,-58.44602032621481,210.0
2030-01-15 19:00:00,1341-1701-1,-16.56191203016295,210.0
2030-01-15 19:00:00,1341-5191-1,13.210518571507738,159.0
2030-01-15 19:00:00,1571-5191-1,-4.434681401557873,91.0
2030-01-15 19:00:00,1631-5041-1,58.41846149548394,210.0
2030-01-15 19:00:00,1701-28712-2,-6.903179646661009,210.0
2030-01-15 19:00:00,1701-5041-1,8.85190968068935,191.0
2030-01-15 19:00:00,1931-4371-1,-70.75345821925265,210.0
2030-01-15 19:00:00,2321-28710-1,-39.5989195798267,123.0
2030-01-15 19:00:00,2321-3581-1,59.78397241514739,123.0
2030-01-15 19:00:00,2870-17010-1,6.903179646661009,209.0
2030-01-15 19:00:00,28710-51911-1,-19.518894287818682,183.0
2030-01-15 19:00:00,3581-28019-1,-39.89042118893856,121.0
2030-01-15 19:00:00,3581-5361-1,8.391417260352533,123.0
2030-01-15 19:00:00,3591-5191-1,-16.008090043454487,159.0
2030-01-15 19:00:00,4981-5041-1,17.557379682116558,123.0
2030-01-15 19:00:00,4981-5041-2,17.05180068603467,123.0
2030-01-15 19:00:00,4991-5361-1,6.819692679674347,123.0
2030-01-15 19:00:00,5041-17010-2,-39.57063814732174,210.0
2030-01-15 20:00:00,1341-1701-1,-9.687496528988156,210.0
2030-01-15 20:00:00,1341-5191-1,9.762001906851665,159.0
2030-01-15 20:00:00,1571-5191-1,-2.5608193942618813,91.0
2030-01-15 20:00:00,1631-5041-1,59.675681667381575,210.0
2030-01-15 20:00:00,1701-28712-2,-11.841164227139469,210.0
2030-01-15 20:00:00,1701-5041-1,12.160107917626014,191.0
2030-01-15 20:00:00,1931-4371-1,-74.27178910617764,210.0
2030-01-15 20:00:00,2321-28710-1,-35.629438982797716,123.0
2030-01-15 20:00:00,2321-3581-1,58.147121294201334,123.0
2030-01-15 20:00:00,2870-17010-1,11.841164227139469,209.0
2030-01-15 20:00:00,28710-51911-1,-21.172856621864355,183.0
2030-01-15 20:00:00,3581-28019-1,-36.805292942676815,121.0
2030-01-15 20:00:00,3581-5361-1,5.8484861009534,123.0
2030-01-15 20:00:00,3591-5191-1,-17.73602020100032,159.0
2030-01-15 20:00:00,4981-5041-1,21.152582113732407,123.0
2030-01-15 20:00:00,4981-5041-2,20.54347634605949,123.0
2030-01-15 20:00:00,4991-5361-1,7.835008657154788,123.0
2030-01-15 20:00:00,5041-17010-2,-54.3592566574051,210.0
2030-01-15 21:00:00,1341-1701-1,-26.987374019387058,210.0
2030-01-15 21:00:00,1341-5191-1,21.759363625351753,159.0
2030-01-15 21:00:00,1571-5191-1,-5.9728142546622465,91.0
2030-01-15 21:00:00,1631-5041-1,44.03172710537725,210.0
2030-01-15 21:00:00,1701-28712-2,8.196586797368296,210.0
2030-01-15 21:00:00,1701-5041-1,0.7127493567379692,191.0
2030-01-15 21:00:00,1931-4371-1,-70.92262999009529,210.0
2030-01-15 21:00:00,2321-28710-1,-50.72492310436075,123.0
2030-01-15 21:00:00,2321-3581-1,62.6785332617834,123.0
2030-01-15 21:00:00,2870-17010-1,-8.196586797368296,209.0
2030-01-15 21:00:00,28710-51911-1,-13.198525618383222,183.0
2030-01-15 21:00:00,3581-28019-1,-48.18254580707912,121.0
2030-01-15 21:00:00,3581-5361-1,14.340702078159246,123.0
2030-01-15 21:00:00,3591-5191-1,-21.4446085308861,159.0
2030-01-15 21:00:00,4981-5041-1,18.96113617326915,123.0
2030-01-15 21:00:00,4981-5041-2,18.41513486985041,123.0
2030-01-15 21:00:00,4991-5361-1,2.3840187573862295,123.0
2030-01-15 21:00:00,5041-17010-2,-3.186199125680428,210.0
2030-01-15 22:00:00,1341-1701-1,-30.592327242583934,210.0
2030-01-15 22:00:00,1341-5191-1,24.130003041425134,159.0
2030-01-15 22:00:00,1571-5191-1,-5.655597118947433,91.0
2030-01-15 22:00:00,1631-5041-1,33.11230985228768,210.0
2030-01-15 22:00:00,1701-28712-2,15.481714403040371,210.0
2030-01-15 22:00:00,1701-5041-1,-3.054214744089143,191.0
2030-01-15 22:00:00,1931-4371-1,-75.21913361148697,210.0
2030-01-15 22:00:00,2321-28710-1,-53.342840891838605,123.0
2030-01-15 22:00:00,2321-3581-1,61.27746241935287,123.0
2030-01-15 22:00:00,2870-17010-1,-15.481714403040371,209.0
2030-01-15 22:00:00,28710-51911-1,-7.0795257482348575,183.0
2030-01-15 22:00:00,3581-28019-1,-49.69697720244885,121.0
2030-01-15 22:00:00,3581-5361-1,15.377664288595597,123.0
2030-01-15 22:00:00,3591-5191-1,-23.773217311780193,159.0
2030-01-15 22:00:00,4981-5041-1,21.89880780003769,123.0
2030-01-15 22:00:00,4981-5041-2,21.268213858151793,123.0
2030-01-15 22:00:00,4991-5361-1,1.301611410407645,123.0
2030-01-15 22:00:00,5041-17010-2,13.653237642744964,210.0
2030-01-15 23:00:00,1341-1701-1,-31.752258732665986,210.0
2030-01-15 23:00:00,1341-5191-1,25.50115524965782,159.0
2030-01-15 23:00:00,1571-5191-1,-5.825199127139982,91.0
2030-01-15 23:00:00,1631-5041-1,29.850281469183457,210.0
2030-01-15 23:00:00,1701-28712-2,17.31992876926447,210.0
2030-01-15 23:00:00,1701-5041-1,-4.032342507357649,191.0
2030-01-15 23:00:00,1931-4371-1,-67.5597589280666,210.0
2030-01-15 23:00:00,2321-28710-1,-53.83007212016273,123.0
2030-01-15 23:00:00,2321-3581-1,59.81225765097946,123.0
2030-01-15 23:00:00,2870-17010-1,-17.31992876926447,209.0
2030-01-15 23:00:00,28710-51911-1,-5.22707552996053,183.0
2030-01-15 23:00:00,3581-28019-1,-49.726229991564026,121.0
2030-01-15 23:00:00,3581-5361-1,15.164925211590287,123.0
2030-01-15 23:00:00,3591-5191-1,-23.14760604169244,159.0
2030-01-15 23:00:00,4981-5041-1,18.392948764372886,123.0
2030-01-15 23:00:00,4981-5041-2,17.863308878487807,123.0
2030-01-15 23:00:00,4991-5361-1,0.9514961370877018,123.0
2030-01-15 23:00:00,5041-17010-2,18.025756249276096,210.0
2030-01-16 00:00:00,1341-1701-1,-17.117440680837557,210.0
2030-01-16 00:00:00,1341-5191-1,18.170318643194626,159.0
2030-01-16 00:00:00,1571-5191-1,-2.952362619759956,91.0
2030-01-16 00:00:00,1631-5041-1,38.22789938627182,210.0
2030-01-16 00:00:00,1701-28712-2,1.1978015264889645,210.0
2030-01-16 00:00:00,1701-5041-1,6.080468058362214,191.0
2030-01-16 00:00:00,1931-4371-1,-71.17498408535639,210.0
2030-01-16 00:00:00,2321-28710-1,-44.78900129427953,123.0
2030-01-16 00:00:00,2321-3581-1,56.03684253611546,123.0
2030-01-16 00:00:00,2870-17010-1,-1.1978015264889645,209.0
2030-01-16 00:00:00,28710-51911-1,-14.704309293210045,183.0
2030-01-16 00:00:00,3581-28019-1,-42.68949142588751,121.0
2030-01-16 00:00:00,3581-5361-1,11.668726457242151,123.0
2030-01-16 00:00:00,3591-5191-1,-21.779319389010872,159.0
2030-01-16 00:00:00,4981-5041-1,21.88340458693789,123.0
2030-01-16 00:00:00,4981-5041-2,21.25325419307319,123.0
2030-01-16 00:00:00,4991-5361-1,2.7949316977442322,123.0
2030-01-16 00:00:00,5041-17010-2,-27.18147947540532,210.0
2030-01-16 01:00:00,1341-1701-1,-21.409670178600603,210.0
2030-01-16 01:00:00,1341-5191-1,19.83853477772865,159.0
2030-01-16 01:00:00,1571-5191-1,-4.501913431062402,91.0
2030-01-16 01:00:00,1631-5041-1,23.877752781716943,210.0
2030-01-16 01:00:00,1701-28712-2,4.347123867232961,210.0
2030-01-16 01:00:00,1701-5041-1,4.058146460811401,191.0
2030-01-16 01:00:00,1931-4371-1,-68.36336746477278,210.0
2030-01-16 01:00:00,2321-28710-1,-47.445595210101736,123.0
2030-01-16 01:00:00,2321-3581-1,57.101599564241496,123.0
2030-01-16 01:00:00,2870-17010-1,-4.347123867232961,209.0
2030-01-16 01:00:00,28710-51911-1,-13.775866504188258,183.0
2030-01-16 01:00:00,3581-28019-1,-44.7477868736422,121.0
2030-01-16 01:00:00,3581-5361-1,12.502074511388194,123.0
2030-01-16 01:00:00,3591-5191-1,-21.24975056305952,159.0
2030-01-16 01:00:00,4981-5041-1,20.372835068414982,123.0
2030-01-16 01:00:00,4981-5041-2,19.786182749690997,123.0
2030-01-16 01:00:00,4991-5361-1,2.0144728449925537,123.0
2030-01-16 01:00:00,5041-17010-2,-18.1411075058661,210.0
2030-01-16 02:00:00,1341-1701-1,-34.30631037247065,210.0
2030-01-16 02:00:00,1341-5191-1,26.88663778862812,159.0
2030-01-16 02:00:00,1571-5191-1,-6.349736682268315,91.0
2030-01-16 02:00:00,1631-5041-1,10.323391731658251,210.0
2030-01-16 02:00:00,1701-28712-2,20.368528094866008,210.0
2030-01-16 02:00:00,1701-5041-1,-5.7653816477255635,191.0
2030-01-16 02:00:00,1931-4371-1,-61.80986067726802,210.0
2030-01-16 02:00:00,2321-28710-1,-55.326782529536715,123.0
2030-01-16 02:00:00,2321-3581-1,58.38088729893286,123.0
2030-01-16 02:00:00,2870-17010-1,-20.368528094866008,209.0
2030-01-16 02:00:00,28710-51911-1,-2.960209862526085,183.0
2030-01-16 02:00:00,3581-28019-1,-50.459855785603594,121.0
2030-01-16 02:00:00,3581-5361-1,14.666431137639293,123.0
2030-01-16 02:00:00,3591-5191-1,-22.911567073825687,159.0
2030-01-16 02:00:00,4981-5041-1,15.76910292295152,123.0
2030-01-16 02:00:00,4981-5041-2,15.31501880736915,123.0
2030-01-16 02:00:00,4991-5361-1,0.5514575954289285,123.0
2030-01-16 02:00:00,5041-17010-2,25.772950605342295,210.0
2030-01-16 03:00:00,1341-1701-1,-21.066227165181655,210.0
2030-01-16 03:00:00,1341-5191-1,19.626896950965328,159.0
2030-01-16 03:00:00,1571-5191-1,-3.2934794791912445,91.0
2030-01-16 03:00:00,1631-5041-1,16.387320301501983,210.0
2030-01-16 03:00:00,1701-28712-2,6.708270849418081,210.0
2030-01-16 03:00:00,1701-5041-1,2.9798355962543157,191.0
2030-01-16 03:00:00,1931-4371-1,-67.07792529596529,210.0
2030-01-16 03:00:00,2321-28710-1,-46.4677771027753,123.0
2030-01-16 03:00:00,2321-3581-1,55.646077107809674,123.0
2030-01-16 03:00:00,2870-17010-1,-6.708270849418081,209.0
2030-01-16 03:00:00,28710-51911-1,-9.859400834982658,183.0
2030-01-16 03:00:00,3581-28019-1,-43.767117529010804,121.0
2030-01-16 03:00:00,3581-5361-1,12.723289833239704,123.0
2030-01-16 03:00:00,3591-5191-1,-22.463494512355645,159.0
2030-01-16 03:00:00,4981-5041-1,19.988698620147524,123.0
2030-01-16 03:00:00,4981-5041-2,19.413107822185165,123.0
2030-01-16 03:00:00,4991-5361-1,1.5927076675941976,123.0
2030-01-16 03:00:00,5041-17010-2,-13.32074098938452,210.0
2030-01-16 04:00:00,1341-1701-1,1.0133887316791963,210.0
2030-01-16 04:00:00,1341-5191-1,9.554335427277032,159.0
2030-01-16 04:00:00,1571-5191-1,1.2226749661632788,91.0
2030-01-16 04:00:00,1631-5041-1,40.51827353782579,210.0
2030-01-16 04:00:00,1701-28712-2,-15.1785767250987,210.0
2030-01-16 04:00:00,1701-5041-1,17.622082744702148,191.0
2030-01-16 04:00:00,1931-4371-1,-81.55902199883737,210.0
2030-01-16 04:00:00,2321-28710-1,-33.39320450415988,123.0
2030-01-16 04:00:00,2321-3581-1,50.70492642186782,123.0
2030-01-16 04:00:00,2870-17010-1,15.1785767250987,209.0
2030-01-16 04:00:00,28710-51911-1,-21.95437704923131,183.0
2030-01-16 04:00:00,3581-28019-1,-33.69983479233803,121.0
2030-01-16 04:00:00,3581-5361-1,7.589579835455074,123.0
2030-01-16 04:00:00,3591-5191-1,-22.3080218359842,159.0
2030-01-16 04:00:00,4981-5041-1,30.646341317794224,123.0
2030-01-16 04:00:00,4981-5041-2,29.763855049480785,123.0
2030-01-16 04:00:00,4991-5361-1,4.600926653696412,123.0
2030-01-16 04:00:00,5041-17010-2,-78.77588959295244,210.0
2030-01-16 05:00:00,1341-1701-1,-17.853159563021613,210.0
2030-01-16 05:00:00,1341-5191-1,18.539111973155308,159.0
2030-01-16 05:00:00,1571-5191-1,-2.6309250267789324,91.0
2030-01-16 05:00:00,1631-5041-1,38.03509880752392,210.0
2030-01-16 05:00:00,1701-28712-2,2.1252839188953008,210.0
2030-01-16 05:00:00,1701-5041-1,6.664639621588514,191.0
2030-01-16 05:00:00,1931-4371-1,-79.60342545470633,210.0
2030-01-16 05:00:00,2321-28710-1,-45.402226920478654,123.0
2030-01-16 05:00:00,2321-3581-1,55.09241993650329,123.0
2030-01-16 05:00:00,2870-17010-1,-2.1252839188953008,209.0
2030-01-16 05:00:00,28710-51911-1,-14.108562292814298,183.0
2030-01-16 05:00:00,3581-28019-1,-42.914994052575985,121.0
2030-01-16 05:00:00,3581-5361-1,11.31954748603281,123.0
2030-01-16 05:00:00,3591-5191-1,-21.788790644283747,159.0
2030-01-16 05:00:00,4981-5041-1,28.355020849492366,123.0
2030-01-16 05:00:00,4981-5041-2,27.538515013512225,123.0
2030-01-16 05:00:00,4991-5361-1,2.6100229620943765,123.0
2030-01-16 05:00:00,5041-17010-2,-29.792898070740897,210.0
2030-01-16 06:00:00,1341-1701-1,-19.719982860898245,210.0
2030-01-16 06:00:00,1341-5191-1,21.96964204985529,159.0
2030-01-16 06:00:00,1571-5191-1,-4.011297040018807,91.0
2030-01-16 06:00:00,1631-5041-1,34.86616131242518,210.0
2030-01-16 06:00:00,1701-28712-2,5.988041755694199,210.0
2030-01-16 06:00:00,1701-5041-1,5.313980020760712,191.0
2030-01-16 06:00:00,1931-4371-1,-85.35525576959775,210.0
2030-01-16 06:00:00,2321-28710-1,-49.84383259292523,123.0
2030-01-16 06:00:00,2321-3581-1,56.92453612354896,123.0
2030-01-16 06:00:00,2870-17010-1,-5.988041755694199,209.0
2030-01-16 06:00:00,28710-51911-1,-14.207213559921556,183.0
2030-01-16 06:00:00,3581-28019-1,-46.367185256131116,121.0
2030-01-16 06:00:00,3581-5361-1,13.670531664930557,123.0
2030-01-16 06:00:00,3591-5191-1,-24.699571549945905,159.0
2030-01-16 06:00:00,4981-5041-1,30.590752056439033,123.0
2030-01-16 06:00:00,4981-5041-2,29.709866526018022,123.0
2030-01-16 06:00:00,4991-5361-1,1.8166857281428292,123.0
2030-01-16 06:00:00,5041-17010-2,-23.755052650655138,210.0
2030-01-16 07:00:00,1341-1701-1,-22.792163322974815,210.0
2030-01-16 07:00:00,1341-5191-1,23.370773504608117,159.0
2030-01-16 07:00:00,1571-5191-1,-5.028796391601112,91.0
2030-01-16 07:00:00,1631-5041-1,32.26911286282677,210.0
2030-01-16 07:00:00,1701-28712-2,6.746993484824001,210.0
2030-01-16 07:00:00,1701-5041-1,3.5578111974278714,191.0
2030-01-16 07:00:00,1931-4371-1,-84.82795856410544,210.0
2030-01-16 07:00:00,2321-28710-1,-53.1232430766028,123.0
2030-01-16 07:00:00,2321-3581-1,60.50248785987134,123.0
2030-01-16 07:00:00,2870-17010-1,-6.746993484824001,209.0
2030-01-16 07:00:00,28710-51911-1,-17.007676988036778,183.0
2030-01-16 07:00:00,3581-28019-1,-49.38276185862951,121.0
2030-01-16 07:00:00,3581-5361-1,15.559506347970391,123.0
2030-01-16 07:00:00,3591-5191-1,-24.816317695952918,159.0
2030-01-16 07:00:00,4981-5041-1,27.7167851622108,123.0
2030-01-16 07:00:00,4981-5041-2,26.918657840785887,123.0
2030-01-16 07:00:00,4991-5361-1,1.5862127220427737,123.0
2030-01-16 07:00:00,5041-17010-2,-15.904461813142229,210.0
2030-01-16 08:00:00,1341-1701-1,-12.973377429327964,210.0
2030-01-16 08:00:00,1341-5191-1,19.056828015888527,159.0
2030-01-16 08:00:00,1571-5191-1,-3.537778913925875,91.0
2030-01-16 08:00:00,1631-5041-1,46.34780978532978,210.0
2030-01-16 08:00:00,1701-28712-2,-5.4783663526525,210.0
2030-01-16 08:00:00,1701-5041-1,10.545696994580409,191.0
2030-01-16 08:00:00,1931-4371-1,-104.24297473343816,210.0
2030-01-16 08:00:00,2321-28710-1,-49.61080692271956,123.0
2030-01-16 08:00:00,2321-3581-1,61.58122428630763,123.0
2030-01-16 08:00:00,2870-17010-1,5.4783663526525,209.0
2030-01-16 08:00:00,28710-51911-1,-27.99265267696245,183.0
2030-01-16 08:00:00,3581-28019-1,-47.18285820347491,121.0
2030-01-16 08:00:00,3581-5361-1,15.742136911039687,123.0
2030-01-16 08:00:00,3591-5191-1,-25.349796838358895,159.0
2030-01-16 08:00:00,4981-5041-1,38.655995402757625,123.0
2030-01-16 08:00:00,4981-5041-2,37.5428646450866,123.0
2030-01-16 08:00:00,4991-5361-1,2.160853261992429,123.0
2030-01-16 08:00:00,5041-17010-2,-47.14236530160147,210.0
2030-01-16 09:00:00,1341-1701-1,-23.030108190843492,210.0
2030-01-16 09:00:00,1341-5191-1,23.307456133156805,159.0
2030-01-16 09:00:00,1571-5191-1,-4.1887488941945925,91.0
2030-01-16 09:00:00,1631-5041-1,34.91855667997228,210.0
2030-01-16 09:00:00,1701-28712-2,5.717450871003099,210.0
2030-01-16 09:00:00,1701-5041-1,3.3668745640829383,191.0
2030-01-16 09:00:00,1931-4371-1,-107.78427318871069,210.0
2030-01-16 09:00:00,2321-28710-1,-56.0176694805642,123.0
2030-01-16 09:00:00,2321-3581-1,62.907929176429406,123.0
2030-01-16 09:00:00,2870-17010-1,-5.717450871003099,209.0
2030-01-16 09:00:00,28710-51911-1,-21.379337808894594,183.0
2030-01-16 09:00:00,3581-28019-1,-51.88651216605424,121.0
2030-01-16 09:00:00,3581-5361-1,17.171114600954205,123.0
2030-01-16 09:00:00,3591-5191-1,-26.777413401679034,159.0
2030-01-16 09:00:00,4981-5041-1,40.576954034747196,123.0
2030-01-16 09:00:00,4981-5041-2,39.4085077143749,123.0
2030-01-16 09:00:00,4991-5361-1,1.518269146191301,123.0
2030-01-16 09:00:00,5041-17010-2,-15.050918939377638,210.0
2030-01-16 10:00:00,1341-1701-1,-15.164170735198272,210.0
2030-01-16 10:00:00,1341-5191-1,17.89159246727823,159.0
2030-01-16 10:00:00,1571-5191-1,-2.3015344391819,91.0
2030-01-16 10:00:00,1631-5041-1,32.75060544770773,210.0
2030-01-16 10:00:00,1701-28712-2,-2.743606625511976,210.0
2030-01-16 10:00:00,1701-5041-1,6.898697073917792,191.0
2030-01-16 10:00:00,1931-4371-1,-97.38298034894783,210.0
2030-01-16 10:00:00,2321-28710-1,-49.577388439903864,123.0
2030-01-16 10:00:00,2321-3581-1,61.41548135086643,123.0
2030-01-16 10:00:00,2870-17010-1,2.743606625511976,209.0
2030-01-16 10:00:00,28710-51911-1,-24.732762936430703,183.0
2030-01-16 10:00:00,3581-28019-1,-47.12501439567761,121.0
2030-01-16 10:00:00,3581-5361-1,15.413453560226941,123.0
2030-01-16 10:00:00,3591-5191-1,-26.072545149416776,159.0
2030-01-16 10:00:00,4981-5041-1,34.00609922485225,123.0
2030-01-16 10:00:00,4981-5041-2,33.02686600109997,123.0
2030-01-16 10:00:00,4991-5361-1,2.548212270389911,123.0
2030-01-16 10:00:00,5041-17010-2,-30.839203680027754,210.0
2030-01-16 11:00:00,1341-1701-1,-20.356750062291066,210.0
2030-01-16 11:00:00,1341-5191-1,21.38781895094448,159.0
2030-01-16 11:00:00,1571-5191-1,-2.9830913210714023,91.0
2030-01-16 11:00:00,1631-5041-1,25.98544776694675,210.0
2030-01-16 11:00:00,1701-28712-2,5.955880244470592,210.0
2030-01-16 11:00:00,1701-5041-1,2.2314071631194587,191.0
2030-01-16 11:00:00,1931-4371-1,-92.46225460358573,210.0
2030-01-16 11:00:00,2321-28710-1,-52.63729893513893,123.0
2030-01-16 11:00:00,2321-3581-1,61.58704282446993,123.0
2030-01-16 11:00:00,2870-17010-1,-5.955880244470592,209.0
2030-01-16 11:00:00,28710-51911-1,-17.586921485416966,183.0
2030-01-16 11:00:00,3581-28019-1,-49.2745657686892,121.0
2030-01-16 11:00:00,3581-5361-1,17.72640403970825,123.0
2030-01-16 11:00:00,3591-5191-1,-27.89851529196551,159.0
2030-01-16 11:00:00,4981-5041-1,31.314514343712514,123.0
2030-01-16 11:00:00,4981-5041-2,30.412787490883105,123.0
2030-01-16 11:00:00,4991-5361-1,1.0955045388635654,123.0
2030-01-16 11:00:00,5041-17010-2,-9.975045904926763,210.0
2030-01-16 12:00:00,1341-1701-1,-15.518416858459613,210.0
2030-01-16 12:00:00,1341-5191-1,20.274279739348167,159.0
2030-01-16 12:00:00,1571-5191-1,-3.643447213490848,91.0
2030-01-16 12:00:00,1631-5041-1,41.24312137646409,210.0
2030-01-16 12:00:00,1701-28712-2,1.770491846901166,210.0
2030-01-16 12:00:00,1701-5041-1,5.21739800423945,191.0
2030-01-16 12:00:00,1931-4371-1,-108.90799108618504,210.0
2030-01-16 12:00:00,2321-28710-1,-49.07046059092656,123.0
2030-01-16 12:00:00,2321-3581-1,61.20866282918243,123.0
2030-01-16 12:00:00,2870-17010-1,-1.770491846901166,209.0
2030-01-16 12:00:00,28710-51911-1,-18.912303486305532,183.0
2030-01-16 12:00:00,3581-28019-1,-46.73148907143357,121.0
2030-01-16 12:00:00,3581-5361-1,17.873137093027296,123.0
2030-01-16 12:00:00,3591-5191-1,-27.185938588441797,159.0
2030-01-16 12:00:00,4981-5041-1,44.94160845532417,123.0
2030-01-16 12:00:00,4981-5041-2,43.64747836891432,123.0
2030-01-16 12:00:00,4991-5361-1,0.9121432239090836,123.0
2030-01-16 12:00:00,5041-17010-2,-23.323302648094803,210.0
2030-01-16 13:00:00,1341-1701-1,-5.917280578319907,210.0
2030-01-16 13:00:00,1341-5191-1,17.155909326290068,159.0
2030-01-16 13:00:00,1571-5191-1,-3.025670758842093,91.0
2030-01-16 13:00:00,1631-5041-1,58.35110862690264,210.0
2030-01-16 13:00:00,1701-28712-2,-6.209867035526472,210.0
2030-01-16 13:00:00,1701-5041-1,10.855043796944905,191.0
2030-01-16 13:00:00,1931-4371-1,-113.91102053870927,210.0
2030-01-16 13:00:00,2321-28710-1,-43.76500782369338,123.0
2030-01-16 13:00:00,2321-3581-1,58.73447284982699,123.0
2030-01-16 13:00:00,2870-17010-1,6.209867035526472,209.0
2030-01-16 13:00:00,28710-51911-1,-22.706216799720323,183.0
2030-01-16 13:00:00,3581-28019-1,-42.54795335736286,121.0
2030-01-16 13:00:00,3581-5361-1,16.799934499360457,123.0
2030-01-16 13:00:00,3591-5191-1,-27.69428104611623,159.0
2030-01-16 13:00:00,4981-5041-1,50.52552190669036,123.0
2030-01-16 13:00:00,4981-5041-2,49.07059850100033,123.0
2030-01-16 13:00:00,4991-5361-1,1.4436321004670276,123.0
2030-01-16 13:00:00,5041-17010-2,-48.52523643562363,210.0
2030-01-16 14:00:00,1341-1701-1,1.8328968558269736,210.0
2030-01-16 14:00:00,1341-5191-1,12.99698302964067,159.0
2030-01-16 14:00:00,1571-5191-1,-1.2170797184319095,91.0
2030-01-16 14:00:00,1631-5041-1,78.31871588777508,210.0
2030-01-16 14:00:00,1701-28712-2,-14.322246550948634,210.0
2030-01-16 14:00:00,1701-5041-1,15.11830520108187,191.0
2030-01-16 14:00:00,1931-4371-1,-121.53423719622623,210.0
2030-01-16 14:00:00,2321-28710-1,-37.87335044895805,123.0
2030-01-16 14:00:00,2321-3581-1,56.701491615197945,123.0
2030-01-16 14:00:00,2870-17010-1,14.322246550948634,209.0
2030-01-16 14:00:00,28710-51911-1,-26.128145149321995,183.0
2030-01-16 14:00:00,3581-28019-1,-38.05204197864551,121.0
2030-01-16 14:00:00,3581-5361-1,15.524336019934788,123.0
2030-01-16 14:00:00,3591-5191-1,-26.58764756839649,159.0
2030-01-16 14:00:00,4981-5041-1,58.53653415667086,123.0
2030-01-16 14:00:00,4981-5041-2,56.85092715215941,123.0
2030-01-16 14:00:00,4991-5361-1,2.093719640859092,123.0
2030-01-16 14:00:00,5041-17010-2,-67.58326802835099,210.0
2030-01-16 15:00:00,1341-1701-1,4.853225128291353,210.0
2030-01-16 15:00:00,1341-5191-1,11.474507224551907,159.0
2030-01-16 15:00:00,1571-5191-1,-1.681158627258803,91.0
2030-01-16 15:00:00,1631-5041-1,78.59393791715513,210.0
2030-01-16 15:00:00,1701-28712-2,-19.05918499996099,210.0
2030-01-16 15:00:00,1701-5041-1,18.07961908729621,191.0
2030-01-16 15:00:00,1931-4371-1,-121.60351844810386,210.0
2030-01-16 15:00:00,2321-28710-1,-34.510114139867895,123.0
2030-01-16 15:00:00,2321-3581-1,56.785026977911045,123.0
2030-01-16 15:00:00,2870-17010-1,19.05918499996099,209.0
2030-01-16 15:00:00,28710-51911-1,-28.358788472247056,183.0
2030-01-16 15:00:00,3581-28019-1,-35.74647507526092,121.0
2030-01-16 15:00:00,3581-5361-1,14.838488939514232,123.0
2030-01-16 15:00:00,3591-5191-1,-24.170438631753637,159.0
2030-01-16 15:00:00,4981-5041-1,56.84812264204902,123.0
2030-01-16 15:00:00,4981-5041-2,55.21113481727799,123.0
2030-01-16 15:00:00,4991-5361-1,2.592987591112532,123.0
2030-01-16 15:00:00,5041-17010-2,-80.82121152970187,210.0
2030-01-16 16:00:00,1341-1701-1,19.72504874139183,210.0
2030-01-16 16:00:00,1341-5191-1,5.29894752695165,159.0
2030-01-16 16:00:00,1571-5191-1,2.1704198748007215,91.0
2030-01-16 16:00:00,1631-5041-1,99.40959406059599,210.0
2030-01-16 16:00:00,1701-28712-2,-30.30304643926783,210.0
2030-01-16 16:00:00,1701-5041-1,25.699254903315442,191.0
2030-01-16 16:00:00,1931-4371-1,-126.81294180354601,210.0
2030-01-16 16:00:00,2321-28710-1,-26.166815787859775,123.0
2030-01-16 16:00:00,2321-3581-1,52.69193870566467,123.0
2030-01-16 16:00:00,2870-17010-1,30.30304643926783,209.0
2030-01-16 16:00:00,28710-51911-1,-32.76900647999332,183.0
2030-01-16 16:00:00,3581-28019-1,-29.125084068334328,121.0
2030-01-16 16:00:00,3581-5361-1,14.48500393132741,123.0
2030-01-16 16:00:00,3591-5191-1,-26.623955590271073,159.0
2030-01-16 16:00:00,4981-5041-1,60.453231852551205,123.0
2030-01-16 16:00:00,4981-5041-2,58.71243198245158,123.0
2030-01-16 16:00:00,4991-5361-1,3.287018537347535,123.0
2030-01-16 16:00:00,5041-17010-2,-114.88322329512118,210.0
2030-01-16 17:00:00,1341-1701-1,53.07141829611308,210.0
2030-01-16 17:00:00,1341-5191-1,-10.388202831722651,159.0
2030-01-16 17:00:00,1571-5191-1,6.676604543223888,91.0
2030-01-16 17:00:00,1631-5041-1,137.77469583617264,210.0
2030-01-16 17:00:00,1701-28712-2,-61.36368863691355,210.0
2030-01-16 17:00:00,1701-5041-1,45.59832399394008,191.0
2030-01-16 17:00:00,1931-4371-1,-128.88930957811687,210.0
2030-01-16 17:00:00,2321-28710-1,3.157394809396095,123.0
2030-01-16 17:00:00,2321-3581-1,45.3899122199652,123.0
2030-01-16 17:00:00,2870-17010-1,61.36368863691355,209.0
2030-01-16 17:00:00,28710-51911-1,-67.08622267288433,183.0
2030-01-16 17:00:00,3581-28019-1,-7.338559187666675,121.0
2030-01-16 17:00:00,3581-5361-1,3.811293110798303,123.0
2030-01-16 17:00:00,3591-5191-1,-20.482950769310477,159.0
2030-01-16 17:00:00,4981-5041-1,63.81331257691198,123.0
2030-01-16 17:00:00,4981-5041-2,61.97575645558731,123.0
2030-01-16 17:00:00,4991-5361-1,10.125809881437021,123.0
2030-01-16 17:00:00,5041-17010-2,-203.83791113738818,210.0
2030-01-16 18:00:00,1341-1701-1,26.992962381535044,210.0
2030-01-16 18:00:00,1341-5191-1,-2.20642981611185,159.0
2030-01-16 18:00:00,1571-5191-1,2.843845438908261,91.0
2030-01-16 18:00:00,1631-5041-1,118.89730031499603,210.0
2030-01-16 18:00:00,1701-28712-2,-44.45735382253325,210.0
2030-01-16 18:00:00,1701-5041-1,32.356149001886116,191.0
2030-01-16 18:00:00,1931-4371-1,-126.71472841895711,210.0
2030-01-16 18:00:00,2321-28710-1,-17.968545078281764,123.0
2030-01-16 18:00:00,2321-3581-1,50.47666948113368,123.0
2030-01-16 18:00:00,2870-17010-1,44.45735382253325,209.0
2030-01-16 18:00:00,28710-51911-1,-40.96621644900256,183.0
2030-01-16 18:00:00,3581-28019-1,-22.997696240844228,121.0
2030-01-16 18:00:00,3581-5361-1,6.3917276200704265,123.0
2030-01-16 18:00:00,3591-5191-1,-20.605025716632632,159.0
2030-01-16 18:00:00,4981-5041-1,58.93557868086838,123.0
2030-01-16 18:00:00,4981-5041-2,57.23848086545072,123.0
2030-01-16 18:00:00,4991-5361-1,8.613743152592576,123.0
2030-01-16 18:00:00,5041-17010-2,-144.64149660130204,210.0
2030-01-16 19:00:00,1341-1701-1,26.681207070852174,210.0
2030-01-16 19:00:00,1341-5191-1,-2.3784799773494427,159.0
2030-01-16 19:00:00,1571-5191-1,4.51121565563659,91.0
2030-01-16 19:00:00,1631-5041-1,118.16327286990192,210.0
2030-01-16 19:00:00,1701-28712-2,-42.77530387087069,210.0
2030-01-16 19:00:00,1701-5041-1,31.42095918764501,191.0
2030-01-16 19:00:00,1931-4371-1,-128.3669858975512,210.0
2030-01-16 19:00:00,2321-28710-1,-21.051228518846898,123.0
2030-01-16 19:00:00,2321-3581-1,47.6350883115158,123.0
2030-01-16 19:00:00,2870-17010-1,42.77530387087069,209.0
2030-01-16 19:00:00,28710-51911-1,-41.7001332298496,183.0
2030-01-16 19:00:00,3581-28019-1,-24.531041867484944,121.0
2030-01-16 19:00:00,3581-5361-1,5.362347641832443,123.0
2030-01-16 19:00:00,3591-5191-1,-23.579378838998494,159.0
2030-01-16 19:00:00,4981-5041-1,63.2608041853961,123.0
2030-01-16 19:00:00,4981-5041-2,61.439157991575804,123.0
2030-01-16 19:00:00,4991-5361-1,8.827414310351685,123.0
2030-01-16 19:00:00,5041-17010-2,-140.460923247834,210.0
2030-01-16 20:00:00,1341-1701-1,8.458090867780115,210.0
2030-01-16 20:00:00,1341-5191-1,5.756386024724264,159.0
2030-01-16 20:00:00,1571-5191-1,1.8316320956089527,91.0
2030-01-16 20:00:00,1631-5041-1,115.80820429047546,210.0
2030-01-16 20:00:00,1701-28712-2,-24.398760970546945,210.0
2030-01-16 20:00:00,1701-5041-1,20.89368832656712,191.0
2030-01-16 20:00:00,1931-4371-1,-128.3292124921698,210.0
2030-01-16 20:00:00,2321-28710-1,-30.218838198118036,123.0
2030-01-16 20:00:00,2321-3581-1,52.1083968864348,123.0
2030-01-16 20:00:00,2870-17010-1,24.398760970546945,209.0
2030-01-16 20:00:00,28710-51911-1,-29.790917107834503,183.0
2030-01-16 20:00:00,3581-28019-1,-31.80155126348427,121.0
2030-01-16 20:00:00,3581-5361-1,8.773152270950341,123.0
2030-01-16 20:00:00,3591-5191-1,-22.84665529299012,159.0
2030-01-16 20:00:00,4981-5041-1,63.45809720300847,123.0
2030-01-16 20:00:00,4981-5041-2,61.63076979663913,123.0
2030-01-16 20:00:00,4991-5361-1,6.3418745071231015,123.0
2030-01-16 20:00:00,5041-17010-2,-93.40092817905051,210.0
2030-01-16 21:00:00,1341-1701-1,-5.065248377129176,210.0
2030-01-16 21:00:00,1341-5191-1,13.46165846927096,159.0
2030-01-16 21:00:00,1571-5191-1,-1.1791770489384925,91.0
2030-01-16 21:00:00,1631-5041-1,112.19245308758428,210.0
2030-01-16 21:00:00,1701-28712-2,-11.245647564759707,210.0
2030-01-16 21:00:00,1701-5041-1,13.74996228271348,191.0
2030-01-16 21:00:00,1931-4371-1,-127.17187229558427,210.0
2030-01-16 21:00:00,2321-28710-1,-41.956750144918374,123.0
2030-01-16 21:00:00,2321-3581-1,54.59284292717814,123.0
2030-01-16 21:00:00,2870-17010-1,11.245647564759707,209.0
2030-01-16 21:00:00,28710-51911-1,-26.308989014555834,183.0
2030-01-16 21:00:00,3581-28019-1,-40.43032715017627,121.0
2030-01-16 21:00:00,3581-5361-1,10.745093651503424,123.0
2030-01-16 21:00:00,3591-5191-1,-24.595868509582388,159.0
2030-01-16 21:00:00,4981-5041-1,63.72492484019022,123.0
2030-01-16 21:00:00,4981-5041-2,61.88991391547272,123.0
2030-01-16 21:00:00,4991-5361-1,4.6994707097470325,123.0
2030-01-16 21:00:00,5041-17010-2,-61.46637298113568,210.0
2030-01-16 22:00:00,1341-1701-1,-1.2159505039730654,210.0
2030-01-16 22:00:00,1341-5191-1,11.007290868281878,159.0
2030-01-16 22:00:00,1571-5191-1,-1.1334731076422564,91.0
2030-01-16 22:00:00,1631-5041-1,114.99959520087397,210.0
2030-01-16 22:00:00,1701-28712-2,-14.614492978621222,210.0
2030-01-16 22:00:00,1701-5041-1,16.40210622745605,191.0
2030-01-16 22:00:00,1931-4371-1,-125.04759090082977,210.0
2030-01-16 22:00:00,2321-28710-1,-37.343038081358365,123.0
2030-01-16 22:00:00,2321-3581-1,53.38508436042617,123.0
2030-01-16 22:00:00,2870-17010-1,14.614492978621222,209.0
2030-01-16 22:00:00,28710-51911-1,-25.53742584093834,183.0
2030-01-16 22:00:00,3581-28019-1,-36.990201291361984,121.0
2030-01-16 22:00:00,3581-5361-1,11.378059349903985,123.0
2030-01-16 22:00:00,3591-5191-1,-23.40948963766877,159.0
2030-01-16 22:00:00,4981-5041-1,63.52587566234851,123.0
2030-01-16 22:00:00,4981-5041-2,61.69659652023901,123.0
2030-01-16 22:00:00,4991-5361-1,3.841671432439014,123.0
2030-01-16 22:00:00,5041-17010-2,-73.32223596864029,210.0
2030-01-16 23:00:00,1341-1701-1,-2.006333050396254,210.0
2030-01-16 23:00:00,1341-5191-1,11.138584645026064,159.0
2030-01-16 23:00:00,1571-5191-1,-1.4527878461719226,91.0
2030-01-16 23:00:00,1631-5041-1,106.74416720878907,210.0
2030-01-16 23:00:00,1701-28712-2,-13.36976140487171,210.0
2030-01-16 23:00:00,1701-5041-1,16.41965672640491,191.0
2030-01-16 23:00:00,1931-4371-1,-125.84845979853102,210.0
2030-01-16 23:00:00,2321-28710-1,-35.88200274371653,123.0
2030-01-16 23:00:00,2321-3581-1,50.99267717080769,123.0
2030-01-16 23:00:00,2870-17010-1,13.36976140487171,209.0
2030-01-16 23:00:00,28710-51911-1,-22.335779106263885,183.0
2030-01-16 23:00:00,3581-28019-1,-35.47927005560884,121.0
2030-01-16 23:00:00,3581-5361-1,9.623902012077743,123.0
2030-01-16 23:00:00,3591-5191-1,-21.717366310895834,159.0
2030-01-16 23:00:00,4981-5041-1,66.23168770869125,123.0
2030-01-16 23:00:00,4981-5041-2,64.32449251289125,123.0
2030-01-16 23:00:00,4991-5361-1,4.382663446972273,123.0
2030-01-16 23:00:00,5041-17010-2,-73.40069185762495,210.0
2030-01-17 00:00:00,1341-1701-1,30.272169909945973,210.0
2030-01-17 00:00:00,1341-5191-1,-6.544113101699224,159.0
2030-01-17 00:00:00,1571-5191-1,4.555064849017427,91.0
2030-01-17 00:00:00,1631-5041-1,102.62615639055372,210.0
2030-01-17 00:00:00,1701-28712-2,-49.5098548362364,210.0
2030-01-17 00:00:00,1701-5041-1,37.12107041849968,191.0
2030-01-17 00:00:00,1931-4371-1,-126.84119757538346,210.0
2030-01-17 00:00:00,2321-28710-1,-13.750263732752032,123.0
2030-01-17 00:00:00,2321-3581-1,39.92182313465054,123.0
2030-01-17 00:00:00,2870-17010-1,49.5098548362364,209.0
2030-01-17 00:00:00,28710-51911-1,-41.41139792154581,183.0
2030-01-17 00:00:00,3581-28019-1,-17.870374557929424,121.0
2030-01-17 00:00:00,3581-5361-1,0.7527448199550548,123.0
2030-01-17 00:00:00,3591-5191-1,-16.809311545601318,159.0
2030-01-17 00:00:00,4981-5041-1,68.96152030030636,123.0
2030-01-17 00:00:00,4981-5041-2,66.97571735972163,123.0
2030-01-17 00:00:00,4991-5361-1,8.997453231225563,123.0
2030-01-17 00:00:00,5041-17010-2,-165.9420959045877,210.0
2030-01-17 01:00:00,1341-1701-1,33.58247980158865,210.0
2030-01-17 01:00:00,1341-5191-1,-10.293173164170668,159.0
2030-01-17 01:00:00,1571-5191-1,5.029648927764711,91.0
2030-01-17 01:00:00,1631-5041-1,91.87208560007655,210.0
2030-01-17 01:00:00,1701-28712-2,-57.51325613059055,210.0
2030-01-17 01:00:00,1701-5041-1,40.06470248837944,191.0
2030-01-17 01:00:00,1931-4371-1,-125.04550200338083,210.0
2030-01-17 01:00:00,2321-28710-1,-10.655568585223776,123.0
2030-01-17 01:00:00,2321-3581-1,41.23361476208913,123.0
2030-01-17 01:00:00,2870-17010-1,57.51325613059055,209.0
2030-01-17 01:00:00,28710-51911-1,-47.889006552569754,183.0
2030-01-17 01:00:00,3581-28019-1,-16.00789477074848,121.0
2030-01-17 01:00:00,3581-5361-1,1.2436559669025513,123.0
2030-01-17 01:00:00,3591-5191-1,-14.160359800542366,159.0
2030-01-17 01:00:00,4981-5041-1,66.70193660993321,123.0
2030-01-17 01:00:00,4981-5041-2,64.78120021540636,123.0
2030-01-17 01:00:00,4991-5361-1,8.456569269291322,123.0
2030-01-17 01:00:00,5041-17010-2,-179.10099648964118,210.0
2030-01-17 02:00:00,1341-1701-1,45.653352430644034,210.0
2030-01-17 02:00:00,1341-5191-1,-19.023790802931728,159.0
2030-01-17 02:00:00,1571-5191-1,7.6311746490303705,91.0
2030-01-17 02:00:00,1631-5041-1,108.93811875945752,210.0
2030-01-17 02:00:00,1701-28712-2,-70.35687126340298,210.0
2030-01-17 02:00:00,1701-5041-1,46.97677672076111,191.0
2030-01-17 02:00:00,1931-4371-1,-122.65134399891053,210.0
2030-01-17 02:00:00,2321-28710-1,3.8171299745463614,123.0
2030-01-17 02:00:00,2321-3581-1,38.47773364521362,123.0
2030-01-17 02:00:00,2870-17010-1,70.35687126340298,209.0
2030-01-17 02:00:00,28710-51911-1,-56.80480600687815,183.0
2030-01-17 02:00:00,3581-28019-1,-5.43319402676012,121.0
2030-01-17 02:00:00,3581-5361-1,-2.7755432559949043,123.0
2030-01-17 02:00:00,3591-5191-1,-9.596264201954114,159.0
2030-01-17 02:00:00,4981-5041-1,65.9830899111112,123.0
2030-01-17 02:00:00,4981-5041-2,64.08305329063418,123.0
2030-01-17 02:00:00,4991-5361-1,10.719619154013344,123.0
2030-01-17 02:00:00,5041-17010-2,-210.00000000000026,210.0
2030-01-17 03:00:00,1341-1701-1,42.90588682142372,210.0
2030-01-17 03:00:00,1341-5191-1,-17.656918056109106,159.0
2030-01-17 03:00:00,1571-5191-1,6.044309838702816,91.0
2030-01-17 03:00:00,1631-5041-1,121.02023472453985,210.0
2030-01-17 03:00:00,1701-28712-2,-70.84758950699305,210.0
2030-01-17 03:00:00,1701-5041-1,46.97677672076111,191.0
2030-01-17 03:00:00,1931-4371-1,-121.2100188648551,210.0
2030-01-17 03:00:00,2321-28710-1,-0.4012547672941196,123.0
2030-01-17 03:00:00,2321-3581-1,41.539674239030944,123.0
2030-01-17 03:00:00,2870-17010-1,70.84758950699305,209.0
2030-01-17 03:00:00,28710-51911-1,-55.33520838990421,183.0
2030-01-17 03:00:00,3581-28019-1,-8.989126651552326,121.0
2030-01-17 03:00:00,3581-5361-1,0.21726000692291336,123.0
2030-01-17 03:00:00,3591-5191-1,-9.70896281189873,159.0
2030-01-17 03:00:00,4981-5041-1,65.93693874527958,123.0
2030-01-17 03:00:00,4981-5041-2,64.03823108507521,123.0
2030-01-17 03:00:00,4991-5361-1,9.034063197238424,123.0
2030-01-17 03:00:00,5041-17010-2,-210.00000000000026,210.0
2030-01-17 04:00:00,1341-1701-1,31.81128459542463,210.0
2030-01-17 04:00:00,1341-5191-1,-9.168430172109026,159.0
2030-01-17 04:00:00,1571-5191-1,2.3351326686458265,91.0
2030-01-17 04:00:00,1631-5041-1,108.53437144454865,210.0
2030-01-17 04:00:00,1701-28712-2,-56.42331720769572,210.0
2030-01-17 04:00:00,1701-5041-1,39.26698988940242,191.0
2030-01-17 04:00:00,1931-4371-1,-115.91527487545511,210.0
2030-01-17 04:00:00,2321-28710-1,-9.25864365903584,123.0
2030-01-17 04:00:00,2321-3581-1,44.46884018678355,123.0
2030-01-17 04:00:00,2870-17010-1,56.42331720769572,209.0
2030-01-17 04:00:00,28710-51911-1,-45.62429513863367,183.0
2030-01-17 04:00:00,3581-28019-1,-15.721509861410212,121.0
2030-01-17 04:00:00,3581-5361-1,4.580070032228292,123.0
2030-01-17 04:00:00,3591-5191-1,-12.117602262834595,159.0
2030-01-17 04:00:00,4981-5041-1,60.73877974410444,123.0
2030-01-17 04:00:00,4981-5041-2,58.989757290740194,123.0
2030-01-17 04:00:00,4991-5361-1,6.694693935129408,123.0
2030-01-17 04:00:00,5041-17010-2,-175.53498669759128,210.0
2030-01-17 05:00:00,1341-1701-1,27.4252813965995,210.0
2030-01-17 05:00:00,1341-5191-1,-10.435729821673107,159.0
2030-01-17 05:00:00,1571-5191-1,2.8827141619162546,91.0
2030-01-17 05:00:00,1631-5041-1,109.61064947584728,210.0
2030-01-17 05:00:00,1701-28712-2,-52.491687418308445,210.0
2030-01-17 05:00:00,1701-5041-1,36.54710516965581,191.0
2030-01-17 05:00:00,1931-4371-1,-115.82416940754116,210.0
2030-01-17 05:00:00,2321-28710-1,-8.805359837291704,123.0
2030-01-17 05:00:00,2321-3581-1,44.190331385967795,123.0
2030-01-17 05:00:00,2870-17010-1,52.491687418308445,209.0
2030-01-17 05:00:00,28710-51911-1,-40.5311107289906,183.0
2030-01-17 05:00:00,3581-28019-1,-15.350002701083042,121.0
2030-01-17 05:00:00,3581-5361-1,-0.8450374446048556,123.0
2030-01-17 05:00:00,3591-5191-1,-11.281638208397908,159.0
2030-01-17 05:00:00,4981-5041-1,60.21437847610469,123.0
2030-01-17 05:00:00,4981-5041-2,58.48045658281373,123.0
2030-01-17 05:00:00,4991-5361-1,10.296882212986702,123.0
2030-01-17 05:00:00,5041-17010-2,-163.3763025345214,210.0
2030-01-17 06:00:00,1341-1701-1,17.957668423389137,210.0
2030-01-17 06:00:00,1341-5191-1,-4.555163850732299,159.0
2030-01-17 06:00:00,1571-5191-1,2.1894014743172505,91.0
2030-01-17 06:00:00,1631-5041-1,104.20198844307697,210.0
2030-01-17 06:00:00,1701-28712-2,-45.4353988424525,210.0
2030-01-17 06:00:00,1701-5041-1,31.038936653024578,191.0
2030-01-17 06:00:00,1931-4371-1,-110.60010010735104,210.0
2030-01-17 06:00:00,2321-28710-1,-22.001603459553934,123.0
2030-01-17 06:00:00,2321-3581-1,52.349671494197395,123.0
2030-01-17 06:00:00,2870-17010-1,45.4353988424525,209.0
2030-01-17 06:00:00,28710-51911-1,-46.340596139667696,183.0
2030-01-17 06:00:00,3581-28019-1,-26.176266623961247,121.0
2030-01-17 06:00:00,3581-5361-1,6.076932621488119,123.0
2030-01-17 06:00:00,3591-5191-1,-16.140653696601596,159.0
2030-01-17 06:00:00,4981-5041-1,54.58863047941356,123.0
2030-01-17 06:00:00,4981-5041-2,53.01670656508491,123.0
2030-01-17 06:00:00,4991-5361-1,6.96343911265933,123.0
2030-01-17 06:00:00,5041-17010-2,-138.75317022878028,210.0
2030-01-17 07:00:00,1341-1701-1,-3.1434997057251586,210.0
2030-01-17 07:00:00,1341-5191-1,5.551179271746367,159.0
2030-01-17 07:00:00,1571-5191-1,-0.391825213509847,91.0
2030-01-17 07:00:00,1631-5041-1,80.38635927889486,210.0
2030-01-17 07:00:00,1701-28712-2,-20.68340397735001,210.0
2030-01-17 07:00:00,1701-5041-1,16.4502100044209,191.0
2030-01-17 07:00:00,1931-4371-1,-88.70575303677218,210.0
2030-01-17 07:00:00,2321-28710-1,-36.77662920618805,123.0
2030-01-17 07:00:00,2321-3581-1,58.028068798732065,123.0
2030-01-17 07:00:00,2870-17010-1,20.68340397735001,209.0
2030-01-17 07:00:00,28710-51911-1,-32.662410773703186,183.0
2030-01-17 07:00:00,3581-28019-1,-37.57272259640956,121.0
2030-01-17 07:00:00,3581-5361-1,11.813307051676135,123.0
2030-01-17 07:00:00,3591-5191-1,-21.129348635110645,159.0
2030-01-17 07:00:00,4981-5041-1,36.58396180622131,123.0
2030-01-17 07:00:00,4981-5041-2,35.53049693745579,123.0
2030-01-17 07:00:00,4991-5361-1,4.457132103587298,123.0
2030-01-17 07:00:00,5041-17010-2,-73.53727399099473,210.0
2030-01-17 08:00:00,1341-1701-1,1.8649612663614974,210.0
2030-01-17 08:00:00,1341-5191-1,2.816386021342126,159.0
2030-01-17 08:00:00,1571-5191-1,-1.2040962209976485,91.0
2030-01-17 08:00:00,1631-5041-1,91.7020444586891,210.0
2030-01-17 08:00:00,1701-28712-2,-28.71759823386249,210.0
2030-01-17 08:00:00,1701-5041-1,20.593684139659,191.0
2030-01-17 08:00:00,1931-4371-1,-97.39356930387774,210.0
2030-01-17 08:00:00,2321-28710-1,-31.817806304922634,123.0
2030-01-17 08:00:00,2321-3581-1,57.506804280442225,123.0
2030-01-17 08:00:00,2870-17010-1,28.71759823386249,209.0
2030-01-17 08:00:00,28710-51911-1,-37.1031149931556,183.0
2030-01-17 08:00:00,3581-28019-1,-34.038194462444324,121.0
2030-01-17 08:00:00,3581-5361-1,8.97951836916769,123.0
2030-01-17 08:00:00,3591-5191-1,-17.468437476075454,159.0
2030-01-17 08:00:00,4981-5041-1,39.721535482298414,123.0
2030-01-17 08:00:00,4981-5041-2,38.57772163333171,123.0
2030-01-17 08:00:00,4991-5361-1,6.73673753292352,123.0
2030-01-17 08:00:00,5041-17010-2,-92.05982128222799,210.0
2030-01-17 09:00:00,1341-1701-1,-10.906972521367601,210.0
2030-01-17 09:00:00,1341-5191-1,10.084170160724518,159.0
2030-01-17 09:00:00,1571-5191-1,-2.8598861625303567,91.0
2030-01-17 09:00:00,1631-5041-1,60.26068339730399,210.0
2030-01-17 09:00:00,1701-28712-2,-10.618667001211385,210.0
2030-01-17 09:00:00,1701-5041-1,10.153265696118792,191.0
2030-01-17 09:00:00,1931-4371-1,-84.15911210944029,210.0
2030-01-17 09:00:00,2321-28710-1,-38.8285142821524,123.0
2030-01-17 09:00:00,2321-3581-1,59.51921947606564,123.0
2030-01-17 09:00:00,2870-17010-1,10.618667001211385,209.0
2030-01-17 09:00:00,28710-51911-1,-23.079003647965976,183.0
2030-01-17 09:00:00,3581-28019-1,-39.302753843366744,121.0
2030-01-17 09:00:00,3581-5361-1,10.103486215423054,123.0
2030-01-17 09:00:00,3591-5191-1,-20.229450792544895,159.0
2030-01-17 09:00:00,4981-5041-1,27.34497081983767,123.0
2030-01-17 09:00:00,4981-5041-2,26.557550194135544,123.0
2030-01-17 09:00:00,4991-5361-1,6.3526048609294605,123.0
2030-01-17 09:00:00,5041-17010-2,-45.38808204869114,210.0
2030-01-17 10:00:00,1341-1701-1,-12.662988099782483,210.0
2030-01-17 10:00:00,1341-5191-1,11.180320872563376,159.0
2030-01-17 10:00:00,1571-5191-1,-2.47012553910033,91.0
2030-01-17 10:00:00,1631-5041-1,56.87072063946448,210.0
2030-01-17 10:00:00,1701-28712-2,-7.606518683002239,210.0
2030-01-17 10:00:00,1701-5041-1,8.816117871665373,191.0
2030-01-17 10:00:00,1931-4371-1,-82.31014895453892,210.0
2030-01-17 10:00:00,2321-28710-1,-39.423045760168755,123.0
2030-01-17 10:00:00,2321-3581-1,62.20139045103535,123.0
2030-01-17 10:00:00,2870-17010-1,7.606518683002239,209.0
2030-01-17 10:00:00,28710-51911-1,-20.466427139130985,183.0
2030-01-17 10:00:00,3581-28019-1,-40.275936444133094,121.0
2030-01-17 10:00:00,3581-5361-1,13.312344454628,123.0
2030-01-17 10:00:00,3591-5191-1,-21.256344146748795,159.0
2030-01-17 10:00:00,4981-5041-1,25.225204211600115,123.0
2030-01-17 10:00:00,4981-5041-2,24.498823985611637,123.0
2030-01-17 10:00:00,4991-5361-1,4.635653497132125,123.0
2030-01-17 10:00:00,5041-17010-2,-39.410638240565405,210.0
2030-01-17 11:00:00,1341-1701-1,-13.277071788955396,210.0
2030-01-17 11:00:00,1341-5191-1,11.215924102102436,159.0
2030-01-17 11:00:00,1571-5191-1,-2.704144804721757,91.0
2030-01-17 11:00:00,1631-5041-1,48.15509330157719,210.0
2030-01-17 11:00:00,1701-28712-2,-6.350194881350504,210.0
2030-01-17 11:00:00,1701-5041-1,8.112711813465655,191.0
2030-01-17 11:00:00,1931-4371-1,-79.8619783866648,210.0
2030-01-17 11:00:00,2321-28710-1,-36.748608962195895,123.0
2030-01-17 11:00:00,2321-3581-1,63.435870798902016,123.0
2030-01-17 11:00:00,2870-17010-1,6.350194881350504,209.0
2030-01-17 11:00:00,28710-51911-1,-16.49443848587015,183.0
2030-01-17 11:00:00,3581-28019-1,-38.68752726985792,121.0
2030-01-17 11:00:00,3581-5361-1,12.605943225599379,123.0
2030-01-17 11:00:00,3591-5191-1,-19.72599222247235,159.0
2030-01-17 11:00:00,4981-5041-1,23.272259789799005,123.0
2030-01-17 11:00:00,4981-5041-2,22.602116183286473,123.0
2030-01-17 11:00:00,4991-5361-1,5.176827041085403,123.0
2030-01-17 11:00:00,5041-17010-2,-36.26620640566136,210.0
2030-01-17 12:00:00,1341-1701-1,-3.6111638221326245,210.0
2030-01-17 12:00:00,1341-5191-1,10.691153351712341,159.0
2030-01-17 12:00:00,1571-5191-1,-3.320864106582457,91.0
2030-01-17 12:00:00,1631-5041-1,51.383092665716994,210.0
2030-01-17 12:00:00,1701-28712-2,-19.513297326870344,210.0
2030-01-17 12:00:00,1701-5041-1,15.339528483553556,191.0
2030-01-17 12:00:00,1931-4371-1,-82.78604600285801,210.0
2030-01-17 12:00:00,2321-28710-1,-34.34390042335307,123.0
2030-01-17 12:00:00,2321-3581-1,60.66260640297699,123.0
2030-01-17 12:00:00,2870-17010-1,19.513297326870344,209.0
2030-01-17 12:00:00,28710-51911-1,-29.203211705397962,183.0
2030-01-17 12:00:00,3581-28019-1,-36.444897303989045,121.0
2030-01-17 12:00:00,3581-5361-1,1.1136919657166366,123.0
2030-01-17 12:00:00,3591-5191-1,-16.65363066005136,159.0
2030-01-17 12:00:00,4981-5041-1,25.31852331527307,123.0
2030-01-17 12:00:00,4981-5041-2,24.589455889964164,123.0
2030-01-17 12:00:00,4991-5361-1,12.043407247321145,123.0
2030-01-17 12:00:00,5041-17010-2,-68.57220112597925,210.0
2030-01-17 13:00:00,1341-1701-1,-11.691988595127501,210.0
2030-01-17 13:00:00,1341-5191-1,16.185811993772873,159.0
2030-01-17 13:00:00,1571-5191-1,-4.840098177695808,91.0
2030-01-17 13:00:00,1631-5041-1,45.85318367252354,210.0
2030-01-17 13:00:00,1701-28712-2,-10.290654061862416,210.0
2030-01-17 13:00:00,1701-5041-1,10.109243242903919,191.0
2030-01-17 13:00:00,1931-4371-1,-78.68845661668081,210.0
2030-01-17 13:00:00,2321-28710-1,-41.863181740027855,123.0
2030-01-17 13:00:00,2321-3581-1,62.956279954994805,123.0
2030-01-17 13:00:00,2870-17010-1,10.290654061862416,209.0
2030-01-17 13:00:00,28710-51911-1,-26.124824125158227,183.0
2030-01-17 13:00:00,3581-28019-1,-42.11973059974459,121.0
2030-01-17 13:00:00,3581-5361-1,4.872989188778941,123.0
2030-01-17 13:00:00,3591-5191-1,-18.781889149744448,159.0
2030-01-17 13:00:00,4981-5041-1,21.696216023232637,123.0
2030-01-17 13:00:00,4981-5041-2,21.07145587596678,123.0
2030-01-17 13:00:00,4991-5361-1,9.971490311609642,123.0
2030-01-17 13:00:00,5041-17010-2,-45.19128874313772,210.0
2030-01-17 14:00:00,1341-1701-1,-20.25477034894326,210.0
2030-01-17 14:00:00,1341-5191-1,20.511344562261947,159.0
2030-01-17 14:00:00,1571-5191-1,-6.07976985928228,91.0
2030-01-17 14:00:00,1631-5041-1,38.63648935902373,210.0
2030-01-17 14:00:00,1701-28712-2,-0.38762287324836286,210.0
2030-01-17 14:00:00,1701-5041-1,4.458001480457275,191.0
2030-01-17 14:00:00,1931-4371-1,-74.87127807875524,210.0
2030-01-17 14:00:00,2321-28710-1,-47.836773179546825,123.0
2030-01-17 14:00:00,2321-3581-1,64.70443163386055,123.0
2030-01-17 14:00:00,2870-17010-1,0.38762287324836286,209.0
2030-01-17 14:00:00,28710-51911-1,-20.649623202099477,183.0
2030-01-17 14:00:00,3581-28019-1,-46.61249996288265,121.0
2030-01-17 14:00:00,3581-5361-1,7.511860948447911,123.0
2030-01-17 14:00:00,3591-5191-1,-20.379486668176998,159.0
2030-01-17 14:00:00,4981-5041-1,18.188039799777204,123.0
2030-01-17 14:00:00,4981-5041-2,17.66430043381504,123.0
2030-01-17 14:00:00,4991-5361-1,8.547561514855545,123.0
2030-01-17 14:00:00,5041-17010-2,-19.928576974551973,210.0
2030-01-17 15:00:00,1341-1701-1,-26.203114147526005,210.0
2030-01-17 15:00:00,1341-5191-1,23.212936659453568,159.0
2030-01-17 15:00:00,1571-5191-1,-7.148877171563562,91.0
2030-01-17 15:00:00,1631-5041-1,32.094724728472926,210.0
2030-01-17 15:00:00,1701-28712-2,4.643064857074965,210.0
2030-01-17 15:00:00,1701-5041-1,1.127401201757878,191.0
2030-01-17 15:00:00,1931-4371-1,-71.59848540151592,210.0
2030-01-17 15:00:00,2321-28710-1,-52.62112330239808,123.0
2030-01-17 15:00:00,2321-3581-1,65.91684767918031,123.0
2030-01-17 15:00:00,2870-17010-1,-4.643064857074965,209.0
2030-01-17 15:00:00,28710-51911-1,-19.64244836187806,183.0
2030-01-17 15:00:00,3581-28019-1,-50.1714673566365,121.0
2030-01-17 15:00:00,3581-5361-1,8.148553178070046,123.0
2030-01-17 15:00:00,3591-5191-1,-20.74574337933292,159.0
2030-01-17 15:00:00,4981-5041-1,15.12676614803489,123.0
2030-01-17 15:00:00,4981-5041-2,14.691178641154307,123.0
2030-01-17 15:00:00,4991-5361-1,8.293807474615221,123.0
2030-01-17 15:00:00,5041-17010-2,-5.039814753073991,210.0
2030-01-17 16:00:00,1341-1701-1,-31.253719854846953,210.0
2030-01-17 16:00:00,1341-5191-1,25.74449450679461,159.0
2030-01-17 16:00:00,1571-5191-1,-7.94838858279212,91.0
2030-01-17 16:00:00,1631-5041-1,27.094081658030845,210.0
2030-01-17 16:00:00,1701-28712-2,10.060826448256417,210.0
2030-01-17 16:00:00,1701-5041-1,-2.0939601563977788,191.0
2030-01-17 16:00:00,1931-4371-1,-69.16848210981624,210.0
2030-01-17 16:00:00,2321-28710-1,-56.344748050681666,123.0
2030-01-17 16:00:00,2321-3581-1,66.9766716666324,123.0
2030-01-17 16:00:00,2870-17010-1,-10.060826448256417,209.0
2030-01-17 16:00:00,28710-51911-1,-17.111342771467264,183.0
2030-01-17 16:00:00,3581-28019-1,-52.9657578708664,121.0
2030-01-17 16:00:00,3581-5361-1,9.420781093553074,123.0
2030-01-17 16:00:00,3591-5191-1,-21.535393117783215,159.0
2030-01-17 16:00:00,4981-5041-1,12.843820850857325,123.0
2030-01-17 16:00:00,4981-5041-2,12.473972606460912,123.0
2030-01-17 16:00:00,4991-5361-1,7.642354444349735,123.0
2030-01-17 16:00:00,5041-17010-2,9.360617384572436,210.0
2030-01-17 17:00:00,1341-1701-1,-34.87397508004013,210.0
2030-01-17 17:00:00,1341-5191-1,27.67757604380037,159.0
2030-01-17 17:00:00,1571-5191-1,-8.39441362709843,91.0
2030-01-17 17:00:00,1631-5041-1,24.16417444026083,210.0
2030-01-17 17:00:00,1701-28712-2,14.60865556032691,210.0
2030-01-17 17:00:00,1701-5041-1,-4.608554113400178,191.0
2030-01-17 17:00:00,1931-4371-1,-67.77970429211044,210.0
2030-01-17 17:00:00,2321-28710-1,-58.8659699712977,123.0
2030-01-17 17:00:00,2321-3581-1,67.97152281169082,123.0
2030-01-17 17:00:00,2870-17010-1,-14.60865556032691,209.0
2030-01-17 17:00:00,28710-51911-1,-14.400441151891215,183.0
2030-01-17 17:00:00,3581-28019-1,-54.91588677806707,121.0
2030-01-17 17:00:00,3581-5361-1,11.449255002152668,123.0
2030-01-17 17:00:00,3591-5191-1,-22.48644180350132,159.0
2030-01-17 17:00:00,4981-5041-1,11.558111164985764,123.0
2030-01-17 17:00:00,4981-5041-2,11.225285974370994,123.0
2030-01-17 17:00:00,4991-5361-1,6.49620673361801,123.0
2030-01-17 17:00:00,5041-17010-2,20.601591496300482,210.0
2030-01-17 18:00:00,1341-1701-1,-36.291776062965994,210.0
2030-01-17 18:00:00,1341-5191-1,28.596142019279768,159.0
2030-01-17 18:00:00,1571-5191-1,-8.500878629573059,91.0
2030-01-17 18:00:00,1631-5041-1,23.44149069001541,210.0
2030-01-17 18:00:00,1701-28712-2,17.10350425748183,210.0
2030-01-17 18:00:00,1701-5041-1,-5.829487528765058,191.0
2030-01-17 18:00:00,1931-4371-1,-67.43618465984913,210.0
2030-01-17 18:00:00,2321-28710-1,-59.66896684897951,123.0
2030-01-17 18:00:00,2321-3581-1,68.38375769583087,123.0
2030-01-17 18:00:00,2870-17010-1,-17.10350425748183,209.0
2030-01-17 18:00:00,28710-51911-1,-12.32191440687643,183.0
2030-01-17 18:00:00,3581-28019-1,-55.55699695271404,121.0
2030-01-17 18:00:00,3581-5361-1,12.716662953783441,123.0
2030-01-17 18:00:00,3591-5191-1,-23.170195278827038,159.0
2030-01-17 18:00:00,4981-5041-1,11.239832724076258,123.0
2030-01-17 18:00:00,4981-5041-2,10.916172619456264,123.0
2030-01-17 18:00:00,4991-5361-1,5.762076785002819,123.0
2030-01-17 18:00:00,5041-17010-2,26.05952273646819,210.0
2030-01-17 19:00:00,1341-1701-1,-35.1720520392065,210.0
2030-01-17 19:00:00,1341-5191-1,27.743353873462603,159.0
2030-01-17 19:00:00,1571-5191-1,-8.341472742365227,91.0
2030-01-17 19:00:00,1631-5041-1,24.434414825930926,210.0
2030-01-17 19:00:00,1701-28712-2,15.445017916385476,210.0
2030-01-17 19:00:00,1701-5041-1,-4.9605311234508305,191.0
2030-01-17 19:00:00,1931-4371-1,-67.8923620613344,210.0
2030-01-17 19:00:00,2321-28710-1,-58.6985856877797,123.0
2030-01-17 19:00:00,2321-3581-1,67.98250755320919,123.0
2030-01-17 19:00:00,2870-17010-1,-15.445017916385476,209.0
2030-01-17 19:00:00,28710-51911-1,-13.255288879573413,183.0
2030-01-17 19:00:00,3581-28019-1,-54.80257330917742,121.0
2030-01-17 19:00:00,3581-5361-1,11.739689959746613,123.0
2030-01-17 19:00:00,3591-5191-1,-22.673230183818916,159.0
2030-01-17 19:00:00,4981-5041-1,11.63246857866264,123.0
2030-01-17 19:00:00,4981-5041-2,11.297502205978642,123.0
2030-01-17 19:00:00,4991-5361-1,6.323142510985463,123.0
2030-01-17 19:00:00,5041-17010-2,22.175032189134797,210.0
2030-01-17 20:00:00,1341-1701-1,-33.425083618779226,210.0
2030-01-17 20:00:00,1341-5191-1,26.609413393987715,159.0
2030-01-17 20:00:00,1571-5191-1,-7.841774146672044,91.0
2030-01-17 20:00:00,1631-5041-1,26.884143012877537,210.0
2030-01-17 20:00:00,1701-28712-2,14.640769538348076,210.0
2030-01-17 20:00:00,1701-5041-1,-4.270146166936361,191.0
2030-01-17 20:00:00,1931-4371-1,-69.14671623260978,210.0
2030-01-17 20:00:00,2321-28710-1,-56.50042836920122,123.0
2030-01-17 20:00:00,2321-3581-1,67.4437125265323,123.0
2030-01-17 20:00:00,2870-17010-1,-14.640769538348076,209.0
2030-01-17 20:00:00,28710-51911-1,-11.953279556719338,183.0
2030-01-17 20:00:00,3581-28019-1,-53.1712416754763,121.0
2030-01-17 20:00:00,3581-5361-1,11.57953543726505,123.0
2030-01-17 20:00:00,3591-5191-1,-22.644392564506617,159.0
2030-01-17 20:00:00,4981-5041-1,12.756067028024145,123.0
2030-01-17 20:00:00,4981-5041-2,12.388745726170049,123.0
2030-01-17 20:00:00,4991-5361-1,6.368815822124134,123.0
2030-01-17 20:00:00,5041-17010-2,19.088808506104506,210.0
2030-01-17 21:00:00,1341-1701-1,-31.635659563437173,210.0
2030-01-17 21:00:00,1341-5191-1,25.03392676128884,159.0
2030-01-17 21:00:00,1571-5191-1,-7.225906208510473,91.0
2030-01-17 21:00:00,1631-5041-1,31.490128979226604,210.0
2030-01-17 21:00:00,1701-28712-2,13.337045841716165,210.0
2030-01-17 21:00:00,1701-5041-1,-3.37225877702687,191.0
2030-01-17 21:00:00,1931-4371-1,-71.27545839678179,210.0
2030-01-17 21:00:00,2321-28710-1,-54.191972488636594,123.0
2030-01-17 21:00:00,2321-3581-1,67.4466755630549,123.0
2030-01-17 21:00:00,2870-17010-1,-13.337045841716165,209.0
2030-01-17 21:00:00,28710-51911-1,-11.194168757784837,183.0
2030-01-17 21:00:00,3581-28019-1,-51.5773445650257,121.0
2030-01-17 21:00:00,3581-5361-1,12.913455639525722,123.0
2030-01-17 21:00:00,3591-5191-1,-22.612880601275357,159.0
2030-01-17 21:00:00,4981-5041-1,14.837120193755855,123.0
2030-01-17 21:00:00,4981-5041-2,14.409873277181736,123.0
2030-01-17 21:00:00,4991-5361-1,5.48267177020557,123.0
2030-01-17 21:00:00,5041-17010-2,15.074987953838692,210.0
2030-01-17 22:00:00,1341-1701-1,-22.41755626831491,210.0
2030-01-17 22:00:00,1341-5191-1,19.440498175405665,159.0
2030-01-17 22:00:00,1571-5191-1,-6.14504043793778,91.0
2030-01-17 22:00:00,1631-5041-1,35.8956513073647,210.0
2030-01-17 22:00:00,1701-28712-2,2.5938014427846445,210.0
2030-01-17 22:00:00,1701-5041-1,2.6205003048241573,191.0
2030-01-17 22:00:00,1931-4371-1,-73.76528601098786,210.0
2030-01-17 22:00:00,2321-28710-1,-45.91040100453694,123.0
2030-01-17 22:00:00,2321-3581-1,62.802605685751615,123.0
2030-01-17 22:00:00,2870-17010-1,-2.5938014427846445,209.0
2030-01-17 22:00:00,28710-51911-1,-15.010873574305045,183.0
2030-01-17 22:00:00,3581-28019-1,-44.883034713063466,121.0
2030-01-17 22:00:00,3581-5361-1,3.1869348421010244,123.0
2030-01-17 22:00:00,3591-5191-1,-19.272452132227126,159.0
2030-01-17 22:00:00,4981-5041-1,17.482522677325147,123.0
2030-01-17 22:00:00,4981-5041-2,16.979099249444058,123.0
2030-01-17 22:00:00,4991-5361-1,11.004321506390284,123.0
2030-01-17 22:00:00,5041-17010-2,-11.714406615936884,210.0
2030-01-17 23:00:00,1341-1701-1,-17.104568290428656,210.0
2030-01-17 23:00:00,1341-5191-1,15.663089400552723,159.0
2030-01-17 23:00:00,1571-5191-1,-4.813141127307642,91.0
2030-01-17 23:00:00,1631-5041-1,41.11331395036469,210.0
2030-01-17 23:00:00,1701-28712-2,-2.874091963787988,210.0
2030-01-17 23:00:00,1701-5041-1,5.955893620946694,191.0
2030-01-17 23:00:00,1931-4371-1,-77.42686780141396,210.0
2030-01-17 23:00:00,2321-28710-1,-40.72798867232831,123.0
2030-01-17 23:00:00,2321-3581-1,61.55748385619397,123.0
2030-01-17 23:00:00,2870-17010-1,2.874091963787988,209.0
2030-01-17 23:00:00,28710-51911-1,-16.132091331782703,183.0
2030-01-17 23:00:00,3581-28019-1,-41.04225474730696,121.0
2030-01-17 23:00:00,3581-5361-1,2.96996616383791,123.0
2030-01-17 23:00:00,3591-5191-1,-18.333950915077473,159.0
2030-01-17 23:00:00,4981-5041-1,20.93761207773069,123.0
2030-01-17 23:00:00,4981-5041-2,20.334696546696566,123.0
2030-01-17 23:00:00,4991-5361-1,10.8667626963678,123.0
2030-01-17 23:00:00,5041-17010-2,-26.62459512353156,210.0
2030-01-18 00:00:00,1341-1701-1,-9.084152150661172,210.0
2030-01-18 00:00:00,1341-5191-1,10.057053533964105,159.0
2030-01-18 00:00:00,1571-5191-1,-3.6622011170913815,91.0
2030-01-18 00:00:00,1631-5041-1,49.08715389628595,210.0
2030-01-18 00:00:00,1701-28712-2,-13.474760244764528,210.0
2030-01-18 00:00:00,1701-5041-1,11.724436208172117,191.0
2030-01-18 00:00:00,1931-4371-1,-79.09646547992182,210.0
2030-01-18 00:00:00,2321-28710-1,-33.80329104792826,123.0
2030-01-18 00:00:00,2321-3581-1,59.305382090832715,123.0
2030-01-18 00:00:00,2870-17010-1,13.474760244764528,209.0
2030-01-18 00:00:00,28710-51911-1,-21.42058970920101,183.0
2030-01-18 00:00:00,3581-28019-1,-35.78683664106126,121.0
2030-01-18 00:00:00,3581-5361-1,-0.667933534487247,123.0
2030-01-18 00:00:00,3591-5191-1,-15.620912092673636,159.0
2030-01-18 00:00:00,4981-5041-1,23.313952203834052,123.0
2030-01-18 00:00:00,4981-5041-2,22.642608030425226,123.0
2030-01-18 00:00:00,4991-5361-1,12.72067121004119,123.0
2030-01-18 00:00:00,5041-17010-2,-52.4116760575449,210.0
2030-01-18 01:00:00,1341-1701-1,-10.047491442418673,210.0
2030-01-18 01:00:00,1341-5191-1,6.889839315174211,159.0
2030-01-18 01:00:00,1571-5191-1,-3.9021238658391977,91.0
2030-01-18 01:00:00,1631-5041-1,46.95731226323355,210.0
2030-01-18 01:00:00,1701-28712-2,-14.144707754965772,210.0
2030-01-18 01:00:00,1701-5041-1,11.624415772910606,191.0
2030-01-18 01:00:00,1931-4371-1,-75.21629510656763,210.0
2030-01-18 01:00:00,2321-28710-1,-30.542902324668262,123.0
2030-01-18 01:00:00,2321-3581-1,59.69752860548803,123.0
2030-01-18 01:00:00,2870-17010-1,14.144707754965772,209.0
2030-01-18 01:00:00,28710-51911-1,-19.02274040062548,183.0
2030-01-18 01:00:00,3581-28019-1,-33.61703351689829,121.0
2030-01-18 01:00:00,3581-5361-1,2.5869959657559587,123.0
2030-01-18 01:00:00,3591-5191-1,-13.749212962042424,159.0
2030-01-18 01:00:00,4981-5041-1,21.005099779699115,123.0
2030-01-18 01:00:00,4981-5041-2,20.400240885519302,123.0
2030-01-18 01:00:00,4991-5361-1,10.437217845556233,123.0
2030-01-18 01:00:00,5041-17010-2,-51.96455531254848,210.0
2030-01-18 02:00:00,1341-1701-1,-8.071007450089827,210.0
2030-01-18 02:00:00,1341-5191-1,3.0568518127399713,159.0
2030-01-18 02:00:00,1571-5191-1,-3.728724611346256,91.0
2030-01-18 02:00:00,1631-5041-1,38.849990244932044,210.0
2030-01-18 02:00:00,1701-28712-2,-18.503811282046954,210.0
2030-01-18 02:00:00,1701-5041-1,13.608256789547161,191.0
2030-01-18 02:00:00,1931-4371-1,-69.72429493101605,210.0
2030-01-18 02:00:00,2321-28710-1,-26.54626942373381,123.0
2030-01-18 02:00:00,2321-3581-1,58.383822941475565,123.0
2030-01-18 02:00:00,2870-17010-1,18.503811282046954,209.0
2030-01-18 02:00:00,28710-51911-1,-20.01080724223857,183.0
2030-01-18 02:00:00,3581-28019-1,-30.580922521292766,121.0
2030-01-18 02:00:00,3581-5361-1,2.913089081179199,123.0
2030-01-18 02:00:00,3591-5191-1,-11.329195236659114,159.0
2030-01-18 02:00:00,4981-5041-1,17.870574500809315,123.0
2030-01-18 02:00:00,4981-5041-2,17.355976805759838,123.0
2030-01-18 02:00:00,4991-5361-1,9.84259479226717,123.0
2030-01-18 02:00:00,5041-17010-2,-60.8329077746611,210.0
2030-01-18 03:00:00,1341-1701-1,-6.055817865879753,210.0
2030-01-18 03:00:00,1341-5191-1,1.1708814851400184,159.0
2030-01-18 03:00:00,1571-5191-1,-3.090573620688179,91.0
2030-01-18 03:00:00,1631-5041-1,33.12936309001563,210.0
2030-01-18 03:00:00,1701-28712-2,-19.145400433248735,210.0
2030-01-18 03:00:00,1701-5041-1,14.282737894484624,191.0
2030-01-18 03:00:00,1931-4371-1,-69.13549803349066,210.0
2030-01-18 03:00:00,2321-28710-1,-23.25911696678776,123.0
2030-01-18 03:00:00,2321-3581-1,55.012284806300606,123.0
2030-01-18 03:00:00,2870-17010-1,19.145400433248735,209.0
2030-01-18 03:00:00,28710-51911-1,-17.09044577573843,183.0
2030-01-18 03:00:00,3581-28019-1,-27.60328870011325,121.0
2030-01-18 03:00:00,3581-5361-1,2.0481169391165124,123.0
2030-01-18 03:00:00,3591-5191-1,-10.625062145202069,159.0
2030-01-18 03:00:00,4981-5041-1,17.48120955944498,123.0
2030-01-18 03:00:00,4981-5041-2,16.977823943858873,123.0
2030-01-18 03:00:00,4991-5361-1,9.950758799081598,123.0
2030-01-18 03:00:00,5041-17010-2,-63.8480365664641,210.0
2030-01-18 04:00:00,1341-1701-1,-1.3146565536864578,210.0
2030-01-18 04:00:00,1341-5191-1,-2.775502259104279,159.0
2030-01-18 04:00:00,1571-5191-1,-1.8700825606098306,91.0
2030-01-18 04:00:00,1631-5041-1,31.49563229333154,210.0
2030-01-18 04:00:00,1701-28712-2,-23.962726679362845,210.0
2030-01-18 04:00:00,1701-5041-1,16.7792749153895,191.0
2030-01-18 04:00:00,1931-4371-1,-68.93236320773684,210.0
2030-01-18 04:00:00,2321-28710-1,-18.32348447182637,123.0
2030-01-18 04:00:00,2321-3581-1,52.5598855864184,123.0
2030-01-18 04:00:00,2870-17010-1,23.962726679362845,209.0
2030-01-18 04:00:00,28710-51911-1,-17.545066203191595,183.0
2030-01-18 04:00:00,3581-28019-1,-23.679768850107635,121.0
2030-01-18 04:00:00,3581-5361-1,0.8911754152190134,123.0
2030-01-18 04:00:00,3591-5191-1,-9.649607335542608,159.0
2030-01-18 04:00:00,4981-5041-1,18.607906923638527,123.0
2030-01-18 04:00:00,4981-5041-2,18.072077143114907,123.0
2030-01-18 04:00:00,4991-5361-1,10.270493719122854,123.0
2030-01-18 04:00:00,5041-17010-2,-75.00829086629403,210.0
2030-01-18 05:00:00,1341-1701-1,-15.666137965475908,210.0
2030-01-18 05:00:00,1341-5191-1,7.360091601797956,159.0
2030-01-18 05:00:00,1571-5191-1,-3.722485779025847,91.0
2030-01-18 05:00:00,1631-5041-1,15.711216358646674,210.0
2030-01-18 05:00:00,1701-28712-2,-5.0491530859437574,210.0
2030-01-18 05:00:00,1701-5041-1,6.466205971275406,191.0
2030-01-18 05:00:00,1931-4371-1,-62.77331483706233,210.0
2030-01-18 05:00:00,2321-28710-1,-31.48906172757978,123.0
2030-01-18 05:00:00,2321-3581-1,53.55923574114732,123.0
2030-01-18 05:00:00,2870-17010-1,5.0491530859437574,209.0
2030-01-18 05:00:00,28710-51911-1,-8.541691453273785,183.0
2030-01-18 05:00:00,3581-28019-1,-32.98321137912362,121.0
2030-01-18 05:00:00,3581-5361-1,10.322803125453568,123.0
2030-01-18 05:00:00,3591-5191-1,-14.267831594044264,159.0
2030-01-18 05:00:00,4981-5041-1,13.44605208150678,123.0
2030-01-18 05:00:00,4981-5041-2,13.058862100102138,123.0
2030-01-18 05:00:00,4991-5361-1,4.527985666791807,123.0
2030-01-18 05:00:00,5041-17010-2,-28.905841327502564,210.0
2030-01-18 06:00:00,1341-1701-1,-4.593662885288445,210.0
2030-01-18 06:00:00,1341-5191-1,0.33181528091925117,159.0
2030-01-18 06:00:00,1571-5191-1,-2.2987803415645693,91.0
2030-01-18 06:00:00,1631-5041-1,25.04616663579425,210.0
2030-01-18 06:00:00,1701-28712-2,-17.117151546979983,210.0
2030-01-18 06:00:00,1701-5041-1,13.393216324647053,191.0
2030-01-18 06:00:00,1931-4371-1,-67.29380196390711,210.0
2030-01-18 06:00:00,2321-28710-1,-23.63126477069032,123.0
2030-01-18 06:00:00,2321-3581-1,51.472456052272754,123.0
2030-01-18 06:00:00,2870-17010-1,17.117151546979983,209.0
2030-01-18 06:00:00,28710-51911-1,-14.64605261986219,183.0
2030-01-18 06:00:00,3581-28019-1,-27.117946464274148,121.0
2030-01-18 06:00:00,3581-5361-1,7.889824566613995,123.0
2030-01-18 06:00:00,3591-5191-1,-13.729139223876153,159.0
2030-01-18 06:00:00,4981-5041-1,16.725443959718753,123.0
2030-01-18 06:00:00,4981-5041-2,16.243821227894394,123.0
2030-01-18 06:00:00,4991-5361-1,6.08417188250678,123.0
2030-01-18 06:00:00,5041-17010-2,-59.871613688916284,210.0
2030-01-18 07:00:00,1341-1701-1,-11.10925038144119,210.0
2030-01-18 07:00:00,1341-5191-1,4.312696384084605,159.0
2030-01-18 07:00:00,1571-5191-1,-3.207554906981901,91.0
2030-01-18 07:00:00,1631-5041-1,19.839489313240406,210.0
2030-01-18 07:00:00,1701-28712-2,-11.244704665729468,210.0
2030-01-18 07:00:00,1701-5041-1,9.769401583965411,191.0
2030-01-18 07:00:00,1931-4371-1,-68.95528119493312,210.0
2030-01-18 07:00:00,2321-28710-1,-27.883686169154934,123.0
2030-01-18 07:00:00,2321-3581-1,55.209499042661605,123.0
2030-01-18 07:00:00,2870-17010-1,11.244704665729468,209.0
2030-01-18 07:00:00,28710-51911-1,-12.435124691150179,183.0
2030-01-18 07:00:00,3581-28019-1,-30.838976036121913,121.0
2030-01-18 07:00:00,3581-5361-1,9.566944002566997,123.0
2030-01-18 07:00:00,3591-5191-1,-13.493562416361748,159.0
2030-01-18 07:00:00,4981-5041-1,16.276113079197753,123.0
2030-01-18 07:00:00,4981-5041-2,15.807429194718242,123.0
2030-01-18 07:00:00,4991-5361-1,5.587193893765914,123.0
2030-01-18 07:00:00,5041-17010-2,-43.672096636763456,210.0
2030-01-18 08:00:00,1341-1701-1,-27.89003437179347,210.0
2030-01-18 08:00:00,1341-5191-1,17.910357272815013,159.0
2030-01-18 08:00:00,1571-5191-1,-6.513271267077982,91.0
2030-01-18 08:00:00,1631-5041-1,13.55324723566015,210.0
2030-01-18 08:00:00,1701-28712-2,9.81946689357293,210.0
2030-01-18 08:00:00,1701-5041-1,-1.6258293592326565,191.0
2030-01-18 08:00:00,1931-4371-1,-67.55292486778099,210.0
2030-01-18 08:00:00,2321-28710-1,-45.33689753269267,123.0
2030-01-18 08:00:00,2321-3581-1,58.76396728094804,123.0
2030-01-18 08:00:00,2870-17010-1,-9.81946689357293,209.0
2030-01-18 08:00:00,28710-51911-1,-5.474117488606225,183.0
2030-01-18 08:00:00,3581-28019-1,-43.6398896859873,121.0
2030-01-18 08:00:00,3581-5361-1,16.89801200099958,123.0
2030-01-18 08:00:00,3591-5191-1,-19.11951007372155,159.0
2030-01-18 08:00:00,4981-5041-1,13.818226274607703,123.0
2030-01-18 08:00:00,4981-5041-2,13.420319235286541,123.0
2030-01-18 08:00:00,4991-5361-1,1.7454350227461646,123.0
2030-01-18 08:00:00,5041-17010-2,7.267935121823032,210.0
2030-01-18 09:00:00,1341-1701-1,-13.818936898361251,210.0
2030-01-18 09:00:00,1341-5191-1,9.235817042907552,159.0
2030-01-18 09:00:00,1571-5191-1,-3.278482842880427,91.0
2030-01-18 09:00:00,1631-5041-1,17.76910758713393,210.0
2030-01-18 09:00:00,1701-28712-2,-4.7859112424783365,210.0
2030-01-18 09:00:00,1701-5041-1,6.462211160535984,191.0
2030-01-18 09:00:00,1931-4371-1,-70.18623025061473,210.0
2030-01-18 09:00:00,2321-28710-1,-32.69968498060934,123.0
2030-01-18 09:00:00,2321-3581-1,56.27006293639288,123.0
2030-01-18 09:00:00,2870-17010-1,4.7859112424783365,209.0
2030-01-18 09:00:00,28710-51911-1,-9.766255682931927,183.0
2030-01-18 09:00:00,3581-28019-1,-34.38795670046985,121.0
2030-01-18 09:00:00,3581-5361-1,14.457789798794138,123.0
2030-01-18 09:00:00,3591-5191-1,-16.699162972451106,159.0
2030-01-18 09:00:00,4981-5041-1,15.409845025563158,123.0
2030-01-18 09:00:00,4981-5041-2,14.966106032680452,123.0
2030-01-18 09:00:00,4991-5361-1,3.2694981492055604,123.0
2030-01-18 09:00:00,5041-17010-2,-28.887983349287815,210.0
2030-01-18 10:00:00,1341-1701-1,-13.545761446257378,210.0
2030-01-18 10:00:00,1341-5191-1,8.395417461327622,159.0
2030-01-18 10:00:00,1571-5191-1,-3.6516246200367988,91.0
2030-01-18 10:00:00,1631-5041-1,18.259860832274494,210.0
2030-01-18 10:00:00,1701-28712-2,-6.74982843838354,210.0
2030-01-18 10:00:00,1701-5041-1,7.304726064074628,191.0
2030-01-18 10:00:00,1931-4371-1,-70.21360992770467,210.0
2030-01-18 10:00:00,2321-28710-1,-31.27334631606503,123.0
2030-01-18 10:00:00,2321-3581-1,54.12642121412595,123.0
2030-01-18 10:00:00,2870-17010-1,6.74982843838354,209.0
2030-01-18 10:00:00,28710-51911-1,-10.39158769351252,183.0
2030-01-18 10:00:00,3581-28019-1,-32.95316417659717,121.0
2030-01-18 10:00:00,3581-5361-1,13.051160806488529,123.0
2030-01-18 10:00:00,3591-5191-1,-14.286535726708092,159.0
2030-01-18 10:00:00,4981-5041-1,15.193587744816506,123.0
2030-01-18 10:00:00,4981-5041-2,14.756076055829647,123.0
2030-01-18 10:00:00,4991-5361-1,4.035621107614986,123.0
2030-01-18 10:00:00,5041-17010-2,-32.65427261163567,210.0
2030-01-18 11:00:00,1341-1701-1,-8.438347242483221,210.0
2030-01-18 11:00:00,1341-5191-1,5.279514829728315,159.0
2030-01-18 11:00:00,1571-5191-1,-2.3293575370363087,91.0
2030-01-18 11:00:00,1631-5041-1,23.592721838867675,210.0
2030-01-18 11:00:00,1701-28712-2,-11.29224535166572,210.0
2030-01-18 11:00:00,1701-5041-1,10.087763239436532,191.0
2030-01-18 11:00:00,1931-4371-1,-76.92674706904283,210.0
2030-01-18 11:00:00,2321-28710-1,-27.686263337825167,123.0
2030-01-18 11:00:00,2321-3581-1,51.93061310995533,123.0
2030-01-18 11:00:00,2870-17010-1,11.29224535166572,209.0
2030-01-18 11:00:00,28710-51911-1,-11.892056326542331,183.0
2030-01-18 11:00:00,3581-28019-1,-30.01494117965862,121.0
2030-01-18 11:00:00,3581-5361-1,8.95740229296867,123.0
2030-01-18 11:00:00,3591-5191-1,-14.491125348946175,159.0
2030-01-18 11:00:00,4981-5041-1,20.35634201602507,123.0
2030-01-18 11:00:00,4981-5041-2,19.770164628129066,123.0
2030-01-18 11:00:00,4991-5361-1,6.301619836839791,123.0
2030-01-18 11:00:00,5041-17010-2,-45.095266813941414,210.0
2030-01-18 12:00:00,1341-1701-1,25.216893445846992,210.0
2030-01-18 12:00:00,1341-5191-1,-17.50579965237597,159.0
2030-01-18 12:00:00,1571-5191-1,4.850045356586492,91.0
2030-01-18 12:00:00,1631-5041-1,59.066415471077555,210.0
2030-01-18 12:00:00,1701-28712-2,-48.87251844382604,210.0
2030-01-18 12:00:00,1701-5041-1,31.805408376472567,191.0
2030-01-18 12:00:00,1931-4371-1,-98.80671189969914,210.0
2030-01-18 12:00:00,2321-28710-1,1.778000741427988,123.0
2030-01-18 12:00:00,2321-3581-1,43.754430219747746,123.0
2030-01-18 12:00:00,2870-17010-1,48.87251844382604,209.0
2030-01-18 12:00:00,28710-51911-1,-25.74445503871607,183.0
2030-01-18 12:00:00,3581-28019-1,-7.948343515723664,121.0
2030-01-18 12:00:00,3581-5361-1,-2.858495917117466,123.0
2030-01-18 12:00:00,3591-5191-1,-8.087290048394038,159.0
2030-01-18 12:00:00,4981-5041-1,36.91419855706493,123.0
2030-01-18 12:00:00,4981-5041-2,35.85122425306569,123.0
2030-01-18 12:00:00,4991-5361-1,13.114710296592534,123.0
2030-01-18 12:00:00,5041-17010-2,-142.17952412446897,210.0
2030-01-18 13:00:00,1341-1701-1,10.706933135470571,210.0
2030-01-18 13:00:00,1341-5191-1,-8.411552682474337,159.0
2030-01-18 13:00:00,1571-5191-1,1.4906171230454532,91.0
2030-01-18 13:00:00,1631-5041-1,42.22175712809677,210.0
2030-01-18 13:00:00,1701-28712-2,-33.9844100906555,210.0
2030-01-18 13:00:00,1701-5041-1,22.717920345134797,191.0
2030-01-18 13:00:00,1931-4371-1,-79.15406033939188,210.0
2030-01-18 13:00:00,2321-28710-1,-8.27125595626913,123.0
2030-01-18 13:00:00,2321-3581-1,46.45992893678536,123.0
2030-01-18 13:00:00,2870-17010-1,33.9844100906555,209.0
2030-01-18 13:00:00,28710-51911-1,-18.58177966406504,183.0
2030-01-18 13:00:00,3581-28019-1,-15.457076026444838,121.0
2030-01-18 13:00:00,3581-5361-1,1.19140944866556,123.0
2030-01-18 13:00:00,3591-5191-1,-7.923163556407474,159.0
2030-01-18 13:00:00,4981-5041-1,24.023685876230893,123.0
2030-01-18 13:00:00,4981-5041-2,23.33190434576352,123.0
2030-01-18 13:00:00,4991-5361-1,10.643588529263752,123.0
2030-01-18 13:00:00,5041-17010-2,-101.55578150533053,210.0
2030-01-18 14:00:00,1341-1701-1,25.1034656873518,210.0
2030-01-18 14:00:00,1341-5191-1,-16.785297745265083,159.0
2030-01-18 14:00:00,1571-5191-1,5.403735782441686,91.0
2030-01-18 14:00:00,1631-5041-1,58.019358214021814,210.0
2030-01-18 14:00:00,1701-28712-2,-50.116085151276025,210.0
2030-01-18 14:00:00,1701-5041-1,31.96825472966178,191.0
2030-01-18 14:00:00,1931-4371-1,-91.34895471607886,210.0
2030-01-18 14:00:00,2321-28710-1,0.19899696617005702,123.0
2030-01-18 14:00:00,2321-3581-1,46.60036520336888,123.0
2030-01-18 14:00:00,2870-17010-1,50.116085151276025,209.0
2030-01-18 14:00:00,28710-51911-1,-29.117421098752402,183.0
2030-01-18 14:00:00,3581-28019-1,-9.635875800821594,121.0
2030-01-18 14:00:00,3581-5361-1,0.7560455316906172,123.0
2030-01-18 14:00:00,3591-5191-1,-8.483208909450454,159.0
2030-01-18 14:00:00,4981-5041-1,33.36646272746437,123.0
2030-01-18 14:00:00,4981-5041-2,32.40564835573112,123.0
2030-01-18 14:00:00,4991-5361-1,10.800716550099196,123.0
2030-01-18 14:00:00,5041-17010-2,-142.90749518925728,210.0
2030-01-18 15:00:00,1341-1701-1,42.596905828737974,210.0
2030-01-18 15:00:00,1341-5191-1,-24.89733687366109,159.0
2030-01-18 15:00:00,1571-5191-1,9.00821886819098,91.0
2030-01-18 15:00:00,1631-5041-1,65.82268486576407,210.0
2030-01-18 15:00:00,1701-28712-2,-68.6116293489408,210.0
2030-01-18 15:00:00,1701-5041-1,43.24515599166676,191.0
2030-01-18 15:00:00,1931-4371-1,-99.05048675641682,210.0
2030-01-18 15:00:00,2321-28710-1,8.626769953171674,123.0
2030-01-18 15:00:00,2321-3581-1,40.79427072741214,123.0
2030-01-18 15:00:00,2870-17010-1,68.6116293489408,209.0
2030-01-18 15:00:00,28710-51911-1,-41.7355904451324,183.0
2030-01-18 15:00:00,3581-28019-1,-2.596872973657071,121.0
2030-01-18 15:00:00,3581-5361-1,-7.786190215318101,123.0
2030-01-18 15:00:00,3591-5191-1,-8.644739914140246,159.0
2030-01-18 15:00:00,4981-5041-1,40.157717417142926,123.0
2030-01-18 15:00:00,4981-5041-2,39.00134335539274,123.0
2030-01-18 15:00:00,4991-5361-1,15.90422572351008,123.0
2030-01-18 15:00:00,5041-17010-2,-193.31855849182867,210.0
2030-01-18 16:00:00,1341-1701-1,61.076597292499414,210.0
2030-01-18 16:00:00,1341-5191-1,-27.281380890746448,159.0
2030-01-18 16:00:00,1571-5191-1,9.595438080795816,91.0
2030-01-18 16:00:00,1631-5041-1,61.92621340168618,210.0
2030-01-18 16:00:00,1701-28712-2,-71.60740098259947,210.0
2030-01-18 16:00:00,1701-5041-1,46.97677672076112,191.0
2030-01-18 16:00:00,1931-4371-1,-97.22638165580116,210.0
2030-01-18 16:00:00,2321-28710-1,28.593453127567784,123.0
2030-01-18 16:00:00,2321-3581-1,35.08988505973832,123.0
2030-01-18 16:00:00,2870-17010-1,71.60740098259947,209.0
2030-01-18 16:00:00,28710-51911-1,-59.93032473314179,183.0
2030-01-18 16:00:00,3581-28019-1,12.391064298230518,121.0
2030-01-18 16:00:00,3581-5361-1,-24.912446156111855,123.0
2030-01-18 16:00:00,3591-5191-1,-8.716201593053967,159.0
2030-01-18 16:00:00,4981-5041-1,37.54504509502743,123.0
2030-01-18 16:00:00,4981-5041-2,36.463905053024035,123.0
2030-01-18 16:00:00,4991-5361-1,26.429679995825154,123.0
2030-01-18 16:00:00,5041-17010-2,-210.0000000000003,210.0
2030-01-18 17:00:00,1341-1701-1,59.52551566516229,210.0
2030-01-18 17:00:00,1341-5191-1,-22.723951044822684,159.0
2030-01-18 17:00:00,1571-5191-1,8.830070189251188,91.0
2030-01-18 17:00:00,1631-5041-1,57.643241022618334,210.0
2030-01-18 17:00:00,1701-28712-2,-66.1766048308392,210.0
2030-01-18 17:00:00,1701-5041-1,46.976776720761116,191.0
2030-01-18 17:00:00,1931-4371-1,-100.65297832195849,210.0
2030-01-18 17:00:00,2321-28710-1,22.96554984102511,123.0
2030-01-18 17:00:00,2321-3581-1,33.408519738600376,123.0
2030-01-18 17:00:00,2870-17010-1,66.1766048308392,209.0
2030-01-18 17:00:00,28710-51911-1,-45.37422007236978,183.0
2030-01-18 17:00:00,3581-28019-1,8.856332338630793,121.0
2030-01-18 17:00:00,3581-5361-1,-23.365100592863286,123.0
2030-01-18 17:00:00,3591-5191-1,-12.50755312239994,159.0
2030-01-18 17:00:00,4981-5041-1,35.58779666838204,123.0
2030-01-18 17:00:00,4981-5041-2,34.56301718316686,123.0
2030-01-18 17:00:00,4991-5361-1,26.11087888597376,123.0
2030-01-18 17:00:00,5041-17010-2,-210.00000000000028,210.0
2030-01-18 18:00:00,1341-1701-1,27.76970508640774,210.0
2030-01-18 18:00:00,1341-5191-1,-8.355708955216613,159.0
2030-01-18 18:00:00,1571-5191-1,3.16190450198404,91.0
2030-01-18 18:00:00,1631-5041-1,40.9835811957973,210.0
2030-01-18 18:00:00,1701-28712-2,-43.06397961179511,210.0
2030-01-18 18:00:00,1701-5041-1,31.149417222721798,191.0
2030-01-18 18:00:00,1931-4371-1,-96.28604030408226,210.0
2030-01-18 18:00:00,2321-28710-1,-8.025906627052748,123.0
2030-01-18 18:00:00,2321-3581-1,42.976019479226295,123.0
2030-01-18 18:00:00,2870-17010-1,43.06397961179511,209.0
2030-01-18 18:00:00,28710-51911-1,-28.55567027065922,183.0
2030-01-18 18:00:00,3581-28019-1,-14.556938070104401,121.0
2030-01-18 18:00:00,3581-5361-1,2.8097172510039528,123.0
2030-01-18 18:00:00,3591-5191-1,-16.761175928699814,159.0
2030-01-18 18:00:00,4981-5041-1,30.804650081225617,123.0
2030-01-18 18:00:00,4981-5041-2,29.917605183598706,123.0
2030-01-18 18:00:00,4991-5361-1,10.773124312835023,123.0
2030-01-18 18:00:00,5041-17010-2,-139.24705084929045,210.0
2030-01-18 19:00:00,1341-1701-1,19.876910145747928,210.0
2030-01-18 19:00:00,1341-5191-1,-6.008699264091916,159.0
2030-01-18 19:00:00,1571-5191-1,2.3405984190427347,91.0
2030-01-18 19:00:00,1631-5041-1,45.396595716158814,210.0
2030-01-18 19:00:00,1701-28712-2,-37.177061676586504,210.0
2030-01-18 19:00:00,1701-5041-1,26.84109190420833,191.0
2030-01-18 19:00:00,1931-4371-1,-94.85079095259354,210.0
2030-01-18 19:00:00,2321-28710-1,-13.55111489694039,123.0
2030-01-18 19:00:00,2321-3581-1,43.564260509702905,123.0
2030-01-18 19:00:00,2870-17010-1,37.177061676586504,209.0
2030-01-18 19:00:00,28710-51911-1,-27.20216576958819,183.0
2030-01-18 19:00:00,3581-28019-1,-18.496732022793935,121.0
2030-01-18 19:00:00,3581-5361-1,2.6928978505425647,123.0
2030-01-18 19:00:00,3591-5191-1,-16.55246181731296,159.0
2030-01-18 19:00:00,4981-5041-1,30.58484300162452,123.0
2030-01-18 19:00:00,4981-5041-2,29.704127627232197,123.0
2030-01-18 19:00:00,4991-5361-1,10.449642289121982,123.0
2030-01-18 19:00:00,5041-17010-2,-119.98757031349665,210.0
2030-01-18 20:00:00,1341-1701-1,38.42952267969954,210.0
2030-01-18 20:00:00,1341-5191-1,-15.087439013502973,159.0
2030-01-18 20:00:00,1571-5191-1,6.8585244846804585,91.0
2030-01-18 20:00:00,1631-5041-1,67.90231399164176,210.0
2030-01-18 20:00:00,1701-28712-2,-54.56250300385763,210.0
2030-01-18 20:00:00,1701-5041-1,37.66651175795472,191.0
2030-01-18 20:00:00,1931-4371-1,-106.50639073417767,210.0
2030-01-18 20:00:00,2321-28710-1,-0.515196582199863,123.0
2030-01-18 20:00:00,2321-3581-1,38.6529274698151,123.0
2030-01-18 20:00:00,2870-17010-1,54.56250300385763,209.0
2030-01-18 20:00:00,28710-51911-1,-34.06141346354093,183.0
2030-01-18 20:00:00,3581-28019-1,-8.4624024885172,121.0
2030-01-18 20:00:00,3581-5361-1,-2.038832432665046,123.0
2030-01-18 20:00:00,3591-5191-1,-15.781077852727378,159.0
2030-01-18 20:00:00,4981-5041-1,40.03244605588887,123.0
2030-01-18 20:00:00,4981-5041-2,38.879679284646,123.0
2030-01-18 20:00:00,4991-5361-1,12.732392840487933,123.0
2030-01-18 20:00:00,5041-17010-2,-168.38037901554745,210.0
2030-01-18 21:00:00,1341-1701-1,41.01922336082484,210.0
2030-01-18 21:00:00,1341-5191-1,-16.791785109519196,159.0
2030-01-18 21:00:00,1571-5191-1,5.972664707309718,91.0
2030-01-18 21:00:00,1631-5041-1,66.57799070335818,210.0
2030-01-18 21:00:00,1701-28712-2,-59.79497590590721,210.0
2030-01-18 21:00:00,1701-5041-1,39.975604329467025,191.0
2030-01-18 21:00:00,1931-4371-1,-101.03377083329514,210.0
2030-01-18 21:00:00,2321-28710-1,2.82838269190475,123.0
2030-01-18 21:00:00,2321-3581-1,34.94746813121304,123.0
2030-01-18 21:00:00,2870-17010-1,59.79497590590721,209.0
2030-01-18 21:00:00,28710-51911-1,-36.42668493585029,183.0
2030-01-18 21:00:00,3581-28019-1,-5.375760894584644,121.0
2030-01-18 21:00:00,3581-5361-1,-7.4357360668013115,123.0
2030-01-18 21:00:00,3591-5191-1,-11.731761435748254,159.0
2030-01-18 21:00:00,4981-5041-1,38.97701092658294,123.0
2030-01-18 21:00:00,4981-5041-2,37.85463626639339,123.0
2030-01-18 21:00:00,4991-5361-1,15.40491747417957,123.0
2030-01-18 21:00:00,5041-17010-2,-178.7027015303504,210.0
2030-01-18 22:00:00,1341-1701-1,43.0323157202032,210.0
2030-01-18 22:00:00,1341-5191-1,-17.578958167014378,159.0
2030-01-18 22:00:00,1571-5191-1,6.005375674327482,91.0
2030-01-18 22:00:00,1631-5041-1,57.73525420291013,210.0
2030-01-18 22:00:00,1701-28712-2,-62.73780899396178,210.0
2030-01-18 22:00:00,1701-5041-1,41.18567417419569,191.0
2030-01-18 22:00:00,1931-4371-1,-97.0691527426856,210.0
2030-01-18 22:00:00,2321-28710-1,2.1241733292233107,123.0
2030-01-18 22:00:00,2321-3581-1,32.19872085048502,123.0
2030-01-18 22:00:00,2870-17010-1,62.73780899396178,209.0
2030-01-18 22:00:00,28710-51911-1,-40.237059217871774,183.0
2030-01-18 22:00:00,3581-28019-1,-5.285694071785613,121.0
2030-01-18 22:00:00,3581-5361-1,-7.953705486200718,123.0
2030-01-18 22:00:00,3591-5191-1,-11.853978782152538,159.0
2030-01-18 22:00:00,4981-5041-1,35.6886822019123,123.0
2030-01-18 22:00:00,4981-5041-2,34.660997635888656,123.0
2030-01-18 22:00:00,4991-5361-1,15.218515027251328,123.0
2030-01-18 22:00:00,5041-17010-2,-184.1120694166046,210.0
2030-01-18 23:00:00,1341-1701-1,73.4924668415507,210.0
2030-01-18 23:00:00,1341-5191-1,-28.196962262096378,159.0
2030-01-18 23:00:00,1571-5191-1,10.841559405815275,91.0
2030-01-18 23:00:00,1631-5041-1,101.13535149915971,210.0
2030-01-18 23:00:00,1701-28712-2,-87.74081809033157,210.0
2030-01-18 23:00:00,1701-5041-1,46.97677672076112,191.0
2030-01-18 23:00:00,1931-4371-1,-117.47570399243452,210.0
2030-01-18 23:00:00,2321-28710-1,21.401471518453377,123.0
2030-01-18 23:00:00,2321-3581-1,11.945076211278092,123.0
2030-01-18 23:00:00,2870-17010-1,87.74081809033157,209.0
2030-01-18 23:00:00,28710-51911-1,-83.12883050290338,183.0
2030-01-18 23:00:00,3581-28019-1,12.277429009089175,121.0
2030-01-18 23:00:00,3581-5361-1,-37.24376865008742,123.0
2030-01-18 23:00:00,3591-5191-1,-9.120411854734982,159.0
2030-01-18 23:00:00,4981-5041-1,53.689285335669815,123.0
2030-01-18 23:00:00,4981-5041-2,52.14325879459033,123.0
2030-01-18 23:00:00,4991-5361-1,31.891802494523745,123.0
2030-01-18 23:00:00,5041-17010-2,-210.0000000000003,210.0
2030-01-19 00:00:00,1341-1701-1,70.62036512198975,210.0
2030-01-19 00:00:00,1341-5191-1,-13.9348688868605,159.0
2030-01-19 00:00:00,1571-5191-1,12.82753025969032,91.0
2030-01-19 00:00:00,1631-5041-1,133.7007492336482,210.0
2030-01-19 00:00:00,1701-28712-2,-79.04396631914234,210.0
2030-01-19 00:00:00,1701-5041-1,45.50413221314136,191.0
2030-01-19 00:00:00,1931-4371-1,-126.26205658357061,210.0
2030-01-19 00:00:00,2321-28710-1,-7.427937443426032,123.0
2030-01-19 00:00:00,2321-3581-1,7.4279374434260035,123.0
2030-01-19 00:00:00,2870-17010-1,79.04396631914234,209.0
2030-01-19 00:00:00,28710-51911-1,-100.9511582761636,183.0
2030-01-19 00:00:00,3581-28019-1,-6.688530296701998,121.0
2030-01-19 00:00:00,3581-5361-1,-49.56019886760545,123.0
2030-01-19 00:00:00,3591-5191-1,-25.75887397736622,159.0
2030-01-19 00:00:00,4981-5041-1,66.14143431916939,123.0
2030-01-19 00:00:00,4981-5041-2,64.23683804296296,123.0
2030-01-19 00:00:00,4991-5361-1,38.05242537165418,123.0
2030-01-19 00:00:00,5041-17010-2,-203.41684619107846,210.0
2030-01-19 01:00:00,1341-1701-1,59.561133438430225,210.0
2030-01-19 01:00:00,1341-5191-1,6.148327001517686,159.0
2030-01-19 01:00:00,1571-5191-1,13.45627724178388,91.0
2030-01-19 01:00:00,1631-5041-1,151.898584816505,210.0
2030-01-19 01:00:00,1701-28712-2,-66.45217519495796,210.0
2030-01-19 01:00:00,1701-5041-1,39.46939911022258,191.0
2030-01-19 01:00:00,1931-4371-1,-128.92612617225973,210.0
2030-01-19 01:00:00,2321-28710-1,-40.93479788843635,123.0
2030-01-19 01:00:00,2321-3581-1,40.93479788843638,123.0
2030-01-19 01:00:00,2870-17010-1,66.45217519495796,209.0
2030-01-19 01:00:00,28710-51911-1,-123.51787259896514,183.0
2030-01-19 01:00:00,3581-28019-1,-36.85998138130477,121.0
2030-01-19 01:00:00,3581-5361-1,5.716087172611154,123.0
2030-01-19 01:00:00,3591-5191-1,-46.51456624522156,159.0
2030-01-19 01:00:00,4981-5041-1,73.6566011335217,123.0
2030-01-19 01:00:00,4981-5041-2,71.53559953020041,123.0
2030-01-19 01:00:00,4991-5361-1,9.208116852429669,123.0
2030-01-19 01:00:00,5041-17010-2,-176.43981540955036,210.0
2030-01-19 02:00:00,1341-1701-1,24.743301809389166,210.0
2030-01-19 02:00:00,1341-5191-1,-38.37253542954343,159.0
2030-01-19 02:00:00,1571-5191-1,13.572983786618082,91.0
2030-01-19 02:00:00,1631-5041-1,150.0271333009101,210.0
2030-01-19 02:00:00,1701-28712-2,-85.25533481837523,210.0
2030-01-19 02:00:00,1701-5041-1,40.01551361722762,191.0
2030-01-19 02:00:00,1931-4371-1,-128.20930883340984,210.0
2030-01-19 02:00:00,2321-28710-1,-17.18909373576514,123.0
2030-01-19 02:00:00,2321-3581-1,17.189093735765084,123.0
2030-01-19 02:00:00,2870-17010-1,85.25533481837523,209.0
2030-01-19 02:00:00,28710-51911-1,-119.10864447794688,183.0
2030-01-19 02:00:00,3581-28019-1,-15.478021335016479,121.0
2030-01-19 02:00:00,3581-5361-1,-64.9646426310034,123.0
2030-01-19 02:00:00,3591-5191-1,-2.1066875087645656,159.0
2030-01-19 02:00:00,4981-5041-1,73.09047238556876,123.0
2030-01-19 02:00:00,4981-5041-2,70.98577291896862,123.0
2030-01-19 02:00:00,4991-5361-1,46.63525424517138,123.0
2030-01-19 02:00:00,5041-17010-2,-178.8811077773252,210.0
2030-01-19 03:00:00,1341-1701-1,62.012709533272044,210.0
2030-01-19 03:00:00,1341-5191-1,3.225399213370167,159.0
2030-01-19 03:00:00,1571-5191-1,13.645676920477968,91.0
2030-01-19 03:00:00,1631-5041-1,146.74288025535097,210.0
2030-01-19 03:00:00,1701-28712-2,-69.30338845289022,210.0
2030-01-19 03:00:00,1701-5041-1,41.020340037385964,191.0
2030-01-19 03:00:00,1931-4371-1,-128.33362050822294,210.0
2030-01-19 03:00:00,2321-28710-1,-36.29307251873816,123.0
2030-01-19 03:00:00,2321-3581-1,36.293072518738256,123.0
2030-01-19 03:00:00,2870-17010-1,69.30338845289022,209.0
2030-01-19 03:00:00,28710-51911-1,-121.68944412104702,183.0
2030-01-19 03:00:00,3581-28019-1,-32.68031226041393,121.0
2030-01-19 03:00:00,3581-5361-1,-4.343343729800395,123.0
2030-01-19 03:00:00,3591-5191-1,-43.780561638082176,159.0
2030-01-19 03:00:00,4981-5041-1,71.96809103208379,123.0
2030-01-19 03:00:00,4981-5041-2,69.8957114473903,123.0
2030-01-19 03:00:00,4991-5361-1,18.813155475687267,123.0
2030-01-19 03:00:00,5041-17010-2,-183.37297722778916,210.0
2030-01-19 04:00:00,1341-1701-1,26.938923703985992,210.0
2030-01-19 04:00:00,1341-5191-1,-40.42696995225833,159.0
2030-01-19 04:00:00,1571-5191-1,13.672148123515683,91.0
2030-01-19 04:00:00,1631-5041-1,141.88840697800975,210.0
2030-01-19 04:00:00,1701-28712-2,-89.03515441399375,210.0
2030-01-19 04:00:00,1701-5041-1,41.78331879404872,191.0
2030-01-19 04:00:00,1931-4371-1,-128.42689044751577,210.0
2030-01-19 04:00:00,2321-28710-1,-14.77818853877352,123.0
2030-01-19 04:00:00,2321-3581-1,14.778188538773577,123.0
2030-01-19 04:00:00,2870-17010-1,89.03515441399375,209.0
2030-01-19 04:00:00,28710-51911-1,-120.85432803537606,183.0
2030-01-19 04:00:00,3581-28019-1,-13.307107460825705,121.0
2030-01-19 04:00:00,3581-5361-1,-71.14030979910687,123.0
2030-01-19 04:00:00,3591-5191-1,-0.15517817125736144,159.0
2030-01-19 04:00:00,4981-5041-1,72.31344095432856,123.0
2030-01-19 04:00:00,4981-5041-2,70.23111673836623,123.0
2030-01-19 04:00:00,4991-5361-1,50.16527874486587,123.0
2030-01-19 04:00:00,5041-17010-2,-186.78371653524718,210.0
2030-01-19 05:00:00,1341-1701-1,35.057048396977436,210.0
2030-01-19 05:00:00,1341-5191-1,-48.8274693890138,159.0
2030-01-19 05:00:00,1571-5191-1,13.499105680869349,91.0
2030-01-19 05:00:00,1631-5041-1,139.27258577408836,210.0
2030-01-19 05:00:00,1701-28712-2,-86.79988265940095,210.0
2030-01-19 05:00:00,1701-5041-1,42.423050119829405,191.0
2030-01-19 05:00:00,1931-4371-1,-128.41041547303385,210.0
2030-01-19 05:00:00,2321-28710-1,8.016243987637097,123.0
2030-01-19 05:00:00,2321-3581-1,-8.01624398763704,123.0
2030-01-19 05:00:00,2870-17010-1,86.79988265940095,209.0
2030-01-19 05:00:00,28710-51911-1,-117.2334849718668,183.0
2030-01-19 05:00:00,3581-28019-1,7.218274411360142,121.0
2030-01-19 05:00:00,3581-5361-1,-60.203772662754176,123.0
2030-01-19 05:00:00,3591-5191-1,8.418700884415642,159.0
2030-01-19 05:00:00,4981-5041-1,71.86513773345285,123.0
2030-01-19 05:00:00,4981-5041-2,69.79572277254192,123.0
2030-01-19 05:00:00,4991-5361-1,43.9342636799845,123.0
2030-01-19 05:00:00,5041-17010-2,-189.64350360008794,210.0
2030-01-19 06:00:00,1341-1701-1,46.36072405498133,210.0
2030-01-19 06:00:00,1341-5191-1,-42.70239736512056,159.0
2030-01-19 06:00:00,1571-5191-1,13.045037054797291,91.0
2030-01-19 06:00:00,1631-5041-1,121.2282881694265,210.0
2030-01-19 06:00:00,1701-28712-2,-94.8011047623006,210.0
2030-01-19 06:00:00,1701-5041-1,46.97677672076114,191.0
2030-01-19 06:00:00,1931-4371-1,-126.53579168683324,210.0
2030-01-19 06:00:00,2321-28710-1,3.398887742221376,123.0
2030-01-19 06:00:00,2321-3581-1,-3.398887742221291,123.0
2030-01-19 06:00:00,2870-17010-1,94.8011047623006,209.0
2030-01-19 06:00:00,28710-51911-1,-107.36354611579782,183.0
2030-01-19 06:00:00,3581-28019-1,3.0605486128664836,121.0
2030-01-19 06:00:00,3581-5361-1,-48.94144069767799,123.0
2030-01-19 06:00:00,3591-5191-1,2.754324788791223,159.0
2030-01-19 06:00:00,4981-5041-1,66.37166385731396,123.0
2030-01-19 06:00:00,4981-5041-2,64.46043793472117,123.0
2030-01-19 06:00:00,4991-5361-1,37.867357310908346,123.0
2030-01-19 06:00:00,5041-17010-2,-210.00000000000037,210.0
2030-01-19 07:00:00,1341-1701-1,74.06903734900924,210.0
2030-01-19 07:00:00,1341-5191-1,-14.227406388340995,159.0
2030-01-19 07:00:00,1571-5191-1,12.4037212680729,91.0
2030-01-19 07:00:00,1631-5041-1,95.02119091696902,210.0
2030-01-19 07:00:00,1701-28712-2,-81.98613421434075,210.0
2030-01-19 07:00:00,1701-5041-1,46.97677672076112,191.0
2030-01-19 07:00:00,1931-4371-1,-123.28940863116634,210.0
2030-01-19 07:00:00,2321-28710-1,-5.547819398423513,123.0
2030-01-19 07:00:00,2321-3581-1,5.547819398423599,123.0
2030-01-19 07:00:00,2870-17010-1,81.98613421434075,209.0
2030-01-19 07:00:00,28710-51911-1,-102.30608183777031,183.0
2030-01-19 07:00:00,3581-28019-1,-4.995566859522697,121.0
2030-01-19 07:00:00,3581-5361-1,-30.93811080631579,123.0
2030-01-19 07:00:00,3591-5191-1,-25.075485017568013,159.0
2030-01-19 07:00:00,4981-5041-1,59.939643896501664,123.0
2030-01-19 07:00:00,4981-5041-2,58.21363320838252,123.0
2030-01-19 07:00:00,4991-5361-1,28.116665438950122,123.0
2030-01-19 07:00:00,5041-17010-2,-210.0000000000003,210.0
2030-01-19 08:00:00,1341-1701-1,77.59052322410244,210.0
2030-01-19 08:00:00,1341-5191-1,-23.91078482549341,159.0
2030-01-19 08:00:00,1571-5191-1,11.79873410428462,91.0
2030-01-19 08:00:00,1631-5041-1,80.64476330162128,210.0
2030-01-19 08:00:00,1701-28712-2,-82.12346953809292,210.0
2030-01-19 08:00:00,1701-5041-1,46.976776720761116,191.0
2030-01-19 08:00:00,1931-4371-1,-111.52838686602388,210.0
2030-01-19 08:00:00,2321-28710-1,20.66416916216636,123.0
2030-01-19 08:00:00,2321-3581-1,9.312565379013108,123.0
2030-01-19 08:00:00,2870-17010-1,82.12346953809292,209.0
2030-01-19 08:00:00,28710-51911-1,-76.94984807820765,183.0
2030-01-19 08:00:00,3581-28019-1,12.320259668542263,121.0
2030-01-19 08:00:00,3581-5361-1,-37.326510704578936,123.0
2030-01-19 08:00:00,3591-5191-1,-14.688884612049833,159.0
2030-01-19 08:00:00,4981-5041-1,49.9457383539147,123.0
2030-01-19 08:00:00,4981-5041-2,48.507510286131826,123.0
2030-01-19 08:00:00,4991-5361-1,32.48137750828141,123.0
2030-01-19 08:00:00,5041-17010-2,-210.00000000000028,210.0
2030-01-19 09:00:00,1341-1701-1,75.99844835037052,210.0
2030-01-19 09:00:00,1341-5191-1,-29.327819129530155,159.0
2030-01-19 09:00:00,1571-5191-1,11.531303785775123,91.0
2030-01-19 09:00:00,1631-5041-1,68.92583048419708,210.0
2030-01-19 09:00:00,1701-28712-2,-85.29186149393155,210.0
2030-01-19 09:00:00,1701-5041-1,46.97677672076113,191.0
2030-01-19 09:00:00,1931-4371-1,-95.69878301343611,210.0
2030-01-19 09:00:00,2321-28710-1,29.45894031775478,123.0
2030-01-19 09:00:00,2321-3581-1,16.36576781111694,123.0
2030-01-19 09:00:00,2870-17010-1,85.29186149393155,209.0
2030-01-19 09:00:00,28710-51911-1,-72.81485365082813,183.0
2030-01-19 09:00:00,3581-28019-1,16.915824341163216,121.0
2030-01-19 09:00:00,3581-5361-1,-40.684721175050925,123.0
2030-01-19 09:00:00,3591-5191-1,-8.87549723541639,159.0
2030-01-19 09:00:00,4981-5041-1,39.08504758176769,123.0
2030-01-19 09:00:00,4981-5041-2,37.959561918418366,123.0
2030-01-19 09:00:00,4991-5361-1,34.626708433131625,123.0
2030-01-19 09:00:00,5041-17010-2,-210.00000000000034,210.0
2030-01-19 10:00:00,1341-1701-1,60.05519338667172,210.0
2030-01-19 10:00:00,1341-5191-1,-26.16407825593072,159.0
2030-01-19 10:00:00,1571-5191-1,10.127131691341674,91.0
2030-01-19 10:00:00,1631-5041-1,47.00417351302814,210.0
2030-01-19 10:00:00,1701-28712-2,-67.26793493551585,210.0
2030-01-19 10:00:00,1701-5041-1,46.97677672076111,191.0
2030-01-19 10:00:00,1931-4371-1,-85.5048193308787,210.0
2030-01-19 10:00:00,2321-28710-1,26.16692002585924,123.0
2030-01-19 10:00:00,2321-3581-1,22.903745514341495,123.0
2030-01-19 10:00:00,2870-17010-1,67.26793493551585,209.0
2030-01-19 10:00:00,28710-51911-1,-48.90438244684992,183.0
2030-01-19 10:00:00,3581-28019-1,13.270742052847865,121.0
2030-01-19 10:00:00,3581-5361-1,-31.754112302123133,123.0
2030-01-19 10:00:00,3591-5191-1,-9.324578718858191,159.0
2030-01-19 10:00:00,4981-5041-1,30.543653163388118,123.0
2030-01-19 10:00:00,4981-5041-2,29.66412388381412,123.0
2030-01-19 10:00:00,4991-5361-1,29.39360660607349,123.0
2030-01-19 10:00:00,5041-17010-2,-210.00000000000026,210.0
2030-01-19 11:00:00,1341-1701-1,60.25003492814177,210.0
2030-01-19 11:00:00,1341-5191-1,-26.37059946970203,159.0
2030-01-19 11:00:00,1571-5191-1,10.660545566606345,91.0
2030-01-19 11:00:00,1631-5041-1,38.09934327713413,210.0
2030-01-19 11:00:00,1701-28712-2,-67.14685657798228,210.0
2030-01-19 11:00:00,1701-5041-1,46.97677672076112,191.0
2030-01-19 11:00:00,1931-4371-1,-76.19345731834746,210.0
2030-01-19 11:00:00,2321-28710-1,28.04557181276641,123.0
2030-01-19 11:00:00,2321-3581-1,26.504834876812197,123.0
2030-01-19 11:00:00,2870-17010-1,67.14685657798228,209.0
2030-01-19 11:00:00,28710-51911-1,-44.23683570723529,183.0
2030-01-19 11:00:00,3581-28019-1,13.813138565200987,121.0
2030-01-19 11:00:00,3581-5361-1,-28.57056712610887,123.0
2030-01-19 11:00:00,3591-5191-1,-9.11687702041678,159.0
2030-01-19 11:00:00,4981-5041-1,23.616320194210104,123.0
2030-01-19 11:00:00,4981-5041-2,22.93626908914123,123.0
2030-01-19 11:00:00,4991-5361-1,27.43937892154122,123.0
2030-01-19 11:00:00,5041-17010-2,-210.0000000000003,210.0
2030-01-19 12:00:00,1341-1701-1,69.65641986742568,210.0
2030-01-19 12:00:00,1341-5191-1,-34.86817956102607,159.0
2030-01-19 12:00:00,1571-5191-1,10.980288702066957,91.0
2030-01-19 12:00:00,1631-5041-1,45.507603554178765,210.0
2030-01-19 12:00:00,1701-28712-2,-78.88081717582523,210.0
2030-01-19 12:00:00,1701-5041-1,46.976776720761144,191.0
2030-01-19 12:00:00,1931-4371-1,-74.26642102747057,210.0
2030-01-19 12:00:00,2321-28710-1,41.68336338424362,123.0
2030-01-19 12:00:00,2321-3581-1,18.23561870238825,123.0
2030-01-19 12:00:00,2870-17010-1,78.88081717582523,209.0
2030-01-19 12:00:00,28710-51911-1,-53.41178414455976,183.0
2030-01-19 12:00:00,3581-28019-1,24.96743659150323,121.0
2030-01-19 12:00:00,3581-5361-1,-53.70113760979163,123.0
2030-01-19 12:00:00,3591-5191-1,-1.9003596330229868,159.0
2030-01-19 12:00:00,4981-5041-1,22.888724878310693,123.0
2030-01-19 12:00:00,4981-5041-2,22.229625470820075,123.0
2030-01-19 12:00:00,4991-5361-1,42.07647804334465,123.0
2030-01-19 12:00:00,5041-17010-2,-210.00000000000043,210.0
2030-01-19 13:00:00,1341-1701-1,52.69888107073476,210.0
2030-01-19 13:00:00,1341-5191-1,-32.11997898210441,159.0
2030-01-19 13:00:00,1571-5191-1,10.42430158328878,91.0
2030-01-19 13:00:00,1631-5041-1,37.744053589838515,210.0
2030-01-19 13:00:00,1701-28712-2,-69.6705071023714,210.0
2030-01-19 13:00:00,1701-5041-1,46.97677672076113,191.0
2030-01-19 13:00:00,1931-4371-1,-68.5877062109623,210.0
2030-01-19 13:00:00,2321-28710-1,25.632343561424648,123.0
2030-01-19 13:00:00,2321-3581-1,17.310083478866773,123.0
2030-01-19 13:00:00,2870-17010-1,69.6705071023714,209.0
2030-01-19 13:00:00,28710-51911-1,-37.85179432032123,183.0
2030-01-19 13:00:00,3581-28019-1,14.074633174139649,121.0
2030-01-19 13:00:00,3581-5361-1,-46.99725948930896,123.0
2030-01-19 13:00:00,3591-5191-1,-3.2005656541401493,159.0
2030-01-19 13:00:00,4981-5041-1,19.41410356144831,123.0
2030-01-19 13:00:00,4981-5041-2,18.855058694495614,123.0
2030-01-19 13:00:00,4991-5361-1,38.0594278765293,123.0
2030-01-19 13:00:00,5041-17010-2,-210.00000000000034,210.0
2030-01-19 14:00:00,1341-1701-1,37.72401023221472,210.0
2030-01-19 14:00:00,1341-5191-1,-24.544700901948346,159.0
2030-01-19 14:00:00,1571-5191-1,9.3007403322962,91.0
2030-01-19 14:00:00,1631-5041-1,36.698696147892605,210.0
2030-01-19 14:00:00,1701-28712-2,-55.77876632371756,210.0
2030-01-19 14:00:00,1701-5041-1,38.460904964363756,191.0
2030-01-19 14:00:00,1931-4371-1,-70.41035071679262,210.0
2030-01-19 14:00:00,2321-28710-1,9.51322531946883,123.0
2030-01-19 14:00:00,2321-3581-1,21.242926925346183,123.0
2030-01-19 14:00:00,2870-17010-1,55.77876632371756,209.0
2030-01-19 14:00:00,28710-51911-1,-23.40719996971552,183.0
2030-01-19 14:00:00,3581-28019-1,2.115861689970828,121.0
2030-01-19 14:00:00,3581-5361-1,-37.2320888147095,123.0
2030-01-19 14:00:00,3591-5191-1,-8.129755108536997,159.0
2030-01-19 14:00:00,4981-5041-1,20.411174299356336,123.0
2030-01-19 14:00:00,4981-5041-2,19.823417971364403,123.0
2030-01-19 14:00:00,4991-5361-1,32.24854081840522,123.0
2030-01-19 14:00:00,5041-17010-2,-171.93155014713705,210.0
2030-01-19 15:00:00,1341-1701-1,41.25538642844951,210.0
2030-01-19 15:00:00,1341-5191-1,-29.132282566766804,159.0
2030-01-19 15:00:00,1571-5191-1,9.401928703037981,91.0
2030-01-19 15:00:00,1631-5041-1,38.171055639767445,210.0
2030-01-19 15:00:00,1701-28712-2,-63.29424133602406,210.0
2030-01-19 15:00:00,1701-5041-1,41.31689503670205,191.0
2030-01-19 15:00:00,1931-4371-1,-71.36822173401112,210.0
2030-01-19 15:00:00,2321-28710-1,14.84887847602812,123.0
2030-01-19 15:00:00,2321-3581-1,18.10882334775937,123.0
2030-01-19 15:00:00,2870-17010-1,63.29424133602406,209.0
2030-01-19 15:00:00,28710-51911-1,-26.54498869801364,183.0
2030-01-19 15:00:00,3581-28019-1,6.45865903550758,121.0
2030-01-19 15:00:00,3581-5361-1,-48.82590161385521,123.0
2030-01-19 15:00:00,3591-5191-1,-3.729012123701011,159.0
2030-01-19 15:00:00,4981-5041-1,20.803526644553198,123.0
2030-01-19 15:00:00,4981-5041-2,20.204472212380207,123.0
2030-01-19 15:00:00,4991-5361-1,39.13096404826865,123.0
2030-01-19 15:00:00,5041-17010-2,-184.6986652422428,210.0
2030-01-19 16:00:00,1341-1701-1,51.687920863476265,210.0
2030-01-19 16:00:00,1341-5191-1,-57.46318474608745,159.0
2030-01-19 16:00:00,1571-5191-1,11.600028423364193,91.0
2030-01-19 16:00:00,1631-5041-1,81.16593947560989,210.0
2030-01-19 16:00:00,1701-28712-2,-96.89946716585992,210.0
2030-01-19 16:00:00,1701-5041-1,46.97677672076115,191.0
2030-01-19 16:00:00,1931-4371-1,-96.27659844468073,210.0
2030-01-19 16:00:00,2321-28710-1,47.730244981827155,123.0
2030-01-19 16:00:00,2321-3581-1,21.368067156027905,123.0
2030-01-19 16:00:00,2870-17010-1,96.89946716585992,209.0
2030-01-19 16:00:00,28710-51911-1,-68.92961856350121,183.0
2030-01-19 16:00:00,3581-28019-1,28.487238718402125,121.0
2030-01-19 16:00:00,3581-5361-1,-76.41526140881669,123.0
2030-01-19 16:00:00,3591-5191-1,18.984776316669667,159.0
2030-01-19 16:00:00,4981-5041-1,38.296129886571904,123.0
2030-01-19 16:00:00,4981-5041-2,37.19336174847691,123.0
2030-01-19 16:00:00,4991-5361-1,55.741372853705116,123.0
2030-01-19 16:00:00,5041-17010-2,-210.00000000000045,210.0
2030-01-19 17:00:00,1341-1701-1,74.59948438754279,210.0
2030-01-19 17:00:00,1341-5191-1,-19.309271969963874,159.0
2030-01-19 17:00:00,1571-5191-1,11.197215936152162,91.0
2030-01-19 17:00:00,1631-5041-1,110.7419075073878,210.0
2030-01-19 17:00:00,1701-28712-2,-82.41820694925505,210.0
2030-01-19 17:00:00,1701-5041-1,46.97677672076113,191.0
2030-01-19 17:00:00,1931-4371-1,-103.13201363257775,210.0
2030-01-19 17:00:00,2321-28710-1,3.8085542123324956,123.0
2030-01-19 17:00:00,2321-3581-1,-3.8085542123322966,123.0
2030-01-19 17:00:00,2870-17010-1,82.41820694925505,209.0
2030-01-19 17:00:00,28710-51911-1,-92.3887163046038,183.0
2030-01-19 17:00:00,3581-28019-1,3.4294352139923774,121.0
2030-01-19 17:00:00,3581-5361-1,-77.21641194764712,123.0
2030-01-19 17:00:00,3591-5191-1,-18.796775699063716,159.0
2030-01-19 17:00:00,4981-5041-1,45.17208796965774,123.0
2030-01-19 17:00:00,4981-5041-2,43.8713210385943,123.0
2030-01-19 17:00:00,4991-5361-1,56.74334983067388,123.0
2030-01-19 17:00:00,5041-17010-2,-210.00000000000034,210.0
2030-01-19 18:00:00,1341-1701-1,50.803808464457305,210.0
2030-01-19 18:00:00,1341-5191-1,-55.404761550318966,159.0
2030-01-19 18:00:00,1571-5191-1,11.186533267017069,91.0
2030-01-19 18:00:00,1631-5041-1,79.92699283945313,210.0
2030-01-19 18:00:00,1701-28712-2,-95.75684862089828,210.0
2030-01-19 18:00:00,1701-5041-1,46.97677672076115,191.0
2030-01-19 18:00:00,1931-4371-1,-94.77891027867307,210.0
2030-01-19 18:00:00,2321-28710-1,45.51590968051866,123.0
2030-01-19 18:00:00,2321-3581-1,26.311823906404356,123.0
2030-01-19 18:00:00,2870-17010-1,95.75684862089828,209.0
2030-01-19 18:00:00,28710-51911-1,-70.39251788777528,183.0
2030-01-19 18:00:00,3581-28019-1,25.920895517799295,121.0
2030-01-19 18:00:00,3581-5361-1,-70.64803901651797,123.0
2030-01-19 18:00:00,3591-5191-1,17.350169793027106,159.0
2030-01-19 18:00:00,4981-5041-1,36.57986191910154,123.0
2030-01-19 18:00:00,4981-5041-2,35.52651510991276,123.0
2030-01-19 18:00:00,4991-5361-1,52.89445611292399,123.0
2030-01-19 18:00:00,5041-17010-2,-210.00000000000045,210.0
2030-01-19 19:00:00,1341-1701-1,63.84738599068103,210.0
2030-01-19 19:00:00,1341-5191-1,-45.16037787838607,159.0
2030-01-19 19:00:00,1571-5191-1,11.444551497171915,91.0
2030-01-19 19:00:00,1631-5041-1,70.59261668075021,210.0
2030-01-19 19:00:00,1701-28712-2,-90.76147534169033,210.0
2030-01-19 19:00:00,1701-5041-1,46.976776720761144,191.0
2030-01-19 19:00:00,1931-4371-1,-91.82725931432282,210.0
2030-01-19 19:00:00,2321-28710-1,43.763789176017525,123.0
2030-01-19 19:00:00,2321-3581-1,22.31322046510479,123.0
2030-01-19 19:00:00,2870-17010-1,90.76147534169033,209.0
2030-01-19 19:00:00,28710-51911-1,-65.78065824615578,183.0
2030-01-19 19:00:00,3581-28019-1,25.549267106862473,121.0
2030-01-19 19:00:00,3581-5361-1,-63.64961630816404,123.0
2030-01-19 19:00:00,3591-5191-1,6.936778307463584,159.0
2030-01-19 19:00:00,4981-5041-1,35.453495255356415,123.0
2030-01-19 19:00:00,4981-5041-2,34.432583088317365,123.0
2030-01-19 19:00:00,4991-5361-1,48.43854864724517,123.0
2030-01-19 19:00:00,5041-17010-2,-210.00000000000043,210.0
2030-01-19 20:00:00,1341-1701-1,56.18183670132227,210.0
2030-01-19 20:00:00,1341-5191-1,-48.159059808493055,159.0
2030-01-19 20:00:00,1571-5191-1,11.728835876734365,91.0
2030-01-19 20:00:00,1631-5041-1,92.59863984888018,210.0
2030-01-19 20:00:00,1701-28712-2,-92.73435821158331,210.0
2030-01-19 20:00:00,1701-5041-1,46.97677672076114,191.0
2030-01-19 20:00:00,1931-4371-1,-91.6186972332219,210.0
2030-01-19 20:00:00,2321-28710-1,39.65626875845888,123.0
2030-01-19 20:00:00,2321-3581-1,26.667354874080957,123.0
2030-01-19 20:00:00,2870-17010-1,92.73435821158331,209.0
2030-01-19 20:00:00,28710-51911-1,-72.70029566186804,183.0
2030-01-19 20:00:00,3581-28019-1,21.79890452598238,121.0
2030-01-19 20:00:00,3581-5361-1,-57.874816631363416,123.0
2030-01-19 20:00:00,3591-5191-1,9.679808032433414,159.0
2030-01-19 20:00:00,4981-5041-1,38.355412259172056,123.0
2030-01-19 20:00:00,4981-5041-2,37.25093703704931,123.0
2030-01-19 20:00:00,4991-5361-1,44.610898110047174,123.0
2030-01-19 20:00:00,5041-17010-2,-210.00000000000037,210.0
2030-01-19 21:00:00,1341-1701-1,62.02024323488301,210.0
2030-01-19 21:00:00,1341-5191-1,-42.09692576241744,159.0
2030-01-19 21:00:00,1571-5191-1,12.074884126203727,91.0
2030-01-19 21:00:00,1631-5041-1,107.17555916303891,210.0
2030-01-19 21:00:00,1701-28712-2,-88.98315829586981,210.0
2030-01-19 21:00:00,1701-5041-1,46.97677672076114,191.0
2030-01-19 21:00:00,1931-4371-1,-90.089629707706,210.0
2030-01-19 21:00:00,2321-28710-1,37.63849108411881,123.0
2030-01-19 21:00:00,2321-3581-1,26.75484170826587,123.0
2030-01-19 21:00:00,2870-17010-1,88.98315829586981,209.0
2030-01-19 21:00:00,28710-51911-1,-70.3128586556993,183.0
2030-01-19 21:00:00,3581-28019-1,20.386817692995905,121.0
2030-01-19 21:00:00,3581-5361-1,-51.43278848023411,123.0
2030-01-19 21:00:00,3591-5191-1,3.359330633703138,159.0
2030-01-19 21:00:00,4981-5041-1,40.46593262209667,123.0
2030-01-19 21:00:00,4981-5041-2,39.300683253397565,123.0
2030-01-19 21:00:00,4991-5361-1,40.392269242283646,123.0
2030-01-19 21:00:00,5041-17010-2,-210.00000000000037,210.0
2030-01-19 22:00:00,1341-1701-1,67.5475733761116,210.0
2030-01-19 22:00:00,1341-5191-1,-2.905947979258883,159.0
2030-01-19 22:00:00,1571-5191-1,12.582919738557479,91.0
2030-01-19 22:00:00,1631-5041-1,149.58242645184612,210.0
2030-01-19 22:00:00,1701-28712-2,-73.06269092579362,210.0
2030-01-19 22:00:00,1701-5041-1,43.05531125697793,191.0
2030-01-19 22:00:00,1931-4371-1,-117.36721638815543,210.0
2030-01-19 22:00:00,2321-28710-1,-23.169285365387083,123.0
2030-01-19 22:00:00,2321-3581-1,23.16928536538711,123.0
2030-01-19 22:00:00,2870-17010-1,73.06269092579362,209.0
2030-01-19 22:00:00,28710-51911-1,-111.47583148844228,183.0
2030-01-19 22:00:00,3581-28019-1,-20.86292033281434,121.0
2030-01-19 22:00:00,3581-5361-1,-43.95805380344622,123.0
2030-01-19 22:00:00,3591-5191-1,-36.586871621971326,159.0
2030-01-19 22:00:00,4981-5041-1,64.88032356692743,123.0
2030-01-19 22:00:00,4981-5041-2,63.01204199824628,123.0
2030-01-19 22:00:00,4991-5361-1,51.00531537403231,123.0
2030-01-19 22:00:00,5041-17010-2,-192.46989672600264,210.0
2030-01-19 23:00:00,1341-1701-1,61.3088008524862,210.0
2030-01-19 23:00:00,1341-5191-1,4.161189072891688,159.0
2030-01-19 23:00:00,1571-5191-1,12.947944298638276,91.0
2030-01-19 23:00:00,1631-5041-1,152.25368862743545,210.0
2030-01-19 23:00:00,1701-28712-2,-69.42633107876253,210.0
2030-01-19 23:00:00,1701-5041-1,40.7138493029978,191.0
2030-01-19 23:00:00,1931-4371-1,-123.84428147333333,210.0
2030-01-19 23:00:00,2321-28710-1,-37.85968975525212,123.0
2030-01-19 23:00:00,2321-3581-1,37.859689755252134,123.0
2030-01-19 23:00:00,2870-17010-1,69.42633107876253,209.0
2030-01-19 23:00:00,28710-51911-1,-123.57896014206358,183.0
2030-01-19 23:00:00,3581-28019-1,-34.09098203645422,121.0
2030-01-19 23:00:00,3581-5361-1,-6.136835534299408,123.0
2030-01-19 23:00:00,3591-5191-1,-43.99634347208526,159.0
2030-01-19 23:00:00,4981-5041-1,70.02297850166839,123.0
2030-01-19 23:00:00,4981-5041-2,68.00661001078267,123.0
2030-01-19 23:00:00,4991-5361-1,22.121288210699618,123.0
2030-01-19 23:00:00,5041-17010-2,-182.0028735571159,210.0
2030-01-20 00:00:00,1341-1701-1,22.330283255307407,210.0
2030-01-20 00:00:00,1341-5191-1,-36.96948023443717,159.0
2030-01-20 00:00:00,1571-5191-1,13.082647041229833,91.0
2030-01-20 00:00:00,1631-5041-1,152.32312458267376,210.0
2030-01-20 00:00:00,1701-28712-2,-85.92679514259085,210.0
2030-01-20 00:00:00,1701-5041-1,39.663921499252105,191.0
2030-01-20 00:00:00,1931-4371-1,-128.60553897041456,210.0
2030-01-20 00:00:00,2321-28710-1,-21.677695398545893,123.0
2030-01-20 00:00:00,2321-3581-1,21.677695398546007,123.0
2030-01-20 00:00:00,2870-17010-1,85.92679514259085,209.0
2030-01-20 00:00:00,28710-51911-1,-124.89666212942325,183.0
2030-01-20 00:00:00,3581-28019-1,-19.51980930644143,121.0
2030-01-20 00:00:00,3581-5361-1,-76.04194247874321,123.0
2030-01-20 00:00:00,3591-5191-1,-2.964948880842229,159.0
2030-01-20 00:00:00,4981-5041-1,72.9014107683908,123.0
2030-01-20 00:00:00,4981-5041-2,70.80215548448427,123.0
2030-01-20 00:00:00,4991-5361-1,53.76114916011102,123.0
2030-01-20 00:00:00,5041-17010-2,-177.30938766519952,210.0
2030-01-20 01:00:00,1341-1701-1,59.764318934183386,210.0
2030-01-20 01:00:00,1341-5191-1,6.40271397314811,159.0
2030-01-20 01:00:00,1571-5191-1,13.307997355599781,91.0
2030-01-20 01:00:00,1631-5041-1,152.2559688374394,210.0
2030-01-20 01:00:00,1701-28712-2,-66.6218211351209,210.0
2030-01-20 01:00:00,1701-5041-1,39.52216224521611,191.0
2030-01-20 01:00:00,1931-4371-1,-128.19560702363015,210.0
2030-01-20 01:00:00,2321-28710-1,-41.12886584698646,123.0
2030-01-20 01:00:00,2321-3581-1,41.128865846986514,123.0
2030-01-20 01:00:00,2870-17010-1,66.6218211351209,209.0
2030-01-20 01:00:00,28710-51911-1,-123.9329866859332,183.0
2030-01-20 01:00:00,3581-28019-1,-37.03473102483203,121.0
2030-01-20 01:00:00,3581-5361-1,5.155079766160071,123.0
2030-01-20 01:00:00,3591-5191-1,-46.61378367353471,159.0
2030-01-20 01:00:00,4981-5041-1,73.3288756335518,123.0
2030-01-20 01:00:00,4981-5041-2,71.21731115195739,123.0
2030-01-20 01:00:00,4991-5361-1,10.081690354661646,123.0
2030-01-20 01:00:00,5041-17010-2,-176.67568213183537,210.0
2030-01-20 02:00:00,1341-1701-1,79.84873913232626,210.0
2030-01-20 02:00:00,1341-5191-1,-13.41162212478298,159.0
2030-01-20 02:00:00,1571-5191-1,13.440548507417958,91.0
2030-01-20 02:00:00,1631-5041-1,151.79949620888448,210.0
2030-01-20 02:00:00,1701-28712-2,-59.12705813888449,210.0
2030-01-20 02:00:00,1701-5041-1,40.501695704573336,191.0
2030-01-20 02:00:00,1931-4371-1,-122.70703465513802,210.0
2030-01-20 02:00:00,2321-28710-1,14.662608734420928,123.0
2030-01-20 02:00:00,2321-3581-1,-14.662608734420758,123.0
2030-01-20 02:00:00,2870-17010-1,59.12705813888449,209.0
2030-01-20 02:00:00,28710-51911-1,-90.38847460239913,183.0
2030-01-20 02:00:00,3581-28019-1,13.203032940948887,121.0
2030-01-20 02:00:00,3581-5361-1,-45.97432296337429,123.0
2030-01-20 02:00:00,3591-5191-1,-26.938919364958622,159.0
2030-01-20 02:00:00,4981-5041-1,70.84214019504454,123.0
2030-01-20 02:00:00,4981-5041-2,68.80218327843332,123.0
2030-01-20 02:00:00,4991-5361-1,35.6852732255154,123.0
2030-01-20 02:00:00,5041-17010-2,-181.05448461306455,210.0
2030-01-20 03:00:00,1341-1701-1,81.6716425818355,210.0
2030-01-20 03:00:00,1341-5191-1,-15.779627533387043,159.0
2030-01-20 03:00:00,1571-5191-1,13.485584814092306,91.0
2030-01-20 03:00:00,1631-5041-1,132.73820299845448,210.0
2030-01-20 03:00:00,1701-28712-2,-75.96563240723833,210.0
2030-01-20 03:00:00,1701-5041-1,46.976776720761144,191.0
2030-01-20 03:00:00,1931-4371-1,-108.02449542658212,210.0
2030-01-20 03:00:00,2321-28710-1,7.547664175047032,123.0
2030-01-20 03:00:00,2321-3581-1,-7.547664175046975,123.0
2030-01-20 03:00:00,2870-17010-1,75.96563240723833,209.0
2030-01-20 03:00:00,28710-51911-1,-89.10206140055107,183.0
2030-01-20 03:00:00,3581-28019-1,6.796338941816657,121.0
2030-01-20 03:00:00,3581-5361-1,-45.59593532139968,123.0
2030-01-20 03:00:00,3591-5191-1,-24.60500630417539,159.0
2030-01-20 03:00:00,4981-5041-1,59.59891346195771,123.0
2030-01-20 03:00:00,4981-5041-2,57.88271438321025,123.0
2030-01-20 03:00:00,4991-5361-1,35.37213962201781,123.0
2030-01-20 03:00:00,5041-17010-2,-210.00000000000043,210.0
2030-01-20 04:00:00,1341-1701-1,76.75480074917571,210.0
2030-01-20 04:00:00,1341-5191-1,-13.40388998079581,159.0
2030-01-20 04:00:00,1571-5191-1,12.717121098126881,91.0
2030-01-20 04:00:00,1631-5041-1,110.7550917403376,210.0
2030-01-20 04:00:00,1701-28712-2,-67.53828411919164,210.0
2030-01-20 04:00:00,1701-5041-1,46.97677672076111,191.0
2030-01-20 04:00:00,1931-4371-1,-98.23486796403272,210.0
2030-01-20 04:00:00,2321-28710-1,18.256120392322032,123.0
2030-01-20 04:00:00,2321-3581-1,33.158056111803376,123.0
2030-01-20 04:00:00,2870-17010-1,67.53828411919164,209.0
2030-01-20 04:00:00,28710-51911-1,-65.16783473423311,183.0
2030-01-20 04:00:00,3581-28019-1,5.655919414713523,121.0
2030-01-20 04:00:00,3581-5361-1,-19.01807448744418,123.0
2030-01-20 04:00:00,3591-5191-1,-26.074952454205174,159.0
2030-01-20 04:00:00,4981-5041-1,50.992164422384015,123.0
2030-01-20 04:00:00,4981-5041-2,49.523803666765644,123.0
2030-01-20 04:00:00,4991-5361-1,19.79821246111669,123.0
2030-01-20 04:00:00,5041-17010-2,-210.00000000000026,210.0
2030-01-20 05:00:00,1341-1701-1,58.676611550228344,210.0
2030-01-20 05:00:00,1341-5191-1,-2.617044513048995,159.0
2030-01-20 05:00:00,1571-5191-1,9.832498190878297,91.0
2030-01-20 05:00:00,1631-5041-1,67.86867785907131,210.0
2030-01-20 05:00:00,1701-28712-2,-53.2802388302501,210.0
2030-01-20 05:00:00,1701-5041-1,43.292528830144605,191.0
2030-01-20 05:00:00,1931-4371-1,-78.41036552365495,210.0
2030-01-20 05:00:00,2321-28710-1,-5.259390903463469,123.0
2030-01-20 05:00:00,2321-3581-1,35.13516062117225,123.0
2030-01-20 05:00:00,2870-17010-1,53.2802388302501,209.0
2030-01-20 05:00:00,28710-51911-1,-36.827739920441445,183.0
2030-01-20 05:00:00,3581-28019-1,-11.001588649461866,121.0
2030-01-20 05:00:00,3581-5361-1,-11.134134110494116,123.0
2030-01-20 05:00:00,3591-5191-1,-31.511588764412807,159.0
2030-01-20 05:00:00,4981-5041-1,33.30860158656736,123.0
2030-01-20 05:00:00,4981-5041-2,32.34945337334161,123.0
2030-01-20 05:00:00,4991-5361-1,15.361247635946825,123.0
2030-01-20 05:00:00,5041-17010-2,-193.53032900429872,210.0
2030-01-20 06:00:00,1341-1701-1,55.03232336837193,210.0
2030-01-20 06:00:00,1341-5191-1,3.2286524863857267,159.0
2030-01-20 06:00:00,1571-5191-1,6.690192224847067,91.0
2030-01-20 06:00:00,1631-5041-1,85.67195539452729,210.0
2030-01-20 06:00:00,1701-28712-2,-46.92686119821897,210.0
2030-01-20 06:00:00,1701-5041-1,39.720687911875295,191.0
2030-01-20 06:00:00,1931-4371-1,-82.58285314573979,210.0
2030-01-20 06:00:00,2321-28710-1,-11.293358062748595,123.0
2030-01-20 06:00:00,2321-3581-1,40.29460834418995,123.0
2030-01-20 06:00:00,2870-17010-1,46.92686119821897,209.0
2030-01-20 06:00:00,28710-51911-1,-35.99360892957907,183.0
2030-01-20 06:00:00,3581-28019-1,-16.251500290300086,121.0
2030-01-20 06:00:00,3581-5361-1,-3.3197469218295197,123.0
2030-01-20 06:00:00,3591-5191-1,-35.06902389964621,159.0
2030-01-20 06:00:00,4981-5041-1,35.82216161086543,123.0
2030-01-20 06:00:00,4981-5041-2,34.790633396939995,123.0
2030-01-20 06:00:00,4991-5361-1,11.330672753203999,123.0
2030-01-20 06:00:00,5041-17010-2,-177.5631502151874,210.0
2030-01-20 07:00:00,1341-1701-1,43.8242368463934,210.0
2030-01-20 07:00:00,1341-5191-1,7.726944927281238,159.0
2030-01-20 07:00:00,1571-5191-1,3.3713293424852395,91.0
2030-01-20 07:00:00,1631-5041-1,67.65281451156638,210.0
2030-01-20 07:00:00,1701-28712-2,-36.868413711089445,210.0
2030-01-20 07:00:00,1701-5041-1,32.430372086668406,191.0
2030-01-20 07:00:00,1931-4371-1,-73.24163629540396,210.0
2030-01-20 07:00:00,2321-28710-1,-18.364484228099002,123.0
2030-01-20 07:00:00,2321-3581-1,46.3334305752019,123.0
2030-01-20 07:00:00,2870-17010-1,36.868413711089445,209.0
2030-01-20 07:00:00,28710-51911-1,-31.951542969000457,183.0
2030-01-20 07:00:00,3581-28019-1,-22.40223632378246,121.0
2030-01-20 07:00:00,3581-5361-1,1.8976481659271727,123.0
2030-01-20 07:00:00,3591-5191-1,-35.9758192527491,159.0
2030-01-20 07:00:00,4981-5041-1,24.88718393878663,123.0
2030-01-20 07:00:00,4981-5041-2,24.17053728086346,123.0
2030-01-20 07:00:00,4991-5361-1,9.096092115433635,123.0
2030-01-20 07:00:00,5041-17010-2,-144.97329560694544,210.0
2030-01-20 08:00:00,1341-1701-1,67.17512741592856,210.0
2030-01-20 08:00:00,1341-5191-1,-2.3950222282465177,159.0
2030-01-20 08:00:00,1571-5191-1,7.663342843214821,91.0
2030-01-20 08:00:00,1631-5041-1,127.85130552053447,210.0
2030-01-20 08:00:00,1701-28712-2,-56.64983801343159,210.0
2030-01-20 08:00:00,1701-5041-1,46.976776720761094,191.0
2030-01-20 08:00:00,1931-4371-1,-91.31445726940257,210.0
2030-01-20 08:00:00,2321-28710-1,2.5516250484159286,123.0
2030-01-20 08:00:00,2321-3581-1,40.29518909195218,123.0
2030-01-20 08:00:00,2870-17010-1,56.64983801343159,209.0
2030-01-20 08:00:00,28710-51911-1,-56.31749011999932,183.0
2030-01-20 08:00:00,3581-28019-1,-6.688484058030937,121.0
2030-01-20 08:00:00,3581-5361-1,-11.218450827851896,123.0
2030-01-20 08:00:00,3591-5191-1,-32.099935279063516,159.0
2030-01-20 08:00:00,4981-5041-1,37.474788862544266,123.0
2030-01-20 08:00:00,4981-5041-2,36.39567190576944,123.0
2030-01-20 08:00:00,4991-5361-1,17.421639836416944,123.0
2030-01-20 08:00:00,5041-17010-2,-210.0000000000002,210.0
2030-01-20 09:00:00,1341-1701-1,61.066538896682545,210.0
2030-01-20 09:00:00,1341-5191-1,-0.8996932458622382,159.0
2030-01-20 09:00:00,1571-5191-1,5.077599155302579,91.0
2030-01-20 09:00:00,1631-5041-1,109.99877140575613,210.0
2030-01-20 09:00:00,1701-28712-2,-59.63739727865382,210.0
2030-01-20 09:00:00,1701-5041-1,46.32994717228915,191.0
2030-01-20 09:00:00,1931-4371-1,-83.09053524772196,210.0
2030-01-20 09:00:00,2321-28710-1,-6.889352895673454,123.0
2030-01-20 09:00:00,2321-3581-1,41.45093320282501,123.0
2030-01-20 09:00:00,2870-17010-1,59.63739727865382,209.0
2030-01-20 09:00:00,28710-51911-1,-46.67329009685045,183.0
2030-01-20 09:00:00,3581-28019-1,-13.452035977315248,121.0
2030-01-20 09:00:00,3581-5361-1,-11.12399925500506,123.0
2030-01-20 09:00:00,3591-5191-1,-30.55625140028748,159.0
2030-01-20 09:00:00,4981-5041-1,31.75860834167468,123.0
2030-01-20 09:00:00,4981-5041-2,30.84409344178353,123.0
2030-01-20 09:00:00,4991-5361-1,17.549110501885707,123.0
2030-01-20 09:00:00,5041-17010-2,-207.10848179332262,210.0
2030-01-20 10:00:00,1341-1701-1,67.14276647351801,210.0
2030-01-20 10:00:00,1341-5191-1,-2.886469036812912,159.0
2030-01-20 10:00:00,1571-5191-1,6.672670950185079,91.0
2030-01-20 10:00:00,1631-5041-1,116.97560827565209,210.0
2030-01-20 10:00:00,1701-28712-2,-58.10557164116061,210.0
2030-01-20 10:00:00,1701-5041-1,46.976776720761116,191.0
2030-01-20 10:00:00,1931-4371-1,-83.36630243659485,210.0
2030-01-20 10:00:00,2321-28710-1,2.1177388728807784,123.0
2030-01-20 10:00:00,2321-3581-1,36.04163336204152,123.0
2030-01-20 10:00:00,2870-17010-1,58.10557164116061,209.0
2030-01-20 10:00:00,28710-51911-1,-59.2097110513846,183.0
2030-01-20 10:00:00,3581-28019-1,-6.09609891525443,121.0
2030-01-20 10:00:00,3581-5361-1,-18.889766537297945,123.0
2030-01-20 10:00:00,3591-5191-1,-30.543416768242977,159.0
2030-01-20 10:00:00,4981-5041-1,33.32220564695833,123.0
2030-01-20 10:00:00,4981-5041-2,32.36266569377367,123.0
2030-01-20 10:00:00,4991-5361-1,22.099645804878378,123.0
2030-01-20 10:00:00,5041-17010-2,-210.00000000000028,210.0
2030-01-20 11:00:00,1341-1701-1,63.870154837812464,210.0
2030-01-20 11:00:00,1341-5191-1,-5.867753738585975,159.0
2030-01-20 11:00:00,1571-5191-1,5.938222174874113,91.0
2030-01-20 11:00:00,1631-5041-1,112.480907687141,210.0
2030-01-20 11:00:00,1701-28712-2,-61.563845892605386,210.0
2030-01-20 11:00:00,1701-5041-1,46.976776720761094,191.0
2030-01-20 11:00:00,1931-4371-1,-80.57100475302853,210.0
2030-01-20 11:00:00,2321-28710-1,0.5207086469962974,123.0
2030-01-20 11:00:00,2321-3581-1,30.039971740176156,123.0
2030-01-20 11:00:00,2870-17010-1,61.563845892605386,209.0
2030-01-20 11:00:00,28710-51911-1,-51.88747219499123,183.0
2030-01-20 11:00:00,3581-28019-1,-5.940507629307746,121.0
2030-01-20 11:00:00,3581-5361-1,-29.933264003013633,123.0
2030-01-20 11:00:00,3591-5191-1,-26.382658590528962,159.0
2030-01-20 11:00:00,4981-5041-1,33.70627765139785,123.0
2030-01-20 11:00:00,4981-5041-2,32.735678033163886,123.0
2030-01-20 11:00:00,4991-5361-1,28.479436354256677,123.0
2030-01-20 11:00:00,5041-17010-2,-210.0000000000002,210.0
2030-01-20 12:00:00,1341-1701-1,71.57620013118022,210.0
2030-01-20 12:00:00,1341-5191-1,-15.19913737054597,159.0
2030-01-20 12:00:00,1571-5191-1,10.129347666747037,91.0
2030-01-20 12:00:00,1631-5041-1,137.45964533565635,210.0
2030-01-20 12:00:00,1701-28712-2,-65.30650805205056,210.0
2030-01-20 12:00:00,1701-5041-1,46.97677672076111,191.0
2030-01-20 12:00:00,1931-4371-1,-86.51032058377027,210.0
2030-01-20 12:00:00,2321-28710-1,17.064594216529883,123.0
2030-01-20 12:00:00,2321-3581-1,20.379750817460035,123.0
2030-01-20 12:00:00,2870-17010-1,65.30650805205056,209.0
2030-01-20 12:00:00,28710-51911-1,-62.161095842694294,183.0
2030-01-20 12:00:00,3581-28019-1,7.512845681768027,121.0
2030-01-20 12:00:00,3581-5361-1,-47.9174427278177,123.0
2030-01-20 12:00:00,3591-5191-1,-21.683971337605783,159.0
2030-01-20 12:00:00,4981-5041-1,39.12165125845825,123.0
2030-01-20 12:00:00,4981-5041-2,37.99511156253407,123.0
2030-01-20 12:00:00,4991-5361-1,38.92628350579662,123.0
2030-01-20 12:00:00,5041-17010-2,-210.00000000000026,210.0
2030-01-20 13:00:00,1341-1701-1,81.15380726154716,210.0
2030-01-20 13:00:00,1341-5191-1,-20.187103433876615,159.0
2030-01-20 13:00:00,1571-5191-1,10.842178942923738,91.0
2030-01-20 13:00:00,1631-5041-1,145.34803974929574,210.0
2030-01-20 13:00:00,1701-28712-2,-80.76502727956354,210.0
2030-01-20 13:00:00,1701-5041-1,46.97677672076114,191.0
2030-01-20 13:00:00,1931-4371-1,-84.39532574858008,210.0
2030-01-20 13:00:00,2321-28710-1,16.9989105152481,123.0
2030-01-20 13:00:00,2321-3581-1,0.4135419063578638,123.0
2030-01-20 13:00:00,2870-17010-1,80.76502727956354,209.0
2030-01-20 13:00:00,28710-51911-1,-77.89585455827796,183.0
2030-01-20 13:00:00,3581-28019-1,11.65491800319586,121.0
2030-01-20 13:00:00,3581-5361-1,-63.5361720931852,123.0
2030-01-20 13:00:00,3591-5191-1,-17.55216415832612,159.0
2030-01-20 13:00:00,4981-5041-1,37.480707101034724,123.0
2030-01-20 13:00:00,4981-5041-2,36.40141972377981,123.0
2030-01-20 13:00:00,4991-5361-1,47.987039569840135,123.0
2030-01-20 13:00:00,5041-17010-2,-210.00000000000037,210.0
2030-01-20 14:00:00,1341-1701-1,65.76568491423798,210.0
2030-01-20 14:00:00,1341-5191-1,-12.579389814505959,159.0
2030-01-20 14:00:00,1571-5191-1,6.893176501147337,91.0
2030-01-20 14:00:00,1631-5041-1,90.69297982742788,210.0
2030-01-20 14:00:00,1701-28712-2,-64.09878769735715,210.0
2030-01-20 14:00:00,1701-5041-1,46.97677672076111,191.0
2030-01-20 14:00:00,1931-4371-1,-71.05078939526078,210.0
2030-01-20 14:00:00,2321-28710-1,12.99145113025969,123.0
2030-01-20 14:00:00,2321-3581-1,26.45994481040725,123.0
2030-01-20 14:00:00,2870-17010-1,64.09878769735715,209.0
2030-01-20 14:00:00,28710-51911-1,-53.176287378186544,183.0
2030-01-20 14:00:00,3581-28019-1,3.424228198885757,121.0
2030-01-20 14:00:00,3581-5361-1,-44.595402745797855,123.0
2030-01-20 14:00:00,3591-5191-1,-19.822583388962443,159.0
2030-01-20 14:00:00,4981-5041-1,23.402494284399587,123.0
2030-01-20 14:00:00,4981-5041-2,22.728600469927354,123.0
2030-01-20 14:00:00,4991-5361-1,36.79683868018947,123.0
2030-01-20 14:00:00,5041-17010-2,-210.00000000000026,210.0
2030-01-20 15:00:00,1341-1701-1,78.08126454212004,210.0
2030-01-20 15:00:00,1341-5191-1,-22.58793502375167,159.0
2030-01-20 15:00:00,1571-5191-1,8.32861383356439,91.0
2030-01-20 15:00:00,1631-5041-1,105.01842467489058,210.0
2030-01-20 15:00:00,1701-28712-2,-88.16640844243068,210.0
2030-01-20 15:00:00,1701-5041-1,46.97677672076113,191.0
2030-01-20 15:00:00,1931-4371-1,-77.25134777232216,210.0
2030-01-20 15:00:00,2321-28710-1,19.94573594381751,123.0
2030-01-20 15:00:00,2321-3581-1,17.620287002239593,123.0
2030-01-20 15:00:00,2870-17010-1,88.16640844243068,209.0
2030-01-20 15:00:00,28710-51911-1,-85.76842921059028,183.0
2030-01-20 15:00:00,3581-28019-1,10.081667750996942,121.0
2030-01-20 15:00:00,3581-5361-1,-57.80714188501301,123.0
2030-01-20 15:00:00,3591-5191-1,-12.093928633943591,159.0
2030-01-20 15:00:00,4981-5041-1,28.95922644088866,123.0
2030-01-20 15:00:00,4981-5041-2,28.125322014580355,123.0
2030-01-20 15:00:00,4991-5361-1,44.629978603869176,123.0
2030-01-20 15:00:00,5041-17010-2,-210.00000000000034,210.0
2030-01-20 16:00:00,1341-1701-1,62.482165980372244,210.0
2030-01-20 16:00:00,1341-5191-1,-16.089953492503668,159.0
2030-01-20 16:00:00,1571-5191-1,3.3518577752371073,91.0
2030-01-20 16:00:00,1631-5041-1,79.12437629312646,210.0
2030-01-20 16:00:00,1701-28712-2,-66.43125813885536,210.0
2030-01-20 16:00:00,1701-5041-1,46.97677672076112,191.0
2030-01-20 16:00:00,1931-4371-1,-71.91148552889561,210.0
2030-01-20 16:00:00,2321-28710-1,17.639858678538445,123.0
2030-01-20 16:00:00,2321-3581-1,21.85267757583074,123.0
2030-01-20 16:00:00,2870-17010-1,66.43125813885536,209.0
2030-01-20 16:00:00,28710-51911-1,-60.54353709774091,183.0
2030-01-20 16:00:00,3581-28019-1,7.601286115396775,121.0
2030-01-20 16:00:00,3581-5361-1,-54.334610468748025,123.0
2030-01-20 16:00:00,3591-5191-1,-12.13557332937043,159.0
2030-01-20 16:00:00,4981-5041-1,22.103489484312487,123.0
2030-01-20 16:00:00,4981-5041-2,21.467001567224962,123.0
2030-01-20 16:00:00,4991-5361-1,43.05220856453616,123.0
2030-01-20 16:00:00,5041-17010-2,-210.0000000000003,210.0
2030-01-20 17:00:00,1341-1701-1,72.15398045220844,210.0
2030-01-20 17:00:00,1341-5191-1,-21.018617688584413,159.0
2030-01-20 17:00:00,1571-5191-1,3.3170725976435165,91.0
2030-01-20 17:00:00,1631-5041-1,103.04384287220446,210.0
2030-01-20 17:00:00,1701-28712-2,-87.47816026381365,210.0
2030-01-20 17:00:00,1701-5041-1,46.97677672076114,191.0
2030-01-20 17:00:00,1931-4371-1,-83.26430711625413,210.0
2030-01-20 17:00:00,2321-28710-1,20.37218747559433,123.0
2030-01-20 17:00:00,2321-3581-1,29.967354101493015,123.0
2030-01-20 17:00:00,2870-17010-1,87.47816026381365,209.0
2030-01-20 17:00:00,28710-51911-1,-86.05685134004716,183.0
2030-01-20 17:00:00,3581-28019-1,7.7867239234826116,121.0
2030-01-20 17:00:00,3581-5361-1,-50.328702231670206,123.0
2030-01-20 17:00:00,3591-5191-1,-8.300692883524789,159.0
2030-01-20 17:00:00,4981-5041-1,30.451253343354054,123.0
2030-01-20 17:00:00,4981-5041-2,29.574384791582087,123.0
2030-01-20 17:00:00,4991-5361-1,41.25330214286328,123.0
2030-01-20 17:00:00,5041-17010-2,-210.00000000000037,210.0
2030-01-20 18:00:00,1341-1701-1,57.73665874875749,210.0
2030-01-20 18:00:00,1341-5191-1,-19.56595673303852,159.0
2030-01-20 18:00:00,1571-5191-1,3.4136754945642735,91.0
2030-01-20 18:00:00,1631-5041-1,83.83644456650546,210.0
2030-01-20 18:00:00,1701-28712-2,-73.4503168280726,210.0
2030-01-20 18:00:00,1701-5041-1,46.97677672076113,191.0
2030-01-20 18:00:00,1931-4371-1,-74.52801343399517,210.0
2030-01-20 18:00:00,2321-28710-1,14.77063201672297,123.0
2030-01-20 18:00:00,2321-3581-1,32.026105509294666,123.0
2030-01-20 18:00:00,2870-17010-1,73.4503168280726,209.0
2030-01-20 18:00:00,28710-51911-1,-75.414926457908,183.0
2030-01-20 18:00:00,3581-28019-1,3.485789804434546,121.0
2030-01-20 18:00:00,3581-5361-1,-45.88361222431419,123.0
2030-01-20 18:00:00,3591-5191-1,-9.073565729646248,159.0
2030-01-20 18:00:00,4981-5041-1,24.366524395525587,123.0
2030-01-20 18:00:00,4981-5041-2,23.664870551675378,123.0
2030-01-20 18:00:00,4991-5361-1,38.64859635293101,123.0
2030-01-20 18:00:00,5041-17010-2,-210.00000000000034,210.0
2030-01-20 19:00:00,1341-1701-1,63.49100908768112,210.0
2030-01-20 19:00:00,1341-5191-1,-23.694471549424804,159.0
2030-01-20 19:00:00,1571-5191-1,4.520876603562357,91.0
2030-01-20 19:00:00,1631-5041-1,98.48699656563235,210.0
2030-01-20 19:00:00,1701-28712-2,-79.79019262378134,210.0
2030-01-20 19:00:00,1701-5041-1,46.97677672076112,191.0
2030-01-20 19:00:00,1931-4371-1,-80.80623521105201,210.0
2030-01-20 19:00:00,2321-28710-1,20.880559381807842,123.0
2030-01-20 19:00:00,2321-3581-1,24.961717284551128,123.0
2030-01-20 19:00:00,2870-17010-1,79.79019262378134,209.0
2030-01-20 19:00:00,28710-51911-1,-75.92373088107297,183.0
2030-01-20 19:00:00,3581-28019-1,9.187685795993318,121.0
2030-01-20 19:00:00,3581-5361-1,-54.749284328233415,123.0
2030-01-20 19:00:00,3591-5191-1,-5.914628399479028,159.0
2030-01-20 19:00:00,4981-5041-1,31.102738929774553,123.0
2030-01-20 19:00:00,4981-5041-2,30.207110321849115,123.0
2030-01-20 19:00:00,4991-5361-1,43.47801333779648,123.0
2030-01-20 19:00:00,5041-17010-2,-210.0000000000003,210.0
2030-01-20 20:00:00,1341-1701-1,67.03915480628083,210.0
2030-01-20 20:00:00,1341-5191-1,-33.016596278668544,159.0
2030-01-20 20:00:00,1571-5191-1,4.9516853082811,91.0
2030-01-20 20:00:00,1631-5041-1,107.4869466138785,210.0
2030-01-20 20:00:00,1701-28712-2,-92.36458088384208,210.0
2030-01-20 20:00:00,1701-5041-1,46.976776720761144,191.0
2030-01-20 20:00:00,1931-4371-1,-75.32816742567827,210.0
2030-01-20 20:00:00,2321-28710-1,31.3449606155923,123.0
2030-01-20 20:00:00,2321-3581-1,20.346183280067294,123.0
2030-01-20 20:00:00,2870-17010-1,92.36458088384208,209.0
2030-01-20 20:00:00,28710-51911-1,-79.72736152861944,183.0
2030-01-20 20:00:00,3581-28019-1,17.383755785923128,121.0
2030-01-20 20:00:00,3581-5361-1,-70.40845584486516,123.0
2030-01-20 20:00:00,3591-5191-1,3.7822500644753916,159.0
2030-01-20 20:00:00,4981-5041-1,28.65295906368421,123.0
2030-01-20 20:00:00,4981-5041-2,27.827873855044096,123.0
2030-01-20 20:00:00,4991-5361-1,52.19683383431129,123.0
2030-01-20 20:00:00,5041-17010-2,-210.00000000000043,210.0
2030-01-20 21:00:00,1341-1701-1,43.400905634093945,210.0
2030-01-20 21:00:00,1341-5191-1,-15.562608062296079,159.0
2030-01-20 21:00:00,1571-5191-1,0.5086115335934238,91.0
2030-01-20 21:00:00,1631-5041-1,75.0131215700574,210.0
2030-01-20 21:00:00,1701-28712-2,-70.24542408280423,210.0
2030-01-20 21:00:00,1701-5041-1,44.21006424624233,191.0
2030-01-20 21:00:00,1931-4371-1,-65.43825387105089,210.0
2030-01-20 21:00:00,2321-28710-1,1.2199806274861373,123.0
2030-01-20 21:00:00,2321-3581-1,26.616889399941556,123.0
2030-01-20 21:00:00,2870-17010-1,70.24542408280423,209.0
2030-01-20 21:00:00,28710-51911-1,-49.2493390013708,183.0
2030-01-20 21:00:00,3581-28019-1,-4.739588969604085,121.0
2030-01-20 21:00:00,3581-5361-1,-50.92162228058554,123.0
2030-01-20 21:00:00,3591-5191-1,-4.167016820640484,159.0
2030-01-20 21:00:00,4981-5041-1,20.021584107285808,123.0
2030-01-20 21:00:00,4981-5041-2,19.445046345034125,123.0
2030-01-20 21:00:00,4991-5361-1,40.32102007691037,123.0
2030-01-20 21:00:00,5041-17010-2,-197.63198200884312,210.0
2030-01-20 22:00:00,1341-1701-1,16.111272626474253,210.0
2030-01-20 22:00:00,1341-5191-1,-6.7817507548626565,159.0
2030-01-20 22:00:00,1571-5191-1,-1.0573348262527844,91.0
2030-01-20 22:00:00,1631-5041-1,58.01085618188155,210.0
2030-01-20 22:00:00,1701-28712-2,-44.59514079655499,210.0
2030-01-20 22:00:00,1701-5041-1,28.46032417916949,191.0
2030-01-20 22:00:00,1931-4371-1,-63.526509431707325,210.0
2030-01-20 22:00:00,2321-28710-1,-12.599763991011173,123.0
2030-01-20 22:00:00,2321-3581-1,33.96256759613047,123.0
2030-01-20 22:00:00,2870-17010-1,44.59514079655499,209.0
2030-01-20 22:00:00,28710-51911-1,-33.77610622405405,183.0
2030-01-20 22:00:00,3581-28019-1,-15.825876994195426,121.0
2030-01-20 22:00:00,3581-5361-1,-39.4264340764131,123.0
2030-01-20 22:00:00,3591-5191-1,-4.19305206594894,159.0
2030-01-20 22:00:00,4981-5041-1,18.277960337046775,123.0
2030-01-20 22:00:00,4981-5041-2,17.751631636241765,123.0
2030-01-20 22:00:00,4991-5361-1,33.12810023304303,123.0
2030-01-20 22:00:00,5041-17010-2,-127.22601452952065,210.0
2030-01-20 23:00:00,1341-1701-1,-20.206425481487145,210.0
2030-01-20 23:00:00,1341-5191-1,16.867938848904558,159.0
2030-01-20 23:00:00,1571-5191-1,-5.079997463245512,91.0
2030-01-20 23:00:00,1631-5041-1,17.124113847573234,210.0
2030-01-20 23:00:00,1701-28712-2,1.3120174206517028,210.0
2030-01-20 23:00:00,1701-5041-1,3.401522311860193,191.0
2030-01-20 23:00:00,1931-4371-1,-60.06962825667766,210.0
2030-01-20 23:00:00,2321-28710-1,-42.37977641643031,123.0
2030-01-20 23:00:00,2321-3581-1,50.60032121926771,123.0
2030-01-20 23:00:00,2870-17010-1,-1.3120174206517028,209.0
2030-01-20 23:00:00,28710-51911-1,-11.514075327339015,183.0
2030-01-20 23:00:00,3581-28019-1,-39.88518648864212,121.0
2030-01-20 23:00:00,3581-5361-1,-2.0020408969813417,123.0
2030-01-20 23:00:00,3591-5191-1,-16.33110528963268,159.0
2030-01-20 23:00:00,4981-5041-1,14.08356323148305,123.0
2030-01-20 23:00:00,4981-5041-2,13.67801559916286,123.0
2030-01-20 23:00:00,4991-5361-1,10.741348494742056,123.0
2030-01-20 23:00:00,5041-17010-2,-15.205804556082965,210.0
2030-01-21 00:00:00,1341-1701-1,-26.80765054282167,210.0
2030-01-21 00:00:00,1341-5191-1,22.178397350848144,159.0
2030-01-21 00:00:00,1571-5191-1,-6.13096282434946,91.0
2030-01-21 00:00:00,1631-5041-1,19.75590101374447,210.0
2030-01-21 00:00:00,1701-28712-2,8.088439656071015,210.0
2030-01-21 00:00:00,1701-5041-1,-0.3132200506591537,191.0
2030-01-21 00:00:00,1931-4371-1,-60.722996532038906,210.0
2030-01-21 00:00:00,2321-28710-1,-49.793451212509304,123.0
2030-01-21 00:00:00,2321-3581-1,55.90987546699378,123.0
2030-01-21 00:00:00,2870-17010-1,-8.088439656071015,209.0
2030-01-21 00:00:00,28710-51911-1,-11.56990072186268,183.0
2030-01-21 00:00:00,3581-28019-1,-46.119584180137714,121.0
2030-01-21 00:00:00,3581-5361-1,6.122111934018562,123.0
2030-01-21 00:00:00,3591-5191-1,-18.791486997085634,159.0
2030-01-21 00:00:00,4981-5041-1,14.233978959351969,123.0
2030-01-21 00:00:00,4981-5041-2,13.824099984082675,123.0
2030-01-21 00:00:00,4991-5361-1,6.206722077671145,123.0
2030-01-21 00:00:00,5041-17010-2,1.4001856923775053,210.0
2030-01-21 01:00:00,1341-1701-1,-26.443710323027545,210.0
2030-01-21 01:00:00,1341-5191-1,20.910939496564453,159.0
2030-01-21 01:00:00,1571-5191-1,-5.664836344336692,91.0
2030-01-21 01:00:00,1631-5041-1,15.110144891132862,210.0
2030-01-21 01:00:00,1701-28712-2,6.805885978329706,210.0
2030-01-21 01:00:00,1701-5041-1,0.23136425323707852,191.0
2030-01-21 01:00:00,1931-4371-1,-60.48351270713861,210.0
2030-01-21 01:00:00,2321-28710-1,-48.70381487296844,123.0
2030-01-21 01:00:00,2321-3581-1,53.54332556062849,123.0
2030-01-21 01:00:00,2870-17010-1,-6.805885978329706,209.0
2030-01-21 01:00:00,28710-51911-1,-11.702680916525452,183.0
2030-01-21 01:00:00,3581-28019-1,-44.87061213849678,121.0
2030-01-21 01:00:00,3581-5361-1,3.606619083903624,123.0
2030-01-21 01:00:00,3591-5191-1,-17.534656427448603,159.0
2030-01-21 01:00:00,4981-5041-1,14.61255489601738,123.0
2030-01-21 01:00:00,4981-5041-2,14.191774519430496,123.0
2030-01-21 01:00:00,4991-5361-1,7.381861708510996,123.0
2030-01-21 01:00:00,5041-17010-2,-1.034266217722725,210.0
2030-01-21 02:00:00,1341-1701-1,-13.919521459391127,210.0
2030-01-21 02:00:00,1341-5191-1,10.887404999222593,159.0
2030-01-21 02:00:00,1571-5191-1,-4.391626269341917,91.0
2030-01-21 02:00:00,1631-5041-1,14.58860844119263,210.0
2030-01-21 02:00:00,1701-28712-2,-11.099642529387715,210.0
2030-01-21 02:00:00,1701-5041-1,9.464313572538725,191.0
2030-01-21 02:00:00,1931-4371-1,-60.94453722036362,210.0
2030-01-21 02:00:00,2321-28710-1,-36.27049977721374,123.0
2030-01-21 02:00:00,2321-3581-1,46.871598140665796,123.0
2030-01-21 02:00:00,2870-17010-1,11.099642529387715,209.0
2030-01-21 02:00:00,28710-51911-1,-19.55254494852352,183.0
2030-01-21 02:00:00,3581-28019-1,-34.88331716133058,121.0
2030-01-21 02:00:00,3581-5361-1,-8.63239326633351,123.0
2030-01-21 02:00:00,3591-5191-1,-10.987456902735843,159.0
2030-01-21 02:00:00,4981-5041-1,15.357807957270754,123.0
2030-01-21 02:00:00,4981-5041-2,14.915567413998563,123.0
2030-01-21 02:00:00,4991-5361-1,14.354352263213201,123.0
2030-01-21 02:00:00,5041-17010-2,-42.30826355003552,210.0
2030-01-21 03:00:00,1341-1701-1,-18.190312900829003,210.0
2030-01-21 03:00:00,1341-5191-1,13.257372888725053,159.0
2030-01-21 03:00:00,1571-5191-1,-5.354929474082358,91.0
2030-01-21 03:00:00,1631-5041-1,15.860059829908222,210.0
2030-01-21 03:00:00,1701-28712-2,-5.010391217447253,210.0
2030-01-21 03:00:00,1701-5041-1,6.42095882199737,191.0
2030-01-21 03:00:00,1931-4371-1,-61.59649304029571,210.0
2030-01-21 03:00:00,2321-28710-1,-37.971453873375886,123.0
2030-01-21 03:00:00,2321-3581-1,45.515338977119626,123.0
2030-01-21 03:00:00,2870-17010-1,5.010391217447253,209.0
2030-01-21 03:00:00,28710-51911-1,-13.932316196944527,183.0
2030-01-21 03:00:00,3581-28019-1,-35.773772894060556,121.0
2030-01-21 03:00:00,3581-5361-1,-11.089444257741132,123.0
2030-01-21 03:00:00,3591-5191-1,-10.947466875405485,159.0
2030-01-21 03:00:00,4981-5041-1,16.07411251602377,123.0
2030-01-21 03:00:00,4981-5041-2,15.611245401688013,123.0
2030-01-21 03:00:00,4991-5361-1,15.69449516545113,123.0
2030-01-21 03:00:00,5041-17010-2,-28.703573270567357,210.0
2030-01-21 04:00:00,1341-1701-1,-14.805694473832476,210.0
2030-01-21 04:00:00,1341-5191-1,13.055716967378668,159.0
2030-01-21 04:00:00,1571-5191-1,-4.433349962447288,91.0
2030-01-21 04:00:00,1631-5041-1,20.813794220620515,210.0
2030-01-21 04:00:00,1701-28712-2,-8.75574563741721,210.0
2030-01-21 04:00:00,1701-5041-1,8.70825724248266,191.0
2030-01-21 04:00:00,1931-4371-1,-62.17478278554397,210.0
2030-01-21 04:00:00,2321-28710-1,-39.03432491292722,123.0
2030-01-21 04:00:00,2321-3581-1,47.59799301678607,123.0
2030-01-21 04:00:00,2870-17010-1,8.75574563741721,209.0
2030-01-21 04:00:00,28710-51911-1,-19.633110985463134,183.0
2030-01-21 04:00:00,3581-28019-1,-36.944716883346345,121.0
2030-01-21 04:00:00,3581-5361-1,-5.301955021820461,123.0
2030-01-21 04:00:00,3591-5191-1,-12.901940806521827,159.0
2030-01-21 04:00:00,4981-5041-1,16.507112416963444,123.0
2030-01-21 04:00:00,4981-5041-2,16.031776719092775,123.0
2030-01-21 04:00:00,4991-5361-1,12.30317874733008,123.0
2030-01-21 04:00:00,5041-17010-2,-38.92846952424393,210.0
2030-01-21 05:00:00,1341-1701-1,-3.271060563858942,210.0
2030-01-21 05:00:00,1341-5191-1,5.942612868299761,159.0
2030-01-21 05:00:00,1571-5191-1,-3.653582939521975,91.0
2030-01-21 05:00:00,1631-5041-1,28.961417428596626,210.0
2030-01-21 05:00:00,1701-28712-2,-23.559845492335448,210.0
2030-01-21 05:00:00,1701-5041-1,16.65920263834112,191.0
2030-01-21 05:00:00,1931-4371-1,-63.038102140860744,210.0
2030-01-21 05:00:00,2321-28710-1,-29.204470131955052,123.0
2030-01-21 05:00:00,2321-3581-1,42.95863390727896,123.0
2030-01-21 05:00:00,2870-17010-1,23.559845492335448,209.0
2030-01-21 05:00:00,28710-51911-1,-26.67698748745306,183.0
2030-01-21 05:00:00,3581-28019-1,-29.18195008233749,121.0
2030-01-21 05:00:00,3581-5361-1,-12.851435098765265,123.0
2030-01-21 05:00:00,3591-5191-1,-8.444931588048357,159.0
2030-01-21 05:00:00,4981-5041-1,17.452335115077293,123.0
2030-01-21 05:00:00,4981-5041-2,16.949780962548893,123.0
2030-01-21 05:00:00,4991-5361-1,16.92622410164455,123.0
2030-01-21 05:00:00,5041-17010-2,-74.47153249459808,210.0
