observed_at_utc,year,season,wind_speed_ms,wind_direction_deg_true,line_azimuth_deg,wind_perpendicular_ms,air_temperature_c,global_solar_radiation_wm2,convective_heat_loss_wm,radiative_heat_loss_wm,solar_heat_gain_wm,net_heat_loss_wm,rating_multiplier
2024-06-01 00:00:00+00:00,2024,summer,1.543,10.0,22.33,0.3294952086619047,9.2,0.0,74.47741182300888,21.235048858962156,0.0,95.71246068197104,0.9738388017796555
2024-06-01 01:00:00+00:00,2024,summer,2.058,340.0,22.33,1.3858565644334253,9.7,0.0,144.35602053585305,21.120063002923622,0.0,165.47608353877666,1.2804730742460446
2024-06-01 02:00:00+00:00,2024,summer,3.601,330.0,22.33,2.850348573110594,10.0,0.0,207.96933803543257,21.050778151606515,0.0,229.0201161870391,1.506397718077845
2024-06-01 03:00:00+00:00,2024,summer,2.572,340.0,22.33,1.7319840056961955,8.4,0.0,163.349073660532,21.417759888125,0.0,184.76683354865702,1.3530531038290252
2024-06-01 04:00:00+00:00,2024,summer,1.029,320.0,22.33,0.9113203650593823,7.0,0.0,123.65071555466334,21.733777745543822,0.0,145.38449330020717,1.2002228133101878
2024-06-01 05:00:00+00:00,2024,summer,1.543,10.0,22.33,0.3294952086619047,7.9,82.0,75.94885005051512,21.531166179904194,1.1726,96.3074162304193,0.9768608388172532
2024-06-01 06:00:00+00:00,2024,summer,0.514,10.0,22.33,0.10976055557499612,8.8,218.0,44.893861636394675,21.32659878112227,3.1174,63.10306041751694,0.7907296885854502
2024-06-01 07:00:00+00:00,2024,summer,1.029,360.0,22.33,0.39095882200641807,11.1,362.0,78.32761670428839,20.794843004512877,5.1766,93.94585970880128,0.9648096893372365
2024-06-01 08:00:00+00:00,2024,summer,1.543,330.0,22.33,1.2213518045847394,12.4,526.0,130.47374735954696,20.488519327396272,7.5218,143.4404666869432,1.1921713440252462
2024-06-01 09:00:00+00:00,2024,summer,2.572,340.0,22.33,1.7319840056961955,13.0,660.0,152.06670520950428,20.34572073568897,9.438,162.97442594519327,1.2707571553217158
2024-06-01 10:00:00+00:00,2024,summer,3.087,310.0,22.33,2.941357013141591,13.8,773.01,199.65166262252455,20.15392026101056,11.054043,208.75153988353512,1.4381946792408
2024-06-01 11:00:00+00:00,2024,summer,3.601,270.0,22.33,3.33096428254772,14.4,852.01,213.49114885499122,20.009013235380735,12.183743,221.31641909037197,1.480845163116737
2024-06-01 12:00:00+00:00,2024,summer,5.144,260.0,22.33,4.346587053743517,14.7,879.01,250.4102013036843,19.9362187358664,12.569843,257.7765770395507,1.5981758363062593
2024-06-01 13:00:00+00:00,2024,summer,6.173,270.0,22.33,5.71009233995198,15.3,866.01,293.45316061408187,19.78994538888251,12.383943,300.8591630029644,1.726571052401491
2024-06-01 14:00:00+00:00,2024,summer,7.202,280.0,22.33,7.03587793382559,15.0,810.01,335.54669265138637,19.863196278835822,11.583143,343.82674593022216,1.8457490871020334
2024-06-01 15:00:00+00:00,2024,summer,6.173,270.0,22.33,5.71009233995198,15.9,700.0,290.5038826179604,19.642756406105658,10.01,300.1366390240661,1.724496595291464
2024-06-01 16:00:00+00:00,2024,summer,4.116,310.0,22.33,3.921809350855454,15.5,579.0,231.87323117322023,19.740984320074872,8.2797,243.3345154932951,1.552761274958325
2024-06-01 17:00:00+00:00,2024,summer,5.144,270.0,22.33,4.7582561148085185,14.9,459.0,263.93453885675524,19.88756245579483,6.5637,277.25840131255006,1.6574681478719
2024-06-01 18:00:00+00:00,2024,summer,5.659,270.0,22.33,5.234636732834643,14.4,290.0,282.2952145856043,20.009013235380735,4.147,298.15722782098504,1.7188006320401685
2024-06-01 19:00:00+00:00,2024,summer,5.144,280.0,22.33,5.025347971618833,13.8,115.0,277.99123387442944,20.15392026101056,1.6445,296.50065413544,1.7140191181051945
2024-06-01 20:00:00+00:00,2024,summer,5.659,320.0,22.33,5.011819189379052,12.3,14.0,284.3306643350224,20.512231751676453,0.2002,304.64269608669883,1.7373936061418584
2024-06-01 21:00:00+00:00,2024,summer,3.601,340.0,22.33,2.424912287912908,11.0,0.0,185.30243582078285,20.81823298396238,0.0,206.12066880474524,1.4291032447420264
2024-06-01 22:00:00+00:00,2024,summer,3.087,330.0,22.33,2.443495152788782,10.6,0.0,187.3423519532003,20.911546258921337,0.0,208.25389821212164,1.4364794040977942
2024-06-01 23:00:00+00:00,2024,summer,3.087,340.0,22.33,2.078784846650138,10.3,0.0,172.77644246441105,20.981272726155126,0.0,193.75771519056616,1.385582329488078
2024-06-02 00:00:00+00:00,2024,summer,2.058,340.0,22.33,1.3858565644334253,8.4,0.0,147.22987699368778,21.417759888125,0.0,168.6476368818128,1.2926857574992168
2024-06-02 01:00:00+00:00,2024,summer,1.029,160.0,22.33,0.6929282822167127,7.5,0.0,108.03028328407481,21.62145648119416,0.0,129.65173976526899,1.1334229658072383
2024-06-02 02:00:00+00:00,2024,summer,1.029,250.0,22.33,0.7607176846269552,7.8,0.0,112.331208175965,21.553774931356237,0.0,133.88498310732123,1.151777970852061
2024-06-02 03:00:00+00:00,2024,summer,1.543,290.0,22.33,1.5417243173290467,10.1,0.0,150.77760117578316,21.02763420777673,0.0,171.8052353835599,1.3047311487750033
2024-06-02 04:00:00+00:00,2024,summer,2.058,210.0,22.33,0.2746756817610677,9.2,0.0,68.4222122855759,21.235048858962156,0.0,89.65726114453805,0.9425308363844752
2024-06-02 05:00:00+00:00,2024,summer,2.572,230.0,22.33,1.194381221672302,11.0,82.0,132.01084060446138,20.81823298396238,1.1726,151.65647358842378,1.2258386504211634
2024-06-02 06:00:00+00:00,2024,summer,4.116,270.0,22.33,3.807344900573845,11.9,215.0,241.44204261289505,20.606832543192034,3.0745,258.9743751560871,1.6018846166342209
2024-06-02 07:00:00+00:00,2024,summer,4.63,270.0,22.33,4.2828005076911815,12.2,362.0,258.42019942822975,20.535919267950497,5.1766,273.7795186961802,1.6470368335535361
2024-06-02 08:00:00+00:00,2024,summer,4.63,270.0,22.33,4.2828005076911815,12.3,494.0,258.00870229538225,20.512231751676453,7.0642000000000005,271.45673404705866,1.6400351028005713
2024-06-02 09:00:00+00:00,2024,summer,4.63,250.0,22.33,3.4228599415187593,12.2,633.0,224.99410030701858,20.535919267950497,9.0519,236.4781195749691,1.530729018935642
2024-06-02 10:00:00+00:00,2024,summer,4.63,250.0,22.33,3.4228599415187593,12.6,742.01,223.5610168655726,20.441019684992096,10.610743,233.39129355056468,1.5207056493398874
2024-06-02 11:00:00+00:00,2024,summer,4.63,260.0,22.33,3.9122663411416183,12.9,845.01,241.6414118875932,20.369582974770935,12.083643,249.9273518623641,1.573655730558979
2024-06-02 12:00:00+00:00,2024,summer,6.688,250.0,22.33,4.944295310772669,13.9,862.01,274.76204232876745,20.12983211863795,12.326743,282.56513144740535,1.673254949135378
2024-06-02 13:00:00+00:00,2024,summer,6.688,250.0,22.33,4.944295310772669,13.6,855.01,276.1111194596779,20.20202105188573,12.226643,284.0864975115636,1.6777534093214823
2024-06-02 14:00:00+00:00,2024,summer,6.173,260.0,22.33,5.216073460878447,13.3,800.01,286.78905648921784,20.273983766537576,11.440143,295.62289725575545,1.7114801571063236
2024-06-02 15:00:00+00:00,2024,summer,6.688,280.0,22.33,6.533733910222931,13.4,731.01,329.08606249779814,20.250021301172904,10.453443,338.88264079897107,1.8324304298409906
2024-06-02 16:00:00+00:00,2024,summer,6.173,280.0,22.33,6.030612952722212,13.6,618.0,312.1697065257849,20.20202105188573,8.8374,323.5343275776706,1.7904533797849091
2024-06-02 17:00:00+00:00,2024,summer,6.688,280.0,22.33,6.533733910222931,13.7,464.0,327.48337063498417,20.17798323291303,6.6352,341.0261538678972,1.8382165730962385
2024-06-02 18:00:00+00:00,2024,summer,6.173,270.0,22.33,5.71009233995198,13.4,310.0,302.79254093513305,20.250021301172904,4.433,318.609562236306,1.7767741894144762
2024-06-02 19:00:00+00:00,2024,summer,5.659,270.0,22.33,5.234636732834643,13.1,157.0,288.3510525222591,20.32183346628884,2.2451,306.427785988548,1.7424764028467017
2024-06-02 20:00:00+00:00,2024,summer,7.202,270.0,22.33,6.66192856509544,12.9,22.6,335.76497226653464,20.369582974770935,0.32318,355.8113752413056,1.877641812995944
2024-06-02 21:00:00+00:00,2024,summer,7.717,280.0,22.33,7.538998891326309,12.4,0.0,365.35343271759564,20.488519327396272,0.0,385.8419520449919,1.9552736916461346
2024-06-02 22:00:00+00:00,2024,summer,7.717,280.0,22.33,7.538998891326309,12.2,0.0,366.5206960809106,20.535919267950497,0.0,387.0566153488611,1.9583489572453838
2024-06-02 23:00:00+00:00,2024,summer,6.688,280.0,22.33,6.533733910222931,12.2,0.0,335.4968299490539,20.535919267950497,0.0,356.0327492170044,1.87822582524161
2024-06-03 00:00:00+00:00,2024,summer,7.202,270.0,22.33,6.66192856509544,11.8,0.0,341.7124999556359,20.63042060186722,0.0,362.34292055750313,1.8947971553612564
2024-06-03 01:00:00+00:00,2024,summer,7.202,260.0,22.33,6.085559868013377,12.0,0.0,322.1048675256821,20.58321964626876,0.0,342.6880871719509,1.8426902481379204
2024-06-03 02:00:00+00:00,2024,summer,7.202,270.0,22.33,6.66192856509544,11.7,0.0,342.2531842910087,20.653983839718578,0.0,362.9071681307273,1.8962718892947166
2024-06-03 03:00:00+00:00,2024,summer,7.202,270.0,22.33,6.66192856509544,11.9,0.0,341.17181562026303,20.606832543192034,0.0,361.77864816345505,1.893321207789371
2024-06-03 04:00:00+00:00,2024,summer,7.202,260.0,22.33,6.085559868013377,12.0,0.0,322.1048675256821,20.58321964626876,0.0,342.6880871719509,1.8426902481379204
2024-06-03 05:00:00+00:00,2024,summer,6.688,260.0,22.33,5.651239155411478,12.2,69.0,306.72095456870767,20.535919267950497,0.9867,326.27017383665816,1.7980075910966187
2024-06-03 06:00:00+00:00,2024,summer,6.688,260.0,22.33,5.651239155411478,12.4,178.0,305.74413624205573,20.488519327396272,2.5454,323.687255569452,1.7908764849516916
2024-06-03 07:00:00+00:00,2024,summer,7.202,270.0,22.33,6.66192856509544,12.4,356.0,338.46839394339884,20.488519327396272,5.0908,353.8661132707951,1.8725021360098537
2024-06-03 08:00:00+00:00,2024,summer,7.202,270.0,22.33,6.66192856509544,12.8,525.0,336.30565660190746,20.393420201026206,7.5075,349.1915768029337,1.8600932353830484
2024-06-03 09:00:00+00:00,2024,summer,7.717,270.0,22.33,7.1383091831215655,12.7,657.0,351.53533155336595,20.41723243194018,9.3951,362.55746398530613,1.8953580275307218
2024-06-03 10:00:00+00:00,2024,summer,6.688,270.0,22.33,6.186472957978104,13.1,774.01,319.71388772262713,20.32183346628884,11.068343,328.967378188916,1.8054241631113481
2024-06-03 11:00:00+00:00,2024,summer,6.688,270.0,22.33,6.186472957978104,12.9,843.01,320.74688897536583,20.369582974770935,12.055043,329.06142895013676,1.8056822272742805
2024-06-03 12:00:00+00:00,2024,summer,6.688,270.0,22.33,6.186472957978104,13.8,880.01,316.09838333804174,20.15392026101056,12.584143,323.6681605990523,1.7908236604471277
2024-06-03 13:00:00+00:00,2024,summer,6.688,270.0,22.33,6.186472957978104,13.9,877.01,315.58188271167234,20.12983211863795,12.541243,323.17047183031025,1.789446299601189
2024-06-03 14:00:00+00:00,2024,summer,7.202,270.0,22.33,6.66192856509544,14.2,830.01,328.7360759066877,20.057416493203508,11.869143,336.9243493998912,1.8271282522671264
2024-06-03 15:00:00+00:00,2024,summer,7.202,280.0,22.33,7.03587793382559,14.6,734.01,337.7836706023956,19.960508874188154,10.496343,347.24783647658376,1.8549089985499918
2024-06-03 16:00:00+00:00,2024,summer,6.173,260.0,22.33,5.216073460878447,14.4,615.0,281.67612355342953,20.009013235380735,8.7945,292.8906367888103,1.7035527186874853
2024-06-03 17:00:00+00:00,2024,summer,5.659,260.0,22.33,4.781752748276548,14.3,462.0,267.38222561118687,20.033227493424036,6.6066,280.8088531046109,1.6680468011562215
2024-06-03 18:00:00+00:00,2024,summer,4.63,260.0,22.33,3.9122663411416183,14.2,306.0,236.58289601877078,20.057416493203508,4.3758,252.2645125119743,1.5809965195563307
2024-06-03 19:00:00+00:00,2024,summer,4.63,270.0,22.33,4.2828005076911815,13.1,114.0,254.71672523260227,20.32183346628884,1.6302,273.4083586988911,1.6459200197060404
2024-06-03 20:00:00+00:00,2024,summer,4.63,260.0,22.33,3.9122663411416183,12.7,20.82,242.41964509818126,20.41723243194018,0.297726,262.53915153012144,1.6128718885991467
2024-06-03 21:00:00+00:00,2024,summer,4.116,250.0,22.33,3.042870738507821,12.9,0.0,206.8806207374629,20.369582974770935,0.0,227.25020371223383,1.5005655593719527
2024-06-03 22:00:00+00:00,2024,summer,5.659,260.0,22.33,4.781752748276548,12.5,0.0,275.31118782041483,20.464781977655118,0.0,295.7759697980699,1.711923199098008
2024-06-03 23:00:00+00:00,2024,summer,5.659,260.0,22.33,4.781752748276548,12.6,0.0,274.87068991990213,20.441019684992096,0.0,295.31170960489425,1.7105791245297712
2024-06-04 00:00:00+00:00,2024,summer,5.659,240.0,22.33,3.458286614836869,12.4,0.0,225.70928563071814,20.488519327396272,0.0,246.1978049581144,1.561870139909903
2024-06-04 01:00:00+00:00,2024,summer,6.173,230.0,22.33,2.866607807691726,12.3,0.0,201.31685749893325,20.512231751676453,0.0,221.82908925060968,1.4825593287072878
2024-06-04 02:00:00+00:00,2024,summer,6.688,230.0,22.33,3.105762679060791,12.3,0.0,211.53709443528575,20.512231751676453,0.0,232.04932618696222,1.516327424101253
2024-06-04 03:00:00+00:00,2024,summer,7.202,230.0,22.33,3.344453172038848,12.2,0.0,221.79490866255114,20.535919267950497,0.0,242.33082793050164,1.5495556105634138
2024-06-04 04:00:00+00:00,2024,summer,7.717,240.0,22.33,4.715956495263495,12.1,0.0,274.7108298069472,20.559581893667065,0.0,295.27041170061426,1.7104595122682105
2024-06-04 05:00:00+00:00,2024,summer,7.717,240.0,22.33,4.715956495263495,11.8,83.0,276.0210563402076,20.63042060186722,1.1869,295.46457694207487,1.7110218056628492
2024-06-04 06:00:00+00:00,2024,summer,8.231,240.0,22.33,5.0300684090338,12.4,220.0,284.5155472311375,20.488519327396272,3.146,301.8580665585337,1.7294349319017523
2024-06-04 07:00:00+00:00,2024,summer,9.26,270.0,22.33,8.565601015382363,12.1,367.0,397.2409358183996,20.559581893667065,5.2481,412.55241771206664,2.0218195986584346
2024-06-04 08:00:00+00:00,2024,summer,9.26,290.0,22.33,9.252344250464661,12.3,528.0,415.3078574476895,20.512231751676453,7.5504,428.2696891993659,2.0599728805532007
2024-06-04 09:00:00+00:00,2024,summer,9.774,280.0,22.33,9.548551919635006,12.0,665.0,425.50134585416555,20.58321964626876,9.509500000000001,436.57506550043433,2.0798513562469125
2024-06-04 10:00:00+00:00,2024,summer,9.774,290.0,22.33,9.765919298492614,12.7,774.01,426.6677000186941,20.41723243194018,11.068343,436.0165894506343,2.078520635635346
2024-06-04 11:00:00+00:00,2024,summer,11.318,280.0,22.33,11.056937858239104,12.6,848.01,461.4343740154093,20.441019684992096,12.126543,469.74885070040136,2.1574249499657587
2024-06-04 12:00:00+00:00,2024,summer,11.832,290.0,22.33,11.822217837094804,11.4,865.01,490.1670078240476,20.724524802480246,12.369643,498.5218896265278,2.2225162758573207
2024-06-04 13:00:00+00:00,2024,summer,10.289,300.0,22.33,10.196946568978436,9.4,827.01,461.4210394585983,21.189127747259363,11.826243,470.78392420585766,2.159800543457867
2024-06-04 14:00:00+00:00,2024,summer,9.774,300.0,22.33,9.686554161259135,12.0,736.0,429.2914004323105,20.58321964626876,10.5248,439.3498200785792,2.0864503774656336
2024-06-04 15:00:00+00:00,2024,summer,10.289,290.0,22.33,10.280493519765757,10.0,636.0,459.5121416930317,21.050778151606515,9.0948,471.4681198446382,2.1613694050175525
2024-06-04 16:00:00+00:00,2024,summer,9.26,280.0,22.33,9.046407896032347,10.8,543.0,419.36898031937034,20.864938915280412,7.7649,432.4690192346507,2.07004761178898
2024-06-04 17:00:00+00:00,2024,summer,9.774,300.0,22.33,9.686554161259135,11.6,393.0,432.01706011759507,20.677522274164204,5.6199,447.07468239175927,2.104712944796413
2024-06-04 18:00:00+00:00,2024,summer,8.746,290.0,22.33,8.73876920243671,10.7,285.0,411.13669887739985,20.888254901881265,4.0755,427.94945377928116,2.059202571959667
2024-06-04 19:00:00+00:00,2024,summer,8.746,300.0,22.33,8.667751452258278,10.7,147.0,409.06861816191974,20.888254901881265,2.1021,427.854773063801,2.0589747675355126
2024-06-04 20:00:00+00:00,2024,summer,9.26,300.0,22.33,9.177152806758706,9.9,14.0,429.035782538927,21.073897587203227,0.2002,449.90948012613023,2.111375150956003
2024-06-04 21:00:00+00:00,2024,summer,9.26,290.0,22.33,9.252344250464661,8.0,0.0,443.7898955182647,21.508533282404716,0.0,465.2984288006694,2.147180858103145
2024-06-04 22:00:00+00:00,2024,summer,7.717,290.0,22.33,7.710619933135615,8.3,0.0,394.7353532015346,21.44048954173325,0.0,416.1758427432679,2.0306789531477976
2024-06-04 23:00:00+00:00,2024,summer,8.231,290.0,22.33,8.224194981163567,9.6,0.0,402.7768243381393,21.14310901764511,0.0,423.9199333557844,2.049485041600244
2024-06-05 00:00:00+00:00,2024,summer,9.26,300.0,22.33,9.177152806758706,9.5,0.0,431.6719471013782,21.166130593329157,0.0,452.83807769470735,2.1182357958937934
2024-06-05 01:00:00+00:00,2024,summer,8.231,300.0,22.33,8.157359044538975,8.6,0.0,406.8784830731383,21.372227867579472,0.0,428.25071094071774,2.059927237431309
2024-06-05 02:00:00+00:00,2024,summer,7.202,300.0,22.33,7.137565282319244,9.7,0.0,368.439465916591,21.120063002923622,0.0,389.55952891951466,1.964670615954821
2024-06-05 03:00:00+00:00,2024,summer,8.746,300.0,22.33,8.667751452258278,9.5,0.0,416.70286920071146,21.166130593329157,0.0,437.86899979404063,2.0829312388368084
2024-06-05 04:00:00+00:00,2024,summer,8.746,280.0,22.33,8.544263872429688,9.4,0.0,413.6545250188273,21.189127747259363,0.0,434.8436527660867,2.075723018548149
2024-06-05 05:00:00+00:00,2024,summer,7.717,290.0,22.33,7.710619933135615,9.0,75.0,390.59270331786036,21.280872490900176,1.0725,410.8010758087605,2.017523583014216
2024-06-05 06:00:00+00:00,2024,summer,9.26,280.0,22.33,9.046407896032347,10.2,207.0,423.2883165840373,21.004465738399713,2.9601,441.332682322437,2.091153334061694
2024-06-05 07:00:00+00:00,2024,summer,8.746,300.0,22.33,8.667751452258278,9.9,363.0,414.15811885444754,21.073897587203227,5.1909,430.0411164416508,2.0642287578336553
2024-06-05 08:00:00+00:00,2024,summer,9.26,280.0,22.33,9.046407896032347,8.4,520.0,435.0463253780383,21.417759888125,7.436,449.0280852661633,2.109305993039385
2024-06-05 09:00:00+00:00,2024,summer,9.774,280.0,22.33,9.548551919635006,11.3,658.0,430.2291385858785,20.747988931156307,9.4094,441.5677275170348,2.0917101137162972
2024-06-05 10:00:00+00:00,2024,summer,11.318,280.0,22.33,11.056937858239104,10.0,771.01,480.66080626605134,21.050778151606515,11.025443,490.68614141765784,2.2049803824226033
2024-06-05 11:00:00+00:00,2024,summer,10.289,280.0,22.33,10.051672877135726,12.2,700.0,437.82640183737004,20.535919267950497,10.01,448.3523211053205,2.107718196940451
2024-06-05 12:00:00+00:00,2024,summer,9.774,280.0,22.33,9.548551919635006,12.4,776.01,422.7997500074724,20.488519327396272,11.096943,432.1913263348687,2.0693829054107487
2024-06-05 13:00:00+00:00,2024,summer,9.774,280.0,22.33,9.548551919635006,9.5,671.0,442.38631989599753,21.166130593329157,9.5953,453.9571504893267,2.120851518245456
2024-06-05 14:00:00+00:00,2024,summer,9.774,270.0,22.33,9.041056622499699,11.9,674.0,412.03283191620676,20.606832543192034,9.6382,423.0014644593988,2.0472636209708193
2024-06-05 15:00:00+00:00,2024,summer,9.774,280.0,22.33,9.548551919635006,10.5,506.0,435.63233027926475,20.93481300375153,7.2358,449.3313432830163,2.1100181489246244
2024-06-05 16:00:00+00:00,2024,summer,8.231,280.0,22.33,8.041142914928969,9.4,232.0,398.4274327003713,21.189127747259363,3.3176,416.29896044763063,2.03097929980143
2024-06-05 17:00:00+00:00,2024,summer,8.746,280.0,22.33,8.544263872429688,12.1,428.0,396.62911011713777,20.559581893667065,6.1204,411.06829201080484,2.0181796515828063
2024-06-05 18:00:00+00:00,2024,summer,8.231,280.0,22.33,8.041142914928969,9.0,69.0,400.85686826561755,21.280872490900176,0.9867,421.1510407565177,2.0427808265489737
2024-06-05 19:00:00+00:00,2024,summer,6.688,280.0,22.33,6.533733910222931,10.3,67.0,345.64721174687566,20.981272726155126,0.9581000000000001,365.67038447303077,1.903477414012355
2024-06-05 20:00:00+00:00,2024,summer,8.746,280.0,22.33,8.544263872429688,8.7,4.0,418.0685214748209,21.34942546620337,0.0572,439.3607469410243,2.086476322866634
2024-06-05 21:00:00+00:00,2024,summer,6.688,280.0,22.33,6.533733910222931,9.6,0.0,349.3868260934415,21.14310901764511,0.0,370.5299351110866,1.9160837335886733
2024-06-05 22:00:00+00:00,2024,summer,7.202,290.0,22.33,7.196045711862473,9.8,0.0,369.73506422519154,21.096992531874935,0.0,390.8320567570665,1.9678768777704518
2024-06-05 23:00:00+00:00,2024,summer,6.688,290.0,22.33,6.68247066383452,10.2,0.0,351.03071166938213,21.004465738399713,0.0,372.0351774077818,1.9199717420533282
2024-06-06 00:00:00+00:00,2024,summer,5.144,290.0,22.33,5.139747173260283,9.6,0.0,301.2303724740507,21.14310901764511,0.0,322.37348149169577,1.787238406376791
2024-06-06 01:00:00+00:00,2024,summer,3.087,290.0,22.33,3.0844478079032847,9.8,0.0,219.0373870444559,21.096992531874935,0.0,240.13437957633084,1.5425171617421154
2024-06-06 02:00:00+00:00,2024,summer,7.202,280.0,22.33,7.03587793382559,10.2,0.0,362.39042806349727,21.004465738399713,0.0,383.39489380189696,1.9490635336084043
2024-06-06 03:00:00+00:00,2024,summer,6.688,290.0,22.33,6.68247066383452,9.5,0.0,354.8227100979094,21.166130593329157,0.0,375.9888406912386,1.9301466680852735
2024-06-06 04:00:00+00:00,2024,summer,4.63,300.0,22.33,4.588576403379353,9.9,0.0,279.5483784952265,21.073897587203227,0.0,300.6222760824297,1.7258911950288236
2024-06-06 05:00:00+00:00,2024,summer,6.173,300.0,22.33,6.117771520099513,9.4,28.0,336.49411642963554,21.189127747259363,0.4004,357.2828441768949,1.8815203300663763
2024-06-06 06:00:00+00:00,2024,summer,5.144,280.0,22.33,5.025347971618833,10.1,181.0,294.7978934387332,21.02763420777673,2.5883,313.2372276465099,1.7617306883271004
2024-06-06 07:00:00+00:00,2024,summer,7.202,300.0,22.33,7.137565282319244,10.3,0.0,365.05411094645393,20.981272726155126,0.0,386.03538367260904,1.955763742534686
2024-06-06 08:00:00+00:00,2024,summer,6.688,280.0,22.33,6.533733910222931,10.9,517.0,342.44182802124766,20.841598281761826,7.3931000000000004,355.8903263030095,1.8778501166120039
2024-06-06 09:00:00+00:00,2024,summer,7.717,290.0,22.33,7.710619933135615,10.7,651.0,380.5319821717942,20.888254901881265,9.3093,392.1109370736755,1.9710938907479956
2024-06-06 10:00:00+00:00,2024,summer,5.659,280.0,22.33,5.528468929119552,12.2,758.01,302.5857422797353,20.535919267950497,10.839543,312.2821185476858,1.759042742127846
2024-06-06 11:00:00+00:00,2024,summer,7.202,280.0,22.33,7.03587793382559,10.7,831.01,359.5942056247357,20.888254901881265,11.883443,368.599017526617,1.911084633444548
2024-06-06 12:00:00+00:00,2024,summer,7.202,300.0,22.33,7.137565282319244,10.8,872.01,362.232981804673,20.864938915280412,12.469743,370.6281777199534,1.916337732754483
2024-06-06 13:00:00+00:00,2024,summer,6.688,260.0,22.33,5.651239155411478,12.1,855.01,307.20936373203364,20.559581893667065,12.226643,315.5423026257007,1.7682009884344274
2024-06-06 14:00:00+00:00,2024,summer,7.202,280.0,22.33,7.03587793382559,12.2,810.01,351.205538308451,20.535919267950497,11.583143,360.1583145764015,1.8890765478275877
2024-06-06 15:00:00+00:00,2024,summer,6.173,280.0,22.33,6.030612952722212,12.5,721.0,317.76232341794065,20.464781977655118,10.3103,327.91680539559576,1.8025390043104859
2024-06-06 16:00:00+00:00,2024,summer,7.717,280.0,22.33,7.538998891326309,12.3,598.0,365.9370643992532,20.512231751676453,8.551400000000001,377.8978961509296,1.9350405521623761
2024-06-06 17:00:00+00:00,2024,summer,8.231,280.0,22.33,8.041142914928969,11.8,461.0,383.85081930889436,20.63042060186722,6.5923,397.88893991076156,1.9855634392181314
2024-06-06 18:00:00+00:00,2024,summer,7.717,280.0,22.33,7.538998891326309,11.4,310.0,371.1897495341707,20.724524802480246,4.433,387.4812743366509,1.959422963569329
2024-06-06 19:00:00+00:00,2024,summer,7.202,280.0,22.33,7.03587793382559,9.9,136.0,364.0681615267542,21.073897587203227,1.9448,383.19725911395744,1.948561111401047
2024-06-06 20:00:00+00:00,2024,summer,5.659,270.0,22.33,5.234636732834643,10.5,23.8,300.4627283955689,20.93481300375153,0.34034000000000003,321.0572013993204,1.7835859461730865
2024-06-06 21:00:00+00:00,2024,summer,6.173,270.0,22.33,5.71009233995198,10.4,0.0,317.53893091574014,20.958055153716582,0.0,338.49698606945674,1.8313874631226579
2024-06-06 22:00:00+00:00,2024,summer,5.659,260.0,22.33,4.781752748276548,9.0,0.0,290.72861433835806,21.280872490900176,0.0,312.0094868292582,1.7582747257529785
2024-06-06 23:00:00+00:00,2024,summer,3.601,210.0,22.33,0.48061570943712584,9.1,0.0,88.93736638721636,21.25797285127141,0.0,110.19533923848778,1.0449233808510245
2024-06-07 00:00:00+00:00,2024,summer,5.144,220.0,22.33,1.5613799602264435,9.7,0.0,152.60514976039153,21.120063002923622,0.0,173.72521276331514,1.3120012835592767
2024-06-07 01:00:00+00:00,2024,summer,5.659,230.0,22.33,2.6279173147136685,9.6,0.0,199.00169784300877,21.14310901764511,0.0,220.1448068606539,1.4769202880953722
2024-06-07 02:00:00+00:00,2024,summer,5.659,230.0,22.33,2.6279173147136685,9.9,0.0,198.0888460180408,21.073897587203227,0.0,219.16274360524403,1.473622344411089
2024-06-07 03:00:00+00:00,2024,summer,6.173,230.0,22.33,2.866607807691726,10.1,0.0,208.38060688486073,21.02763420777673,0.0,229.40824109263747,1.5076736386790328
2024-06-07 04:00:00+00:00,2024,summer,6.688,230.0,22.33,3.105762679060791,10.1,0.0,218.95944862599754,21.02763420777673,0.0,239.98708283377428,1.542044004574318
2024-06-07 05:00:00+00:00,2024,summer,6.688,230.0,22.33,3.105762679060791,10.4,84.0,217.94730941817315,20.958055153716582,1.2012,237.70416457188972,1.5346919995343016
2024-06-07 06:00:00+00:00,2024,summer,7.717,230.0,22.33,3.583608043407913,10.9,219.0,236.25831663042123,20.841598281761826,3.1317,253.96821491218307,1.5863262724846126
2024-06-07 07:00:00+00:00,2024,summer,8.746,240.0,22.33,5.344791435476809,11.0,369.0,301.99530448471336,20.81823298396238,5.2767,317.53683746867574,1.7737805619020433
2024-06-07 08:00:00+00:00,2024,summer,7.717,280.0,22.33,7.538998891326309,11.1,505.0,372.94064457914317,20.794843004512877,7.2215,386.51398758365605,1.9569757379537644
2024-06-07 09:00:00+00:00,2024,summer,7.202,260.0,22.33,6.085559868013377,12.6,564.0,319.0372021206756,20.441019684992096,8.0652,331.4130218056677,1.8121227726605906
2024-06-07 10:00:00+00:00,2024,summer,7.717,270.0,22.33,7.1383091831215655,12.9,247.0,350.4068072145109,20.369582974770935,3.5321000000000002,367.2442901892818,1.9075694560852385
2024-06-07 11:00:00+00:00,2024,summer,7.202,260.0,22.33,6.085559868013377,12.9,318.0,317.5033694181724,20.369582974770935,4.5474,333.32555239294334,1.8173439835405087
2024-06-07 12:00:00+00:00,2024,summer,6.688,290.0,22.33,6.68247066383452,11.5,433.0,343.9884288735458,20.701035922616132,6.1919,358.49756479616195,1.8847160925349862
2024-06-07 13:00:00+00:00,2024,summer,5.659,280.0,22.33,5.528468929119552,11.5,541.0,305.95851329240753,20.701035922616132,7.7363,318.9232492150237,1.7776486355641554
2024-06-07 14:00:00+00:00,2024,summer,5.659,270.0,22.33,5.234636732834643,13.2,743.0,287.8852188348242,20.297921149072955,10.6249,297.5582399838971,1.7170732577304966
2024-06-07 15:00:00+00:00,2024,summer,7.202,270.0,22.33,6.66192856509544,14.1,685.0,329.2767602420605,20.08158025229009,9.7955,339.5628404943506,1.8342685201550657
2024-06-07 16:00:00+00:00,2024,summer,8.746,280.0,22.33,8.544263872429688,13.7,556.0,386.539975360581,20.17798323291303,7.9508,398.76715859349406,1.987753494770665
2024-06-07 17:00:00+00:00,2024,summer,8.746,300.0,22.33,8.667751452258278,11.2,339.0,405.88768022908994,20.77142832603801,4.8477,421.81140855512797,2.0443817465942797
2024-06-07 18:00:00+00:00,2024,summer,6.688,270.0,22.33,6.186472957978104,12.6,260.0,322.2963908544739,20.441019684992096,3.718,339.019410539466,1.8328001680958355
2024-06-07 19:00:00+00:00,2024,summer,7.202,280.0,22.33,7.03587793382559,11.6,96.0,354.5610052349649,20.677522274164204,1.3728,373.8657275091291,1.9246894300523827
2024-06-07 20:00:00+00:00,2024,summer,8.231,280.0,22.33,8.041142914928969,11.0,29.32,388.7096904393867,20.81823298396238,0.41927600000000004,409.10864742334905,2.0133633720942443
2024-06-07 21:00:00+00:00,2024,summer,8.231,270.0,22.33,7.613764790238902,10.4,0.0,379.3324420804104,20.958055153716582,0.0,400.290497234127,1.9915466047345534
2024-06-07 22:00:00+00:00,2024,summer,7.202,260.0,22.33,6.085559868013377,10.9,0.0,327.728920768194,20.841598281761826,0.0,348.5705190499558,1.8584383566313678
2024-06-07 23:00:00+00:00,2024,summer,7.202,290.0,22.33,7.196045711862473,9.9,0.0,369.1679859058277,21.073897587203227,0.0,390.24188349303097,1.9663905269606299
2024-06-08 00:00:00+00:00,2024,summer,6.688,290.0,22.33,6.68247066383452,10.5,0.0,349.4055694857276,20.93481300375153,0.0,370.3403824894791,1.915593563803553
2024-06-08 01:00:00+00:00,2024,summer,7.202,290.0,22.33,7.196045711862473,10.9,0.0,363.4972027121898,20.841598281761826,0.0,384.3388009939516,1.951461327847346
2024-06-08 02:00:00+00:00,2024,summer,7.717,290.0,22.33,7.710619933135615,10.6,0.0,381.12378929803344,20.911546258921337,0.0,402.0353355569548,1.9958823913088335
2024-06-08 03:00:00+00:00,2024,summer,8.231,300.0,22.33,8.157359044538975,10.6,0.0,394.6231070769594,20.911546258921337,0.0,415.53465333588076,2.0291140476504266
2024-06-08 04:00:00+00:00,2024,summer,8.231,280.0,22.33,8.041142914928969,10.4,0.0,392.3538437872559,20.958055153716582,0.0,413.3118989409725,2.0236797598325946
2024-06-08 05:00:00+00:00,2024,summer,8.746,300.0,22.33,8.667751452258278,10.5,32.0,410.34099333505173,20.93481300375153,0.4576,430.81820633880324,2.066092960176572
2024-06-08 06:00:00+00:00,2024,summer,7.717,310.0,22.33,7.352916122582979,11.2,85.0,366.65002917864905,20.77142832603801,1.2155,386.20595750468703,1.9561957822997464
2024-06-08 07:00:00+00:00,2024,summer,8.231,300.0,22.33,8.157359044538975,11.4,260.0,389.7209566784878,20.724524802480246,3.718,406.72748148096804,2.0074955560036076
2024-06-08 08:00:00+00:00,2024,summer,8.746,300.0,22.33,8.667751452258278,11.8,341.0,402.07055470969414,20.63042060186722,4.8763,417.82467531156135,2.0346976148227576
2024-06-08 09:00:00+00:00,2024,summer,7.717,300.0,22.33,7.647957690038545,12.4,564.0,368.60773370583945,20.488519327396272,8.0652,381.0310530332357,1.9430457181758685
2024-06-08 10:00:00+00:00,2024,summer,7.202,310.0,22.33,6.8622135434550495,13.4,729.0,339.214657977296,20.250021301172904,10.4247,349.03997927846893,1.8596894224615252
2024-06-08 11:00:00+00:00,2024,summer,7.202,300.0,22.33,7.137565282319244,13.3,818.01,348.12733609576827,20.273983766537576,11.697543,356.70377686230586,1.8799949717062996
2024-06-08 12:00:00+00:00,2024,summer,7.202,300.0,22.33,7.137565282319244,12.8,868.01,350.9484652375492,20.393420201026206,12.412543,358.9293424385754,1.8858507353721337
2024-06-08 13:00:00+00:00,2024,summer,8.231,280.0,22.33,8.041142914928969,14.1,835.01,369.8815648087289,20.08158025229009,11.940643,378.022502061019,1.9353595505196248
2024-06-08 14:00:00+00:00,2024,summer,8.746,280.0,22.33,8.544263872429688,13.6,803.01,387.1705462828658,20.20202105188573,11.483043,395.8895243347515,1.9805683690258031
2024-06-08 15:00:00+00:00,2024,summer,8.746,280.0,22.33,8.544263872429688,12.9,745.01,391.5845427388594,20.369582974770935,10.653643,401.30048271363034,1.9940574886889186
2024-06-08 16:00:00+00:00,2024,summer,8.746,280.0,22.33,8.544263872429688,12.3,619.0,395.3679682725682,20.512231751676453,8.851700000000001,407.02850002424464,2.0082382911857093
2024-06-08 17:00:00+00:00,2024,summer,8.746,280.0,22.33,8.544263872429688,12.4,476.0,394.7373973502834,20.488519327396272,6.8068,408.41911667767965,2.0116659484199815
2024-06-08 18:00:00+00:00,2024,summer,8.746,280.0,22.33,8.544263872429688,11.7,328.0,399.151393806277,20.653983839718578,4.6904,415.11497764599557,2.0280891211447005
2024-06-08 19:00:00+00:00,2024,summer,9.26,280.0,22.33,9.046407896032347,11.5,181.0,414.7964213439255,20.701035922616132,2.5883,432.9091572665416,2.0711007218885413
2024-06-08 20:00:00+00:00,2024,summer,9.26,280.0,22.33,9.046407896032347,11.4,33.760000000000005,415.4496440547033,20.724524802480246,0.4827680000000001,435.6914008571835,2.0777453930277763
2024-06-08 21:00:00+00:00,2024,summer,9.774,270.0,22.33,9.041056622499699,11.5,0.0,414.64476745925714,20.701035922616132,0.0,435.3458033818733,2.07692117890263
2024-06-08 22:00:00+00:00,2024,summer,10.289,280.0,22.33,10.051672877135726,11.0,0.0,446.19251142661915,20.81823298396238,0.0,467.01074441058154,2.1511280828619226
2024-06-08 23:00:00+00:00,2024,summer,10.289,280.0,22.33,10.051672877135726,10.6,0.0,448.98121462303556,20.911546258921337,0.0,469.8927608819569,2.1577553942451346
2024-06-09 00:00:00+00:00,2024,summer,10.803,280.0,22.33,10.553816900738386,11.6,0.0,455.5283053704226,20.677522274164204,0.0,476.20582764458675,2.172201887462666
2024-06-09 01:00:00+00:00,2024,summer,9.26,300.0,22.33,9.177152806758706,11.5,0.0,418.49112428912235,20.701035922616132,0.0,439.1921602117385,2.0860759844538794
2024-06-09 02:00:00+00:00,2024,summer,9.26,300.0,22.33,9.177152806758706,11.5,0.0,418.49112428912235,20.701035922616132,0.0,439.1921602117385,2.0860759844538794
2024-06-09 03:00:00+00:00,2024,summer,9.774,290.0,22.33,9.765919298492614,11.5,0.0,434.8860184781232,20.701035922616132,0.0,455.58705440073936,2.124655497210157
2024-06-09 04:00:00+00:00,2024,summer,9.26,300.0,22.33,9.177152806758706,10.2,0.0,427.0586591170886,21.004465738399713,0.0,448.0631248554883,2.107038327010782
2024-06-09 05:00:00+00:00,2024,summer,10.289,280.0,22.33,10.051672877135726,10.2,62.0,451.76991781945185,21.004465738399713,0.8866,471.88778355785155,2.162331131289217
2024-06-09 06:00:00+00:00,2024,summer,9.774,290.0,22.33,9.765919298492614,10.3,197.0,443.1043369375524,20.981272726155126,2.8171,461.2685096637075,2.137862341253633
2024-06-09 07:00:00+00:00,2024,summer,8.746,290.0,22.33,8.73876920243671,10.5,325.0,412.4155066499579,20.93481300375153,4.6475,428.7028196537094,2.061014293867368
2024-06-09 08:00:00+00:00,2024,summer,7.202,300.0,22.33,7.137565282319244,10.9,489.0,361.66875597631673,20.841598281761826,6.9927,375.51765425807855,1.9289368661762407
2024-06-09 09:00:00+00:00,2024,summer,7.202,290.0,22.33,7.196045711862473,11.3,598.0,361.2288894347347,20.747988931156307,8.551400000000001,373.425478365891,1.9235558780758877
2024-06-09 10:00:00+00:00,2024,summer,6.688,280.0,22.33,6.533733910222931,11.1,503.0,341.37336677937174,20.794843004512877,7.1929,354.9753097838846,1.8754345272950164
2024-06-09 11:00:00+00:00,2024,summer,6.688,260.0,22.33,5.651239155411478,11.9,727.0,308.1861820586856,20.606832543192034,10.3961,318.3969146018776,1.7761811596740158
2024-06-09 12:00:00+00:00,2024,summer,8.746,260.0,22.33,7.390211969681338,12.3,867.01,361.4568896310212,20.512231751676453,12.398243,369.5708783826977,1.9136023906958932
2024-06-09 13:00:00+00:00,2024,summer,10.289,280.0,22.33,10.051672877135726,12.1,870.01,438.5235776364741,20.559581893667065,12.441143,446.6420165301412,2.1036942583169838
2024-06-09 14:00:00+00:00,2024,summer,9.774,270.0,22.33,9.041056622499699,12.1,838.01,410.7268641446815,20.559581893667065,11.983543,419.3029030383486,2.038293729432546
2024-06-09 15:00:00+00:00,2024,summer,10.289,270.0,22.33,9.517437240525824,12.4,739.01,421.94778524751376,20.488519327396272,10.567843,431.86846157491004,2.0686098037758325
2024-06-09 16:00:00+00:00,2024,summer,9.774,280.0,22.33,9.548551919635006,11.8,598.0,426.85214377751214,20.63042060186722,8.551400000000001,438.93116437937937,2.0854560530217623
2024-06-09 17:00:00+00:00,2024,summer,7.202,290.0,22.33,7.196045711862473,11.0,449.0,362.93012439282603,20.81823298396238,6.4207,377.3276573767884,1.9335800363164086
2024-06-09 18:00:00+00:00,2024,summer,6.173,340.0,22.33,4.156896293609104,10.5,280.0,260.56619975125744,20.93481300375153,4.0040000000000004,277.49701275500894,1.6581812115868975
2024-06-09 19:00:00+00:00,2024,summer,5.659,350.0,22.33,3.0264040798197573,9.9,103.0,216.1487987690248,21.073897587203227,1.4729,235.74979635622802,1.5283699735737852
2024-06-09 20:00:00+00:00,2024,summer,5.659,350.0,22.33,3.0264040798197573,9.8,25.8,216.48082457358555,21.096992531874935,0.36894,237.2088771054605,1.5330923008594894
2024-06-09 21:00:00+00:00,2024,summer,5.659,350.0,22.33,3.0264040798197573,9.9,0.0,216.1487987690248,21.073897587203227,0.0,237.22269635622803,1.5331369574479319
2024-06-09 22:00:00+00:00,2024,summer,5.659,360.0,22.33,2.150083550762216,9.0,0.0,179.0396097109416,21.280872490900176,0.0,200.32048220184177,1.4088524523205892
2024-06-09 23:00:00+00:00,2024,summer,4.63,330.0,22.33,3.664846957373521,9.2,0.0,245.90729348195265,21.235048858962156,0.0,267.1423423409148,1.6269499713544169
2024-06-10 00:00:00+00:00,2024,summer,4.63,340.0,22.33,3.1178405701296206,9.1,0.0,222.86718739046722,21.25797285127141,0.0,244.12516024173863,1.555281852264506
2024-06-10 01:00:00+00:00,2024,summer,4.63,340.0,22.33,3.1178405701296206,8.8,0.0,223.88175728754067,21.32659878112227,0.0,245.20835606866294,1.5587284658739236
2024-06-10 02:00:00+00:00,2024,summer,6.173,340.0,22.33,4.156896293609104,8.9,0.0,267.0298574195057,21.30374779510149,0.0,288.3336052146072,1.6902481331216053
2024-06-10 03:00:00+00:00,2024,summer,4.116,340.0,22.33,2.7717131288668506,8.1,0.0,210.37956811827988,21.485876221672026,0.0,231.8654443399519,1.515726516632708
2024-06-10 04:00:00+00:00,2024,summer,5.659,340.0,22.33,3.8107688523463334,9.0,0.0,252.67875688376037,21.280872490900176,0.0,273.95962937466055,1.64757851057543
2024-06-10 05:00:00+00:00,2024,summer,4.63,340.0,22.33,3.1178405701296206,8.9,11.0,223.54356732184948,21.30374779510149,0.1573,244.69001511695097,1.5570801121227467
2024-06-10 06:00:00+00:00,2024,summer,4.63,330.0,22.33,3.664846957373521,10.2,64.0,242.17010057189256,21.004465738399713,0.9152,262.25936631029225,1.612012249184349
2024-06-10 07:00:00+00:00,2024,summer,5.659,340.0,22.33,3.8107688523463334,11.4,206.0,243.49043845162362,20.724524802480246,2.9458,261.26916325410383,1.6089661634979813
2024-06-10 08:00:00+00:00,2024,summer,6.688,340.0,22.33,4.503697134563046,11.8,255.0,268.27600774379727,20.63042060186722,3.6465,285.2599283456645,1.681214852949113
2024-06-10 09:00:00+00:00,2024,summer,6.173,350.0,22.33,3.3012886348696524,11.5,322.0,222.47393239165189,20.701035922616132,4.6046000000000005,238.57036831426802,1.537485697113004
2024-06-10 10:00:00+00:00,2024,summer,6.173,340.0,22.33,4.156896293609104,12.9,351.0,250.8707132488851,20.369582974770935,5.0193,266.2209962236561,1.6241419576200709
2024-06-10 11:00:00+00:00,2024,summer,6.173,330.0,22.33,4.88619876195826,13.0,441.0,276.78009399445244,20.34572073568897,6.3063,290.8195147301414,1.697518853669824
2024-06-10 12:00:00+00:00,2024,summer,6.688,340.0,22.33,4.503697134563046,13.9,263.0,259.3617733092724,20.12983211863795,3.7609,275.7307054279104,1.6528955093484339
2024-06-10 13:00:00+00:00,2024,summer,7.717,340.0,22.33,5.196625416779758,13.5,140.0,285.20028432615237,20.22603373546297,2.0020000000000002,303.42431806161534,1.7339158879361027
2024-06-10 14:00:00+00:00,2024,summer,8.231,330.0,22.33,6.515195530484115,13.6,125.0,327.44211950604586,20.20202105188573,1.7875,345.85664055793154,1.8511895633440807
2024-06-10 15:00:00+00:00,2024,summer,8.231,320.0,22.33,7.289677283579958,14.5,121.0,345.8343366179603,19.9847737014965,1.7303,364.0888103194568,1.899356553994733
2024-06-10 16:00:00+00:00,2024,summer,8.746,330.0,22.33,6.92284049442523,14.1,199.0,337.1879226768364,20.08158025229009,2.8457,354.4238029291265,1.8739770779713545
2024-06-10 17:00:00+00:00,2024,summer,7.717,330.0,22.33,6.108342110162303,13.1,284.0,317.2124951073733,20.32183346628884,4.0612,333.47312857366217,1.817746243438547
2024-06-10 18:00:00+00:00,2024,summer,8.231,330.0,22.33,6.515195530484115,13.4,122.0,328.50870621453464,20.250021301172904,1.7446,347.01412751570757,1.854284686783392
2024-06-10 19:00:00+00:00,2024,summer,7.202,350.0,22.33,3.8515925398236246,12.5,18.0,240.86003801865948,20.464781977655118,0.2574,261.0674199963146,1.6083448487653405
2024-06-10 20:00:00+00:00,2024,summer,7.717,340.0,22.33,5.196625416779758,11.6,5.0,294.0113500207815,20.677522274164204,0.07150000000000001,314.61737229494565,1.7656075755151683
2024-06-10 21:00:00+00:00,2024,summer,6.688,340.0,22.33,4.503697134563046,11.0,0.0,271.67190657599724,20.81823298396238,0.0,292.49013955995963,1.7023876054174807
2024-06-10 22:00:00+00:00,2024,summer,6.688,340.0,22.33,4.503697134563046,10.4,0.0,274.2188307001472,20.958055153716582,0.0,295.1768858538638,1.7101885998477009
2024-06-10 23:00:00+00:00,2024,summer,5.144,320.0,22.33,4.555716188401811,10.5,0.0,275.744422022099,20.93481300375153,0.0,296.6792350258505,1.7145352130625098
2024-06-11 00:00:00+00:00,2024,summer,4.63,300.0,22.33,4.588576403379353,9.9,0.0,279.5483784952265,21.073897587203227,0.0,300.6222760824297,1.7258911950288236
2024-06-11 01:00:00+00:00,2024,summer,5.144,330.0,22.33,4.0717003776953336,9.8,0.0,260.0447275302321,21.096992531874935,0.0,281.141720062107,1.669035148233248
2024-06-11 02:00:00+00:00,2024,summer,4.116,330.0,22.33,3.257993537051709,9.6,0.0,227.2688887223811,21.14310901764511,0.0,248.4119977400262,1.5688777994651897
2024-06-11 03:00:00+00:00,2024,summer,4.116,320.0,22.33,3.645281460237529,9.3,0.0,244.72265399497954,21.212100496713223,0.0,265.9347544916928,1.6232685812795573
2024-06-11 04:00:00+00:00,2024,summer,4.63,320.0,22.33,4.10049882431967,9.1,0.0,263.9839330952735,21.25797285127141,0.0,285.24190594654493,1.6811617434853183
2024-06-11 05:00:00+00:00,2024,summer,4.116,310.0,22.33,3.921809350855454,9.9,25.0,253.69659410717037,21.073897587203227,0.3575,274.4129916943736,1.6489411953802755
2024-06-11 06:00:00+00:00,2024,summer,4.63,330.0,22.33,3.664846957373521,10.1,121.0,242.5438198628986,21.02763420777673,1.7303,261.8411540706753,1.610726437659592
2024-06-11 07:00:00+00:00,2024,summer,4.63,330.0,22.33,3.664846957373521,10.9,137.0,239.5540655348505,20.841598281761826,1.9591,258.43656381661236,1.6002204375999243
2024-06-11 08:00:00+00:00,2024,summer,5.144,320.0,22.33,4.555716188401811,9.6,352.0,279.5920186084539,21.14310901764511,5.0336,295.701527626099,1.7117077534333356
2024-06-11 09:00:00+00:00,2024,summer,4.63,340.0,22.33,3.1178405701296206,11.2,566.0,215.76519811095307,20.77142832603801,8.0938,228.44282643699108,1.5044979358992772
2024-06-11 10:00:00+00:00,2024,summer,5.144,350.0,22.33,2.7509847299156798,12.0,458.0,197.19833764539194,20.58321964626876,6.5494,211.2321572916607,1.4467145557659005
2024-06-11 11:00:00+00:00,2024,summer,7.202,330.0,22.33,5.700697146221188,13.3,383.0,302.97559997923594,20.273983766537576,5.4769,317.7726837457735,1.7744391656329426
2024-06-11 12:00:00+00:00,2024,summer,8.231,340.0,22.33,5.542752858042529,13.7,291.0,295.8297507276244,20.17798323291303,4.1613,311.84643396053747,1.7578152377959662
2024-06-11 13:00:00+00:00,2024,summer,8.231,330.0,22.33,6.515195530484115,13.9,344.0,325.84223944331274,20.12983211863795,4.9192,341.05287156195067,1.8382885792247232
2024-06-11 14:00:00+00:00,2024,summer,7.717,320.0,22.33,6.834459919497817,14.0,370.0,335.0703785039615,20.105718788248662,5.291,349.88509729221016,1.8619394610314517
2024-06-11 15:00:00+00:00,2024,summer,6.688,330.0,22.33,5.293843725899375,13.7,487.0,287.5477871214719,20.17798323291303,6.9641,300.761670354385,1.7262912842502522
2024-06-11 16:00:00+00:00,2024,summer,7.202,340.0,22.33,4.849824575825816,13.2,404.0,274.6162084256845,20.297921149072955,5.7772,289.13692957475746,1.6926010899727695
2024-06-11 17:00:00+00:00,2024,summer,6.173,320.0,22.33,5.467036553461193,13.3,235.0,295.2397924025233,20.273983766537576,3.3605,312.15327616906086,1.7586798288848984
2024-06-11 18:00:00+00:00,2024,summer,6.688,330.0,22.33,5.293843725899375,11.8,64.0,296.4603612736872,20.63042060186722,0.9152,316.1755818755544,1.7699744491079707
2024-06-11 19:00:00+00:00,2024,summer,5.659,330.0,22.33,4.479345341636448,11.3,28.0,269.4939543786835,20.747988931156307,0.4004,289.84154330983984,1.6946622314971542
2024-06-11 20:00:00+00:00,2024,summer,4.63,340.0,22.33,3.1178405701296206,10.6,7.0,217.7943379051,20.911546258921337,0.1001,238.60578416402134,1.537599813007092
2024-06-11 21:00:00+00:00,2024,summer,4.116,360.0,22.33,1.5638352880256723,10.3,0.0,151.3137138756331,20.981272726155126,0.0,172.29498660178825,1.3065894708867425
2024-06-11 22:00:00+00:00,2024,summer,3.087,350.0,22.33,1.6509117148619177,10.3,0.0,155.18316118596633,20.981272726155126,0.0,176.16443391212147,1.3211798764042195
2024-06-11 23:00:00+00:00,2024,summer,3.087,350.0,22.33,1.6509117148619177,10.1,0.0,155.6628618387823,21.02763420777673,0.0,176.69049604655905,1.323151059220496
2024-06-12 00:00:00+00:00,2024,summer,2.572,350.0,22.33,1.3754923649578399,9.9,0.0,143.4113428509008,21.073897587203227,0.0,164.48524043810403,1.2766336889578676
2024-06-12 01:00:00+00:00,2024,summer,2.572,350.0,22.33,1.3754923649578399,10.0,0.0,143.19104892947087,21.050778151606515,0.0,164.2418270810774,1.2756887265347572
2024-06-12 02:00:00+00:00,2024,summer,2.572,340.0,22.33,1.7319840056961955,10.1,0.0,159.17950271123917,21.02763420777673,0.0,180.2071369190159,1.3362534121152592
2024-06-12 03:00:00+00:00,2024,summer,2.058,10.0,22.33,0.4394693061738171,9.5,0.0,84.78655770083077,21.166130593329157,0.0,105.95268829415993,1.024610551567408
2024-06-12 04:00:00+00:00,2024,summer,1.029,10.0,22.33,0.21973465308690854,8.4,0.0,62.41370366732583,21.417759888125,0.0,83.83146355545082,0.9113944045631448
2024-06-12 05:00:00+00:00,2024,summer,1.029,350.0,22.33,0.5503039049539724,9.4,16.0,94.29868760153494,21.189127747259363,0.2288,115.25901534879429,1.0686618020208287
2024-06-12 06:00:00+00:00,2024,summer,1.543,170.0,22.33,0.8251884600038671,8.6,73.0,115.28235651066306,21.372227867579472,1.0439,135.61068437824252,1.1591770860178787
2024-06-12 07:00:00+00:00,2024,summer,1.543,210.0,22.33,0.20594002767605807,10.5,138.0,58.646744866442916,20.93481300375153,1.9734,77.60815787019445,0.8769130260190788
2024-06-12 08:00:00+00:00,2024,summer,1.543,200.0,22.33,0.06273060940469402,11.7,184.0,41.104058978379236,20.653983839718578,2.6312,59.12684281809781,0.7654118447536215
2024-06-12 09:00:00+00:00,2024,summer,2.572,260.0,22.33,2.1732935268717584,11.9,0.0,172.03132225311168,20.606832543192034,0.0,192.63815479630372,1.3815734815764562
2024-06-12 10:00:00+00:00,2024,summer,3.087,260.0,22.33,2.6084592214047895,12.8,229.0,188.39732570017074,20.393420201026206,3.2747,205.51604590119695,1.4270056794128305
2024-06-12 11:00:00+00:00,2024,summer,4.63,260.0,22.33,3.9122663411416183,12.9,454.0,241.6414118875932,20.369582974770935,6.4922,255.5187948623641,1.5911614892119934
2024-06-12 12:00:00+00:00,2024,summer,4.63,270.0,22.33,4.2828005076911815,12.9,670.0,255.53971949829727,20.369582974770935,9.581,266.3283024730682,1.624469247777659
2024-06-12 13:00:00+00:00,2024,summer,3.601,280.0,22.33,3.517938966912795,13.5,509.0,224.09919195355448,20.22603373546297,7.2787,237.04652568901747,1.5325675685804419
2024-06-12 14:00:00+00:00,2024,summer,2.058,350.0,22.33,1.1006078099079448,14.5,460.0,120.1260403123286,19.9847737014965,6.578,133.5328140138251,1.1502621634758758
2024-06-12 15:00:00+00:00,2024,summer,2.058,10.0,22.33,0.4394693061738171,15.2,102.0,77.40818550396457,19.814387763002607,1.4586000000000001,95.76397326696717,0.9741008272557264
2024-06-12 16:00:00+00:00,2024,summer,1.543,120.0,22.33,1.52919511672016,15.5,109.0,137.70752674494048,19.740984320074872,1.5587,155.88981106501535,1.2428299176936695
2024-06-12 17:00:00+00:00,2024,summer,3.087,190.0,22.33,0.6592039592607246,15.6,231.0,92.88181110984412,19.71646559010476,3.3033,109.29497669994888,1.0406457974620322
2024-06-12 18:00:00+00:00,2024,summer,3.601,170.0,22.33,1.925796269911812,15.6,58.0,153.07203785747112,19.71646559010476,0.8294,171.95910344757587,1.3053152739514786
2024-06-12 19:00:00+00:00,2024,summer,3.601,190.0,22.33,0.7689645148357205,14.8,15.0,101.13694399954854,19.911903268935795,0.2145,120.83434726848434,1.094203334721196
2024-06-12 20:00:00+00:00,2024,summer,3.087,180.0,22.33,1.1728764660192548,13.4,14.0,125.9891862990684,20.250021301172904,0.2002,146.0390076002413,1.2029214533756205
2024-06-12 21:00:00+00:00,2024,summer,2.572,170.0,22.33,1.3754923649578397,12.9,0.0,136.80252520800215,20.369582974770935,0.0,157.1721081827731,1.247930999532438
2024-06-12 22:00:00+00:00,2024,summer,3.601,180.0,22.33,1.36816590674938,12.4,0.0,137.56121318689424,20.488519327396272,0.0,158.0497325142905,1.2514102745737428
2024-06-12 23:00:00+00:00,2024,summer,3.087,170.0,22.33,1.6509117148619172,11.5,0.0,152.30495726907046,20.701035922616132,0.0,173.0059931916866,1.3092826348013424
2024-06-13 00:00:00+00:00,2024,summer,2.572,120.0,22.33,2.548988878939891,11.4,0.0,189.911606703508,20.724524802480246,0.0,210.63613150598826,1.4446720440678305
2024-06-13 01:00:00+00:00,2024,summer,3.601,120.0,22.33,3.568782641159622,11.1,0.0,234.91853490233342,20.794843004512877,0.0,255.7133779068463,1.5917672257199258
2024-06-13 02:00:00+00:00,2024,summer,3.601,130.0,22.33,3.431106771727525,11.9,0.0,226.40536833664035,20.606832543192034,0.0,247.0122008798324,1.5644512565748232
2024-06-13 03:00:00+00:00,2024,summer,4.116,130.0,22.33,3.9218093508554546,11.9,0.0,245.90253591647397,20.606832543192034,0.0,266.509368459666,1.6250213598672274
2024-06-13 04:00:00+00:00,2024,summer,5.659,140.0,22.33,5.011819189379053,11.1,0.0,289.7723995376066,20.794843004512877,0.0,310.56724254211946,1.7542062614216343
2024-06-13 05:00:00+00:00,2024,summer,4.116,130.0,22.33,3.9218093508554546,10.5,60.0,251.35837664996149,20.93481300375153,0.858,271.435189653713,1.6399700201225218
2024-06-13 06:00:00+00:00,2024,summer,5.144,130.0,22.33,4.901308868027323,10.8,164.0,287.1487256950504,20.864938915280412,2.3452,305.66846461033083,1.74031615447113
2024-06-13 07:00:00+00:00,2024,summer,5.144,130.0,22.33,4.901308868027323,11.1,244.0,285.8069092198399,20.794843004512877,3.4892,303.1125522243528,1.7330248672812711
2024-06-13 08:00:00+00:00,2024,summer,6.173,130.0,22.33,5.881761205741187,11.4,321.0,318.3989939579777,20.724524802480246,4.5903,334.53321876045794,1.820633201615898
2024-06-13 09:00:00+00:00,2024,summer,6.688,120.0,22.33,6.6281639278188145,11.8,383.0,340.64114679621355,20.63042060186722,5.4769,355.7946673980808,1.8775977282427407
2024-06-13 10:00:00+00:00,2024,summer,6.173,110.0,22.33,6.167896442561378,12.5,415.0,322.2135010131524,20.464781977655118,5.9345,336.74378299080746,1.826638584181748
2024-06-13 11:00:00+00:00,2024,summer,7.202,120.0,22.33,7.137565282319244,12.9,437.0,350.384239409193,20.369582974770935,6.2491,364.50472238396395,1.9004410968457743
2024-06-13 12:00:00+00:00,2024,summer,7.717,120.0,22.33,7.647957690038545,13.4,460.0,362.7194312504746,20.250021301172904,6.578,376.39145255164755,1.9311797998393552
2024-06-13 13:00:00+00:00,2024,summer,6.173,130.0,22.33,5.881761205741187,13.8,121.0,306.383937582205,20.15392026101056,1.7303,324.8075578432156,1.7939729769487232
2024-06-13 14:00:00+00:00,2024,summer,5.144,130.0,22.33,4.901308868027323,14.6,394.0,270.1523836757172,19.960508874188154,5.6342,284.47869254990536,1.6789111194250597
2024-06-13 15:00:00+00:00,2024,summer,3.601,130.0,22.33,3.431106771727525,15.7,483.0,212.77081366660494,19.69192137289192,6.9069,225.55583503949686,1.494961013808692
2024-06-13 16:00:00+00:00,2024,summer,4.63,260.0,22.33,3.9122663411416183,14.2,395.0,236.58289601877078,20.057416493203508,5.6485,250.99181251197427,1.577003332944845
2024-06-13 17:00:00+00:00,2024,summer,9.774,260.0,22.33,8.258853394885135,13.1,45.0,382.21353636486293,20.32183346628884,0.6435,401.8918698311518,1.9955262456666654
2024-06-13 18:00:00+00:00,2024,summer,10.289,260.0,22.33,8.694019089418166,12.9,45.0,395.81197515601536,20.369582974770935,0.6435,415.5380581307863,2.029122360679153
2024-06-13 19:00:00+00:00,2024,summer,10.289,260.0,22.33,8.694019089418166,12.9,163.0,395.81197515601536,20.369582974770935,2.3309,413.8506581307863,2.0249982810312437
2024-06-13 20:00:00+00:00,2024,summer,8.231,260.0,22.33,6.955046275148306,12.9,49.44,344.8196605612466,20.369582974770935,0.706992,364.48225153601754,1.9003825171093893
2024-06-13 21:00:00+00:00,2024,summer,6.688,250.0,22.33,4.944295310772669,12.1,0.0,282.8565051142303,20.559581893667065,0.0,303.4160870078974,1.7338923696306188
2024-06-13 22:00:00+00:00,2024,summer,6.173,240.0,22.33,3.7723985286071735,11.8,0.0,240.45053051498996,20.63042060186722,0.0,261.0809511168572,1.6083865284702232
2024-06-13 23:00:00+00:00,2024,summer,5.659,240.0,22.33,3.458286614836869,11.8,0.0,227.8726334163161,20.63042060186722,0.0,248.50305401818332,1.569165311916067
2024-06-14 00:00:00+00:00,2024,summer,6.173,240.0,22.33,3.7723985286071735,11.3,0.0,242.3528290158997,20.747988931156307,0.0,263.100817947056,1.614596225668448
2024-06-14 01:00:00+00:00,2024,summer,5.144,230.0,22.33,2.388762443344604,11.2,0.0,183.01663858045504,20.77142832603801,0.0,203.78806690649304,1.4209938837863756
2024-06-14 02:00:00+00:00,2024,summer,5.144,230.0,22.33,2.388762443344604,10.7,0.0,184.45093825585047,20.888254901881265,0.0,205.33919315773173,1.4263915565968288
2024-06-14 03:00:00+00:00,2024,summer,6.173,250.0,22.33,4.5635668291566525,10.9,0.0,274.32612120213696,20.841598281761826,0.0,295.1677194838988,1.7101620456968325
2024-06-14 04:00:00+00:00,2024,summer,8.231,260.0,22.33,6.955046275148306,11.0,0.0,355.36969848502065,20.81823298396238,0.0,376.18793146898304,1.9306576188152818
2024-06-14 05:00:00+00:00,2024,summer,7.717,260.0,22.33,6.520725562546407,10.1,78.0,346.28890885666874,21.02763420777673,1.1154,366.20114306444543,1.9048583306795548
2024-06-14 06:00:00+00:00,2024,summer,5.659,230.0,22.33,2.6279173147136685,10.2,200.0,197.17599419307288,21.004465738399713,2.86,215.32045993147258,1.4606477135384583
2024-06-14 07:00:00+00:00,2024,summer,6.173,230.0,22.33,2.866607807691726,11.4,348.0,204.20657315681265,20.724524802480246,4.9764,219.9546979592929,1.4762824435319866
2024-06-14 08:00:00+00:00,2024,summer,5.659,240.0,22.33,3.458286614836869,12.1,502.0,226.7909595235171,20.559581893667065,7.1786,240.17194141718417,1.542637797360151
2024-06-14 09:00:00+00:00,2024,summer,7.202,240.0,22.33,4.401233468820487,11.8,638.0,264.48744835688643,20.63042060186722,9.1234,275.99446895875366,1.6536858989097456
2024-06-14 10:00:00+00:00,2024,summer,6.173,240.0,22.33,3.7723985286071735,11.8,730.0,240.45053051498996,20.63042060186722,10.439,250.6419511168572,1.575903844913893
2024-06-14 11:00:00+00:00,2024,summer,6.688,260.0,22.33,5.651239155411478,13.3,814.01,301.34845377212207,20.273983766537576,11.640343,309.9820945386597,1.75255290893162
2024-06-14 12:00:00+00:00,2024,summer,6.688,260.0,22.33,5.651239155411478,13.4,864.01,300.8600446087961,20.250021301172904,12.355343,308.754722909969,1.7490798580164526
2024-06-14 13:00:00+00:00,2024,summer,6.688,260.0,22.33,5.651239155411478,13.9,751.0,298.41799879216626,20.12983211863795,10.7393,307.8085309108042,1.7463977367092072
2024-06-14 14:00:00+00:00,2024,summer,6.688,260.0,22.33,5.651239155411478,14.2,801.01,296.9527713021883,20.057416493203508,11.454443,305.5557447953918,1.7399952410863722
2024-06-14 15:00:00+00:00,2024,summer,6.688,260.0,22.33,5.651239155411478,13.6,699.0,299.8832262821441,20.20202105188573,9.9957,310.0895473340298,1.7528566367849812
2024-06-14 16:00:00+00:00,2024,summer,5.144,260.0,22.33,4.346587053743517,13.2,634.0,256.63931078885054,20.297921149072955,9.0662,267.87103193792353,1.6291673925107166
2024-06-14 17:00:00+00:00,2024,summer,5.144,260.0,22.33,4.346587053743517,13.1,489.0,257.0545847545283,20.32183346628884,6.9927,270.3837182208172,1.636790522971955
2024-06-14 18:00:00+00:00,2024,summer,5.659,270.0,22.33,5.234636732834643,12.6,335.0,290.6802209594341,20.441019684992096,4.7905,306.3307406444262,1.7422004608134132
2024-06-14 19:00:00+00:00,2024,summer,6.688,270.0,22.33,6.186472957978104,12.1,175.0,324.87889398632063,20.559581893667065,2.5025,342.9359758799877,1.8433565968479995
2024-06-14 20:00:00+00:00,2024,summer,5.144,240.0,22.33,3.1435635883938606,11.6,34.06,215.50393931299166,20.677522274164204,0.48705800000000005,235.69440358715588,1.5281904068892076
2024-06-14 21:00:00+00:00,2024,summer,4.116,230.0,22.33,1.911381457388489,10.1,0.0,166.66084160276876,21.02763420777673,0.0,187.6884758105455,1.3637087828465388
2024-06-14 22:00:00+00:00,2024,summer,3.087,190.0,22.33,0.6592039592607246,9.6,0.0,102.26381223205061,21.14310901764511,0.0,123.40692124969573,1.1057898331850593
2024-06-14 23:00:00+00:00,2024,summer,2.058,190.0,22.33,0.43946930617381635,9.4,0.0,84.91600282709152,21.189127747259363,0.0,106.10513057435088,1.0253473796253574
2024-06-15 00:00:00+00:00,2024,summer,2.572,170.0,22.33,1.3754923649578397,9.1,0.0,145.17369422234046,21.25797285127141,0.0,166.43166707361186,1.2841649599466758
2024-06-15 01:00:00+00:00,2024,summer,3.601,180.0,22.33,1.36816590674938,9.3,0.0,144.37334994215576,21.212100496713223,0.0,165.58545043886897,1.2808961512137271
2024-06-15 02:00:00+00:00,2024,summer,6.688,260.0,22.33,5.651239155411478,9.6,0.0,319.41959281518285,21.14310901764511,0.0,340.56270183282794,1.8369670870393795
2024-06-15 03:00:00+00:00,2024,summer,4.63,210.0,22.33,0.6179535503176597,9.5,0.0,99.38199662033804,21.166130593329157,0.0,120.5481272136672,1.0929066478749536
2024-06-15 04:00:00+00:00,2024,summer,6.173,260.0,22.33,5.216073460878447,9.3,0.0,305.38153989208445,21.212100496713223,0.0,326.59364038879767,1.7988986490063281
2024-06-15 05:00:00+00:00,2024,summer,5.144,220.0,22.33,1.5613799602264435,9.1,45.0,154.0073410292466,21.25797285127141,0.6435,174.621813880518,1.315382565752026
2024-06-15 06:00:00+00:00,2024,summer,4.116,240.0,22.33,2.515339760853252,9.7,190.0,193.3930753696588,21.120063002923622,2.717,211.7961383725824,1.4486446022071282
2024-06-15 07:00:00+00:00,2024,summer,3.087,230.0,22.33,1.433536093041367,10.5,357.0,144.85288093200586,20.93481300375153,5.1051,160.68259393575738,1.2617904928241885
2024-06-15 08:00:00+00:00,2024,summer,3.087,230.0,22.33,1.433536093041367,11.4,478.0,142.83167794225696,20.724524802480246,6.8354,156.72080274473723,1.2461380512561773
2024-06-15 09:00:00+00:00,2024,summer,2.058,240.0,22.33,1.257669880426626,12.1,650.0,132.90144691134213,20.559581893667065,9.295,144.1660288050092,1.195182709287645
2024-06-15 10:00:00+00:00,2024,summer,2.058,310.0,22.33,1.960904675427727,12.9,757.01,161.38282773049633,20.369582974770935,10.825243,170.92716770526727,1.3013927470176851
2024-06-15 11:00:00+00:00,2024,summer,2.572,300.0,22.33,2.548988878939891,12.9,757.0,185.43255937559508,20.369582974770935,10.8251,194.97704235036602,1.3899352619700227
2024-06-15 12:00:00+00:00,2024,summer,3.601,300.0,22.33,3.568782641159622,13.4,737.0,226.46293818440907,20.250021301172904,10.5391,236.17385948558197,1.5297439602455982
2024-06-15 13:00:00+00:00,2024,summer,4.63,300.0,22.33,4.588576403379353,13.6,527.0,263.6600681967267,20.20202105188573,7.5361,276.3259892486124,1.654678791807079
2024-06-15 14:00:00+00:00,2024,summer,3.601,320.0,22.33,3.1891784592602876,12.2,775.01,215.37344796244727,20.535919267950497,11.082643000000001,224.8267242303978,1.492542822072275
2024-06-15 15:00:00+00:00,2024,summer,3.601,280.0,22.33,3.517938966912795,13.9,692.0,222.6416362335314,20.12983211863795,9.8956,232.87586835216933,1.5190255454629713
2024-06-15 16:00:00+00:00,2024,summer,3.601,320.0,22.33,3.1891784592602876,11.8,461.0,216.745253363482,20.63042060186722,6.5923,230.78337396534923,1.5121855819864887
2024-06-15 17:00:00+00:00,2024,summer,2.572,80.0,22.33,2.1732935268717584,13.6,252.0,167.39656396737016,20.20202105188573,3.6036,183.9949850192559,1.3502240111112722
2024-06-15 18:00:00+00:00,2024,summer,3.087,320.0,22.33,2.7339610951781474,13.9,274.0,190.51881664391763,20.12983211863795,3.9182,206.73044876255557,1.431215587392683
2024-06-15 19:00:00+00:00,2024,summer,2.572,350.0,22.33,1.3754923649578399,12.6,68.0,137.463406972292,20.441019684992096,0.9724,156.9320266572841,1.2469775234950213
2024-06-15 20:00:00+00:00,2024,summer,1.029,340.0,22.33,0.6929282822167127,13.4,5.0,98.58763630072605,20.250021301172904,0.07150000000000001,118.76615760189895,1.0847987769114902
2024-06-15 21:00:00+00:00,2024,summer,0.514,340.0,22.33,0.34612744126277,11.4,0.0,73.65837042693313,20.724524802480246,0.0,94.38289522941338,0.9670512296145302
2024-06-15 22:00:00+00:00,2024,summer,1.029,340.0,22.33,0.6929282822167127,9.8,0.0,104.34925140921004,21.096992531874935,0.0,125.44624394108497,1.1148890884555862
2024-06-15 23:00:00+00:00,2024,summer,1.543,30.0,22.33,0.2059400276760578,8.9,0.0,60.10154783987402,21.30374779510149,0.0,81.40529563497552,0.8981092362061149
2024-06-16 00:00:00+00:00,2024,summer,1.029,220.0,22.33,0.3123366988866661,7.6,0.0,74.41067120208744,21.598920064830704,0.0,96.00959126691815,0.9753492272135308
2024-06-16 01:00:00+00:00,2024,summer,1.029,150.0,22.33,0.8144983842629275,7.8,0.0,115.9645157945703,21.553774931356237,0.0,137.51829072592653,1.1673015619320615
2024-06-16 02:00:00+00:00,2024,summer,1.543,230.0,22.33,0.7165358573251795,7.5,0.0,109.73006780727333,21.62145648119416,0.0,131.3515242884675,1.1408285792621897
2024-06-16 03:00:00+00:00,2024,summer,1.543,230.0,22.33,0.7165358573251795,8.1,0.0,108.75468942676424,21.485876221672026,0.0,130.24056564843627,1.1359938250307826
2024-06-16 04:00:00+00:00,2024,summer,2.058,210.0,22.33,0.2746756817610677,7.2,0.0,70.50191478665724,21.688921334707125,0.0,92.19083612136436,0.9557552905213977
2024-06-16 05:00:00+00:00,2024,summer,3.087,280.0,22.33,3.015794943310136,9.6,47.0,216.67413483957475,21.14310901764511,0.6721,237.14514385721986,1.5328863315100965
2024-06-16 06:00:00+00:00,2024,summer,4.116,290.0,22.33,4.112597077204379,11.9,171.0,253.2282494447842,20.606832543192034,2.4453,271.3897819879763,1.6398328412895147
2024-06-16 07:00:00+00:00,2024,summer,4.63,270.0,22.33,4.2828005076911815,12.8,304.0,255.95121663114477,20.393420201026206,4.3472,271.997436832171,1.6416676473196026
2024-06-16 08:00:00+00:00,2024,summer,6.173,260.0,22.33,5.216073460878447,12.6,310.0,290.04274108471947,20.441019684992096,4.433,306.0507607697116,1.7414041114622183
2024-06-16 09:00:00+00:00,2024,summer,6.688,270.0,22.33,6.186472957978104,11.8,586.0,326.4283958654287,20.63042060186722,8.3798,338.6790164672959,1.8318798210995253
2024-06-16 10:00:00+00:00,2024,summer,6.688,260.0,22.33,5.651239155411478,13.4,478.0,300.8600446087961,20.250021301172904,6.8354,314.27466590996903,1.7646456930679055
2024-06-16 11:00:00+00:00,2024,summer,5.659,260.0,22.33,4.781752748276548,14.2,590.0,267.8227235116995,20.057416493203508,8.437,279.443140004903,1.6639855866519555
2024-06-16 12:00:00+00:00,2024,summer,6.173,270.0,22.33,5.71009233995198,13.3,803.01,303.28408726782,20.273983766537576,11.483043,312.07502803435756,1.7584593890373923
2024-06-16 13:00:00+00:00,2024,summer,5.659,270.0,22.33,5.234636732834643,13.9,551.0,284.6243830227792,20.12983211863795,7.8793,296.87491514141715,1.715100546098889
2024-06-16 14:00:00+00:00,2024,summer,5.144,330.0,22.33,4.0717003776953336,14.1,454.0,242.8945384446493,20.08158025229009,6.4922,256.4839186969394,1.5941636568458513
2024-06-16 15:00:00+00:00,2024,summer,5.144,330.0,22.33,4.0717003776953336,14.5,278.0,241.29917201808345,19.9847737014965,3.9754,257.30854571957997,1.5967243154044144
2024-06-16 16:00:00+00:00,2024,summer,4.63,310.0,22.33,4.411559109441388,14.3,116.0,254.39326866381248,20.033227493424036,1.6588,272.7676961572365,1.6439904924621995
2024-06-16 17:00:00+00:00,2024,summer,4.63,280.0,22.33,4.523203948016174,14.9,301.0,255.79921669157463,19.88756245579483,4.3043000000000005,271.38247914736945,1.6398107779709603
2024-06-16 18:00:00+00:00,2024,summer,6.688,330.0,22.33,5.293843725899375,14.0,238.0,286.14053857112214,20.105718788248662,3.4034,302.84285735937084,1.732253714923479
2024-06-16 19:00:00+00:00,2024,summer,6.688,340.0,22.33,4.503697134563046,13.0,76.0,263.18215949549733,20.34572073568897,1.0868,282.44108023118633,1.672887614183085
2024-06-16 20:00:00+00:00,2024,summer,6.688,340.0,22.33,4.503697134563046,12.2,11.0,266.5780583276973,20.535919267950497,0.1573,286.95667759564776,1.6862074412033974
2024-06-16 21:00:00+00:00,2024,summer,6.173,340.0,22.33,4.156896293609104,11.4,0.0,256.9303923128678,20.724524802480246,0.0,277.65491711534804,1.6586529226219544
2024-06-16 22:00:00+00:00,2024,summer,5.659,340.0,22.33,3.8107688523463334,11.4,0.0,243.49043845162362,20.724524802480246,0.0,264.21496325410385,1.6180112557157782
2024-06-16 23:00:00+00:00,2024,summer,5.144,310.0,22.33,4.901308868027322,11.4,0.0,284.46509274462926,20.724524802480246,0.0,305.1896175471095,1.738952467989256
2024-06-17 00:00:00+00:00,2024,summer,6.173,320.0,22.33,5.467036553461193,11.1,0.0,305.76698111055487,20.794843004512877,0.0,326.56182411506774,1.7988110238374053
2024-06-17 01:00:00+00:00,2024,summer,6.173,320.0,22.33,5.467036553461193,11.1,0.0,305.76698111055487,20.794843004512877,0.0,326.56182411506774,1.7988110238374053
2024-06-17 02:00:00+00:00,2024,summer,6.173,330.0,22.33,4.88619876195826,10.9,0.0,286.1549036297484,20.841598281761826,0.0,306.9965019115102,1.7440926314437035
2024-06-17 03:00:00+00:00,2024,summer,6.173,330.0,22.33,4.88619876195826,11.1,0.0,285.2620646168631,20.794843004512877,0.0,306.05690762137596,1.741421598919181
2024-06-17 04:00:00+00:00,2024,summer,5.144,320.0,22.33,4.555716188401811,11.2,0.0,272.7518468993785,20.77142832603801,0.0,293.5232752254165,1.7053915476736936
2024-06-17 05:00:00+00:00,2024,summer,5.144,330.0,22.33,4.0717003776953336,11.6,51.0,252.86557861068582,20.677522274164204,0.7293000000000001,272.81380088484997,1.6441294248437412
2024-06-17 06:00:00+00:00,2024,summer,6.173,330.0,22.33,4.88619876195826,11.8,131.0,282.13712807176444,20.63042060186722,1.8733,300.8942486736317,1.7266717243183844
2024-06-17 07:00:00+00:00,2024,summer,7.202,340.0,22.33,4.849824575825816,12.0,224.0,279.9485619873483,20.58321964626876,3.2032,297.32858163361703,1.7164105028862955
2024-06-17 08:00:00+00:00,2024,summer,6.173,340.0,22.33,4.156896293609104,12.2,302.0,253.6985634787437,20.535919267950497,4.3186,269.9158827466942,1.6353738692634896
2024-06-17 09:00:00+00:00,2024,summer,6.688,330.0,22.33,5.293843725899375,13.0,365.0,290.8313670722881,20.34572073568897,5.2195,305.9575878079771,1.7411390179709516
2024-06-17 10:00:00+00:00,2024,summer,6.173,340.0,22.33,4.156896293609104,12.6,288.0,252.08264906168162,20.441019684992096,4.1184,268.4052687466737,1.6307911732844682
2024-06-17 11:00:00+00:00,2024,summer,5.659,330.0,22.33,4.479345341636448,12.8,273.0,263.1479428940991,20.393420201026206,3.9039,279.6374630951253,1.6645640489229518
2024-06-17 12:00:00+00:00,2024,summer,5.659,340.0,22.33,3.8107688523463334,12.6,318.0,238.89627923555526,20.441019684992096,4.5474,254.78989892054736,1.5888903853520993
2024-06-17 13:00:00+00:00,2024,summer,5.144,320.0,22.33,4.555716188401811,13.4,481.0,263.34661079939997,20.250021301172904,6.8783,276.71833210057287,1.6558530771475621
2024-06-17 14:00:00+00:00,2024,summer,5.144,300.0,22.33,5.097977757879782,13.3,629.0,282.7587764663958,20.273983766537576,8.9947,294.03806023293333,1.7068863616959196
2024-06-17 15:00:00+00:00,2024,summer,5.659,310.0,22.33,5.392011447155252,14.1,477.0,288.9337641609489,20.08158025229009,6.8211,302.194244413239,1.73039769553933
2024-06-17 16:00:00+00:00,2024,summer,6.688,330.0,22.33,5.293843725899375,13.3,428.0,289.42411852193834,20.273983766537576,6.1204,303.5777022884759,1.7343540890455063
2024-06-17 17:00:00+00:00,2024,summer,6.688,330.0,22.33,5.293843725899375,12.9,263.0,291.3004499224047,20.369582974770935,3.7609,307.90913289717565,1.7466831036022594
2024-06-17 18:00:00+00:00,2024,summer,6.173,330.0,22.33,4.88619876195826,12.4,29.0,279.45861103310847,20.488519327396272,0.4147,299.53243036050475,1.722759918442445
2024-06-17 19:00:00+00:00,2024,summer,6.688,330.0,22.33,5.293843725899375,11.9,16.0,295.99127842357063,20.606832543192034,0.2288,316.36931096676267,1.7705166210085665
2024-06-17 20:00:00+00:00,2024,summer,6.173,330.0,22.33,4.88619876195826,11.1,5.0,285.2620646168631,20.794843004512877,0.07150000000000001,305.98540762137594,1.7412181744675987
2024-06-17 21:00:00+00:00,2024,summer,5.659,340.0,22.33,3.8107688523463334,10.6,0.0,246.5532112623359,20.911546258921337,0.0,267.46475752125724,1.6279314615739484
2024-06-17 22:00:00+00:00,2024,summer,4.63,350.0,22.33,2.4761001748657847,11.0,0.0,187.71013987990833,20.81823298396238,0.0,208.52837286387071,1.4374257185741697
2024-06-17 23:00:00+00:00,2024,summer,5.659,330.0,22.33,4.479345341636448,10.9,0.0,271.186224107906,20.841598281761826,0.0,292.02782238966785,1.7010416553067769
2024-06-18 00:00:00+00:00,2024,summer,4.63,360.0,22.33,1.7591247287557976,10.3,0.0,159.8429595343285,20.981272726155126,0.0,180.8242322604836,1.3385393677278816
2024-06-18 01:00:00+00:00,2024,summer,3.601,330.0,22.33,2.850348573110594,10.4,0.0,206.68952672444527,20.958055153716582,0.0,227.64758187816184,1.501876958730837
2024-06-18 02:00:00+00:00,2024,summer,4.116,320.0,22.33,3.645281460237529,9.6,0.0,243.60519895390658,21.14310901764511,0.0,264.7483079715517,1.619643492384778
2024-06-18 03:00:00+00:00,2024,summer,4.116,330.0,22.33,3.257993537051709,9.8,0.0,226.5738768302637,21.096992531874935,0.0,247.67086936213866,1.5665357056581244
2024-06-18 04:00:00+00:00,2024,summer,4.63,330.0,22.33,3.664846957373521,9.6,0.0,244.41241631792863,21.14310901764511,0.0,265.55552533557375,1.6221107589525634
2024-06-18 05:00:00+00:00,2024,summer,5.144,330.0,22.33,4.0717003776953336,10.3,34.0,258.0505194970248,20.981272726155126,0.4862,278.54559222317994,1.6613111467709392
2024-06-18 06:00:00+00:00,2024,summer,5.144,350.0,22.33,2.7509847299156798,10.5,153.0,201.89353616075843,20.93481300375153,2.1879,220.64044916450996,1.4785819503010735
2024-06-18 07:00:00+00:00,2024,summer,4.63,340.0,22.33,3.1178405701296206,11.0,294.0,216.44157804233538,20.81823298396238,4.2042,233.05561102629775,1.5196116539579145
2024-06-18 08:00:00+00:00,2024,summer,5.659,340.0,22.33,3.8107688523463334,11.4,368.0,243.49043845162362,20.724524802480246,5.2624,258.95256325410384,1.6018171565120412
2024-06-18 09:00:00+00:00,2024,summer,5.659,340.0,22.33,3.8107688523463334,11.4,383.0,243.49043845162362,20.724524802480246,5.4769,258.73806325410385,1.6011535968289996
2024-06-18 10:00:00+00:00,2024,summer,6.173,340.0,22.33,4.156896293609104,12.1,352.0,254.1025420830092,20.559581893667065,5.0336,269.6285239766763,1.6345031087834943
2024-06-18 11:00:00+00:00,2024,summer,6.688,340.0,22.33,4.503697134563046,12.4,682.0,265.7290836196473,20.488519327396272,9.7526,276.4650029470436,1.6550949562376291
2024-06-18 12:00:00+00:00,2024,summer,6.688,340.0,22.33,4.503697134563046,13.4,686.0,261.48421007939737,20.250021301172904,9.809800000000001,271.9244313805703,1.6414473166933752
2024-06-18 13:00:00+00:00,2024,summer,7.717,340.0,22.33,5.196625416779758,13.3,655.0,286.12776492558703,20.273983766537576,9.3665,297.03524869212464,1.715563621670601
2024-06-18 14:00:00+00:00,2024,summer,7.202,340.0,22.33,4.849824575825816,13.1,598.0,275.0605712224898,20.32183346628884,8.551400000000001,286.83100468877865,1.6858381628175774
2024-06-18 15:00:00+00:00,2024,summer,7.202,330.0,22.33,5.700697146221188,13.3,287.0,302.97559997923594,20.273983766537576,4.1041,319.1454837457735,1.7782678850450397
2024-06-18 16:00:00+00:00,2024,summer,7.717,330.0,22.33,6.108342110162303,13.6,414.0,314.6501970855044,20.20202105188573,5.9202,328.93201813739006,1.8053271297711682
2024-06-18 17:00:00+00:00,2024,summer,7.717,340.0,22.33,5.196625416779758,12.9,145.0,287.98272612445635,20.369582974770935,2.0735,306.27880909922726,1.7420527789375713
2024-06-18 18:00:00+00:00,2024,summer,6.173,350.0,22.33,3.3012886348696524,12.5,29.0,218.97040589729517,20.464781977655118,0.4147,239.02048787495028,1.5389354292586674
2024-06-18 19:00:00+00:00,2024,summer,5.659,340.0,22.33,3.8107688523463334,12.1,66.0,240.8105122422504,20.559581893667065,0.9438,260.4262941359175,1.6063687589768922
2024-06-18 20:00:00+00:00,2024,summer,5.144,360.0,22.33,1.954414169485923,11.9,5.0,163.72842952591282,20.606832543192034,0.07150000000000001,184.26376206910487,1.351209844475045
2024-06-18 21:00:00+00:00,2024,summer,5.144,350.0,22.33,2.7509847299156798,11.0,0.0,200.3284699889696,20.81823298396238,0.0,221.146702972932,1.4802772624321898
2024-06-18 22:00:00+00:00,2024,summer,5.144,350.0,22.33,2.7509847299156798,9.7,0.0,204.39764203562055,21.120063002923622,0.0,225.51770503854416,1.4948346475939926
2024-06-18 23:00:00+00:00,2024,summer,3.601,350.0,22.33,1.9257962699118123,9.1,0.0,169.82234503042673,21.25797285127141,0.0,191.08031788169814,1.3759758492643583
2024-06-19 00:00:00+00:00,2024,summer,2.572,340.0,22.33,1.7319840056961955,8.2,0.0,163.83961141927236,21.46319498051422,0.0,185.3028063997866,1.355014155391255
2024-06-19 01:00:00+00:00,2024,summer,3.087,340.0,22.33,2.078784846650138,7.6,0.0,179.98658766771726,21.598920064830704,0.0,201.58550773254797,1.4132939089425463
2024-06-19 02:00:00+00:00,2024,summer,1.029,10.0,22.33,0.21973465308690854,5.6,0.0,65.0377032209071,22.045093220020593,0.0,87.0827964409277,0.9289001162391803
2024-06-19 03:00:00+00:00,2024,summer,1.029,150.0,22.33,0.8144983842629275,5.6,0.0,119.76097315689255,22.045093220020593,0.0,141.80606637691315,1.18535992078288
2024-06-19 04:00:00+00:00,2024,summer,1.029,140.0,22.33,0.9113203650593824,4.7,0.0,127.83301916901223,22.242763269032263,0.0,150.07578243804448,1.2194335568639523
2024-06-19 05:00:00+00:00,2024,summer,1.029,140.0,22.33,0.9113203650593824,6.3,8.0,124.92359056772605,21.89002034508136,0.1144,146.69921091280742,1.205637430441485
2024-06-19 06:00:00+00:00,2024,summer,1.029,190.0,22.33,0.21973465308690818,7.5,22.0,63.257132095262605,21.62145648119416,0.3146,84.56398857645677,0.9153676569014045
2024-06-19 07:00:00+00:00,2024,summer,0.514,100.0,22.33,0.5021440236026594,10.1,214.0,89.39468199822322,21.02763420777673,3.0602,107.36211620599995,1.0314029409601035
2024-06-19 08:00:00+00:00,2024,summer,1.543,250.0,22.33,1.1407068876378932,11.7,206.0,127.79910836431371,20.653983839718578,2.9458,145.5072922040323,1.2007295899726567
2024-06-19 09:00:00+00:00,2024,summer,3.087,270.0,22.33,2.855508675430384,12.5,458.0,200.19416518574403,20.464781977655118,6.5494,214.10954716339916,1.4565347493129996
2024-06-19 10:00:00+00:00,2024,summer,3.601,270.0,22.33,3.33096428254772,13.2,510.0,217.71869635707023,20.297921149072955,7.293,230.72361750614317,1.511989795122312
2024-06-19 11:00:00+00:00,2024,summer,5.144,280.0,22.33,5.025347971618833,13.7,541.0,278.44546791670786,20.17798323291303,7.7363,290.8871511496209,1.697716239705822
2024-06-19 12:00:00+00:00,2024,summer,4.63,280.0,22.33,4.523203948016174,13.7,248.0,260.9066885722716,20.17798323291303,3.5464,277.53827180518465,1.6583044785696393
2024-06-19 13:00:00+00:00,2024,summer,4.116,300.0,22.33,4.079175048878923,14.1,425.0,243.17000592083664,20.08158025229009,6.0775,257.17408617312674,1.5963070675399789
2024-06-19 14:00:00+00:00,2024,summer,4.63,300.0,22.33,4.588576403379353,14.7,435.0,258.9365164863618,19.9362187358664,6.2205,272.6522352222282,1.6436425099602432
2024-06-19 15:00:00+00:00,2024,summer,4.63,300.0,22.33,4.588576403379353,14.7,647.0,258.9365164863618,19.9362187358664,9.2521,269.62063522222826,1.6344791975744815
2024-06-19 16:00:00+00:00,2024,summer,6.688,280.0,22.33,6.533733910222931,14.4,540.0,323.7437562884183,20.009013235380735,7.722,336.03076952379905,1.8247037183669714
2024-06-19 17:00:00+00:00,2024,summer,7.717,280.0,22.33,7.538998891326309,14.3,42.0,354.26443076610315,20.033227493424036,0.6006,373.6970582595272,1.9242552199589311
2024-06-19 18:00:00+00:00,2024,summer,6.688,280.0,22.33,6.533733910222931,14.1,41.0,325.3464481512322,20.08158025229009,0.5863,344.8417284035223,1.8484714210291655
2024-06-19 19:00:00+00:00,2024,summer,6.688,280.0,22.33,6.533733910222931,14.2,62.0,324.8122175302942,20.057416493203508,0.8866,343.98303402349774,1.8461685364833778
2024-06-19 20:00:00+00:00,2024,summer,6.173,280.0,22.33,6.030612952722212,13.3,8.0,313.694965678191,20.273983766537576,0.1144,333.8545494447286,1.8187854999119266
2024-06-19 21:00:00+00:00,2024,summer,6.173,270.0,22.33,5.71009233995198,13.0,0.0,304.7587262658807,20.34572073568897,0.0,325.10444700156967,1.7947926768943636
2024-06-19 22:00:00+00:00,2024,summer,5.144,270.0,22.33,4.7582561148085185,12.7,0.0,273.5960361193985,20.41723243194018,0.0,294.0132685513387,1.7068144025162522
2024-06-19 23:00:00+00:00,2024,summer,3.087,200.0,22.33,0.1255018737733574,11.4,0.0,45.91019247934128,20.724524802480246,0.0,66.63471728182154,0.8125556482294114
2024-06-20 00:00:00+00:00,2024,summer,3.601,240.0,22.33,2.2006167344102434,12.3,0.0,171.93893663785076,20.512231751676453,0.0,192.4511683895272,1.380902798811677
2024-06-20 01:00:00+00:00,2024,summer,3.601,230.0,22.33,1.672226586019424,12.4,0.0,151.04656766989294,20.488519327396272,0.0,171.5350869972892,1.3037049586245413
2024-06-20 02:00:00+00:00,2024,summer,3.601,240.0,22.33,2.2006167344102434,11.7,0.0,173.58428531381105,20.653983839718578,0.0,194.23826915352964,1.3872995120396645
2024-06-20 03:00:00+00:00,2024,summer,2.572,230.0,22.33,1.194381221672302,11.4,0.0,131.1857728506835,20.724524802480246,0.0,151.91029765316375,1.2268640509871336
2024-06-20 04:00:00+00:00,2024,summer,1.029,180.0,22.33,0.3909588220064182,11.4,0.0,77.95988141459692,20.724524802480246,0.0,98.68440621707717,0.9888424454319982
2024-06-20 05:00:00+00:00,2024,summer,1.029,150.0,22.33,0.8144983842629275,11.6,45.0,109.40699853237733,20.677522274164204,0.6435,129.44102080654156,1.132501532632555
2024-06-20 06:00:00+00:00,2024,summer,0.514,130.0,22.33,0.4897497585859339,12.1,178.0,85.63664350545471,20.559581893667065,2.5454,103.65082539912177,1.0134194056990833
2024-06-20 07:00:00+00:00,2024,summer,1.029,120.0,22.33,1.0197937622197308,12.9,279.0,118.99791605117008,20.369582974770935,3.9897,135.37779902594102,1.158181326118629
2024-06-20 08:00:00+00:00,2024,summer,1.543,170.0,22.33,0.8251884600038671,13.7,373.0,106.42783816421152,20.17798323291303,5.3339,121.27192139712454,1.0961827486988611
2024-06-20 09:00:00+00:00,2024,summer,2.572,200.0,22.33,0.1045645673291465,14.4,442.0,40.1778619380409,20.009013235380735,6.3206,53.866275173421634,0.7305691118308659
2024-06-20 10:00:00+00:00,2024,summer,2.058,200.0,22.33,0.08366791584890493,15.2,472.0,38.831322699953844,19.814387763002607,6.7496,51.89611046295645,0.71708434029019
2024-06-20 11:00:00+00:00,2024,summer,2.572,190.0,22.33,0.5492298617488124,15.4,397.0,85.59584623864336,19.765477580452682,5.6771,99.68422381909605,0.9938390329231216
2024-06-20 12:00:00+00:00,2024,summer,3.601,190.0,22.33,0.7689645148357205,15.5,78.0,99.9609330228096,19.740984320074872,1.1154,118.58651734288448,1.0839780579365723
2024-06-20 13:00:00+00:00,2024,summer,4.63,200.0,22.33,0.1882324831780514,15.2,104.0,52.14226042306884,19.814387763002607,1.4872,70.46944818607145,0.8356093083027899
2024-06-20 14:00:00+00:00,2024,summer,4.63,190.0,22.33,0.9886991679226287,16.4,91.0,110.68238751250455,19.519396725683997,1.3013000000000001,128.90048423818854,1.13013443559938
2024-06-20 15:00:00+00:00,2024,summer,5.659,200.0,22.33,0.23006644110250388,18.1,83.0,54.47746524970267,19.09516798850924,1.1869,72.38573323821191,0.8468945202094297
2024-06-20 16:00:00+00:00,2024,summer,5.659,200.0,22.33,0.23006644110250388,17.6,109.0,54.95617759811834,19.220715149913715,1.5587,72.61819274803206,0.8482532885296413
2024-06-20 17:00:00+00:00,2024,summer,5.659,190.0,22.33,1.208433821009537,17.1,42.0,120.08131133780664,19.345616272624557,0.6006,138.82632761043118,1.1728399519663268
2024-06-20 18:00:00+00:00,2024,summer,5.144,180.0,22.33,1.9544141694859236,17.0,216.0,150.49522840733667,19.370519167956157,3.0888,166.77694757529284,1.2854963393614716
2024-06-20 19:00:00+00:00,2024,summer,5.144,190.0,22.33,1.0984597234976248,15.9,192.0,117.23948149081028,19.642756406105658,2.7456,134.13663789691594,1.1528599232893213
2024-06-20 20:00:00+00:00,2024,summer,5.144,200.0,22.33,0.209129134658293,15.5,37.0,54.48928906808609,19.740984320074872,0.5291,73.70117338816095,0.8545550302212133
2024-06-20 21:00:00+00:00,2024,summer,6.688,190.0,22.33,1.428168474096445,15.1,0.0,134.2873310828047,19.838804720445037,0.0,154.12613580324975,1.2357794780475002
2024-06-20 22:00:00+00:00,2024,summer,6.688,200.0,22.33,0.27190039902695634,14.9,0.0,62.20001075692222,19.88756245579483,0.0,82.08757321271705,0.9018650190434543
2024-06-20 23:00:00+00:00,2024,summer,6.173,180.0,22.33,2.345372991492342,14.6,0.0,171.31165472612207,19.960508874188154,0.0,191.27216360031022,1.3766664197366205
2024-06-21 00:00:00+00:00,2024,summer,5.659,180.0,22.33,2.1500835507622162,14.8,0.0,163.30582582725282,19.911903268935795,0.0,183.2177290961886,1.3473690955704858
2024-06-21 01:00:00+00:00,2024,summer,4.116,190.0,22.33,0.8789386123476327,14.9,0.0,107.45834644982834,19.88756245579483,0.0,127.34590890562316,1.1232988972261637
2024-06-21 02:00:00+00:00,2024,summer,7.202,190.0,22.33,1.537929029671441,14.8,0.0,139.69787650993257,19.911903268935795,0.0,159.60977977886836,1.2575712002446138
2024-06-21 03:00:00+00:00,2024,summer,5.659,180.0,22.33,2.1500835507622162,14.5,0.0,164.11964223502983,19.9847737014965,0.0,184.10441593652632,1.350625473925827
2024-06-21 04:00:00+00:00,2024,summer,4.63,170.0,22.33,2.4761001748657843,14.4,0.0,177.7380386987882,20.009013235380735,0.0,197.74705193416892,1.3997737426022676
2024-06-21 05:00:00+00:00,2024,summer,4.116,150.0,22.33,3.25799353705171,14.2,16.0,211.28361520368153,20.057416493203508,0.2288,231.11223169688503,1.5132626025737628
2024-06-21 06:00:00+00:00,2024,summer,6.173,200.0,22.33,0.25096309258274546,14.5,92.0,60.31906046282852,19.9847737014965,1.3156,78.98823416432502,0.8846755735521803
2024-06-21 07:00:00+00:00,2024,summer,8.746,180.0,22.33,3.3229600167814715,14.1,237.0,214.2292755635208,20.08158025229009,3.3891,230.92175581581085,1.5126388808442324
2024-06-21 08:00:00+00:00,2024,summer,8.231,180.0,22.33,3.127290635505178,13.7,204.0,207.69854520840002,20.17798323291303,2.9172000000000002,224.95932844131303,1.4929829127448107
2024-06-21 09:00:00+00:00,2024,summer,9.26,180.0,22.33,3.5182494575115966,14.5,181.0,220.46732701038988,19.9847737014965,2.5883,237.86380071188637,1.5352072433216122
2024-06-21 10:00:00+00:00,2024,summer,7.202,190.0,22.33,1.537929029671441,14.6,237.0,140.16198905647718,19.960508874188154,3.3891,156.73339793066532,1.246188124459091
2024-06-21 11:00:00+00:00,2024,summer,6.688,180.0,22.33,2.5410423727686346,14.7,167.0,179.71059239688387,19.9362187358664,2.3881,197.25871113275025,1.3980442878081805
2024-06-21 12:00:00+00:00,2024,summer,4.63,170.0,22.33,2.4761001748657843,14.5,311.0,177.44474160522583,19.9847737014965,4.4473,192.9822153067223,1.3828067077257333
2024-06-21 13:00:00+00:00,2024,summer,4.116,160.0,22.33,2.7717131288668506,14.9,187.0,188.9956957235967,19.88756245579483,2.6741,206.20915817939152,1.4294099749778595
2024-06-21 14:00:00+00:00,2024,summer,3.601,170.0,22.33,1.925796269911812,15.3,513.0,153.84512895776137,19.78994538888251,7.3359000000000005,166.29917434664387,1.2836537099075112
2024-06-21 15:00:00+00:00,2024,summer,5.144,260.0,22.33,4.346587053743517,13.6,686.0,254.97821492613954,20.20202105188573,9.809800000000001,265.3704359780253,1.621545363502161
2024-06-21 16:00:00+00:00,2024,summer,5.659,270.0,22.33,5.234636732834643,13.1,589.0,288.3510525222591,20.32183346628884,8.4227,300.25018598854797,1.7248227681274007
2024-06-21 17:00:00+00:00,2024,summer,5.659,260.0,22.33,4.781752748276548,13.5,471.0,270.90620881528815,20.22603373546297,6.7353000000000005,284.39694255075113,1.6786698696443538
2024-06-21 18:00:00+00:00,2024,summer,5.659,280.0,22.33,5.528468929119552,13.7,318.0,295.35837582400916,20.17798323291303,4.5474,310.9889590569222,1.7553968679722525
2024-06-21 19:00:00+00:00,2024,summer,7.202,270.0,22.33,6.66192856509544,13.2,167.0,334.1429192604161,20.297921149072955,2.3881,352.05274040948905,1.8676981922388012
2024-06-21 20:00:00+00:00,2024,summer,7.202,270.0,22.33,6.66192856509544,13.1,26.0,334.68360359578895,20.32183346628884,0.3718,354.6336370620778,1.8745317333978069
2024-06-21 21:00:00+00:00,2024,summer,6.688,270.0,22.33,6.186472957978104,12.2,0.0,324.3623933599513,20.535919267950497,0.0,344.89831262790176,1.848623070355114
2024-06-21 22:00:00+00:00,2024,summer,4.63,260.0,22.33,3.9122663411416183,10.9,0.0,249.4237439934738,20.841598281761826,0.0,270.26534227523564,1.6364321843877994
2024-06-21 23:00:00+00:00,2024,summer,2.572,200.0,22.33,0.1045645673291465,10.7,0.0,42.63096571973646,20.888254901881265,0.0,63.51922062161772,0.793332806876479
2024-06-22 00:00:00+00:00,2024,summer,4.116,220.0,22.33,1.2493467955466644,11.9,0.0,132.9121369663612,20.606832543192034,0.0,153.51896950955324,1.2333429540305045
2024-06-22 01:00:00+00:00,2024,summer,4.63,230.0,22.33,2.1500719503665464,11.8,0.0,171.44355885638862,20.63042060186722,0.0,192.07397945825585,1.379548905464967
2024-06-22 02:00:00+00:00,2024,summer,4.116,230.0,22.33,1.911381457388489,11.8,0.0,162.29530337896742,20.63042060186722,0.0,182.92572398083465,1.3462949758417877
2024-06-22 03:00:00+00:00,2024,summer,3.601,220.0,22.33,1.093026678999888,11.8,0.0,125.08349677236546,20.63042060186722,0.0,145.7139173742327,1.2015818254061026
2024-06-22 04:00:00+00:00,2024,summer,2.572,210.0,22.33,0.343277868556592,11.3,0.0,73.49052967166301,20.747988931156307,0.0,94.23851860281931,0.9663113019586358
2024-06-22 05:00:00+00:00,2024,summer,3.087,180.0,22.33,1.1728764660192548,10.8,93.0,131.3069116948083,20.864938915280412,1.3299,150.8419506100887,1.2225423255151688
2024-06-22 06:00:00+00:00,2024,summer,3.087,190.0,22.33,0.6592039592607246,11.6,225.0,99.13647852464844,20.677522274164204,3.2175000000000002,116.59650079881264,1.0748443855461318
2024-06-22 07:00:00+00:00,2024,summer,3.087,190.0,22.33,0.6592039592607246,12.3,380.0,98.0419117270577,20.512231751676453,5.434,113.12014347873415,1.058699742505441
2024-06-22 08:00:00+00:00,2024,summer,3.601,180.0,22.33,1.36816590674938,13.4,524.0,135.36374971745502,20.250021301172904,7.4932,148.1205710186279,1.2114640264787129
2024-06-22 09:00:00+00:00,2024,summer,4.63,200.0,22.33,0.1882324831780514,14.7,663.0,52.578232500184804,19.9362187358664,9.4809,63.0335512360512,0.7902940669446469
2024-06-22 10:00:00+00:00,2024,summer,4.63,200.0,22.33,0.1882324831780514,16.4,777.01,51.09592743799055,19.519396725683997,11.111243,59.50408116367454,0.7678496850976688
2024-06-22 11:00:00+00:00,2024,summer,5.144,200.0,22.33,0.209129134658293,15.8,861.01,54.21455315681843,19.667351650779768,12.312443,61.5694618075982,0.7810620059725186
2024-06-22 12:00:00+00:00,2024,summer,4.63,190.0,22.33,0.9886991679226287,15.9,895.01,111.62677648445425,19.642756406105658,12.798643,118.4708898905599,1.0834494641661654
2024-06-22 13:00:00+00:00,2024,summer,5.144,200.0,22.33,0.209129134658293,16.9,695.0,53.207188148837005,19.395396328296854,9.9385,62.66408447713386,0.7879745362640977
2024-06-22 14:00:00+00:00,2024,summer,6.173,200.0,22.33,0.25096309258274546,16.8,610.0,58.02593915597719,19.420247771382662,8.723,68.72318692735986,0.8251909936057471
2024-06-22 15:00:00+00:00,2024,summer,5.144,200.0,22.33,0.209129134658293,16.6,692.0,53.48192406010466,19.46987357670326,9.8956,63.05619763680792,0.7904360207817492
2024-06-22 16:00:00+00:00,2024,summer,6.173,200.0,22.33,0.25096309258274546,16.6,252.0,58.22534100874687,19.46987357670326,3.6036,74.09161458545013,0.8568155964216773
2024-06-22 17:00:00+00:00,2024,summer,5.144,210.0,22.33,0.686555737113184,16.1,398.0,93.8614411156034,19.59348927839023,5.6914,107.76353039399363,1.033329288529212
2024-06-22 18:00:00+00:00,2024,summer,7.202,270.0,22.33,6.66192856509544,13.3,198.0,333.60223492504326,20.273983766537576,2.8314,351.0448186915809,1.8650226799161087
2024-06-22 19:00:00+00:00,2024,summer,6.688,280.0,22.33,6.533733910222931,13.1,17.0,330.68875436061205,20.32183346628884,0.2431,350.7674878269009,1.864285835900893
2024-06-22 20:00:00+00:00,2024,summer,7.202,280.0,22.33,7.03587793382559,13.1,6.0,346.1723379186803,20.32183346628884,0.0858,366.40837138496914,1.9053972213566723
2024-06-22 21:00:00+00:00,2024,summer,6.173,280.0,22.33,6.030612952722212,12.8,0.0,316.2370642655345,20.393420201026206,0.0,336.63048446656074,1.8263312691294593
2024-06-22 22:00:00+00:00,2024,summer,6.173,280.0,22.33,6.030612952722212,13.1,0.0,314.7118051131284,20.32183346628884,0.0,335.03363857941724,1.821994412438781
2024-06-22 23:00:00+00:00,2024,summer,5.659,280.0,22.33,5.528468929119552,13.0,0.0,298.7311468366814,20.34572073568897,0.0,319.07686757237036,1.778076711265476
2024-06-23 00:00:00+00:00,2024,summer,6.173,280.0,22.33,6.030612952722212,12.8,0.0,316.2370642655345,20.393420201026206,0.0,336.63048446656074,1.8263312691294593
2024-06-23 01:00:00+00:00,2024,summer,5.144,280.0,22.33,5.025347971618833,12.2,0.0,285.25897855088505,20.535919267950497,0.0,305.7948978188355,1.7406760394974539
2024-06-23 02:00:00+00:00,2024,summer,4.116,240.0,22.33,2.515339760853252,11.8,0.0,187.17369622300822,20.63042060186722,0.0,207.80411682487545,1.4349273300661662
2024-06-23 03:00:00+00:00,2024,summer,4.63,270.0,22.33,4.2828005076911815,11.4,0.0,261.71217649100976,20.724524802480246,0.0,282.43670129349,1.6728746459933603
2024-06-23 04:00:00+00:00,2024,summer,3.601,230.0,22.33,1.672226586019424,11.4,0.0,153.4594521374631,20.724524802480246,0.0,174.18397693994336,1.3137324725360917
2024-06-23 05:00:00+00:00,2024,summer,3.601,260.0,22.33,3.0427799340066883,11.6,73.0,211.2075597653119,20.677522274164204,1.0439,230.8411820394761,1.512374961015921
2024-06-23 06:00:00+00:00,2024,summer,4.116,270.0,22.33,3.807344900573845,11.7,114.0,242.2073105768028,20.653983839718578,1.6302,261.2310944165214,1.6088489401292705
2024-06-23 07:00:00+00:00,2024,summer,3.087,220.0,22.33,0.9370100966599983,12.6,236.0,114.9472061117606,20.441019684992096,3.3748,132.0134257967527,1.1436993767755914
2024-06-23 08:00:00+00:00,2024,summer,3.601,250.0,22.33,2.6621422568918036,13.7,294.0,188.02361474932115,20.17798323291303,4.2042,203.9973979822342,1.4217235188302366
2024-06-23 09:00:00+00:00,2024,summer,4.116,260.0,22.33,3.477945628539719,13.7,295.0,221.79766141968778,20.17798323291303,4.2185,237.7571446526008,1.534863017943079
2024-06-23 10:00:00+00:00,2024,summer,4.116,280.0,22.33,4.021059924413514,14.4,256.0,239.83584196616084,20.009013235380735,3.6608,256.1840552015416,1.593231490628587
2024-06-23 11:00:00+00:00,2024,summer,3.087,280.0,22.33,3.015794943310136,15.6,225.0,196.79577384511833,19.71646559010476,3.2175000000000002,213.29473943522308,1.4537606389418902
2024-06-23 12:00:00+00:00,2024,summer,3.087,330.0,22.33,2.443495152788782,16.0,287.0,171.6335211993605,19.61813562120077,4.1041,187.14755682056128,1.3617422576684974
2024-06-23 13:00:00+00:00,2024,summer,3.087,310.0,22.33,2.941357013141591,16.8,345.0,189.86481641553806,19.420247771382662,4.9335,204.3515641869207,1.4229571327643031
2024-06-23 14:00:00+00:00,2024,summer,3.087,320.0,22.33,2.7339610951781474,18.5,248.0,176.1753378131153,18.994263617205515,3.5464,191.62320143032082,1.3779291242948815
2024-06-23 15:00:00+00:00,2024,summer,2.572,320.0,22.33,2.2778580942009055,19.8,190.0,153.76219205118755,18.663445297081747,2.717,169.7086373482693,1.2967456714375027
2024-06-23 16:00:00+00:00,2024,summer,2.058,290.0,22.33,2.0562985386021895,21.8,134.0,141.348363962505,18.145822945550847,1.9162000000000001,157.57798690805583,1.2495412790876932
2024-06-23 17:00:00+00:00,2024,summer,2.572,330.0,22.33,2.0358501888476668,21.3,99.0,142.01389413714858,18.2762201649142,1.4157,158.8744143020628,1.254670870205326
2024-06-23 18:00:00+00:00,2024,summer,3.601,190.0,22.33,0.7689645148357205,22.0,59.0,89.04083109594805,18.093478029395904,0.8437,106.29060912534395,1.02624317470188
2024-06-23 19:00:00+00:00,2024,summer,4.63,190.0,22.33,0.9886991679226287,20.7,59.0,102.56064235373714,18.431822412671732,0.8437,120.14876476640887,1.0910948073499687
2024-06-23 20:00:00+00:00,2024,summer,4.63,190.0,22.33,0.9886991679226287,19.1,5.0,105.58268706397618,18.842126650267822,0.07150000000000001,124.35331371424401,1.1100218179892833
2024-06-23 21:00:00+00:00,2024,summer,3.601,180.0,22.33,1.36816590674938,17.5,0.0,126.35414949275427,19.245746986454392,0.0,145.59989647920867,1.2011116155257817
2024-06-23 22:00:00+00:00,2024,summer,3.087,200.0,22.33,0.1255018737733574,17.0,0.0,41.86778559436784,19.370519167956157,0.0,61.23830476232399,0.7789586667859624
2024-06-23 23:00:00+00:00,2024,summer,2.572,130.0,22.33,2.4506544340136616,17.2,0.0,168.44695564358463,19.320687624559913,0.0,187.76764326814455,1.3639963603725074
2024-06-24 00:00:00+00:00,2024,summer,4.116,200.0,22.33,0.16733583169780986,17.5,0.0,47.461481866750944,19.245746986454392,0.0,66.70722885320534,0.8129976375480416
2024-06-24 01:00:00+00:00,2024,summer,4.116,190.0,22.33,0.8789386123476327,17.2,0.0,103.34596380698964,19.320687624559913,0.0,122.66665143154955,1.102468244267246
2024-06-24 02:00:00+00:00,2024,summer,4.116,180.0,22.33,1.5638352880256727,17.0,0.0,135.6444421141688,19.370519167956157,0.0,155.01496128212497,1.2393376457094494
2024-06-24 03:00:00+00:00,2024,summer,5.144,180.0,22.33,1.9544141694859236,16.9,0.0,150.75470293907344,19.395396328296854,0.0,170.1500992673703,1.298431183850132
2024-06-24 04:00:00+00:00,2024,summer,4.63,180.0,22.33,1.7591247287557983,17.3,0.0,142.54928539614767,19.29573320601393,0.0,161.8450186021616,1.2663463479711035
2024-06-24 05:00:00+00:00,2024,summer,4.63,190.0,22.33,0.9886991679226287,17.3,7.0,108.9824873629951,19.29573320601393,0.1001,128.17812056900902,1.1269633264349028
2024-06-24 06:00:00+00:00,2024,summer,6.688,180.0,22.33,2.5410423727686346,17.5,30.0,171.36582193732707,19.245746986454392,0.429,190.18256892378147,1.372739683339375
2024-06-24 07:00:00+00:00,2024,summer,4.116,180.0,22.33,1.5638352880256727,17.8,221.0,133.77348429190442,19.170573934447,3.1603,149.7837582263514,1.2182465648091043
2024-06-24 08:00:00+00:00,2024,summer,4.116,200.0,22.33,0.16733583169780986,18.2,428.0,46.883689913590494,19.069980835950695,6.1204,59.833270749541185,0.7699707118109903
2024-06-24 09:00:00+00:00,2024,summer,5.144,190.0,22.33,1.0984597234976248,18.8,481.0,111.48661353271638,18.91831238253763,6.8783,123.52662591525402,1.106326011047296
2024-06-24 10:00:00+00:00,2024,summer,7.717,180.0,22.33,2.9320011947750526,19.1,425.0,182.00287706429,18.842126650267822,6.0775,194.76750371455785,1.3891881908627948
2024-06-24 11:00:00+00:00,2024,summer,4.63,190.0,22.33,0.9886991679226287,20.0,674.0,103.88278691446672,18.612157643626492,9.6382,112.85674455809321,1.057466439218701
2024-06-24 12:00:00+00:00,2024,summer,6.173,200.0,22.33,0.25096309258274546,20.2,806.01,54.636107658892605,18.56076491050545,11.525943,61.670929569398055,0.7817053442902003
2024-06-24 13:00:00+00:00,2024,summer,5.659,180.0,22.33,2.1500835507622162,21.0,775.01,146.48695339986133,18.35414031131684,11.082643000000001,153.7584507111782,1.234304552965232
2024-06-24 14:00:00+00:00,2024,summer,5.659,210.0,22.33,0.7552913911981936,21.7,589.0,88.79930816899565,18.171955504344815,8.4227,98.54856367334047,0.9881616229163191
2024-06-24 15:00:00+00:00,2024,summer,5.659,200.0,22.33,0.23006644110250388,21.5,695.0,51.22222128047615,18.224140913513203,9.9385,59.50786219398936,0.7678740802043674
2024-06-24 16:00:00+00:00,2024,summer,5.659,200.0,22.33,0.23006644110250388,22.2,186.0,50.55202399269422,18.04102659488361,2.6598,65.93325058757783,0.8082674276973497
2024-06-24 17:00:00+00:00,2024,summer,6.173,200.0,22.33,0.25096309258274546,22.1,162.0,52.74179005758064,18.067265635957572,2.3166,68.49245569353822,0.8238045807845538
2024-06-24 18:00:00+00:00,2024,summer,6.173,200.0,22.33,0.25096309258274546,22.4,29.0,52.44268727842612,17.988468497606807,0.4147,70.01645577603293,0.8329192422084757
2024-06-24 19:00:00+00:00,2024,summer,5.144,290.0,22.33,5.139747173260283,16.4,74.0,269.9097832871463,19.519396725683997,1.0582,288.3709800128303,1.6903576774736115
2024-06-24 20:00:00+00:00,2024,summer,4.63,280.0,22.33,4.523203948016174,15.9,5.0,251.54299012432713,19.642756406105658,0.07150000000000001,271.11424653043275,1.6390001886548016
2024-06-24 21:00:00+00:00,2024,summer,3.087,280.0,22.33,3.015794943310136,15.7,0.0,196.46446782854406,19.69192137289192,0.0,216.15638920143599,1.463480271612534
2024-06-24 22:00:00+00:00,2024,summer,4.63,280.0,22.33,4.523203948016174,14.5,0.0,257.5017073184736,19.9847737014965,0.0,277.48648101997014,1.6581497451384966
2024-06-24 23:00:00+00:00,2024,summer,4.63,280.0,22.33,4.523203948016174,14.1,0.0,259.2041979453726,20.08158025229009,0.0,279.2857781976627,1.6635170035747961
2024-06-25 00:00:00+00:00,2024,summer,4.116,260.0,22.33,3.477945628539719,13.6,0.0,222.1594846846465,20.20202105188573,0.0,242.36150573653222,1.5496536902474418
2024-06-25 01:00:00+00:00,2024,summer,4.116,270.0,22.33,3.807344900573845,13.1,0.0,236.85043482944855,20.32183346628884,0.0,257.1722682957374,1.596301425650285
2024-06-25 02:00:00+00:00,2024,summer,4.116,330.0,22.33,3.257993537051709,12.9,0.0,215.80119250244442,20.369582974770935,0.0,236.17077547721536,1.5297339723523913
2024-06-25 03:00:00+00:00,2024,summer,4.116,330.0,22.33,3.257993537051709,12.6,0.0,216.84371034062048,20.441019684992096,0.0,237.28473002561256,1.533337401789594
2024-06-25 04:00:00+00:00,2024,summer,3.601,330.0,22.33,2.850348573110594,12.5,0.0,199.97051734176208,20.464781977655118,0.0,220.4352993194172,1.4778944032064651
2024-06-25 05:00:00+00:00,2024,summer,4.116,330.0,22.33,3.257993537051709,12.6,53.0,216.84371034062048,20.441019684992096,0.7579,236.52683002561255,1.5308866628250737
2024-06-25 06:00:00+00:00,2024,summer,5.144,340.0,22.33,3.463968011392391,12.9,30.0,224.13375062571336,20.369582974770935,0.429,244.0743336004843,1.5551199396873128
2024-06-25 07:00:00+00:00,2024,summer,4.116,330.0,22.33,3.257993537051709,13.2,226.0,214.75867466426837,20.297921149072955,3.2318000000000002,231.82479581334132,1.5155936491621522
2024-06-25 08:00:00+00:00,2024,summer,3.601,360.0,22.33,1.3681659067493797,13.5,530.0,135.14400337051106,20.22603373546297,7.579,147.79103710597403,1.2101156628874594
2024-06-25 09:00:00+00:00,2024,summer,3.087,10.0,22.33,0.6592039592607257,13.4,624.0,96.32187818798656,20.250021301172904,8.9232,107.64869948915947,1.0327785931148479
2024-06-25 10:00:00+00:00,2024,summer,2.572,330.0,22.33,2.0358501888476668,14.4,713.0,160.26148947320675,20.009013235380735,10.1959,170.0746027085875,1.298143091269449
2024-06-25 11:00:00+00:00,2024,summer,3.601,330.0,22.33,2.850348573110594,15.2,774.01,191.33179099259794,19.814387763002607,11.068343,200.07783575560055,1.4079989284554344
2024-06-25 12:00:00+00:00,2024,summer,3.087,310.0,22.33,2.941357013141591,16.6,78.0,190.51727282933714,19.46987357670326,1.1154,208.87174640604042,1.4386087013377786
2024-06-25 13:00:00+00:00,2024,summer,4.116,320.0,22.33,3.645281460237529,16.8,173.0,216.7862779681554,19.420247771382662,2.4739,233.73262573953807,1.5218172506700713
2024-06-25 14:00:00+00:00,2024,summer,4.116,310.0,22.33,3.921809350855454,16.8,475.0,226.80709334926755,19.420247771382662,6.7925,239.43484112065022,1.5402687600964036
2024-06-25 15:00:00+00:00,2024,summer,4.63,290.0,22.33,4.626172125232331,16.8,581.0,251.18231245210526,19.420247771382662,8.308300000000001,262.2942602234879,1.6121194856682097
2024-06-25 16:00:00+00:00,2024,summer,4.116,300.0,22.33,4.079175048878923,16.8,304.0,232.38906969774538,19.420247771382662,4.3472,247.46211746912806,1.5658753812699975
2024-06-25 17:00:00+00:00,2024,summer,4.116,320.0,22.33,3.645281460237529,17.2,361.0,215.2963379133914,19.320687624559913,5.1623,229.45472553795133,1.5078263791007096
2024-06-25 18:00:00+00:00,2024,summer,3.087,290.0,22.33,3.0844478079032847,15.9,187.0,198.54462537311878,19.642756406105658,2.6741,215.51328177922443,1.4613015802572575
2024-06-25 19:00:00+00:00,2024,summer,5.144,280.0,22.33,5.025347971618833,15.8,110.0,268.90655302885983,19.667351650779768,1.573,287.00090467963963,1.6863373792230933
2024-06-25 20:00:00+00:00,2024,summer,4.116,270.0,22.33,3.807344900573845,15.1,64.0,229.19775519037105,19.838804720445037,0.9152,248.1213599108161,1.5679597506370615
2024-06-25 21:00:00+00:00,2024,summer,3.087,330.0,22.33,2.443495152788782,13.5,0.0,178.90612802984188,20.22603373546297,0.0,199.13216176530486,1.4046675123530739
2024-06-25 22:00:00+00:00,2024,summer,1.543,340.0,22.33,1.0390557234794826,11.6,0.0,122.55300281704535,20.677522274164204,0.0,143.23052509120956,1.1912985847268345
2024-06-25 23:00:00+00:00,2024,summer,1.029,190.0,22.33,0.21973465308690818,9.9,0.0,61.00798962076438,21.073897587203227,0.0,82.08188720796761,0.9018337835142193
2024-06-26 00:00:00+00:00,2024,summer,1.543,170.0,22.33,0.8251884600038671,9.6,0.0,113.5461764427314,21.14310901764511,0.0,134.6892854603765,1.1552323934120823
2024-06-26 01:00:00+00:00,2024,summer,2.058,110.0,22.33,2.0562985386021895,9.1,0.0,175.09130047235115,21.25797285127141,0.0,196.34927332362255,1.3948178062907615
2024-06-26 02:00:00+00:00,2024,summer,3.087,110.0,22.33,3.0844478079032847,8.0,0.0,225.08443147206356,21.508533282404716,0.0,246.59296475446828,1.5631230772188933
2024-06-26 03:00:00+00:00,2024,summer,3.087,110.0,22.33,3.0844478079032847,8.5,0.0,223.4046969088392,21.395006002479192,0.0,244.7997029113184,1.5574290710840377
2024-06-26 04:00:00+00:00,2024,summer,2.572,110.0,22.33,2.5698735866301416,8.0,0.0,201.07555489151798,21.508533282404716,0.0,222.5840881739227,1.4850801430490173
2024-06-26 05:00:00+00:00,2024,summer,3.087,110.0,22.33,3.0844478079032847,8.9,90.0,222.0609092582597,21.30374779510149,1.287,242.07765705336118,1.5487459635350889
2024-06-26 06:00:00+00:00,2024,summer,3.087,110.0,22.33,3.0844478079032847,10.1,225.0,218.0295463065213,21.02763420777673,3.2175000000000002,235.83968051429804,1.528661306076669
2024-06-26 07:00:00+00:00,2024,summer,3.601,100.0,22.33,3.5179389669127947,12.4,365.0,228.10747018361803,20.488519327396272,5.2195,243.37648951101428,1.552895191058882
2024-06-26 08:00:00+00:00,2024,summer,3.601,110.0,22.33,3.5980228559312364,14.6,492.0,223.17392159408473,19.960508874188154,7.0356000000000005,236.0988304682729,1.5295009521849814
2024-06-26 09:00:00+00:00,2024,summer,4.116,120.0,22.33,4.079175048878923,16.7,614.0,232.78836363193392,19.445073514943537,8.7802,243.45323714687746,1.553140020870879
2024-06-26 10:00:00+00:00,2024,summer,4.116,160.0,22.33,2.7717131288668506,17.9,474.0,179.5616343730012,19.14546451995717,6.7782,191.92889889295836,1.3790277949421608
2024-06-26 11:00:00+00:00,2024,summer,4.63,160.0,22.33,3.1178405701296206,18.8,639.0,190.06276071842578,18.91831238253763,9.1377,199.84337310096342,1.4071736997731634
2024-06-26 12:00:00+00:00,2024,summer,5.144,180.0,22.33,1.9544141694859236,18.9,498.0,145.5652123043377,18.892943217537702,7.1214,157.3367555218754,1.2485844702366433
2024-06-26 13:00:00+00:00,2024,summer,4.63,180.0,22.33,1.7591247287557983,18.5,738.0,139.5846555438881,18.994263617205515,10.5534,148.0255191610936,1.2110752540583924
2024-06-26 14:00:00+00:00,2024,summer,3.601,160.0,22.33,2.424912287912908,18.3,655.0,164.16637673497482,19.044767735091913,9.3665,173.84464447006673,1.312452189989114
2024-06-26 15:00:00+00:00,2024,summer,5.659,170.0,22.33,3.0264040798197565,18.7,656.0,186.93052796768197,18.943655492252546,9.3808,196.4933834599345,1.3953295742033311
2024-06-26 16:00:00+00:00,2024,summer,5.144,190.0,22.33,1.0984597234976248,18.9,251.0,111.28823877554072,18.892943217537702,3.5893,126.59188199307842,1.1199683814674932
2024-06-26 17:00:00+00:00,2024,summer,6.688,200.0,22.33,0.27190039902695634,18.7,127.0,58.26723137462098,18.943655492252546,1.8161,75.39478686687352,0.8643178709482048
2024-06-26 18:00:00+00:00,2024,summer,7.717,200.0,22.33,0.31373435695140883,17.4,97.0,63.72376290797043,19.270752999232265,1.3871,81.6074159072027,0.8992234975346096
2024-06-26 19:00:00+00:00,2024,summer,7.717,200.0,22.33,0.31373435695140883,15.7,53.0,65.60449896601817,19.69192137289192,0.7579,84.53852033891008,0.9152298053355583
2024-06-26 20:00:00+00:00,2024,summer,6.173,190.0,22.33,1.3181943765845328,14.9,11.0,129.7973715480106,19.88756245579483,0.1573,149.52763400380545,1.2172045427680813
2024-06-26 21:00:00+00:00,2024,summer,4.63,200.0,22.33,0.1882324831780514,14.4,0.0,52.839815746454384,20.009013235380735,0.0,72.84882898183511,0.8495992518858294
2024-06-26 22:00:00+00:00,2024,summer,6.688,200.0,22.33,0.27190039902695634,14.0,0.0,63.131458505361984,20.105718788248662,0.0,83.23717729361064,0.9081581942029457
2024-06-26 23:00:00+00:00,2024,summer,7.717,190.0,22.33,1.6479031271833533,13.9,0.0,146.42403556669308,20.12983211863795,0.0,166.55386768533103,1.2846363154036464
2024-06-27 00:00:00+00:00,2024,summer,7.717,200.0,22.33,0.31373435695140883,13.6,0.0,67.92776115537126,20.20202105188573,0.0,88.129782207257,0.9344674583749377
2024-06-27 01:00:00+00:00,2024,summer,7.717,190.0,22.33,1.6479031271833533,13.2,0.0,148.10156134241623,20.297921149072955,0.0,168.39948249148918,1.2917343544945896
2024-06-27 02:00:00+00:00,2024,summer,8.231,190.0,22.33,1.7576636827583492,13.0,0.0,153.11324567951135,20.34572073568897,0.0,173.45896641520034,1.3109955300323388
2024-06-27 03:00:00+00:00,2024,summer,10.289,200.0,22.33,0.4182989242805553,12.9,0.0,78.55709673253884,20.369582974770935,0.0,98.92667970730977,0.9900555218524472
2024-06-27 04:00:00+00:00,2024,summer,9.26,200.0,22.33,0.3764649663561028,12.4,0.0,75.39507569610478,20.488519327396272,0.0,95.88359502350106,0.9747090271998363
2024-06-27 05:00:00+00:00,2024,summer,6.688,210.0,22.33,0.8926292320787275,12.6,12.0,112.37723047054884,20.441019684992096,0.1716,132.64665015554093,1.1464390675243687
2024-06-27 06:00:00+00:00,2024,summer,8.746,220.0,22.33,2.6547101734332186,12.6,43.0,191.0672140792257,20.441019684992096,0.6149,210.89333376421777,1.4455538005575506
2024-06-27 07:00:00+00:00,2024,summer,8.746,230.0,22.33,4.061453407755036,12.8,46.0,247.69346101297597,20.393420201026206,0.6578,267.42908121400217,1.6278228855499293
2024-06-27 08:00:00+00:00,2024,summer,9.774,230.0,22.33,4.5388343937111495,12.8,228.0,265.3022847537319,20.393420201026206,3.2604,282.4353049547581,1.672870510725992
2024-06-27 09:00:00+00:00,2024,summer,10.289,240.0,22.33,6.2877382894604255,12.0,155.0,328.6768597366103,20.58321964626876,2.2165,347.0435793828791,1.8543633737636163
2024-06-27 10:00:00+00:00,2024,summer,9.774,230.0,22.33,4.5388343937111495,12.2,266.0,267.8614707802952,20.535919267950497,3.8038,284.59359004824563,1.6792501311309915
2024-06-27 11:00:00+00:00,2024,summer,10.803,230.0,22.33,5.016679758058273,12.1,148.0,285.4085455806817,20.559581893667065,2.1164,303.85172747434876,1.7351366720522567
2024-06-27 12:00:00+00:00,2024,summer,10.803,240.0,22.33,6.601850203230731,12.0,175.0,338.7294336893439,20.58321964626876,2.5025,356.8101533356127,1.8802752775791727
2024-06-27 13:00:00+00:00,2024,summer,11.832,240.0,22.33,7.230685143444044,12.3,192.0,356.61486853103634,20.512231751676453,2.7456,374.38150028271275,1.9260165913749234
2024-06-27 14:00:00+00:00,2024,summer,13.89,250.0,22.33,10.268579824556278,12.5,121.0,441.5220926052474,20.464781977655118,1.7303,460.2565745829025,2.1355160227118986
2024-06-27 15:00:00+00:00,2024,summer,14.919,250.0,22.33,11.029297509183234,12.5,144.0,461.4595038205354,20.464781977655118,2.0592,479.86508579819053,2.180531726848178
2024-06-27 16:00:00+00:00,2024,summer,14.404,260.0,22.33,12.171119736026753,12.7,224.0,488.85641918305754,20.41723243194018,3.2032,506.07045161499775,2.2392796020338714
2024-06-27 17:00:00+00:00,2024,summer,14.404,260.0,22.33,12.171119736026753,12.9,141.0,487.2870566816673,20.369582974770935,2.0163,505.64033965643824,2.238327811958028
2024-06-27 18:00:00+00:00,2024,summer,13.89,270.0,22.33,12.848401523073546,12.4,73.0,507.92791557925693,20.488519327396272,1.0439,527.3725349066532,2.2859229507462118
2024-06-27 19:00:00+00:00,2024,summer,14.404,270.0,22.33,13.32385713019088,12.4,48.0,519.4630462243216,20.488519327396272,0.6864,539.2651655517178,2.311553862243583
2024-06-27 20:00:00+00:00,2024,summer,14.404,270.0,22.33,13.32385713019088,12.5,6.0,518.6332330514392,20.464781977655118,0.0858,539.0122150290944,2.311011663917416
2024-06-27 21:00:00+00:00,2024,summer,13.89,270.0,22.33,12.848401523073546,12.6,0.0,506.30514268603247,20.441019684992096,0.0,526.7461623710245,2.2845650256838064
2024-06-27 22:00:00+00:00,2024,summer,14.404,270.0,22.33,13.32385713019088,12.6,0.0,517.803419878557,20.441019684992096,0.0,538.244439563549,2.309365161014361
2024-06-27 23:00:00+00:00,2024,summer,14.919,280.0,22.33,14.5748768251519,12.5,0.0,548.2098649854087,20.464781977655118,0.0,568.6746469630638,2.3737488488716036
2024-06-28 00:00:00+00:00,2024,summer,13.376,270.0,22.33,12.372945915956208,11.9,0.0,500.1920088583963,20.606832543192034,0.0,520.7988414015883,2.271631271030657
2024-06-28 01:00:00+00:00,2024,summer,12.347,270.0,22.33,11.421109690812747,12.4,0.0,472.27729734262766,20.488519327396272,0.0,492.7658166700239,2.209648126406776
2024-06-28 02:00:00+00:00,2024,summer,12.347,280.0,22.33,12.062202839342483,11.9,0.0,492.39090222892764,20.606832543192034,0.0,512.9977347721197,2.2545535625166404
2024-06-28 03:00:00+00:00,2024,summer,10.803,280.0,22.33,10.553816900738386,11.8,0.0,454.0913075616831,20.63042060186722,0.0,474.7217281635503,2.168814403364583
2024-06-28 04:00:00+00:00,2024,summer,10.289,280.0,22.33,10.051672877135726,11.3,0.0,444.1009840293069,20.747988931156307,0.0,464.84897296046324,2.146143570976644
2024-06-28 05:00:00+00:00,2024,summer,10.289,280.0,22.33,10.051672877135726,12.2,14.0,437.82640183737004,20.535919267950497,0.2002,458.1621211053205,2.130651519678327
2024-06-28 06:00:00+00:00,2024,summer,10.803,280.0,22.33,10.553816900738386,12.1,48.0,451.93581084857385,20.559581893667065,0.6864,471.80899274224095,2.1621506021976558
2024-06-28 07:00:00+00:00,2024,summer,10.289,270.0,22.33,9.517437240525824,12.3,79.0,422.6218232431168,20.512231751676453,1.1297,442.00435499479323,2.092744012250734
2024-06-28 08:00:00+00:00,2024,summer,10.289,280.0,22.33,10.051672877135726,12.6,100.0,435.03769864095364,20.441019684992096,1.43,454.04871832594574,2.1210654062665704
2024-06-28 09:00:00+00:00,2024,summer,9.26,280.0,22.33,9.046407896032347,13.9,498.0,399.11907628525745,20.12983211863795,7.1214,412.1275084038954,2.0207781415617974
2024-06-28 10:00:00+00:00,2024,summer,8.746,270.0,22.33,8.090145408265027,13.5,271.0,374.93081095111063,20.22603373546297,3.8753,391.2815446865736,1.9690081600082185
2024-06-28 11:00:00+00:00,2024,summer,8.231,260.0,22.33,6.955046275148306,13.3,731.0,342.59859994571525,20.273983766537576,10.4533,352.4192837122528,1.8686702258086878
2024-06-28 12:00:00+00:00,2024,summer,8.231,260.0,22.33,6.955046275148306,14.2,770.01,337.6012135607696,20.057416493203508,11.011143,346.6474870539731,1.85330484848362
2024-06-28 13:00:00+00:00,2024,summer,8.746,260.0,22.33,7.390211969681338,14.1,642.0,351.08013681864736,20.08158025229009,9.1806,361.98111707093744,1.893850930949743
2024-06-28 14:00:00+00:00,2024,summer,7.717,260.0,22.33,6.520725562546407,14.0,692.0,325.4795599423234,20.105718788248662,9.8956,335.6896787305721,1.8237773929887575
2024-06-28 15:00:00+00:00,2024,summer,7.717,260.0,22.33,6.520725562546407,13.3,582.0,329.2145712859239,20.273983766537576,8.3226,341.16595505246147,1.838593316228137
2024-06-28 16:00:00+00:00,2024,summer,6.688,260.0,22.33,5.651239155411478,13.5,590.0,300.3716354454701,20.22603373546297,8.437,312.16066918093304,1.7587006549739765
2024-06-28 17:00:00+00:00,2024,summer,6.173,270.0,22.33,5.71009233995198,13.1,441.0,304.26717993319375,20.32183346628884,6.3063,318.2827133994826,1.7758625946900501
2024-06-28 18:00:00+00:00,2024,summer,6.688,280.0,22.33,6.533733910222931,13.2,247.0,330.15452373967406,20.297921149072955,3.5321000000000002,346.920344888747,1.854034104132409
2024-06-28 19:00:00+00:00,2024,summer,5.659,280.0,22.33,5.528468929119552,12.9,147.0,299.2129712670631,20.369582974770935,2.1021,317.480454241834,1.7736230748013355
2024-06-28 20:00:00+00:00,2024,summer,4.63,280.0,22.33,4.523203948016174,12.6,11.0,265.5885377962438,20.441019684992096,0.1573,285.8722574812359,1.683018304605602
2024-06-28 21:00:00+00:00,2024,summer,3.601,270.0,22.33,3.33096428254772,12.4,0.0,220.53706135845627,20.488519327396272,0.0,241.02558068585253,1.545376852030844
2024-06-28 22:00:00+00:00,2024,summer,3.087,270.0,22.33,2.855508675430384,12.0,0.0,201.79571850723,20.58321964626876,0.0,222.37893815349875,1.4843956052259442
2024-06-28 23:00:00+00:00,2024,summer,1.543,220.0,22.33,0.4683532812265557,11.6,0.0,84.53908446874337,20.677522274164204,0.0,105.21660674290757,1.0210452272320842
2024-06-29 00:00:00+00:00,2024,summer,1.543,190.0,22.33,0.3294952086619041,11.4,0.0,71.98728559184441,20.724524802480246,0.0,92.71181039432466,0.9584519926661821
2024-06-29 01:00:00+00:00,2024,summer,1.029,180.0,22.33,0.3909588220064182,11.4,0.0,77.95988141459692,20.724524802480246,0.0,98.68440621707717,0.9888424454319982
2024-06-29 02:00:00+00:00,2024,summer,1.543,200.0,22.33,0.06273060940469402,11.2,0.0,41.428735589582864,20.77142832603801,0.0,62.20016391562088,0.7850523146202589
2024-06-29 03:00:00+00:00,2024,summer,0.514,40.0,22.33,0.15601658233988938,11.3,0.0,50.89065101713871,20.747988931156307,0.0,71.63863994829501,0.8425127849372098
2024-06-29 04:00:00+00:00,2024,summer,1.543,110.0,22.33,1.5417243173290467,11.2,0.0,148.22204861348175,20.77142832603801,0.0,168.99347693951975,1.2940105123724572
2024-06-29 05:00:00+00:00,2024,summer,1.543,40.0,22.33,0.46835328122655506,10.7,53.0,85.7391661094668,20.888254901881265,0.7579,105.86952101134806,1.0242083399501591
2024-06-29 06:00:00+00:00,2024,summer,1.543,10.0,22.33,0.3294952086619047,10.5,79.0,73.00597359550262,20.93481300375153,1.1297,92.81108659925415,0.9589650126229206
2024-06-29 07:00:00+00:00,2024,summer,2.058,10.0,22.33,0.4394693061738171,10.8,149.0,83.10377105944023,20.864938915280412,2.1307,101.83800997472063,1.004518144740607
2024-06-29 08:00:00+00:00,2024,summer,1.029,250.0,22.33,0.7607176846269552,12.4,355.0,104.64186952106265,20.488519327396272,5.0765,120.05388884845893,1.0906639287401987
2024-06-29 09:00:00+00:00,2024,summer,2.058,310.0,22.33,1.960904675427727,12.9,547.0,161.38282773049633,20.369582974770935,7.8221,173.93031070526726,1.3127755217510388
2024-06-29 10:00:00+00:00,2024,summer,2.572,290.0,22.33,2.5698735866301416,13.9,352.0,183.3689015503246,20.12983211863795,5.0336,198.46513366896255,1.402312948863282
2024-06-29 11:00:00+00:00,2024,summer,3.087,270.0,22.33,2.855508675430384,14.8,512.0,192.82701990690867,19.911903268935795,7.3216,205.41732317584447,1.4266628964164578
2024-06-29 12:00:00+00:00,2024,summer,5.659,320.0,22.33,5.011819189379052,14.8,568.0,272.9937159963054,19.911903268935795,8.1224,284.7832192652412,1.6798094934493146
2024-06-29 13:00:00+00:00,2024,summer,5.659,320.0,22.33,5.011819189379052,15.0,592.0,272.086760129208,19.863196278835822,8.4656,283.4843564080438,1.675974408582227
2024-06-29 14:00:00+00:00,2024,summer,6.173,320.0,22.33,5.467036553461193,14.4,599.0,289.97619804850746,20.009013235380735,8.5657,301.4195112838882,1.7281781682503394
2024-06-29 15:00:00+00:00,2024,summer,6.173,280.0,22.33,6.030612952722212,14.3,548.0,308.61076850350395,20.033227493424036,7.8364,320.80759599692794,1.7828924883591966
2024-06-29 16:00:00+00:00,2024,summer,7.202,280.0,22.33,7.03587793382559,13.8,410.0,342.25762650441413,20.15392026101056,5.863,356.5485467654247,1.8795858597523123
2024-06-29 17:00:00+00:00,2024,summer,7.202,280.0,22.33,7.03587793382559,13.3,392.0,345.05384894317564,20.273983766537576,5.6056,359.72223270971324,1.8879325487747889
2024-06-29 18:00:00+00:00,2024,summer,6.173,290.0,22.33,6.167896442561378,13.3,66.0,318.089168200184,20.273983766537576,0.9438,337.4193519667216,1.8284699499307058
2024-06-29 19:00:00+00:00,2024,summer,6.173,300.0,22.33,6.117771520099513,12.4,18.0,321.1056659831583,20.488519327396272,0.2574,341.33678531055455,1.839053573264477
2024-06-29 20:00:00+00:00,2024,summer,6.688,300.0,22.33,6.6281639278188145,12.4,6.0,337.40721185827476,20.488519327396272,0.0858,357.809931185671,1.882907689470942
2024-06-29 21:00:00+00:00,2024,summer,6.688,300.0,22.33,6.6281639278188145,12.0,0.0,339.56316848356727,20.58321964626876,0.0,360.14638812983605,1.8890452696977849
2024-06-29 22:00:00+00:00,2024,summer,6.173,300.0,22.33,6.117771520099513,11.2,0.0,327.26104616174916,20.77142832603801,0.0,348.03247448778717,1.8570034836872862
2024-06-29 23:00:00+00:00,2024,summer,5.144,300.0,22.33,5.097977757879782,11.4,0.0,291.4660969734647,20.724524802480246,0.0,312.1906217759449,1.7587850288078526
2024-06-30 00:00:00+00:00,2024,summer,5.659,300.0,22.33,5.608370165599084,11.8,0.0,307.2254192983119,20.63042060186722,0.0,327.85583990017915,1.8023714346863962
2024-06-30 01:00:00+00:00,2024,summer,5.144,300.0,22.33,5.097977757879782,10.7,0.0,294.6740571602795,20.888254901881265,0.0,315.5623120621608,1.7682570508770101
2024-06-30 02:00:00+00:00,2024,summer,4.63,290.0,22.33,4.626172125232331,10.8,0.0,277.07739621005425,20.864938915280412,0.0,297.94233512533464,1.7181811195095458
2024-06-30 03:00:00+00:00,2024,summer,4.63,290.0,22.33,4.626172125232331,10.6,0.0,277.9405656686526,20.911546258921337,0.0,298.85211192757396,1.7208023815250433
2024-06-30 04:00:00+00:00,2024,summer,4.63,310.0,22.33,4.411559109441388,11.1,0.0,267.80444592450766,20.794843004512877,0.0,288.59928892902053,1.691026689615007
2024-06-30 05:00:00+00:00,2024,summer,5.659,300.0,22.33,5.608370165599084,11.5,7.0,308.6837678076393,20.701035922616132,0.1001,329.28470373025544,1.8062947192003926
2024-06-30 06:00:00+00:00,2024,summer,5.659,300.0,22.33,5.608370165599084,12.0,54.0,306.25318695876024,20.58321964626876,0.7722,326.06420660502897,1.797439980049772
2024-06-30 07:00:00+00:00,2024,summer,6.173,300.0,22.33,6.117771520099513,11.7,116.0,324.69630442066966,20.653983839718578,1.6588,343.69148826038827,1.845386002669296
2024-06-30 08:00:00+00:00,2024,summer,6.173,300.0,22.33,6.117771520099513,12.0,149.0,323.15745937602196,20.58321964626876,2.1307,341.6099790222907,1.8397893823015938
2024-06-30 09:00:00+00:00,2024,summer,6.173,300.0,22.33,6.117771520099513,13.0,210.0,318.02797589386284,20.34572073568897,3.003,335.37069662955184,1.8229106838721556
2024-06-30 10:00:00+00:00,2024,summer,6.173,300.0,22.33,6.117771520099513,13.4,211.0,315.97618250099924,20.250021301172904,3.0173,333.2089038021722,1.8170259623700822
2024-06-30 11:00:00+00:00,2024,summer,6.173,300.0,22.33,6.117771520099513,13.6,0.0,314.9502858045674,20.20202105188573,0.0,335.1523068564531,1.822317057347583
2024-06-30 12:00:00+00:00,2024,summer,6.173,280.0,22.33,6.030612952722212,14.9,249.0,305.56025019869173,19.88756245579483,3.5607,321.88711265448654,1.7858896831912352
2024-06-30 13:00:00+00:00,2024,summer,6.173,270.0,22.33,5.71009233995198,14.9,184.0,295.4193459448295,19.88756245579483,2.6312,312.67570840062433,1.760150912143858
2024-06-30 14:00:00+00:00,2024,summer,6.688,260.0,22.33,5.651239155411478,14.2,313.0,296.9527713021883,20.057416493203508,4.4759,312.5342877953918,1.7597528163640066
2024-06-30 15:00:00+00:00,2024,summer,7.202,270.0,22.33,6.66192856509544,13.9,292.0,330.3581289128062,20.12983211863795,4.1756,346.31236103144414,1.852408778426702
2024-06-30 16:00:00+00:00,2024,summer,6.173,260.0,22.33,5.216073460878447,13.6,190.0,285.39462023400284,20.20202105188573,2.717,302.87964128588857,1.7323589133078314
2024-06-30 17:00:00+00:00,2024,summer,7.717,280.0,22.33,7.538998891326309,11.7,90.0,369.43885448919815,20.653983839718578,1.287,388.80583832891676,1.9627691470477295
2024-06-30 18:00:00+00:00,2024,summer,6.688,260.0,22.33,5.651239155411478,11.4,156.0,310.6282278753154,20.724524802480246,2.2308,329.12195267779566,1.8058482777210707
2024-06-30 19:00:00+00:00,2024,summer,6.173,260.0,22.33,5.216073460878447,11.2,24.0,296.5501102757228,20.77142832603801,0.3432,316.97833860176075,1.772219970652389
2024-06-30 20:00:00+00:00,2024,summer,6.688,280.0,22.33,6.533733910222931,10.4,10.0,345.1129811259376,20.958055153716582,0.14300000000000002,365.92803627965424,1.9041478922020845
2024-06-30 21:00:00+00:00,2024,summer,4.63,260.0,22.33,3.9122663411416183,10.0,0.0,252.9257934411201,21.050778151606515,0.0,273.9765715927266,1.6476294545829926
2024-06-30 22:00:00+00:00,2024,summer,2.058,210.0,22.33,0.2746756817610677,10.8,0.0,66.75845028471083,20.864938915280412,0.0,87.62338919999124,0.9317788694746705
2024-06-30 23:00:00+00:00,2024,summer,4.116,230.0,22.33,1.911381457388489,11.5,0.0,163.0656924772853,20.701035922616132,0.0,183.76672839990144,1.349386234984492
2024-07-01 00:00:00+00:00,2024,summer,4.116,230.0,22.33,1.911381457388489,12.1,0.0,161.5249142806495,20.559581893667065,0.0,182.08449617431657,1.3431957784943132
2024-07-01 01:00:00+00:00,2024,summer,5.659,230.0,22.33,2.6279173147136685,12.2,0.0,191.09031535995337,20.535919267950497,0.0,211.62623462790387,1.4480634312613772
2024-07-01 02:00:00+00:00,2024,summer,5.144,240.0,22.33,3.1435635883938606,12.3,0.0,213.12455827956748,20.512231751676453,0.0,233.63679003124395,1.521505228789081
2024-07-01 03:00:00+00:00,2024,summer,6.173,240.0,22.33,3.7723985286071735,12.0,0.0,239.68961111462605,20.58321964626876,0.0,260.2728307608948,1.6058953906870237
2024-07-01 04:00:00+00:00,2024,summer,5.144,240.0,22.33,3.1435635883938606,12.2,0.0,213.46446985577091,20.535919267950497,0.0,234.00038912372142,1.522688695764034
2024-07-01 05:00:00+00:00,2024,summer,6.173,240.0,22.33,3.7723985286071735,12.4,33.0,238.16777231389827,20.488519327396272,0.4719,258.18439164129455,1.5994395311595873
2024-07-01 06:00:00+00:00,2024,summer,6.688,250.0,22.33,4.944295310772669,13.2,83.0,277.9098889675585,20.297921149072955,1.1869,297.0209101166315,1.7155222140675008
2024-07-01 07:00:00+00:00,2024,summer,7.202,260.0,22.33,6.085559868013377,13.4,120.0,314.94698158066694,20.250021301172904,1.716,333.48100288183986,1.817767704552484
2024-07-01 08:00:00+00:00,2024,summer,7.717,280.0,22.33,7.538998891326309,13.4,211.0,359.51711590102065,20.250021301172904,3.0173,376.7498372021936,1.9320989765671868
2024-07-01 09:00:00+00:00,2024,summer,6.173,280.0,22.33,6.030612952722212,13.6,233.0,312.1697065257849,20.20202105188573,3.3319,329.03982757767056,1.8056229589263908
2024-07-01 10:00:00+00:00,2024,summer,6.173,310.0,22.33,5.881761205741186,13.0,595.0,310.38895637412924,20.34572073568897,8.5085,322.2261771098182,1.786830032014539
2024-07-01 11:00:00+00:00,2024,summer,6.688,310.0,22.33,6.372463784869115,12.8,167.0,327.1985332183799,20.393420201026206,2.3881,345.20385341940613,1.849441724284454
2024-07-01 12:00:00+00:00,2024,summer,5.659,310.0,22.33,5.392011447155252,14.0,283.0,289.40820383937415,20.105718788248662,4.0469,305.46702262762284,1.7397426073849198
2024-07-01 13:00:00+00:00,2024,summer,6.688,310.0,22.33,6.372463784869115,13.2,475.0,325.09436258675044,20.297921149072955,6.7925,338.5997837358234,1.8316655277348373
2024-07-01 14:00:00+00:00,2024,summer,6.173,310.0,22.33,5.881761205741186,14.1,709.0,304.8820555352334,20.08158025229009,10.1387,314.8249357875235,1.7661898943619003
2024-07-01 15:00:00+00:00,2024,summer,6.173,300.0,22.33,6.117771520099513,13.9,467.0,313.4114407599197,20.12983211863795,6.6781,326.86317287855763,1.7996407970090311
2024-07-01 16:00:00+00:00,2024,summer,6.688,300.0,22.33,6.6281639278188145,14.0,470.0,328.7833853571048,20.105718788248662,6.721,342.1681041453535,1.8412917002501932
2024-07-01 17:00:00+00:00,2024,summer,7.202,300.0,22.33,7.137565282319244,13.4,333.0,347.56311026741207,20.250021301172904,4.7619,363.05123156858497,1.896648233943445
2024-07-01 18:00:00+00:00,2024,summer,6.688,300.0,22.33,6.6281639278188145,13.1,327.0,333.6342877640129,20.32183346628884,4.6761,349.28002123030177,1.8603287858316848
2024-07-01 19:00:00+00:00,2024,summer,7.202,290.0,22.33,7.196045711862473,12.8,54.0,352.7227146442778,20.393420201026206,0.7722,372.34393484530403,1.9207682831436506
2024-07-01 20:00:00+00:00,2024,summer,7.202,290.0,22.33,7.196045711862473,12.7,6.0,353.28979296364156,20.41723243194018,0.0858,373.62122539558175,1.924059969307836
2024-07-01 21:00:00+00:00,2024,summer,6.688,280.0,22.33,6.533733910222931,12.5,0.0,333.89413808624,20.464781977655118,0.0,354.3589200638951,1.8738055395949853
2024-07-01 22:00:00+00:00,2024,summer,7.202,290.0,22.33,7.196045711862473,12.3,0.0,355.55810624109677,20.512231751676453,0.0,376.0703379927732,1.9303558408118913
2024-07-01 23:00:00+00:00,2024,summer,6.173,300.0,22.33,6.117771520099513,11.8,0.0,324.18335607245376,20.63042060186722,0.0,344.813776674321,1.8483965040231995
2024-07-02 00:00:00+00:00,2024,summer,5.144,290.0,22.33,5.139747173260283,12.6,0.0,287.41246547982814,20.441019684992096,0.0,307.85348516482026,1.7465252593951408
2024-07-02 01:00:00+00:00,2024,summer,6.173,300.0,22.33,6.117771520099513,12.6,0.0,320.0797692867265,20.441019684992096,0.0,340.5207889717186,1.8368540463056608
2024-07-02 02:00:00+00:00,2024,summer,6.688,300.0,22.33,6.6281639278188145,12.5,0.0,336.86822270195165,20.464781977655118,0.0,357.33300467960674,1.8816524028692747
2024-07-02 03:00:00+00:00,2024,summer,6.173,300.0,22.33,6.117771520099513,12.6,0.0,320.0797692867265,20.441019684992096,0.0,340.5207889717186,1.8368540463056608
2024-07-02 04:00:00+00:00,2024,summer,5.144,300.0,22.33,5.097977757879782,12.5,0.0,286.4250166798984,20.464781977655118,0.0,306.8897986575535,1.7437895066011937
2024-07-02 05:00:00+00:00,2024,summer,7.202,280.0,22.33,7.03587793382559,12.4,16.0,350.08704933294644,20.488519327396272,0.2288,370.3467686603427,1.9156100800351668
2024-07-02 06:00:00+00:00,2024,summer,7.717,280.0,22.33,7.538998891326309,12.7,33.0,363.6025376726231,20.41723243194018,0.4719,383.5478701045633,1.9494523374265218
2024-07-02 07:00:00+00:00,2024,summer,7.202,280.0,22.33,7.03587793382559,12.8,165.0,347.8500713819372,20.393420201026206,2.3595,365.8839915829634,1.9040332929750898
2024-07-02 08:00:00+00:00,2024,summer,5.659,270.0,22.33,5.234636732834643,13.0,147.0,288.81688620969413,20.34572073568897,2.1021,307.0605069453831,1.7442744330105837
2024-07-02 09:00:00+00:00,2024,summer,5.659,250.0,22.33,4.1835776261457145,13.3,173.0,250.24230348523213,20.273983766537576,2.4739,268.0423872517697,1.6296883929654324
2024-07-02 10:00:00+00:00,2024,summer,5.659,250.0,22.33,4.1835776261457145,14.0,458.0,247.40324979901393,20.105718788248662,6.5494,260.9595685872626,1.6080125970869428
2024-07-02 11:00:00+00:00,2024,summer,5.144,260.0,22.33,4.346587053743517,14.6,399.0,250.82547526936204,19.960508874188154,5.7057,265.0802841435502,1.6206586350346524
2024-07-02 12:00:00+00:00,2024,summer,5.144,260.0,22.33,4.346587053743517,15.0,666.0,249.16437940665102,19.863196278835822,9.5238,259.50377568548686,1.6035210828129522
2024-07-02 13:00:00+00:00,2024,summer,5.659,280.0,22.33,5.528468929119552,14.2,368.0,292.94925367210044,20.057416493203508,5.2624,307.74427016530393,1.7462154307184763
2024-07-02 14:00:00+00:00,2024,summer,6.688,280.0,22.33,6.533733910222931,15.4,662.0,318.40145007903845,19.765477580452682,9.4666,328.7003276594911,1.8046912068995613
2024-07-02 15:00:00+00:00,2024,summer,5.144,280.0,22.33,5.025347971618833,15.2,736.0,271.63195728253066,19.814387763002607,10.5248,280.92154504553326,1.6683814711178009
2024-07-02 16:00:00+00:00,2024,summer,5.144,270.0,22.33,4.7582561148085185,15.0,262.0,263.49537989027147,19.863196278835822,3.7466,279.61197616910727,1.6644881907260283
2024-07-02 17:00:00+00:00,2024,summer,4.63,260.0,22.33,3.9122663411416183,15.3,201.0,232.30261336053647,19.78994538888251,2.8743,249.21825874941896,1.5714217592833568
2024-07-02 18:00:00+00:00,2024,summer,5.144,250.0,22.33,3.8028491445296972,14.3,202.0,232.08929991564088,20.033227493424036,2.8886,249.2339274090649,1.5714711571200906
2024-07-02 19:00:00+00:00,2024,summer,5.659,250.0,22.33,4.1835776261457145,13.4,90.0,249.83672438720097,20.250021301172904,1.287,268.7997456883739,1.6319891254001269
2024-07-02 20:00:00+00:00,2024,summer,4.63,230.0,22.33,2.1500719503665464,12.6,68.0,169.2733872252951,20.441019684992096,0.9724,188.7420069102872,1.3675308052567008
2024-07-02 21:00:00+00:00,2024,summer,3.087,170.0,22.33,1.6509117148619172,11.4,0.0,152.54480759547846,20.724524802480246,0.0,173.2693323979587,1.3102787111232443
2024-07-02 22:00:00+00:00,2024,summer,3.087,190.0,22.33,0.6592039592607246,11.6,0.0,99.13647852464844,20.677522274164204,0.0,119.81400079881264,1.089573718023808
2024-07-02 23:00:00+00:00,2024,summer,3.087,210.0,22.33,0.4120135226416017,11.0,0.0,80.39142355837687,20.81823298396238,0.0,101.20965654233925,1.0014143474748765
2024-07-03 00:00:00+00:00,2024,summer,4.116,200.0,22.33,0.16733583169780986,10.9,0.0,52.909234567978004,20.841598281761826,0.0,73.75083284973982,0.8548428790758089
2024-07-03 01:00:00+00:00,2024,summer,3.087,200.0,22.33,0.1255018737733574,10.9,0.0,46.27112166549962,20.841598281761826,0.0,67.11271994726144,0.815464865205504
2024-07-03 02:00:00+00:00,2024,summer,2.572,180.0,22.33,0.9772070847429618,11.1,0.0,120.03713382421081,20.794843004512877,0.0,140.8319768287237,1.1812816875867038
2024-07-03 03:00:00+00:00,2024,summer,2.572,180.0,22.33,0.9772070847429618,11.3,0.0,119.66143074494882,20.747988931156307,0.0,140.40941967610513,1.1795081769682847
2024-07-03 04:00:00+00:00,2024,summer,3.601,190.0,22.33,0.7689645148357205,11.4,0.0,106.84899731513765,20.724524802480246,0.0,127.5735221176179,1.1243023198216988
2024-07-03 05:00:00+00:00,2024,summer,3.601,190.0,22.33,0.7689645148357205,11.8,7.0,106.17699104271541,20.63042060186722,0.1001,126.70731164458263,1.1204788727475483
2024-07-03 06:00:00+00:00,2024,summer,4.116,200.0,22.33,0.16733583169780986,12.3,38.0,51.75365066165712,20.512231751676453,0.5434,71.72248241333357,0.8430056592638947
2024-07-03 07:00:00+00:00,2024,summer,4.63,200.0,22.33,0.1882324831780514,13.6,290.0,53.53737106983992,20.20202105188573,4.147,69.59239212172564,0.8303930702105571
2024-07-03 08:00:00+00:00,2024,summer,7.717,240.0,22.33,4.715956495263495,13.3,378.0,269.46992367390527,20.273983766537576,5.4054,284.33850744044287,1.678497402427489
2024-07-03 09:00:00+00:00,2024,summer,9.26,280.0,22.33,9.046407896032347,12.7,345.0,406.9577488145914,20.41723243194018,4.9335,422.4414812465316,2.0459080548212265
2024-07-03 10:00:00+00:00,2024,summer,11.318,280.0,22.33,11.056937858239104,13.4,130.0,455.5185487075194,20.250021301172904,1.859,473.90957000869236,2.1669583957205005
2024-07-03 11:00:00+00:00,2024,summer,10.803,280.0,22.33,10.553816900738386,13.4,643.0,442.5953250917671,20.250021301172904,9.1949,453.65044639294,2.1201349486818417
2024-07-03 12:00:00+00:00,2024,summer,9.774,270.0,22.33,9.041056622499699,12.8,278.0,406.15597694434325,20.393420201026206,3.9754,422.5739971453695,2.046228920667282
2024-07-03 13:00:00+00:00,2024,summer,10.289,270.0,22.33,9.517437240525824,14.0,802.01,411.16317731786484,20.105718788248662,11.468743,419.8001531061135,2.0395019745660328
2024-07-03 14:00:00+00:00,2024,summer,10.803,280.0,22.33,10.553816900738386,13.1,772.01,444.7508218048763,20.32183346628884,11.039743,454.0329122711652,2.1210284873563023
2024-07-03 15:00:00+00:00,2024,summer,11.832,270.0,22.33,10.944729072786624,13.7,730.0,450.45164693987033,20.17798323291303,10.439,460.19063017278336,2.135363031536072
2024-07-03 16:00:00+00:00,2024,summer,11.318,260.0,22.33,9.563505496553097,13.8,415.0,413.74408906233924,20.15392026101056,5.9345,427.9635093233498,2.0592363878397815
2024-07-03 17:00:00+00:00,2024,summer,12.861,270.0,22.33,11.896565297930085,12.0,334.0,487.4275796270187,20.58321964626876,4.7762,503.2345992732875,2.2329966946866042
2024-07-03 18:00:00+00:00,2024,summer,13.376,280.0,22.33,13.067467820445861,12.3,333.0,514.0825416251353,20.512231751676453,4.7619,529.8328733768118,2.2912489769553637
2024-07-03 19:00:00+00:00,2024,summer,12.347,280.0,22.33,12.062202839342483,12.6,122.0,486.9285625845497,20.441019684992096,1.7446,505.6249822695418,2.2382938202800235
2024-07-03 20:00:00+00:00,2024,summer,12.861,280.0,22.33,12.564346862945143,12.1,32.0,503.35932605342293,20.559581893667065,0.4576,523.4613079470901,2.277430469817139
2024-07-03 21:00:00+00:00,2024,summer,11.832,280.0,22.33,11.559081881841765,10.6,0.0,489.4761063091161,20.911546258921337,0.0,510.3876525680375,2.2488107747189012
2024-07-03 22:00:00+00:00,2024,summer,11.832,280.0,22.33,11.559081881841765,11.7,0.0,481.1154895864448,20.653983839718578,0.0,501.7694734261634,2.2297437328325227
2024-07-03 23:00:00+00:00,2024,summer,10.803,280.0,22.33,10.553816900738386,11.6,0.0,455.5283053704226,20.677522274164204,0.0,476.20582764458675,2.172201887462666
2024-07-04 00:00:00+00:00,2024,summer,11.832,270.0,22.33,10.944729072786624,11.7,0.0,465.1482748987568,20.653983839718578,0.0,485.8022587384754,2.1939796684604853
2024-07-04 01:00:00+00:00,2024,summer,11.832,270.0,22.33,10.944729072786624,11.4,0.0,467.3527690925898,20.724524802480246,0.0,488.07729389507006,2.199110923733088
2024-07-04 02:00:00+00:00,2024,summer,11.318,260.0,22.33,9.563505496553097,12.1,0.0,425.23698042518197,20.559581893667065,0.0,445.79656231884906,2.1017022607279148
2024-07-04 03:00:00+00:00,2024,summer,9.26,260.0,22.33,7.824532682283237,10.0,0.0,388.1768740616858,21.050778151606515,0.0,409.2276522132923,2.013656182408859
2024-07-04 04:00:00+00:00,2024,summer,9.26,260.0,22.33,7.824532682283237,10.6,0.0,384.59370291650106,20.911546258921337,0.0,405.5052491754224,2.0044769844546533
2024-07-04 05:00:00+00:00,2024,summer,11.832,260.0,22.33,9.997826209154995,10.8,57.0,446.1035543746887,20.864938915280412,0.8151,466.15339328996913,2.149152625858353
2024-07-04 06:00:00+00:00,2024,summer,10.803,270.0,22.33,9.992892847643162,11.2,104.0,443.1888894232571,20.77142832603801,1.4872,462.4731177492951,2.1406520473061437
2024-07-04 07:00:00+00:00,2024,summer,10.803,260.0,22.33,9.128339802020065,11.2,167.0,419.0847089579115,20.77142832603801,2.3881,437.4680372839495,2.0819773363892455
2024-07-04 08:00:00+00:00,2024,summer,11.318,270.0,22.33,10.469273465669286,12.6,324.0,446.1203343021666,20.441019684992096,4.6332,461.92815398715874,2.1393904370464263
2024-07-04 09:00:00+00:00,2024,summer,11.318,260.0,22.33,9.563505496553097,12.9,380.0,419.82856096031486,20.369582974770935,5.434,434.76414393508577,2.075533242459181
2024-07-04 10:00:00+00:00,2024,summer,12.347,260.0,22.33,10.432991903688025,13.3,302.0,440.1704168567692,20.273983766537576,4.3186,456.12580062330676,2.1259113624898442
2024-07-04 11:00:00+00:00,2024,summer,11.832,280.0,22.33,11.559081881841765,11.7,500.0,481.1154895864448,20.653983839718578,7.15,494.61947342616344,2.2138002858229897
2024-07-04 12:00:00+00:00,2024,summer,11.318,260.0,22.33,9.563505496553097,12.0,537.0,425.9130328582904,20.58321964626876,7.6791,438.81715250455915,2.085185188002741
2024-07-04 13:00:00+00:00,2024,summer,10.803,270.0,22.33,9.992892847643162,13.6,699.0,426.5172070625076,20.20202105188573,9.9957,436.72352811439333,2.080204965450405
2024-07-04 14:00:00+00:00,2024,summer,10.803,260.0,22.33,9.128339802020065,14.3,300.0,398.7216588361321,20.033227493424036,4.29,414.4648863295561,2.026500453197749
2024-07-04 15:00:00+00:00,2024,summer,10.803,270.0,22.33,9.992892847643162,14.4,277.0,420.95997960892447,20.009013235380735,3.9611,437.0078928443052,2.080882099408443
2024-07-04 16:00:00+00:00,2024,summer,10.803,270.0,22.33,9.992892847643162,12.6,169.0,433.4637413794866,20.441019684992096,2.4167,451.4880610644787,2.1150759599615387
2024-07-04 17:00:00+00:00,2024,summer,9.774,270.0,22.33,9.041056622499699,12.8,152.0,406.15597694434325,20.393420201026206,2.1736,424.37579714536946,2.0505867059798693
2024-07-04 18:00:00+00:00,2024,summer,10.289,260.0,22.33,8.694019089418166,12.8,66.0,396.44935353790913,20.393420201026206,0.9438,415.89897373893535,2.0300033666021955
2024-07-04 19:00:00+00:00,2024,summer,10.803,260.0,22.33,9.128339802020065,12.0,18.0,413.8297282813233,20.58321964626876,0.2574,434.15554792759207,2.0740800365946743
2024-07-04 20:00:00+00:00,2024,summer,10.289,260.0,22.33,8.694019089418166,12.4,5.0,398.9988670654841,20.488519327396272,0.07150000000000001,419.41588639288034,2.0385683253750773
2024-07-04 21:00:00+00:00,2024,summer,9.774,270.0,22.33,9.041056622499699,12.1,0.0,410.7268641446815,20.559581893667065,0.0,431.2864460383486,2.0672154336592596
2024-07-04 22:00:00+00:00,2024,summer,10.289,260.0,22.33,8.694019089418166,12.1,0.0,400.9110022111653,20.559581893667065,0.0,421.47058410483237,2.0435556474458387
2024-07-04 23:00:00+00:00,2024,summer,9.774,270.0,22.33,9.041056622499699,12.0,0.0,411.3798480304441,20.58321964626876,0.0,431.96306767671285,2.068836368587202
2024-07-05 00:00:00+00:00,2024,summer,8.746,270.0,22.33,8.090145408265027,11.8,0.0,385.29475206683236,20.63042060186722,0.0,405.9251726686996,2.0055145902292617
2024-07-05 01:00:00+00:00,2024,summer,9.774,270.0,22.33,9.041056622499699,11.8,0.0,412.68581580196934,20.63042060186722,0.0,433.31623640383657,2.0720742561448473
2024-07-05 02:00:00+00:00,2024,summer,9.26,280.0,22.33,9.046407896032347,11.8,0.0,412.836753211592,20.63042060186722,0.0,433.4671738134592,2.0724351084090986
2024-07-05 03:00:00+00:00,2024,summer,8.746,270.0,22.33,8.090145408265027,12.0,0.0,384.07546487674745,20.58321964626876,0.0,404.6586845230162,2.0023835393681524
2024-07-05 04:00:00+00:00,2024,summer,9.774,280.0,22.33,9.548551919635006,11.5,0.0,428.8783406625319,20.701035922616132,0.0,449.57937658514805,2.1106004392245645
2024-07-05 05:00:00+00:00,2024,summer,8.746,280.0,22.33,8.544263872429688,11.3,23.0,401.6736774954162,20.747988931156307,0.3289,422.09276642657255,2.0450634576606204
2024-07-05 06:00:00+00:00,2024,summer,7.202,270.0,22.33,6.66192856509544,11.7,65.0,342.2531842910087,20.653983839718578,0.9295,361.9776681307273,1.8938419086639409
2024-07-05 07:00:00+00:00,2024,summer,7.717,270.0,22.33,7.1383091831215655,11.2,0.0,359.9992640947793,20.77142832603801,0.0,380.7706924208173,1.9423817578261209
2024-07-05 08:00:00+00:00,2024,summer,5.659,270.0,22.33,5.234636732834643,11.0,420.0,298.13355995839396,20.81823298396238,6.006,312.9457929423563,1.76091094390433
2024-07-05 09:00:00+00:00,2024,summer,4.116,230.0,22.33,1.911381457388489,12.6,548.0,160.24093245011971,20.441019684992096,7.8364,172.8455521351118,1.3086753974172232
2024-07-05 10:00:00+00:00,2024,summer,5.659,250.0,22.33,4.1835776261457145,11.9,453.0,255.92041085766851,20.606832543192034,6.4779,270.04934340086055,1.6357781268626899
2024-07-05 11:00:00+00:00,2024,summer,6.173,260.0,22.33,5.216073460878447,13.2,510.0,287.25386857428947,20.297921149072955,7.293,300.25878972336244,1.7248474805373886
2024-07-05 12:00:00+00:00,2024,summer,5.144,260.0,22.33,4.346587053743517,13.9,790.01,253.7323930291063,20.12983211863795,11.297143,262.56508214774425,1.6129515371607637
2024-07-05 13:00:00+00:00,2024,summer,4.116,280.0,22.33,4.021059924413514,14.0,729.0,241.41891683062394,20.105718788248662,10.4247,251.0999356188726,1.577342969801764
2024-07-05 14:00:00+00:00,2024,summer,3.601,280.0,22.33,3.517938966912795,14.2,784.01,221.54846944351402,20.057416493203508,11.211343,230.39454293671753,1.5109111562386415
2024-07-05 15:00:00+00:00,2024,summer,5.144,280.0,22.33,5.025347971618833,13.8,619.0,277.99123387442944,20.15392026101056,8.851700000000001,289.29345413544,1.6930591736160254
2024-07-05 16:00:00+00:00,2024,summer,6.688,280.0,22.33,6.533733910222931,10.6,342.0,344.0445198840617,20.911546258921337,4.8906,360.06546614298304,1.8888330311617587
2024-07-05 17:00:00+00:00,2024,summer,3.601,270.0,22.33,3.33096428254772,11.0,118.0,225.46920011088181,20.81823298396238,1.6874,244.6000330948442,1.556793786380617
2024-07-05 18:00:00+00:00,2024,summer,2.572,310.0,22.33,2.450654434013661,11.5,64.0,185.05850663265784,20.701035922616132,0.9152,204.84434255527398,1.4246717765489179
2024-07-05 19:00:00+00:00,2024,summer,3.601,280.0,22.33,3.517938966912795,11.3,20.0,232.11574841368164,20.747988931156307,0.28600000000000003,252.57773734483794,1.581977739114667
2024-07-05 20:00:00+00:00,2024,summer,3.601,250.0,22.33,2.6621422568918036,10.7,5.0,197.22542297522594,20.888254901881265,0.07150000000000001,218.0421778771072,1.469850246063911
2024-07-05 21:00:00+00:00,2024,summer,3.087,280.0,22.33,3.015794943310136,10.4,0.0,214.02368670698053,20.958055153716582,0.0,234.9817418606971,1.52587828725366
2024-07-05 22:00:00+00:00,2024,summer,3.087,290.0,22.33,3.0844478079032847,9.9,0.0,218.701440131811,21.073897587203227,0.0,239.77533771901423,1.541363567243285
2024-07-05 23:00:00+00:00,2024,summer,2.572,290.0,22.33,2.5698735866301416,10.1,0.0,194.77318675312713,21.02763420777673,0.0,215.80082096090388,1.4622760942137403
2024-07-06 00:00:00+00:00,2024,summer,3.601,300.0,22.33,3.568782641159622,9.8,0.0,239.69778522116025,21.096992531874935,0.0,260.7947777530352,1.6075048027468257
2024-07-06 01:00:00+00:00,2024,summer,3.087,290.0,22.33,3.0844478079032847,9.7,0.0,219.37333395710075,21.120063002923622,0.0,240.49339696002437,1.5436698156073787
2024-07-06 02:00:00+00:00,2024,summer,3.087,300.0,22.33,3.059381286659193,10.4,0.0,215.93005307112654,20.958055153716582,0.0,236.8881082248431,1.5320553778956392
2024-07-06 03:00:00+00:00,2024,summer,4.116,300.0,22.33,4.079175048878923,10.6,0.0,257.1452936174365,20.911546258921337,0.0,278.05683987635786,1.6598529901178467
2024-07-06 04:00:00+00:00,2024,summer,4.63,300.0,22.33,4.588576403379353,10.5,0.0,276.9718957441184,20.93481300375153,0.0,297.9067087478699,1.718078390907601
2024-07-06 05:00:00+00:00,2024,summer,5.659,300.0,22.33,5.608370165599084,10.7,18.0,312.5726971658458,20.888254901881265,0.2574,333.20355206772706,1.8170113705038902
2024-07-06 06:00:00+00:00,2024,summer,6.173,300.0,22.33,6.117771520099513,12.0,98.0,323.15745937602196,20.58321964626876,1.4014,342.33927902229067,1.8417522099637802
2024-07-06 07:00:00+00:00,2024,summer,6.173,280.0,22.33,6.030612952722212,11.6,86.0,322.338100875159,20.677522274164204,1.2298,341.7858231493232,1.8402628382247992
2024-07-06 08:00:00+00:00,2024,summer,6.173,280.0,22.33,6.030612952722212,13.0,121.0,315.2202248305971,20.34572073568897,1.7303,333.8356455662861,1.8187340065493536
2024-07-06 09:00:00+00:00,2024,summer,5.659,270.0,22.33,5.234636732834643,12.4,198.0,291.6118883343041,20.488519327396272,2.8314,309.2690076617004,1.750535950452517
2024-07-06 10:00:00+00:00,2024,summer,6.688,270.0,22.33,6.186472957978104,13.7,132.0,316.61488396441104,20.17798323291303,1.8876,334.90526719732406,1.821645321597237
2024-07-06 11:00:00+00:00,2024,summer,7.202,270.0,22.33,6.66192856509544,13.3,172.0,333.60223492504326,20.273983766537576,2.4596,351.4166186915808,1.8660100637050308
2024-07-06 12:00:00+00:00,2024,summer,7.717,280.0,22.33,7.538998891326309,14.4,169.0,353.68079908444565,20.009013235380735,2.4167,371.2731123198264,1.9180043293516194
2024-07-06 13:00:00+00:00,2024,summer,8.231,280.0,22.33,8.041142914928969,14.2,152.0,369.27420591741736,20.057416493203508,2.1736,387.15802241062084,1.95860547967652
2024-07-06 14:00:00+00:00,2024,summer,8.231,280.0,22.33,8.041142914928969,13.6,88.0,372.9183592652866,20.20202105188573,1.2584,391.8619803171723,1.9704680537578192
2024-07-06 15:00:00+00:00,2024,summer,8.746,280.0,22.33,8.544263872429688,14.0,273.0,384.64826259372666,20.105718788248662,3.9039,400.8500813819753,1.992938155006977
2024-07-06 16:00:00+00:00,2024,summer,7.717,280.0,22.33,7.538998891326309,12.8,177.0,363.01890599096566,20.393420201026206,2.5311,380.8812261919919,1.9426636639786716
2024-07-06 17:00:00+00:00,2024,summer,6.173,280.0,22.33,6.030612952722212,11.9,74.0,320.81284172275286,20.606832543192034,1.0582,340.3614742659449,1.8364243044110076
2024-07-06 18:00:00+00:00,2024,summer,6.173,290.0,22.33,6.167896442561378,13.2,33.0,318.6047098018051,20.297921149072955,0.4719,338.43073095087806,1.8312082226321704
2024-07-06 19:00:00+00:00,2024,summer,6.173,290.0,22.33,6.167896442561378,13.6,16.0,316.5425433953209,20.20202105188573,0.2288,336.5157644472066,1.8260200456640983
2024-07-06 20:00:00+00:00,2024,summer,6.173,300.0,22.33,6.117771520099513,12.6,5.0,320.0797692867265,20.441019684992096,0.07150000000000001,340.4492889717186,1.8366611917671478
2024-07-06 21:00:00+00:00,2024,summer,5.659,300.0,22.33,5.608370165599084,12.0,0.0,306.25318695876024,20.58321964626876,0.0,326.83640660502897,1.7995671107268238
2024-07-06 22:00:00+00:00,2024,summer,5.144,300.0,22.33,5.097977757879782,11.7,0.0,290.0912568934011,20.653983839718578,0.0,310.7452407331197,1.7547088914018814
2024-07-06 23:00:00+00:00,2024,summer,4.116,300.0,22.33,4.079175048878923,11.8,0.0,252.35376640717368,20.63042060186722,0.0,272.9841870090409,1.6446427660185254
2024-07-07 00:00:00+00:00,2024,summer,4.63,290.0,22.33,4.626172125232331,11.9,0.0,272.3299641877636,20.606832543192034,0.0,292.9367967309556,1.7036869544516644
2024-07-07 01:00:00+00:00,2024,summer,4.63,300.0,22.33,4.588576403379353,11.8,0.0,271.3895164500509,20.63042060186722,0.0,292.01993705191813,1.701018689381105
2024-07-07 02:00:00+00:00,2024,summer,4.63,300.0,22.33,4.588576403379353,11.8,0.0,271.3895164500509,20.63042060186722,0.0,292.01993705191813,1.701018689381105
2024-07-07 03:00:00+00:00,2024,summer,4.63,300.0,22.33,4.588576403379353,11.7,0.0,271.81893024190225,20.653983839718578,0.0,292.47291408162084,1.702337475740245
2024-07-07 04:00:00+00:00,2024,summer,4.116,300.0,22.33,4.079175048878923,11.7,0.0,252.75306034136221,20.653983839718578,0.0,273.4070441810808,1.645916062998588
2024-07-07 05:00:00+00:00,2024,summer,4.63,300.0,22.33,4.588576403379353,11.8,38.0,271.3895164500509,20.63042060186722,0.5434,291.4765370519181,1.6994352975534313
2024-07-07 06:00:00+00:00,2024,summer,5.144,300.0,22.33,5.097977757879782,11.9,98.0,289.1746968400255,20.606832543192034,1.4014,308.3801293832175,1.7480185093285487
2024-07-07 07:00:00+00:00,2024,summer,4.63,300.0,22.33,4.588576403379353,12.9,177.0,266.6659647396861,20.369582974770935,2.5311,284.50444771445706,1.6789871174780453
2024-07-07 08:00:00+00:00,2024,summer,4.116,300.0,22.33,4.079175048878923,13.1,175.0,247.1629452627223,20.32183346628884,2.5025,264.98227872901117,1.6203590125909573
2024-07-07 09:00:00+00:00,2024,summer,4.116,300.0,22.33,4.079175048878923,13.1,167.0,247.1629452627223,20.32183346628884,2.3881,265.09667872901116,1.6207087512018552
2024-07-07 10:00:00+00:00,2024,summer,2.058,350.0,22.33,1.1006078099079448,12.4,670.0,124.29570452151687,20.488519327396272,9.581,135.20322384891315,1.1574343242596903
2024-07-07 11:00:00+00:00,2024,summer,4.63,270.0,22.33,4.2828005076911815,13.8,548.0,251.8362453026698,20.15392026101056,7.8364,264.15376556368034,1.6178238623050047
2024-07-07 12:00:00+00:00,2024,summer,6.688,280.0,22.33,6.533733910222931,14.7,636.0,322.1410644256043,19.9362187358664,9.0948,332.9824831614707,1.8164085087368236
2024-07-07 13:00:00+00:00,2024,summer,6.173,280.0,22.33,6.030612952722212,14.9,591.0,305.56025019869173,19.88756245579483,8.4513,316.99651265448654,1.772270775318843
2024-07-07 14:00:00+00:00,2024,summer,6.173,280.0,22.33,6.030612952722212,15.7,563.0,301.49289245894204,19.69192137289192,8.0509,313.1339138318339,1.7614401319815305
2024-07-07 15:00:00+00:00,2024,summer,5.144,280.0,22.33,5.025347971618833,15.1,611.0,272.08619132480914,19.838804720445037,8.7373,283.18769604525414,1.6750972432131512
2024-07-07 16:00:00+00:00,2024,summer,5.144,280.0,22.33,5.025347971618833,15.9,455.0,268.45231898658136,19.642756406105658,6.5065,281.588575392687,1.670361029592641
2024-07-07 17:00:00+00:00,2024,summer,3.601,290.0,22.33,3.5980228559312364,16.3,363.0,216.89253638365523,19.544119848322026,5.1909,231.24575623197725,1.513699681364098
2024-07-07 18:00:00+00:00,2024,summer,4.116,340.0,22.33,2.7717131288668506,15.4,317.0,187.42335216516412,19.765477580452682,4.5331,202.6557297456168,1.4170405474180072
2024-07-07 19:00:00+00:00,2024,summer,4.116,340.0,22.33,2.7717131288668506,14.6,108.0,189.93910185865624,19.960508874188154,1.5444,208.3552107328444,1.436828774877836
2024-07-07 20:00:00+00:00,2024,summer,4.63,340.0,22.33,3.1178405701296206,13.9,36.75,206.63406903729205,20.12983211863795,0.525525,226.23837615593,1.497221211606038
2024-07-07 21:00:00+00:00,2024,summer,3.601,340.0,22.33,2.424912287912908,12.3,0.0,181.5384800931732,20.512231751676453,0.0,202.05071184484967,1.4149237167286828
2024-07-07 22:00:00+00:00,2024,summer,1.543,360.0,22.33,0.5862482627365434,10.3,0.0,95.78804107631142,20.981272726155126,0.0,116.76931380246654,1.075640628616681
2024-07-07 23:00:00+00:00,2024,summer,0.514,10.0,22.33,0.10976055557499612,8.8,0.0,44.893861636394675,21.32659878112227,0.0,66.22046041751695,0.8100259493116764
2024-07-08 00:00:00+00:00,2024,summer,1.543,90.0,22.33,1.4272918322607975,9.8,0.0,146.12736447629482,21.096992531874935,0.0,167.22435700816976,1.2872194731085158
2024-07-08 01:00:00+00:00,2024,summer,2.058,90.0,22.33,1.9036724502869222,9.0,0.0,169.16671361634906,21.280872490900176,0.0,190.44758610724924,1.3736957987109764
2024-07-08 02:00:00+00:00,2024,summer,1.029,110.0,22.33,1.0281492693010947,8.3,0.0,128.29951355300915,21.44048954173325,0.0,149.7400030947424,1.2180686134983862
2024-07-08 03:00:00+00:00,2024,summer,1.543,90.0,22.33,1.4272918322607975,9.3,0.0,147.2479730995793,21.212100496713223,0.0,168.46007359629252,1.2919667203293153
2024-07-08 04:00:00+00:00,2024,summer,1.543,100.0,22.33,1.5074090047060378,8.8,0.0,152.19300234520517,21.32659878112227,0.0,173.51960112632744,1.3112246473021818
2024-07-08 05:00:00+00:00,2024,summer,2.058,100.0,22.33,2.010529962206757,9.0,6.0,173.52723698764174,21.280872490900176,0.0858,194.72230947854192,1.3890270065268975
2024-07-08 06:00:00+00:00,2024,summer,2.572,100.0,22.33,2.5126739858094167,9.7,23.0,193.26638483117256,21.120063002923622,0.3289,214.05754783409617,1.4563578692294714
2024-07-08 07:00:00+00:00,2024,summer,3.087,100.0,22.33,3.015794943310136,12.1,90.0,208.3914844252179,20.559581893667065,1.287,227.66406631888495,1.5019313347828995
2024-07-08 08:00:00+00:00,2024,summer,3.087,100.0,22.33,3.015794943310136,13.8,260.0,202.75928214345527,20.15392026101056,3.718,219.19520240446585,1.4737314647846675
2024-07-08 09:00:00+00:00,2024,summer,3.601,100.0,22.33,3.5179389669127947,15.1,212.0,218.268969073462,19.838804720445037,3.0316,235.07617379390703,1.5261848582275934
2024-07-08 10:00:00+00:00,2024,summer,3.601,100.0,22.33,3.5179389669127947,16.0,472.0,214.98946870340998,19.61813562120077,6.7496,227.85800432461076,1.5025709165274235
2024-07-08 11:00:00+00:00,2024,summer,4.116,80.0,22.33,3.477945628539719,17.4,490.0,208.4102006162156,19.270752999232265,7.007,220.67395361544786,1.4786942080400862
2024-07-08 12:00:00+00:00,2024,summer,4.116,100.0,22.33,4.021059924413514,16.1,333.0,233.10777379219263,19.59348927839023,4.7619,247.93936307058286,1.5673845964704614
2024-07-08 13:00:00+00:00,2024,summer,4.116,80.0,22.33,3.477945628539719,18.2,464.0,205.51561449654594,19.069980835950695,6.6352,217.95039533249664,1.4695408545577395
2024-07-08 14:00:00+00:00,2024,summer,4.116,80.0,22.33,3.477945628539719,17.1,552.0,209.4956704110917,19.345616272624557,7.8936,220.94768668371628,1.4796110404328218
2024-07-08 15:00:00+00:00,2024,summer,4.63,80.0,22.33,3.9122663411416183,17.1,424.0,225.2985144652439,19.345616272624557,6.0632,238.58093073786847,1.5375197319254248
2024-07-08 16:00:00+00:00,2024,summer,4.116,100.0,22.33,4.021059924413514,17.3,284.0,228.35854919880333,19.29573320601393,4.0612,243.59308240481724,1.5535860368845609
2024-07-08 17:00:00+00:00,2024,summer,4.116,100.0,22.33,4.021059924413514,17.7,365.0,226.7754743343402,19.195657471837542,5.2195,240.75163180617773,1.544498367223838
2024-07-08 18:00:00+00:00,2024,summer,4.116,80.0,22.33,3.477945628539719,18.1,242.0,205.87743776150464,19.09516798850924,3.4606,221.51200575001388,1.4814993612959797
2024-07-08 19:00:00+00:00,2024,summer,3.601,90.0,22.33,3.33096428254772,16.7,16.0,205.3883494760064,19.445073514943537,0.2288,224.60462299094993,1.4918054152502769
2024-07-08 20:00:00+00:00,2024,summer,4.116,120.0,22.33,4.079175048878923,15.9,43.77,235.98271510544245,19.642756406105658,0.6259110000000001,254.9995605115481,1.5895439842277401
2024-07-08 21:00:00+00:00,2024,summer,3.601,110.0,22.33,3.5980228559312364,14.0,0.0,225.3908810801187,20.105718788248662,0.0,245.49659986836735,1.5596443438309584
2024-07-08 22:00:00+00:00,2024,summer,2.572,90.0,22.33,2.379128057404259,12.7,0.0,178.2679472730455,20.41723243194018,0.0,198.6851797049857,1.4030901330353795
2024-07-08 23:00:00+00:00,2024,summer,3.087,100.0,22.33,3.015794943310136,12.2,0.0,208.06017840864362,20.535919267950497,0.0,228.59609767659413,1.505002564565376
2024-07-09 00:00:00+00:00,2024,summer,3.087,90.0,22.33,2.855508675430384,10.9,0.0,205.31913581449908,20.841598281761826,0.0,226.1607340962609,1.4969642761648032
2024-07-09 01:00:00+00:00,2024,summer,2.572,130.0,22.33,2.4506544340136616,9.6,0.0,190.5956902956823,21.14310901764511,0.0,211.7387993133274,1.448448494898448
2024-07-09 02:00:00+00:00,2024,summer,2.572,110.0,22.33,2.5698735866301416,8.8,0.0,198.67465274355956,21.32659878112227,0.0,220.00125152468183,1.4764386633713495
2024-07-09 03:00:00+00:00,2024,summer,2.058,120.0,22.33,2.0395875244394617,8.6,0.0,175.75019398878536,21.372227867579472,0.0,197.12242185636484,1.3975612385016285
2024-07-09 04:00:00+00:00,2024,summer,2.058,130.0,22.33,1.9609046754277273,9.1,0.0,171.25810543381175,21.25797285127141,0.0,192.51607828508315,1.3811356545031017
2024-07-09 05:00:00+00:00,2024,summer,2.058,110.0,22.33,2.0562985386021895,8.8,69.0,175.8883777127412,21.32659878112227,0.9867,196.22827649386346,1.39438797393646
2024-07-09 06:00:00+00:00,2024,summer,1.543,100.0,22.33,1.5074090047060378,11.2,144.0,146.67543126320376,20.77142832603801,2.0592,165.38765958924176,1.280130911155755
2024-07-09 07:00:00+00:00,2024,summer,2.572,100.0,22.33,2.5126739858094167,12.4,293.0,185.27527856709654,20.488519327396272,4.1899,201.5738978944928,1.4132532107052445
2024-07-09 08:00:00+00:00,2024,summer,2.058,90.0,22.33,1.9036724502869222,13.9,234.0,156.6073666963474,20.12983211863795,3.3462,173.39099881498535,1.3107386567432366
2024-07-09 09:00:00+00:00,2024,summer,3.601,80.0,22.33,3.0427799340066883,16.0,135.0,196.54962186361834,19.61813562120077,1.9305,214.2372574848191,1.4569690755577198
2024-07-09 10:00:00+00:00,2024,summer,5.144,80.0,22.33,4.346587053743517,16.0,635.0,245.01163974987352,19.61813562120077,9.0805,255.5492753710743,1.591256390186666
2024-07-09 11:00:00+00:00,2024,summer,4.63,70.0,22.33,3.4228599415187584,17.7,594.0,205.28920298713632,19.195657471837542,8.4942,215.99066045897385,1.4629191333246112
2024-07-09 12:00:00+00:00,2024,summer,6.173,60.0,22.33,3.772398528607171,17.1,486.0,220.28616640534668,19.345616272624557,6.9498,232.68198267797123,1.5183930655472646
2024-07-09 13:00:00+00:00,2024,summer,5.144,70.0,22.33,3.8028491445296964,15.8,292.0,226.35397948938947,19.667351650779768,4.1756,241.84573114016925,1.548003886797603
2024-07-09 14:00:00+00:00,2024,summer,4.63,50.0,22.33,2.1500719503665455,15.7,509.0,160.86397215480764,19.69192137289192,7.2787,173.27719352769958,1.3103084340810685
2024-07-09 15:00:00+00:00,2024,summer,4.63,60.0,22.33,2.8294516746235545,14.8,663.0,191.73769664749813,19.911903268935795,9.4809,202.16869991643392,1.415336780742402
2024-07-09 16:00:00+00:00,2024,summer,3.601,30.0,22.33,0.48061570943712517,15.8,459.0,79.89517587440372,19.667351650779768,6.5637,92.99882752518349,0.9599344335831511
2024-07-09 17:00:00+00:00,2024,summer,4.116,30.0,22.33,0.5493513635221347,15.5,250.0,85.46103775341436,19.740984320074872,3.575,101.62702207348923,1.003477025300481
2024-07-09 18:00:00+00:00,2024,summer,6.173,30.0,22.33,0.8238935779937167,14.9,62.0,104.26808874143975,19.88756245579483,0.8866,123.26905119723459,1.1051719670828724
2024-07-09 19:00:00+00:00,2024,summer,5.659,30.0,22.33,0.7552913911981924,14.4,149.0,100.96131472872669,20.009013235380735,2.1307,118.83962796410742,1.0851342606827947
2024-07-09 20:00:00+00:00,2024,summer,7.202,30.0,22.33,0.9612314188742503,13.2,40.620000000000005,115.20393234550497,20.297921149072955,0.5808660000000001,134.92098749457793,1.1562256226709593
2024-07-09 21:00:00+00:00,2024,summer,5.144,30.0,22.33,0.686555737113183,12.4,0.0,99.75766067634581,20.488519327396272,0.0,120.24618000374208,1.0915370412922807
2024-07-09 22:00:00+00:00,2024,summer,4.63,20.0,22.33,0.18823248317805216,12.5,0.0,54.49650963949512,20.464781977655118,0.0,74.96129161715024,0.8618295171164406
2024-07-09 23:00:00+00:00,2024,summer,3.087,10.0,22.33,0.6592039592607257,12.3,0.0,98.04191172705775,20.512231751676453,0.0,118.5541434787342,1.0838300859978094
2024-07-10 00:00:00+00:00,2024,summer,5.144,340.0,22.33,3.463968011392391,12.0,0.0,227.38206585217299,20.58321964626876,0.0,247.96528549844174,1.56746653052016
2024-07-10 01:00:00+00:00,2024,summer,6.173,340.0,22.33,4.156896293609104,11.6,0.0,256.1224351043368,20.677522274164204,0.0,276.79995737850095,1.656097277632714
2024-07-10 02:00:00+00:00,2024,summer,5.144,340.0,22.33,3.463968011392391,11.5,0.0,229.18668542242833,20.701035922616132,0.0,249.88772134504447,1.5735309597752218
2024-07-10 03:00:00+00:00,2024,summer,5.144,330.0,22.33,4.0717003776953336,11.6,0.0,252.86557861068582,20.677522274164204,0.0,273.54310088485,1.646325544147876
2024-07-10 04:00:00+00:00,2024,summer,5.659,320.0,22.33,5.011819189379052,12.0,0.0,285.6910981356684,20.58321964626876,0.0,306.27431778193716,1.742040006032268
2024-07-10 05:00:00+00:00,2024,summer,5.659,330.0,22.33,4.479345341636448,12.0,34.0,266.53248235254415,20.58321964626876,0.4862,286.62950199881294,1.6852458966378434
2024-07-10 06:00:00+00:00,2024,summer,5.144,310.0,22.33,4.901308868027322,12.3,27.0,280.43964331899775,20.512231751676453,0.3861,300.5657750706742,1.7257289994951273
2024-07-10 07:00:00+00:00,2024,summer,5.144,310.0,22.33,4.901308868027322,12.6,133.0,279.0978268437872,20.441019684992096,1.9019,297.6369465287793,1.7173003325510199
2024-07-10 08:00:00+00:00,2024,summer,5.144,320.0,22.33,4.555716188401811,13.3,172.0,263.7741215312172,20.273983766537576,2.4596,281.58850529775475,1.6703608216938468
2024-07-10 09:00:00+00:00,2024,summer,5.659,320.0,22.33,5.011819189379052,13.8,144.0,277.5284953317922,20.15392026101056,2.0592,295.6232155928028,1.711481078596841
2024-07-10 10:00:00+00:00,2024,summer,6.173,330.0,22.33,4.88619876195826,14.0,369.0,272.3158989300258,20.105718788248662,5.2767,287.1449177182745,1.6867604164131698
2024-07-10 11:00:00+00:00,2024,summer,6.173,320.0,22.33,5.467036553461193,14.3,543.0,290.45470662614525,20.033227493424036,7.7649,302.72303411956926,1.7319109880230565
2024-07-10 12:00:00+00:00,2024,summer,6.173,320.0,22.33,5.467036553461193,14.2,332.0,290.933215203783,20.057416493203508,4.7476,306.2430316969865,1.7419510286019628
2024-07-10 13:00:00+00:00,2024,summer,6.173,320.0,22.33,5.467036553461193,13.9,394.0,292.36874093669644,20.12983211863795,5.6342,306.8643730553344,1.7437172692428637
2024-07-10 14:00:00+00:00,2024,summer,7.202,330.0,22.33,5.700697146221188,13.4,142.0,302.48455362594706,20.250021301172904,2.0306,320.70397492712,1.782604527366502
2024-07-10 15:00:00+00:00,2024,summer,6.688,320.0,22.33,5.923139554438435,13.2,360.0,310.7310085098764,20.297921149072955,5.148,325.88092965894936,1.796934748857949
2024-07-10 16:00:00+00:00,2024,summer,6.688,320.0,22.33,5.923139554438435,13.3,170.0,310.2282075252326,20.273983766537576,2.431,328.0711912917702,1.802963279382397
2024-07-10 17:00:00+00:00,2024,summer,7.202,330.0,22.33,5.700697146221188,13.2,42.0,303.4666463325248,20.297921149072955,0.6006,323.1639674815978,1.7894282917039421
2024-07-10 18:00:00+00:00,2024,summer,6.688,330.0,22.33,5.293843725899375,13.4,183.0,288.95503567182175,20.250021301172904,2.6169000000000002,306.5881569729947,1.7429323114104884
2024-07-10 19:00:00+00:00,2024,summer,8.231,330.0,22.33,6.515195530484115,13.2,101.0,329.57529292302337,20.297921149072955,1.4443,348.42891407209635,1.85806082778045
2024-07-10 20:00:00+00:00,2024,summer,8.231,330.0,22.33,6.515195530484115,13.3,36.48,329.04199956877903,20.273983766537576,0.521664,348.79431933531663,1.8590348676282216
2024-07-10 21:00:00+00:00,2024,summer,7.717,340.0,22.33,5.196625416779758,12.9,0.0,287.98272612445635,20.369582974770935,0.0,308.3523090992273,1.7479396594553667
2024-07-10 22:00:00+00:00,2024,summer,7.202,340.0,22.33,4.849824575825816,12.6,0.0,277.2823852065164,20.441019684992096,0.0,297.7234048915085,1.7175497373981223
2024-07-10 23:00:00+00:00,2024,summer,7.717,340.0,22.33,5.196625416779758,12.5,0.0,289.8376873233256,20.464781977655118,0.0,310.3024693009807,1.7534583301348892
2024-07-11 00:00:00+00:00,2024,summer,7.717,340.0,22.33,5.196625416779758,12.3,0.0,290.76516792276027,20.512231751676453,0.0,311.2773996744367,1.7562107399638016
2024-07-11 01:00:00+00:00,2024,summer,7.202,340.0,22.33,4.849824575825816,12.2,0.0,279.0598363937376,20.535919267950497,0.0,299.5957556616881,1.7229420164629654
2024-07-11 02:00:00+00:00,2024,summer,7.202,340.0,22.33,4.849824575825816,12.1,0.0,279.504199190543,20.559581893667065,0.0,300.06378108421006,1.724287272471851
2024-07-11 03:00:00+00:00,2024,summer,7.202,340.0,22.33,4.849824575825816,11.8,0.0,280.8372875809589,20.63042060186722,0.0,301.46770818282613,1.728316330340126
2024-07-11 04:00:00+00:00,2024,summer,7.717,340.0,22.33,5.196625416779758,11.5,0.0,294.4750903204988,20.701035922616132,0.0,315.17612624311494,1.7671747212934157
2024-07-11 05:00:00+00:00,2024,summer,6.173,350.0,22.33,3.3012886348696524,11.4,44.0,222.82428504108756,20.724524802480246,0.6292,242.91960984356783,1.5514369164235629
2024-07-11 06:00:00+00:00,2024,summer,5.144,350.0,22.33,2.7509847299156798,11.6,64.0,198.45039058282302,20.677522274164204,0.9152,218.21271285698722,1.4704249327875127
2024-07-11 07:00:00+00:00,2024,summer,4.116,350.0,22.33,2.2012156198158896,11.9,281.0,173.05777843853673,20.606832543192034,4.0183,189.64631098172876,1.3708029595374267
2024-07-11 08:00:00+00:00,2024,summer,5.144,340.0,22.33,3.463968011392391,12.2,427.0,226.66021802407084,20.535919267950497,6.1061000000000005,241.09003729202135,1.545583475510749
2024-07-11 09:00:00+00:00,2024,summer,4.63,340.0,22.33,3.1178405701296206,13.0,592.0,209.6777787285124,20.34572073568897,8.4656,221.5578994642014,1.4816528247317537
2024-07-11 10:00:00+00:00,2024,summer,5.144,360.0,22.33,1.954414169485923,13.6,561.0,159.31736248638742,20.20202105188573,8.0223,171.49708353827316,1.3035605332381217
2024-07-11 11:00:00+00:00,2024,summer,4.63,340.0,22.33,3.1178405701296206,13.7,778.01,207.31044896867434,20.17798323291303,11.125543,216.36288920158736,1.4641791557280266
2024-07-11 12:00:00+00:00,2024,summer,5.144,340.0,22.33,3.463968011392391,13.4,636.0,222.32913105545802,20.250021301172904,9.0948,233.48435235663092,1.5210087903576783
2024-07-11 13:00:00+00:00,2024,summer,6.173,330.0,22.33,4.88619876195826,13.9,735.0,272.7623184364685,20.12983211863795,10.5105,282.3816505551065,1.6727116050853568
2024-07-11 14:00:00+00:00,2024,summer,6.173,340.0,22.33,4.156896293609104,14.9,593.0,242.7911411635748,19.88756245579483,8.4799,254.19880361936964,1.5870462561511844
2024-07-11 15:00:00+00:00,2024,summer,6.173,340.0,22.33,4.156896293609104,14.6,449.0,244.00307697637132,19.960508874188154,6.4207,257.54288585055946,1.5974512470127755
2024-07-11 16:00:00+00:00,2024,summer,7.717,330.0,22.33,6.108342110162303,13.9,154.0,313.11281827238304,20.12983211863795,2.2022,331.040450391021,1.8111039005053302
2024-07-11 17:00:00+00:00,2024,summer,6.688,320.0,22.33,5.923139554438435,15.1,113.0,301.17778980164394,19.838804720445037,1.6159000000000001,319.40069452208894,1.778978755882521
2024-07-11 18:00:00+00:00,2024,summer,7.202,330.0,22.33,5.700697146221188,13.9,63.0,300.0293218595027,20.12983211863795,0.9009,319.2582539781407,1.7785820332644267
2024-07-11 19:00:00+00:00,2024,summer,6.173,340.0,22.33,4.156896293609104,13.5,16.0,248.446841623292,20.22603373546297,0.2288,268.44407535875496,1.6309090606743473
2024-07-11 20:00:00+00:00,2024,summer,5.659,350.0,22.33,3.0264040798197573,13.2,12.0,205.19194721852125,20.297921149072955,0.1716,225.3182683675942,1.4941735225915178
2024-07-11 21:00:00+00:00,2024,summer,6.173,350.0,22.33,3.3012886348696524,12.7,0.0,218.2697005984238,20.41723243194018,0.0,238.686933030364,1.5378612565322987
2024-07-11 22:00:00+00:00,2024,summer,6.173,340.0,22.33,4.156896293609104,11.9,0.0,254.91049929154025,20.606832543192034,0.0,275.51733183473226,1.6522558408160073
2024-07-11 23:00:00+00:00,2024,summer,4.116,350.0,22.33,2.2012156198158896,11.9,0.0,173.05777843853673,20.606832543192034,0.0,193.66461098172877,1.385249390365323
2024-07-12 00:00:00+00:00,2024,summer,3.601,340.0,22.33,2.424912287912908,12.1,0.0,182.11755020511313,20.559581893667065,0.0,202.6771320987802,1.4171153718544844
2024-07-12 01:00:00+00:00,2024,summer,4.116,340.0,22.33,2.7717131288668506,12.4,0.0,196.85741351575965,20.488519327396272,0.0,217.3459328431559,1.4675016312135851
2024-07-12 02:00:00+00:00,2024,summer,4.63,330.0,22.33,3.664846957373521,12.4,0.0,233.94827616976042,20.488519327396272,0.0,254.43679549715668,1.5877890129008243
2024-07-12 03:00:00+00:00,2024,summer,3.601,330.0,22.33,2.850348573110594,12.4,0.0,200.2904701695089,20.488519327396272,0.0,220.77898949690515,1.4790460789103632
2024-07-12 04:00:00+00:00,2024,summer,4.63,340.0,22.33,3.1178405701296206,12.3,0.0,212.04510848835045,20.512231751676453,0.0,232.55734024002692,1.5179863267806433
2024-07-12 05:00:00+00:00,2024,summer,4.116,330.0,22.33,3.257993537051709,12.4,57.0,217.53872223273785,20.488519327396272,0.8151,237.2121415601341,1.5331028499864217
2024-07-12 06:00:00+00:00,2024,summer,3.601,330.0,22.33,2.850348573110594,12.4,115.0,200.2904701695089,20.488519327396272,1.6445,219.13448949690516,1.4735273528384363
2024-07-12 07:00:00+00:00,2024,summer,3.087,310.0,22.33,2.941357013141591,13.0,268.0,202.26148827772093,20.34572073568897,3.8324000000000003,218.77480901340988,1.4723175553949894
2024-07-12 08:00:00+00:00,2024,summer,2.572,320.0,22.33,2.2778580942009055,13.9,253.0,170.19691910013697,20.12983211863795,3.6179,186.70885121877492,1.360145243842144
2024-07-12 09:00:00+00:00,2024,summer,3.601,330.0,22.33,2.850348573110594,13.7,477.0,196.13108340880024,20.17798323291303,6.8211,209.48796664171326,1.4407292536044136
2024-07-12 10:00:00+00:00,2024,summer,3.601,330.0,22.33,2.850348573110594,14.7,433.0,192.93155513133203,19.9362187358664,6.1919,206.67587386719842,1.4310266611918327
2024-07-12 11:00:00+00:00,2024,summer,5.144,330.0,22.33,4.0717003776953336,14.6,451.0,240.90033041144198,19.960508874188154,6.4493,254.41153928563017,1.5877102064328132
2024-07-12 12:00:00+00:00,2024,summer,5.659,340.0,22.33,3.8107688523463334,14.4,623.0,232.0050404114527,20.009013235380735,8.908900000000001,243.10515364683346,1.5520293028510317
2024-07-12 13:00:00+00:00,2024,summer,5.144,340.0,22.33,3.463968011392391,15.0,337.0,216.55434843064094,19.863196278835822,4.8191,231.59844470947678,1.5148535642323457
2024-07-12 14:00:00+00:00,2024,summer,5.659,330.0,22.33,4.479345341636448,15.1,394.0,253.41739195106973,19.838804720445037,5.6342,267.62199667151475,1.628409911430426
2024-07-12 15:00:00+00:00,2024,summer,5.144,340.0,22.33,3.463968011392391,14.4,509.0,218.71989191494734,20.009013235380735,7.2787,231.4502051503281,1.5143686793486588
2024-07-12 16:00:00+00:00,2024,summer,5.659,330.0,22.33,4.479345341636448,14.1,333.0,257.648066274126,20.08158025229009,4.7619,272.9677465264161,1.6445932409375503
2024-07-12 17:00:00+00:00,2024,summer,6.173,330.0,22.33,4.88619876195826,13.5,224.0,274.54799646223915,20.22603373546297,3.2032,291.57083019770215,1.6997101604018958
2024-07-12 18:00:00+00:00,2024,summer,4.63,330.0,22.33,3.664846957373521,13.1,182.0,231.33224113271837,20.32183346628884,2.6026000000000002,249.0514745990072,1.5708958505711805
2024-07-12 19:00:00+00:00,2024,summer,4.116,340.0,22.33,2.7717131288668506,12.8,82.0,195.59953866901355,20.393420201026206,1.1726,214.82035887003977,1.4589504848780024
2024-07-12 20:00:00+00:00,2024,summer,4.116,330.0,22.33,3.257993537051709,12.7,10.0,216.4962043945618,20.41723243194018,0.14300000000000002,236.770436826502,1.5316748153307853
2024-07-12 21:00:00+00:00,2024,summer,4.116,320.0,22.33,3.645281460237529,12.6,0.0,232.4306485431769,20.441019684992096,0.0,252.87166822816897,1.5828979645413843
2024-07-12 22:00:00+00:00,2024,summer,3.601,330.0,22.33,2.850348573110594,12.6,0.0,199.65056451401526,20.441019684992096,0.0,220.09158419900734,1.4767417456590726
2024-07-12 23:00:00+00:00,2024,summer,4.116,330.0,22.33,3.257993537051709,12.6,0.0,216.84371034062048,20.441019684992096,0.0,237.28473002561256,1.533337401789594
2024-07-13 00:00:00+00:00,2024,summer,3.601,330.0,22.33,2.850348573110594,12.5,0.0,199.97051734176208,20.464781977655118,0.0,220.4352993194172,1.4778944032064651
2024-07-13 01:00:00+00:00,2024,summer,3.087,350.0,22.33,1.6509117148619177,12.3,0.0,150.38615465780663,20.512231751676453,0.0,170.89838640948307,1.3012831759443697
2024-07-13 02:00:00+00:00,2024,summer,3.087,360.0,22.33,1.1728764660192543,12.2,0.0,128.44352109710218,20.535919267950497,0.0,148.97944036505268,1.2149712549513387
2024-07-13 03:00:00+00:00,2024,summer,2.572,340.0,22.33,1.7319840056961955,12.4,0.0,153.53831848572528,20.488519327396272,0.0,174.02683781312155,1.3131397505255578
2024-07-13 04:00:00+00:00,2024,summer,3.601,330.0,22.33,2.850348573110594,12.4,0.0,200.2904701695089,20.488519327396272,0.0,220.77898949690515,1.4790460789103632
2024-07-13 05:00:00+00:00,2024,summer,3.087,340.0,22.33,2.078784846650138,12.4,31.0,167.16855175072848,20.488519327396272,0.4433,187.21377107812475,1.361983133852249
2024-07-13 06:00:00+00:00,2024,summer,2.572,350.0,22.33,1.3754923649578399,12.7,106.0,137.24311305086206,20.41723243194018,1.5158,156.14454548280224,1.243844936975324
2024-07-13 07:00:00+00:00,2024,summer,2.572,350.0,22.33,1.3754923649578399,12.8,319.0,137.02281912943212,20.393420201026206,4.5617,152.85453933045832,1.2306711054851602
2024-07-13 08:00:00+00:00,2024,summer,2.058,350.0,22.33,1.1006078099079448,13.4,396.0,122.31015013618912,20.250021301172904,5.6628,136.897371437362,1.1646632944922306
2024-07-13 09:00:00+00:00,2024,summer,2.572,320.0,22.33,2.2778580942009055,14.1,557.0,169.63980970864714,20.08158025229009,7.9651000000000005,181.7562899609372,1.3419846813278857
2024-07-13 10:00:00+00:00,2024,summer,2.058,300.0,22.33,2.0395875244394617,15.2,606.0,158.2810482007434,19.814387763002607,8.6658,169.42963596374602,1.2956793065689003
2024-07-13 11:00:00+00:00,2024,summer,2.058,320.0,22.33,1.8226407301187646,14.9,589.0,150.9531469236864,19.88756245579483,8.4227,162.41800937948125,1.268586032862465
2024-07-13 12:00:00+00:00,2024,summer,2.572,270.0,22.33,2.3791280574042593,15.4,584.0,170.5420490766214,19.765477580452682,8.3512,181.95632665707407,1.3427229566338077
2024-07-13 13:00:00+00:00,2024,summer,3.601,310.0,22.33,3.4311067717275248,15.7,600.0,212.77081366660494,19.69192137289192,8.58,223.88273503949685,1.4894061256744102
2024-07-13 14:00:00+00:00,2024,summer,4.116,320.0,22.33,3.645281460237529,16.0,432.0,219.7661580776833,19.61813562120077,6.1776,233.20669369888404,1.5201041325395275
2024-07-13 15:00:00+00:00,2024,summer,5.144,330.0,22.33,4.0717003776953336,16.2,372.0,234.51886470517863,19.568817359993037,5.3196,248.76808206517165,1.5700018448851532
2024-07-13 16:00:00+00:00,2024,summer,5.144,330.0,22.33,4.0717003776953336,16.1,173.0,234.9177063118201,19.59348927839023,2.4739,252.03729559021033,1.580284350243252
2024-07-13 17:00:00+00:00,2024,summer,5.144,330.0,22.33,4.0717003776953336,16.5,141.0,233.32233988525425,19.494647974379557,2.0163,250.8006878596338,1.576402792212599
2024-07-13 18:00:00+00:00,2024,summer,4.63,320.0,22.33,4.10049882431967,15.5,179.0,238.34664672486755,19.740984320074872,2.5597,255.52793104494245,1.591189935283723
2024-07-13 19:00:00+00:00,2024,summer,4.63,320.0,22.33,4.10049882431967,14.9,20.0,240.75014232209313,19.88756245579483,0.28600000000000003,260.35170477788796,1.6061387004195127
2024-07-13 20:00:00+00:00,2024,summer,4.116,330.0,22.33,3.257993537051709,14.4,5.0,210.58860331156413,20.009013235380735,0.07150000000000001,230.52611654694488,1.5113425198877966
2024-07-13 21:00:00+00:00,2024,summer,3.087,360.0,22.33,1.1728764660192543,13.8,0.0,125.1710746997238,20.15392026101056,0.0,145.32499496073436,1.199977193676016
2024-07-13 22:00:00+00:00,2024,summer,2.058,50.0,22.33,0.9556907286942441,13.4,0.0,114.52218039205863,20.250021301172904,0.0,134.77220169323152,1.1555879257039607
2024-07-13 23:00:00+00:00,2024,summer,1.543,60.0,22.33,0.9429468539836164,13.0,0.0,114.54700335154907,20.34572073568897,0.0,134.89272408723804,1.1561045125755662
2024-07-14 00:00:00+00:00,2024,summer,1.029,50.0,22.33,0.47784536434712205,12.9,0.0,83.58349327299474,20.369582974770935,0.0,103.95307624776568,1.0148959202264682
2024-07-14 01:00:00+00:00,2024,summer,0.514,50.0,22.33,0.2386904929780571,12.8,0.0,60.58185278993767,20.393420201026206,0.0,80.97527299096387,0.8957339687804575
2024-07-14 02:00:00+00:00,2024,summer,1.029,50.0,22.33,0.47784536434712205,12.0,0.0,84.79484824796569,20.58321964626876,0.0,105.37806789423445,1.0218283542734625
2024-07-14 03:00:00+00:00,2024,summer,2.058,60.0,22.33,1.257669880426625,12.2,0.0,132.6901568526595,20.535919267950497,0.0,153.22607612061,1.2321658667248343
2024-07-14 04:00:00+00:00,2024,summer,1.029,60.0,22.33,0.6288349402133125,12.0,0.0,96.36950654440922,20.58321964626876,0.0,116.95272619067798,1.0764850645412853
2024-07-14 05:00:00+00:00,2024,summer,1.029,140.0,22.33,0.9113203650593824,12.0,20.0,114.55875117564398,20.58321964626876,0.28600000000000003,134.85597082191273,1.1559470040410784
2024-07-14 06:00:00+00:00,2024,summer,1.029,40.0,22.33,0.3123366988866657,12.8,86.0,68.66978855741597,20.393420201026206,1.2298,87.83340875844218,0.9328948652618292
2024-07-14 07:00:00+00:00,2024,summer,1.029,50.0,22.33,0.47784536434712205,14.1,77.0,81.96835330636682,20.08158025229009,1.1011,100.94883355865691,1.0001231644955904
2024-07-14 08:00:00+00:00,2024,summer,1.543,20.0,22.33,0.06273060940469427,15.0,95.0,38.961193344435294,19.863196278835822,1.3585,57.46588962327112,0.7545845363339216
2024-07-14 09:00:00+00:00,2024,summer,1.029,110.0,22.33,1.0281492693010947,15.7,128.0,114.06538461309508,19.69192137289192,1.8304,131.926905985987,1.14332453281019
2024-07-14 10:00:00+00:00,2024,summer,2.058,330.0,22.33,1.6289967685258544,16.6,75.0,139.20302436624132,19.46987357670326,1.0725,157.6003979429446,1.2496301319729943
2024-07-14 11:00:00+00:00,2024,summer,2.572,320.0,22.33,2.2778580942009055,17.3,115.0,160.72605944481018,19.29573320601393,1.6445,178.3772926508241,1.3294518657060321
2024-07-14 12:00:00+00:00,2024,summer,3.601,310.0,22.33,3.4311067717275248,16.9,109.0,208.46516482343588,19.395396328296854,1.5587,226.30186115173274,1.4974312653042392
2024-07-14 13:00:00+00:00,2024,summer,3.087,310.0,22.33,2.941357013141591,17.6,122.0,187.25499076034163,19.220715149913715,1.7446,204.73110591025534,1.4242779473827187
2024-07-14 14:00:00+00:00,2024,summer,2.058,330.0,22.33,1.6289967685258544,17.4,112.0,137.2961336214983,19.270752999232265,1.6016,154.96528662073058,1.239139056456461
2024-07-14 15:00:00+00:00,2024,summer,2.572,270.0,22.33,2.3791280574042593,17.1,254.0,165.67759465665063,19.345616272624557,3.6322,181.39101092927518,1.3406354971998633
2024-07-14 16:00:00+00:00,2024,summer,3.087,280.0,22.33,3.015794943310136,16.8,112.0,192.82010164622707,19.420247771382662,1.6016,210.63874941760974,1.444681021663353
2024-07-14 17:00:00+00:00,2024,summer,2.572,280.0,22.33,2.5126739858094167,17.0,41.0,171.6608012283003,19.370519167956157,0.5863,190.44502039625647,1.3736865454608982
2024-07-14 18:00:00+00:00,2024,summer,1.543,270.0,22.33,1.4272918322607977,16.5,28.0,131.11120892428292,19.494647974379557,0.4004,150.20545689866248,1.2199602749080372
2024-07-14 19:00:00+00:00,2024,summer,1.029,290.0,22.33,1.0281492693010947,16.6,15.0,112.33420676905148,19.46987357670326,0.2145,131.58958034575474,1.1418619064955966
2024-07-14 20:00:00+00:00,2024,summer,1.029,280.0,22.33,1.0052649811033785,16.0,22.81,112.30413570102782,19.61813562120077,0.326183,131.5960883222286,1.141890142464303
2024-07-14 21:00:00+00:00,2024,summer,1.029,280.0,22.33,1.0052649811033785,15.4,0.0,113.44621165730945,19.765477580452682,0.0,133.21168923776213,1.1488782339032821
2024-07-14 22:00:00+00:00,2024,summer,1.029,290.0,22.33,1.0281492693010947,14.9,0.0,115.60420936335606,19.88756245579483,0.0,135.4917718191509,1.1586687523838957
2024-07-14 23:00:00+00:00,2024,summer,1.029,120.0,22.33,1.0197937622197308,14.6,0.0,115.74032414638764,19.960508874188154,0.0,135.7008330205758,1.1595623096460854
2024-07-15 00:00:00+00:00,2024,summer,1.029,70.0,22.33,0.7607176846269551,14.2,0.0,101.63299787349214,20.057416493203508,0.0,121.69041436669565,1.0980725088481997
2024-07-15 01:00:00+00:00,2024,summer,1.543,70.0,22.33,1.140706887637893,14.0,0.0,123.15553886608429,20.105718788248662,0.0,143.26125765433295,1.1914263846327087
2024-07-15 02:00:00+00:00,2024,summer,2.058,100.0,22.33,2.010529962206757,13.9,0.0,160.64415424158958,20.12983211863795,0.0,180.77398636022752,1.3383533838375936
2024-07-15 03:00:00+00:00,2024,summer,2.572,120.0,22.33,2.548988878939891,14.2,0.0,181.55071835807053,20.057416493203508,0.0,201.60813485127403,1.4133732248420674
2024-07-15 04:00:00+00:00,2024,summer,2.058,110.0,22.33,2.0562985386021895,13.8,0.0,162.60375703957345,20.15392026101056,0.0,182.75767730058402,1.3456764395861223
2024-07-15 05:00:00+00:00,2024,summer,2.572,100.0,22.33,2.5126739858094167,13.2,45.05,182.90754337774067,20.297921149072955,0.644215,202.5612495268136,1.4167101893543304
2024-07-15 06:00:00+00:00,2024,summer,2.572,120.0,22.33,2.548988878939891,13.1,123.0,184.83535306520668,20.32183346628884,1.7589000000000001,203.3982865314955,1.4196342834994666
2024-07-15 07:00:00+00:00,2024,summer,2.572,110.0,22.33,2.5698735866301416,14.2,208.0,182.4685632448402,20.057416493203508,2.9744,199.5515797380437,1.40614601011056
2024-07-15 08:00:00+00:00,2024,summer,3.087,120.0,22.33,3.059381286659193,15.4,106.0,199.21720066624061,19.765477580452682,1.5158,217.46687824669328,1.4679098810715858
2024-07-15 09:00:00+00:00,2024,summer,2.572,120.0,22.33,2.548988878939891,16.7,67.0,174.08563947821565,19.445073514943537,0.9581000000000001,192.5726129931592,1.381338433331073
2024-07-15 10:00:00+00:00,2024,summer,3.087,100.0,22.33,3.015794943310136,17.7,94.0,189.83834749705858,19.195657471837542,1.3442,207.6898049688961,1.4345326031163574
2024-07-15 11:00:00+00:00,2024,summer,3.087,90.0,22.33,2.855508675430384,18.7,125.0,180.33490399931821,18.943655492252546,1.7875,197.49105949157078,1.3988674141889539
2024-07-15 12:00:00+00:00,2024,summer,3.087,110.0,22.33,3.0844478079032847,19.2,158.0,187.458377255838,18.81667921227517,2.2594,204.01565646811318,1.4217871420387445
2024-07-15 13:00:00+00:00,2024,summer,3.601,120.0,22.33,3.568782641159622,17.7,126.0,210.65464866828958,19.195657471837542,1.8018,228.04850614012713,1.5031989012338915
2024-07-15 14:00:00+00:00,2024,summer,3.601,270.0,22.33,3.33096428254772,17.4,214.0,202.92228009979362,19.270752999232265,3.0602,219.13283309902587,1.47352178376485
2024-07-15 15:00:00+00:00,2024,summer,3.601,290.0,22.33,3.5980228559312364,18.2,230.0,209.87216467788102,19.069980835950695,3.289,225.65314551383173,1.4952834609719163
2024-07-15 16:00:00+00:00,2024,summer,3.601,270.0,22.33,3.33096428254772,16.8,85.0,205.03605385083316,19.420247771382662,1.2155,223.24080162221583,1.4872693242407078
2024-07-15 17:00:00+00:00,2024,summer,3.601,260.0,22.33,3.0427799340066883,17.0,82.0,193.21827234050616,19.370519167956157,1.1726,211.41619150846233,1.4473446374209613
2024-07-15 18:00:00+00:00,2024,summer,3.601,340.0,22.33,2.424912287912908,17.5,61.0,166.48265718273458,19.245746986454392,0.8723,184.856104169189,1.3533799300825318
2024-07-15 19:00:00+00:00,2024,summer,2.572,320.0,22.33,2.2778580942009055,17.9,22.0,159.05473127034077,19.14546451995717,0.3146,177.8855957902979,1.3276182847806401
2024-07-15 20:00:00+00:00,2024,summer,3.601,310.0,22.33,3.4311067717275248,16.1,16.0,211.3355973855486,19.59348927839023,0.2288,230.7002866639388,1.5119133467562305
2024-07-15 21:00:00+00:00,2024,summer,3.087,320.0,22.33,2.7339610951781474,15.2,0.0,186.46522480043,19.814387763002607,0.0,206.2796125634326,1.4296541435676038
2024-07-15 22:00:00+00:00,2024,summer,2.572,330.0,22.33,2.0358501888476668,14.8,0.0,159.20365785952222,19.911903268935795,0.0,179.115561128458,1.3322001946430877
2024-07-15 23:00:00+00:00,2024,summer,3.087,300.0,22.33,3.059381286659193,14.4,0.0,202.5597711472178,20.009013235380735,0.0,222.56878438259852,1.4850290887542916
2024-07-16 00:00:00+00:00,2024,summer,4.63,330.0,22.33,3.664846957373521,14.4,0.0,226.4738903496403,20.009013235380735,0.0,246.48290358502103,1.5627742060441472
2024-07-16 01:00:00+00:00,2024,summer,5.659,340.0,22.33,3.8107688523463334,14.4,0.0,232.0050404114527,20.009013235380735,0.0,252.01405364683345,1.5802114845864232
2024-07-16 02:00:00+00:00,2024,summer,5.659,330.0,22.33,4.479345341636448,14.2,0.0,257.22499884182037,20.057416493203508,0.0,277.28241533502387,1.6575399249855136
2024-07-16 03:00:00+00:00,2024,summer,6.173,340.0,22.33,4.156896293609104,13.8,0.0,247.23490581049546,20.15392026101056,0.0,267.388826071506,1.6277003657625573
2024-07-16 04:00:00+00:00,2024,summer,5.659,340.0,22.33,3.8107688523463334,13.2,0.0,236.59919962752105,20.297921149072955,0.0,256.897120776594,1.5954472590592654
2024-07-16 05:00:00+00:00,2024,summer,4.63,340.0,22.33,3.1178405701296206,13.2,17.0,209.0013987971301,20.297921149072955,0.2431,229.05621994620304,1.5065164510478024
2024-07-16 06:00:00+00:00,2024,summer,4.116,340.0,22.33,2.7717131288668506,13.2,87.0,194.3416638222675,20.297921149072955,1.2441,213.39548497134044,1.4541039259002826
2024-07-16 07:00:00+00:00,2024,summer,3.601,330.0,22.33,2.850348573110594,13.4,154.0,197.09094189204072,20.250021301172904,2.2022,215.1387631932136,1.4600313045428837
2024-07-16 08:00:00+00:00,2024,summer,4.63,300.0,22.33,4.588576403379353,13.9,265.0,262.37182682117265,20.12983211863795,3.7895,278.7121589398106,1.6618077939886258
2024-07-16 09:00:00+00:00,2024,summer,4.63,300.0,22.33,4.588576403379353,14.4,304.0,260.2247578619159,20.009013235380735,4.3472,275.88657109729667,1.6533626195792461
2024-07-16 10:00:00+00:00,2024,summer,5.144,280.0,22.33,5.025347971618833,14.8,192.0,273.4488934516446,19.911903268935795,2.7456,290.6151967205804,1.6969224449093483
2024-07-16 11:00:00+00:00,2024,summer,6.173,270.0,22.33,5.71009233995198,15.7,522.0,291.48697528333423,19.69192137289192,7.4646,303.7142966562261,1.734744230277737
2024-07-16 12:00:00+00:00,2024,summer,6.173,260.0,22.33,5.216073460878447,16.3,754.01,272.84469393706786,19.544119848322026,10.782343000000001,281.60647078538983,1.6704141057723765
2024-07-16 13:00:00+00:00,2024,summer,5.659,260.0,22.33,4.781752748276548,16.7,826.01,256.8102759988829,19.445073514943537,11.811943,264.44340651382646,1.618710580046743
2024-07-16 14:00:00+00:00,2024,summer,4.116,280.0,22.33,4.021059924413514,16.8,552.0,230.3373927793822,19.420247771382662,7.8936,241.86404055076488,1.5480624830403653
2024-07-16 15:00:00+00:00,2024,summer,3.601,280.0,22.33,3.517938966912795,16.5,735.01,213.1675240533811,19.494647974379557,10.510643,222.15152902776066,1.483636424851242
2024-07-16 16:00:00+00:00,2024,summer,3.601,260.0,22.33,3.0427799340066883,16.1,586.0,196.21648691130713,19.59348927839023,8.3798,207.43017618969736,1.4336356827834127
2024-07-16 17:00:00+00:00,2024,summer,4.116,280.0,22.33,4.021059924413514,16.1,380.0,233.10777379219263,19.59348927839023,5.434,247.26726307058286,1.5652587660974306
2024-07-16 18:00:00+00:00,2024,summer,4.63,280.0,22.33,4.523203948016174,16.2,263.0,250.26612215415284,19.568817359993037,3.7609,266.0740395141459,1.6236936242643247
2024-07-16 19:00:00+00:00,2024,summer,3.087,260.0,22.33,2.6084592214047895,15.7,161.0,179.61352755659362,19.69192137289192,2.3023000000000002,197.00314892948555,1.397138363111686
2024-07-16 20:00:00+00:00,2024,summer,2.572,260.0,22.33,2.1732935268717584,15.4,38.78,162.4891728412909,19.765477580452682,0.554554,181.70009642174358,1.3417772147846536
2024-07-16 21:00:00+00:00,2024,summer,2.572,250.0,22.33,1.9014245722648486,15.3,0.0,152.93475536771564,19.78994538888251,0.0,172.72470075659814,1.308217812947902
2024-07-16 22:00:00+00:00,2024,summer,3.087,240.0,22.33,1.8865048206399393,14.7,0.0,153.90577019449634,19.9362187358664,0.0,173.84198893036273,1.312442165860328
2024-07-16 23:00:00+00:00,2024,summer,3.601,230.0,22.33,1.672226586019424,15.2,0.0,144.29049116069643,19.814387763002607,0.0,164.10487892369903,1.2751567680910607
2024-07-17 00:00:00+00:00,2024,summer,3.087,230.0,22.33,1.433536093041367,14.8,0.0,135.19602220320547,19.911903268935795,0.0,155.10792547214126,1.2397092122693278
2024-07-17 01:00:00+00:00,2024,summer,2.058,200.0,22.33,0.08366791584890493,14.8,0.0,39.091063988916744,19.911903268935795,0.0,59.00296725785254,0.7646096242191137
2024-07-17 02:00:00+00:00,2024,summer,2.058,220.0,22.33,0.6246733977733322,14.4,0.0,92.41190598399177,20.009013235380735,0.0,112.42091921937251,1.0554226248471148
2024-07-17 03:00:00+00:00,2024,summer,2.058,200.0,22.33,0.08366791584890493,14.3,0.0,39.41574060012037,20.033227493424036,0.0,59.44896809354441,0.767494009014723
2024-07-17 04:00:00+00:00,2024,summer,2.572,170.0,22.33,1.3754923649578397,14.5,0.0,133.27782246512288,19.9847737014965,0.0,153.26259616661937,1.2323126957579251
2024-07-17 05:00:00+00:00,2024,summer,4.116,190.0,22.33,0.8789386123476327,14.1,37.91,108.88874041255484,20.08158025229009,0.542113,128.42820766484493,1.1280621943414815
2024-07-17 06:00:00+00:00,2024,summer,4.116,190.0,22.33,0.8789386123476327,15.0,172.0,107.27954720448753,19.863196278835822,2.4596,124.68314348332336,1.1114929319509523
2024-07-17 07:00:00+00:00,2024,summer,3.601,180.0,22.33,1.36816590674938,15.3,295.0,131.18856912552053,19.78994538888251,4.2185,146.76001451440303,1.2058872596773118
2024-07-17 08:00:00+00:00,2024,summer,4.63,170.0,22.33,2.4761001748657843,15.8,424.0,173.63187938891522,19.667351650779768,6.0632,187.236031039695,1.3620641022310562
2024-07-17 09:00:00+00:00,2024,summer,4.63,190.0,22.33,0.9886991679226287,17.0,468.0,109.54912074616492,19.370519167956157,6.6924,122.22723991412106,1.100491864174855
2024-07-17 10:00:00+00:00,2024,summer,4.116,180.0,22.33,1.5638352880256727,17.0,620.0,135.6444421141688,19.370519167956157,8.866,146.14896128212496,1.2033742117120707
2024-07-17 11:00:00+00:00,2024,summer,5.144,180.0,22.33,1.9544141694859236,16.5,789.01,151.79260106602058,19.494647974379557,11.282843,160.0044060404001,1.2591248777521302
2024-07-17 12:00:00+00:00,2024,summer,5.144,170.0,22.33,2.7509847299156793,17.3,848.01,180.60863622443043,19.29573320601393,12.126543,187.77782643044435,1.3640333465319883
2024-07-17 13:00:00+00:00,2024,summer,4.63,170.0,22.33,2.4761001748657843,18.4,886.01,166.00615495629393,19.019528668117406,12.669943,172.35574062441134,1.3068198129627127
2024-07-17 14:00:00+00:00,2024,summer,6.173,190.0,22.33,1.3181943765845328,17.7,797.01,123.75023942930127,19.195657471837542,11.397243,131.5486539011388,1.141684324113531
2024-07-17 15:00:00+00:00,2024,summer,5.659,190.0,22.33,1.208433821009537,17.2,587.0,119.8739170177068,19.320687624559913,8.3941,130.8005046422667,1.1384331764904712
2024-07-17 16:00:00+00:00,2024,summer,4.116,180.0,22.33,1.5638352880256727,17.3,513.0,134.94283293081966,19.29573320601393,7.3359000000000005,146.90266613683357,1.2064731821895924
2024-07-17 17:00:00+00:00,2024,summer,3.601,180.0,22.33,1.36816590674938,16.6,266.0,128.33186661524957,19.46987357670326,3.8038,143.99794019195284,1.1944857517657719
2024-07-17 18:00:00+00:00,2024,summer,2.058,190.0,22.33,0.43946930617381635,16.4,148.0,75.85484398883482,19.519396725683997,2.1164,93.2578407145188,0.9612702719276824
2024-07-17 19:00:00+00:00,2024,summer,2.572,130.0,22.33,2.4506544340136616,15.9,34.0,172.23555499196976,19.642756406105658,0.4862,191.39211139807543,1.3770980095250438
2024-07-17 20:00:00+00:00,2024,summer,3.087,150.0,22.33,2.443495152788783,15.7,8.0,172.5062340190183,19.69192137289192,0.1144,192.08375539191024,1.3795840122686376
2024-07-17 21:00:00+00:00,2024,summer,3.601,170.0,22.33,1.925796269911812,15.3,0.0,153.84512895776137,19.78994538888251,0.0,173.63507434664388,1.3116608693480087
2024-07-17 22:00:00+00:00,2024,summer,5.144,170.0,22.33,2.7509847299156793,15.0,0.0,187.807940614659,19.863196278835822,0.0,207.67113689349483,1.4344681306098543
2024-07-17 23:00:00+00:00,2024,summer,4.63,140.0,22.33,4.10049882431967,14.6,0.0,241.95189012070588,19.960508874188154,0.0,261.91239899489403,1.6109455557703405
2024-07-18 00:00:00+00:00,2024,summer,3.087,140.0,22.33,2.733961095178148,14.6,0.0,188.33611334357815,19.960508874188154,0.0,208.2966222177663,1.436626745893894
2024-07-18 01:00:00+00:00,2024,summer,4.116,140.0,22.33,3.6452814602375296,14.6,0.0,224.9809482693572,19.960508874188154,0.0,244.94145714354536,1.557879929905854
2024-07-18 02:00:00+00:00,2024,summer,5.144,130.0,22.33,4.901308868027323,14.6,0.0,270.1523836757172,19.960508874188154,0.0,290.1128925499054,1.6954553161032362
2024-07-18 03:00:00+00:00,2024,summer,5.144,110.0,22.33,5.139747173260283,14.6,0.0,278.2005274836798,19.960508874188154,0.0,298.161036357868,1.7188116096286463
2024-07-18 04:00:00+00:00,2024,summer,3.087,140.0,22.33,2.733961095178148,14.7,0.0,188.02429858638678,19.9362187358664,0.0,207.96051732225317,1.4354672162345923
2024-07-18 05:00:00+00:00,2024,summer,4.116,160.0,22.33,2.7717131288668506,15.0,5.0,188.68122701191018,19.863196278835822,0.07150000000000001,208.47292329074602,1.4372345936431858
2024-07-18 06:00:00+00:00,2024,summer,5.144,170.0,22.33,2.7509847299156793,15.3,39.0,186.8689009115857,19.78994538888251,0.5577,206.1011463004682,1.4290355651274032
2024-07-18 07:00:00+00:00,2024,summer,5.659,180.0,22.33,2.1500835507622162,15.6,96.0,161.13564873984745,19.71646559010476,1.3728,179.4793143299522,1.3335522444071835
2024-07-18 08:00:00+00:00,2024,summer,4.63,190.0,22.33,0.9886991679226287,14.4,192.0,114.45994340030335,20.009013235380735,2.7456,131.7233566356841,1.1424421775385898
2024-07-18 09:00:00+00:00,2024,summer,4.63,250.0,22.33,3.4228599415187593,14.0,451.0,218.5452248205117,20.105718788248662,6.4493,232.20164360876035,1.5168250019200873
2024-07-18 10:00:00+00:00,2024,summer,4.116,270.0,22.33,3.807344900573845,13.6,403.0,234.93726491967917,20.20202105188573,5.7629,249.3763859715649,1.5719202082251353
2024-07-18 11:00:00+00:00,2024,summer,3.601,330.0,22.33,2.850348573110594,14.1,696.0,194.85127209781297,20.08158025229009,9.9528,204.98005235010305,1.4251436223913088
2024-07-18 12:00:00+00:00,2024,summer,2.572,320.0,22.33,2.2778580942009055,15.2,571.0,166.57570805545316,19.814387763002607,8.1653,178.22479581845576,1.3288834622270218
2024-07-18 13:00:00+00:00,2024,summer,3.601,280.0,22.33,3.517938966912795,15.5,432.0,216.8114133534389,19.740984320074872,6.1776,230.37479767351377,1.5108464108299646
2024-07-18 14:00:00+00:00,2024,summer,3.087,280.0,22.33,3.015794943310136,15.8,223.0,196.1331618119698,19.667351650779768,3.1889,212.6116134627496,1.4514307688090013
2024-07-18 15:00:00+00:00,2024,summer,5.144,280.0,22.33,5.025347971618833,16.1,498.0,267.54385090202436,19.59348927839023,7.1214,280.0159401804146,1.665690125374819
2024-07-18 16:00:00+00:00,2024,summer,4.116,280.0,22.33,4.021059924413514,16.5,490.0,231.52469892772953,19.494647974379557,7.007,244.01234690210907,1.5549224529823822
2024-07-18 17:00:00+00:00,2024,summer,5.144,280.0,22.33,5.025347971618833,16.1,237.0,267.54385090202436,19.59348927839023,3.3891,283.7482401804146,1.6767542745012678
2024-07-18 18:00:00+00:00,2024,summer,4.116,280.0,22.33,4.021059924413514,16.5,209.0,231.52469892772953,19.494647974379557,2.9887,248.03064690210908,1.567673101899653
2024-07-18 19:00:00+00:00,2024,summer,2.058,290.0,22.33,2.0562985386021895,16.3,149.0,155.96144670298955,19.544119848322026,2.1307,173.37486655131158,1.3106776798943194
2024-07-18 20:00:00+00:00,2024,summer,1.029,240.0,22.33,0.628834940213313,15.5,22.79,91.01564506971985,19.740984320074872,0.325897,110.43073238979473,1.0460388390619455
2024-07-18 21:00:00+00:00,2024,summer,1.029,240.0,22.33,0.628834940213313,12.6,0.0,95.45170172017679,20.441019684992096,0.0,115.89272140516888,1.0715955818701022
2024-07-18 22:00:00+00:00,2024,summer,1.543,140.0,22.33,1.366537729141523,11.9,0.0,138.583025145906,20.606832543192034,0.0,159.18985768909803,1.2559158200999108
2024-07-18 23:00:00+00:00,2024,summer,2.058,130.0,22.33,1.9609046754277273,11.1,0.0,166.0605908531194,20.794843004512877,0.0,186.85543385763228,1.3606790550720802
2024-07-19 00:00:00+00:00,2024,summer,2.058,100.0,22.33,2.010529962206757,10.8,0.0,168.7946759788879,20.864938915280412,0.0,189.65961489416833,1.3708510404165772
2024-07-19 01:00:00+00:00,2024,summer,3.087,110.0,22.33,3.0844478079032847,12.7,0.0,209.2949265777546,20.41723243194018,0.0,229.7121590096948,1.508671984188235
2024-07-19 02:00:00+00:00,2024,summer,2.572,80.0,22.33,2.1732935268717584,12.1,0.0,171.48605657243618,20.559581893667065,0.0,192.04563846610324,1.3794471237786492
2024-07-19 03:00:00+00:00,2024,summer,2.572,140.0,22.33,2.2778580942009055,13.9,0.0,170.19691910013697,20.12983211863795,0.0,190.32675121877492,1.3732599393763594
2024-07-19 04:00:00+00:00,2024,summer,3.601,150.0,22.33,2.8503485731105953,15.3,0.0,191.01183816485118,19.78994538888251,0.0,210.80178355373369,1.4452400041990663
2024-07-19 05:00:00+00:00,2024,summer,4.63,170.0,22.33,2.4761001748657843,15.6,10.0,174.2184735760399,19.71646559010476,0.14300000000000002,193.79193916614466,1.3857046937561444
2024-07-19 06:00:00+00:00,2024,summer,3.601,160.0,22.33,2.424912287912908,15.7,142.0,171.6942881901941,19.69192137289192,2.0306,189.35560956308603,1.369751931470452
2024-07-19 07:00:00+00:00,2024,summer,4.116,170.0,22.33,2.201215619815889,15.2,274.0,164.00721316362115,19.814387763002607,3.9182,179.90340092662373,1.3351268212698384
2024-07-19 08:00:00+00:00,2024,summer,4.116,170.0,22.33,2.201215619815889,16.4,231.0,160.71609851819733,19.519396725683997,3.3033,176.93219524388132,1.3240557350908746
2024-07-19 09:00:00+00:00,2024,summer,3.601,140.0,22.33,3.189178459260288,16.4,443.0,200.969491251583,19.519396725683997,6.3349,214.153987977267,1.4566859014499691
2024-07-19 10:00:00+00:00,2024,summer,3.601,140.0,22.33,3.189178459260288,17.6,345.0,196.8540750484789,19.220715149913715,4.9335,211.14129019839262,1.4464033510496972
2024-07-19 11:00:00+00:00,2024,summer,3.601,140.0,22.33,3.189178459260288,16.8,524.0,199.59768585054832,19.420247771382662,7.4932,211.52473362193098,1.4477161266768575
2024-07-19 12:00:00+00:00,2024,summer,2.572,140.0,22.33,2.2778580942009055,17.6,682.0,159.89039535757547,19.220715149913715,9.7526,169.35851050748917,1.2954073191596505
2024-07-19 13:00:00+00:00,2024,summer,2.058,10.0,22.33,0.4394693061738171,18.2,129.0,73.52483171614027,19.069980835950695,1.8447,90.75011255209095,0.9482577917970599
2024-07-19 14:00:00+00:00,2024,summer,4.63,190.0,22.33,0.9886991679226287,17.9,160.0,107.84922059665546,19.14546451995717,2.2880000000000003,124.70668511661263,1.1115978584200188
2024-07-19 15:00:00+00:00,2024,summer,7.202,190.0,22.33,1.537929029671441,17.2,510.0,134.12852595139702,19.320687624559913,7.293,146.15621357595694,1.2034040686300824
2024-07-19 16:00:00+00:00,2024,summer,8.231,190.0,22.33,1.7576636827583492,16.3,501.0,144.96366969979545,19.544119848322026,7.1643,157.34348954811747,1.2486111897104124
2024-07-19 17:00:00+00:00,2024,summer,4.116,190.0,22.33,0.8789386123476327,16.4,478.0,104.77635776971616,19.519396725683997,6.8354,117.46035449540017,1.0788187536487397
2024-07-19 18:00:00+00:00,2024,summer,2.572,160.0,22.33,1.7319840056961955,15.9,216.0,144.95390770776942,19.642756406105658,3.0888,161.5078641138751,1.2650266380792752
2024-07-19 19:00:00+00:00,2024,summer,2.572,160.0,22.33,1.7319840056961955,14.3,87.0,148.8782097776921,20.033227493424036,1.2441,167.66733727111614,1.2889232790141172
2024-07-19 20:00:00+00:00,2024,summer,3.087,130.0,22.33,2.9413570131415914,13.8,4.0,199.65166262252455,20.15392026101056,0.0572,219.74838288353513,1.4755899127892238
2024-07-19 21:00:00+00:00,2024,summer,4.63,160.0,22.33,3.1178405701296206,13.4,0.0,208.3250188657478,20.250021301172904,0.0,228.5750401669207,1.5049332450620054
2024-07-19 22:00:00+00:00,2024,summer,5.144,160.0,22.33,3.463968011392391,13.7,0.0,221.24635931330482,20.17798323291303,0.0,241.42434254621784,1.5466546887561916
2024-07-19 23:00:00+00:00,2024,summer,4.116,140.0,22.33,3.6452814602375296,14.0,0.0,227.21585835150316,20.105718788248662,0.0,247.3215771397518,1.5654306669462783
2024-07-20 00:00:00+00:00,2024,summer,2.572,120.0,22.33,2.548988878939891,14.0,0.0,182.14792466845893,20.105718788248662,0.0,202.25364345670758,1.4156340846553916
2024-07-20 01:00:00+00:00,2024,summer,3.601,140.0,22.33,3.189178459260288,14.0,0.0,209.2003236577912,20.105718788248662,0.0,229.30604244603984,1.5073377759198714
2024-07-20 02:00:00+00:00,2024,summer,2.058,140.0,22.33,1.8226407301187648,14.2,0.0,152.7113366549107,20.057416493203508,0.0,172.7687531481142,1.3083846288374263
2024-07-20 03:00:00+00:00,2024,summer,2.058,190.0,22.33,0.43946930617381635,14.2,0.0,78.70263676657264,20.057416493203508,0.0,98.76005325977614,0.9892213739775139
2024-07-20 04:00:00+00:00,2024,summer,2.058,180.0,22.33,0.7819176440128364,13.8,0.0,103.62044530365476,20.15392026101056,0.0,123.77436556466532,1.107434855122646
2024-07-20 05:00:00+00:00,2024,summer,2.058,190.0,22.33,0.43946930617381635,13.4,5.0,79.73819777665912,20.250021301172904,0.07150000000000001,99.91671907783203,0.9949973320157481
2024-07-20 06:00:00+00:00,2024,summer,1.029,60.0,22.33,0.6288349402133125,13.5,39.0,94.07499448382805,20.22603373546297,0.5577,113.74332821929103,1.0616119530447996
2024-07-20 07:00:00+00:00,2024,summer,0.514,320.0,22.33,0.4552173640821405,13.7,153.0,80.66245661927064,20.17798323291303,2.1879,98.65253985218366,0.9886827780660433
2024-07-20 08:00:00+00:00,2024,summer,1.543,50.0,22.33,0.7165358573251791,13.8,153.0,99.4885948119278,20.15392026101056,2.1879,117.45461507293835,1.0787923963631167
2024-07-20 09:00:00+00:00,2024,summer,2.058,330.0,22.33,1.6289967685258544,13.2,182.0,147.30731003139923,20.297921149072955,2.6026000000000002,165.00263118047218,1.278639947537646
2024-07-20 10:00:00+00:00,2024,summer,6.173,340.0,22.33,4.156896293609104,13.6,462.0,248.04286301902647,20.20202105188573,6.6066,261.63828407091216,1.6101023352504784
2024-07-20 11:00:00+00:00,2024,summer,6.173,320.0,22.33,5.467036553461193,13.8,676.0,292.84724951433424,20.15392026101056,9.6668,303.3343697753448,1.7336588644979034
2024-07-20 12:00:00+00:00,2024,summer,7.202,320.0,22.33,6.378356918520575,13.7,659.0,322.6484097537001,20.17798323291303,9.4237,333.40269298661315,1.8175542627746133
2024-07-20 13:00:00+00:00,2024,summer,7.202,330.0,22.33,5.700697146221188,13.6,813.01,301.5024609193693,20.20202105188573,11.626043,310.078438971255,1.7528252401417126
2024-07-20 14:00:00+00:00,2024,summer,5.659,310.0,22.33,5.392011447155252,14.8,770.01,285.6126864119725,19.911903268935795,11.011143,294.5134466809083,1.708265609910228
2024-07-20 15:00:00+00:00,2024,summer,5.659,310.0,22.33,5.392011447155252,15.1,731.01,284.1893673766969,19.838804720445037,10.453443,293.5747290971419,1.7055410164895175
2024-07-20 16:00:00+00:00,2024,summer,7.202,280.0,22.33,7.03587793382559,14.2,517.0,340.02064855340484,20.057416493203508,7.3931000000000004,352.68496504660834,1.869374468294255
2024-07-20 17:00:00+00:00,2024,summer,7.717,280.0,22.33,7.538998891326309,15.0,370.0,350.17900899450063,19.863196278835822,5.291,364.75120527333644,1.9010835398947157
2024-07-20 18:00:00+00:00,2024,summer,7.202,280.0,22.33,7.03587793382559,14.5,227.0,338.3429150901479,19.9847737014965,3.2461,355.08158879164444,1.87571525724785
2024-07-20 19:00:00+00:00,2024,summer,6.173,280.0,22.33,6.030612952722212,13.7,100.0,311.66128680831616,20.17798323291303,1.43,330.4092700412292,1.8093765004207245
2024-07-20 20:00:00+00:00,2024,summer,5.659,270.0,22.33,5.234636732834643,13.2,7.0,287.8852188348242,20.297921149072955,0.1001,308.08303998389715,1.7471762973055915
2024-07-20 21:00:00+00:00,2024,summer,5.659,270.0,22.33,5.234636732834643,13.0,0.0,288.81688620969413,20.34572073568897,0.0,309.1626069453831,1.7502347979004436
2024-07-20 22:00:00+00:00,2024,summer,5.659,260.0,22.33,4.781752748276548,11.9,0.0,277.9541752234908,20.606832543192034,0.0,298.5610077666828,1.7199640826487617
2024-07-20 23:00:00+00:00,2024,summer,5.144,230.0,22.33,2.388762443344604,12.7,0.0,178.7137395542688,20.41723243194018,0.0,199.130971986209,1.4046633160280695
2024-07-21 00:00:00+00:00,2024,summer,5.144,220.0,22.33,1.5613799602264435,12.8,0.0,145.36049487130708,20.393420201026206,0.0,165.75391507233329,1.2815475696913465
2024-07-21 01:00:00+00:00,2024,summer,5.144,230.0,22.33,2.388762443344604,12.7,0.0,178.7137395542688,20.41723243194018,0.0,199.130971986209,1.4046633160280695
2024-07-21 02:00:00+00:00,2024,summer,5.144,230.0,22.33,2.388762443344604,12.5,0.0,179.28745942442697,20.464781977655118,0.0,199.7522414020821,1.4068528165963208
2024-07-21 03:00:00+00:00,2024,summer,5.144,230.0,22.33,2.388762443344604,12.7,0.0,178.7137395542688,20.41723243194018,0.0,199.130971986209,1.4046633160280695
2024-07-21 04:00:00+00:00,2024,summer,5.144,230.0,22.33,2.388762443344604,12.6,0.0,179.00059948934788,20.441019684992096,0.0,199.44161917433996,1.4057585365699734
2024-07-21 05:00:00+00:00,2024,summer,5.144,230.0,22.33,2.388762443344604,12.3,4.0,179.86117929458516,20.512231751676453,0.0572,200.3162110462616,1.4088374327379112
2024-07-21 06:00:00+00:00,2024,summer,4.116,230.0,22.33,1.911381457388489,12.6,32.0,160.24093245011971,20.441019684992096,0.4576,180.2243521351118,1.3363172368401748
2024-07-21 07:00:00+00:00,2024,summer,5.144,220.0,22.33,1.5613799602264435,13.2,95.0,144.42570069207036,20.297921149072955,1.3585,163.36512184114332,1.272279426095158
2024-07-21 08:00:00+00:00,2024,summer,5.144,230.0,22.33,2.388762443344604,13.9,218.0,175.2714203333198,20.12983211863795,3.1174,192.28385245195776,1.380302393815455
2024-07-21 09:00:00+00:00,2024,summer,4.63,220.0,22.33,1.405363377886554,14.0,153.0,135.7314028141835,20.105718788248662,2.1879,153.64922160243214,1.2338660536882322
2024-07-21 10:00:00+00:00,2024,summer,3.087,200.0,22.33,0.1255018737733574,14.4,142.0,43.744617362391224,20.009013235380735,2.0306,61.72303059777196,0.782035475961014
2024-07-21 11:00:00+00:00,2024,summer,3.601,200.0,22.33,0.14639852525359895,14.4,247.0,46.999552978082434,20.009013235380735,3.5321000000000002,63.47646621346317,0.7930657681455409
2024-07-21 12:00:00+00:00,2024,summer,2.572,200.0,22.33,0.1045645673291465,13.8,175.0,40.57566255128883,20.15392026101056,2.5025,58.227082812299386,0.7595657089285808
2024-07-21 13:00:00+00:00,2024,summer,1.543,170.0,22.33,0.8251884600038671,15.4,210.0,103.47633204872768,19.765477580452682,3.003,120.23880962918037,1.0915035884203308
2024-07-21 14:00:00+00:00,2024,summer,2.572,190.0,22.33,0.5492298617488124,15.6,267.0,85.30861185529221,19.71646559010476,3.8181000000000003,101.20697744539697,1.001401093285688
2024-07-21 15:00:00+00:00,2024,summer,1.543,120.0,22.33,1.52919511672016,15.2,204.0,138.40185040920068,19.814387763002607,2.9172000000000002,155.29903817220327,1.240472716902863
2024-07-21 16:00:00+00:00,2024,summer,1.543,130.0,22.33,1.4702020962997975,15.1,180.0,136.1148541030605,19.838804720445037,2.574,153.37965882350554,1.2327832289023921
2024-07-21 17:00:00+00:00,2024,summer,2.058,50.0,22.33,0.9556907286942441,13.8,169.0,113.77852987003227,20.15392026101056,2.4167,131.51575013104284,1.1415415325807199
2024-07-21 18:00:00+00:00,2024,summer,2.058,20.0,22.33,0.08366791584890525,14.4,57.0,39.35080527787965,20.009013235380735,0.8151,58.544718513260385,0.7616346520778886
2024-07-21 19:00:00+00:00,2024,summer,2.058,80.0,22.33,1.7389728142698595,14.2,28.0,149.40358569474014,20.057416493203508,0.4004,169.06060218794366,1.2942674813247
2024-07-21 20:00:00+00:00,2024,summer,2.058,80.0,22.33,1.7389728142698595,14.1,5.0,149.64931527647494,20.08158025229009,0.07150000000000001,169.65939552876503,1.2965575291311817
2024-07-21 21:00:00+00:00,2024,summer,2.058,80.0,22.33,1.7389728142698595,13.8,0.0,150.38650402167926,20.15392026101056,0.0,170.54042428268983,1.2999196339029648
2024-07-21 22:00:00+00:00,2024,summer,2.572,80.0,22.33,2.1732935268717584,13.5,0.0,167.6691968077079,20.22603373546297,0.0,187.89523054317087,1.3644596963948017
2024-07-21 23:00:00+00:00,2024,summer,2.572,90.0,22.33,2.379128057404259,13.5,0.0,175.9787922518828,20.22603373546297,0.0,196.20482598734577,1.394304652404389
2024-07-22 00:00:00+00:00,2024,summer,2.572,80.0,22.33,2.1732935268717584,13.5,0.0,167.6691968077079,20.22603373546297,0.0,187.89523054317087,1.3644596963948017
2024-07-22 01:00:00+00:00,2024,summer,2.572,100.0,22.33,2.5126739858094167,13.1,0.0,183.20351027641013,20.32183346628884,0.0,203.52534374269896,1.420077617158008
2024-07-22 02:00:00+00:00,2024,summer,1.543,20.0,22.33,0.06273060940469427,13.3,0.0,40.06509382252763,20.273983766537576,0.0,60.339077589065205,0.7732183767836313
2024-07-22 03:00:00+00:00,2024,summer,0.514,20.0,22.33,0.020896651480241644,13.2,0.0,40.13002914476835,20.297921149072955,0.0,60.427950293841306,0.7737875993041484
2024-07-22 04:00:00+00:00,2024,summer,1.029,30.0,22.33,0.13733784088053366,13.3,0.0,46.44900384899982,20.273983766537576,0.0,66.72298761553739,0.8130936622233019
2024-07-22 05:00:00+00:00,2024,summer,0.514,270.0,22.33,0.47545560711733637,13.4,4.0,82.71703521929503,20.250021301172904,0.0572,102.90985652046794,1.009790591996444
2024-07-22 06:00:00+00:00,2024,summer,1.029,270.0,22.33,0.9518362251434612,13.6,46.0,113.9355806626085,20.20202105188573,0.6578,133.47980171449422,1.1500338147519467
2024-07-22 07:00:00+00:00,2024,summer,2.058,320.0,22.33,1.8226407301187646,14.0,120.0,153.21367657811763,20.105718788248662,1.716,171.60339536636627,1.3039645122152417
2024-07-22 08:00:00+00:00,2024,summer,2.058,310.0,22.33,1.960904675427727,15.0,189.0,155.92543742076938,19.863196278835822,2.7027,173.08593369960522,1.3095850885751867
2024-07-22 09:00:00+00:00,2024,summer,3.087,270.0,22.33,2.855508675430384,15.6,224.0,190.26453459253113,19.71646559010476,3.2032,206.7778001826359,1.4313794873181291
2024-07-22 10:00:00+00:00,2024,summer,3.087,280.0,22.33,3.015794943310136,15.6,165.0,196.79577384511833,19.71646559010476,2.3595,214.15273943522308,1.4566816551217525
2024-07-22 11:00:00+00:00,2024,summer,3.087,280.0,22.33,3.015794943310136,16.0,106.0,195.47054977882124,19.61813562120077,1.5158,213.572885400022,1.4547082148579709
2024-07-22 12:00:00+00:00,2024,summer,3.087,280.0,22.33,3.015794943310136,16.4,135.0,194.14532571252417,19.519396725683997,1.9305,211.73422243820818,1.4484328402245663
2024-07-22 13:00:00+00:00,2024,summer,2.572,300.0,22.33,2.548988878939891,17.6,164.0,171.3982110814679,19.220715149913715,2.3452,188.27372623138163,1.365833287124127
2024-07-22 14:00:00+00:00,2024,summer,2.572,290.0,22.33,2.5698735866301416,16.6,192.0,175.26585680096494,19.46987357670326,2.7456,191.9901303776682,1.3792477544848347
2024-07-22 15:00:00+00:00,2024,summer,2.058,290.0,22.33,2.0562985386021895,15.8,142.0,157.28990877030634,19.667351650779768,2.0306,174.92666042108613,1.3165302315593226
2024-07-22 16:00:00+00:00,2024,summer,1.543,280.0,22.33,1.507409004706038,14.6,100.0,138.85887223036846,19.960508874188154,1.43,157.3893811045566,1.248793264397795
2024-07-22 17:00:00+00:00,2024,summer,1.543,360.0,22.33,0.5862482627365434,14.8,57.0,89.12581256250304,19.911903268935795,0.8151,108.22261583143884,1.0355280020662083
2024-07-22 18:00:00+00:00,2024,summer,1.029,320.0,22.33,0.9113203650593823,14.7,36.0,109.64909041097351,19.9362187358664,0.5148,129.0705091468399,1.1308795362999193
2024-07-22 19:00:00+00:00,2024,summer,1.543,40.0,22.33,0.46835328122655506,14.8,14.0,80.2721275239487,19.911903268935795,0.2002,99.9838307928845,0.995331434100166
2024-07-22 20:00:00+00:00,2024,summer,2.058,40.0,22.33,0.6246733977733314,14.8,3.0,91.80192640653962,19.911903268935795,0.0429,111.6709296754754,1.0518962325614267
2024-07-22 21:00:00+00:00,2024,summer,1.543,10.0,22.33,0.3294952086619047,14.7,0.0,68.2520962450978,19.9362187358664,0.0,88.18831498096421,0.9347777274574224
2024-07-22 22:00:00+00:00,2024,summer,1.543,10.0,22.33,0.3294952086619047,14.3,0.0,68.70484646894589,20.033227493424036,0.0,88.73807396236992,0.9376868658806877
2024-07-22 23:00:00+00:00,2024,summer,2.058,40.0,22.33,0.6246733977733314,13.9,0.0,93.17438045580683,20.12983211863795,0.0,113.30421257444478,1.0595607504920406
2024-07-23 00:00:00+00:00,2024,summer,1.029,320.0,22.33,0.9113203650593823,13.9,0.0,111.10380471161662,20.12983211863795,0.0,131.23363683025457,1.140316519841252
2024-07-23 01:00:00+00:00,2024,summer,1.543,340.0,22.33,1.0390557234794826,13.5,0.0,118.88027875785946,20.22603373546297,0.0,139.10631249332243,1.1740220478306993
2024-07-23 02:00:00+00:00,2024,summer,1.029,30.0,22.33,0.13733784088053366,13.0,0.0,46.674849896887984,20.34572073568897,0.0,67.02057063257695,0.8149048347029858
2024-07-23 03:00:00+00:00,2024,summer,1.029,70.0,22.33,0.7607176846269551,11.6,0.0,105.97914580887173,20.677522274164204,0.0,126.65666808303594,1.12025492863869
2024-07-23 04:00:00+00:00,2024,summer,0.514,60.0,22.33,0.3141119137703039,12.0,0.0,69.73693952576241,20.58321964626876,0.0,90.32015917203117,0.9460088100385812
2024-07-23 05:00:00+00:00,2024,summer,1.029,40.0,22.33,0.3123366988866657,11.5,6.0,70.10500921858382,20.701035922616132,0.0858,90.72024514119994,0.9481017350440761
2024-07-23 06:00:00+00:00,2024,summer,1.543,340.0,22.33,1.0390557234794826,13.0,46.0,119.84678508922416,20.34572073568897,0.6578,139.53470582491312,1.1758284237785297
2024-07-23 07:00:00+00:00,2024,summer,1.029,330.0,22.33,0.8144983842629272,13.8,163.0,105.61054117005509,20.15392026101056,2.3309,123.43356143106564,1.1059091816452926
2024-07-23 08:00:00+00:00,2024,summer,1.543,330.0,22.33,1.2213518045847394,14.5,99.0,126.09683251202222,19.9847737014965,1.4157,144.66590621351872,1.1972529884138918
2024-07-23 09:00:00+00:00,2024,summer,3.087,310.0,22.33,2.941357013141591,15.2,244.0,195.08446772593084,19.814387763002607,3.4892,211.40965548893342,1.4473222646171973
2024-07-23 10:00:00+00:00,2024,summer,2.572,320.0,22.33,2.2778580942009055,16.0,212.0,164.34727048949395,19.61813562120077,3.0316,180.93380611069472,1.3389448628816003
2024-07-23 11:00:00+00:00,2024,summer,2.572,280.0,22.33,2.5126739858094167,16.6,322.0,172.84466882297824,19.46987357670326,4.6046000000000005,187.7099423996815,1.363786766694552
2024-07-23 12:00:00+00:00,2024,summer,3.601,270.0,22.33,3.33096428254772,17.3,382.0,203.2745757249669,19.29573320601393,5.4626,217.1077089309808,1.4666971767166548
2024-07-23 13:00:00+00:00,2024,summer,4.116,280.0,22.33,4.021059924413514,17.0,444.0,229.54585534715065,19.370519167956157,6.3492,242.5671745151068,1.5503110714467785
2024-07-23 14:00:00+00:00,2024,summer,3.601,280.0,22.33,3.517938966912795,17.0,608.0,211.3455794033522,19.370519167956157,8.6944,222.02169857130835,1.4832028258875523
2024-07-23 15:00:00+00:00,2024,summer,3.087,280.0,22.33,3.015794943310136,16.6,425.0,193.4827136793756,19.46987357670326,6.0775,206.87508725607887,1.4317161732329535
2024-07-23 16:00:00+00:00,2024,summer,3.087,280.0,22.33,3.015794943310136,18.0,292.0,188.84442944733578,19.120329210576973,4.1756,203.78915865791276,1.420997690118208
2024-07-23 17:00:00+00:00,2024,summer,2.572,280.0,22.33,2.5126739858094167,16.5,229.0,173.14063572164773,19.494647974379557,3.2747,189.36058369602728,1.3697699221797728
2024-07-23 18:00:00+00:00,2024,summer,1.543,270.0,22.33,1.4272918322607977,16.8,113.0,130.43884375031226,19.420247771382662,1.6159000000000001,148.2431915216949,1.211965373442215
2024-07-23 19:00:00+00:00,2024,summer,1.029,340.0,22.33,0.6929282822167127,16.5,41.0,93.62624551286484,19.494647974379557,0.5863,112.53459348724441,1.0559560846441995
2024-07-23 20:00:00+00:00,2024,summer,1.029,160.0,22.33,0.6929282822167127,15.9,3.0,94.58651469761217,19.642756406105658,0.0429,114.18637110371783,1.0636774918009981
2024-07-23 21:00:00+00:00,2024,summer,2.058,140.0,22.33,1.8226407301187648,15.2,0.0,150.19963703887598,19.814387763002607,0.0,170.01402480187858,1.2979118815722082
2024-07-23 22:00:00+00:00,2024,summer,2.058,140.0,22.33,1.8226407301187648,15.1,0.0,150.45080700047944,19.838804720445037,0.0,170.28961172092448,1.2989633910126706
2024-07-23 23:00:00+00:00,2024,summer,2.058,140.0,22.33,1.8226407301187648,15.4,0.0,149.69729711566904,19.765477580452682,0.0,169.46277469612173,1.295806011292742
2024-07-24 00:00:00+00:00,2024,summer,2.058,160.0,22.33,1.3858565644334253,15.5,0.0,131.53419941628266,19.740984320074872,0.0,151.27518373635752,1.224296698478968
2024-07-24 01:00:00+00:00,2024,summer,2.058,160.0,22.33,1.3858565644334253,15.5,0.0,131.53419941628266,19.740984320074872,0.0,151.27518373635752,1.224296698478968
2024-07-24 02:00:00+00:00,2024,summer,2.058,160.0,22.33,1.3858565644334253,15.2,0.0,132.19739706039834,19.814387763002607,0.0,152.01178482340094,1.2272737999444592
2024-07-24 03:00:00+00:00,2024,summer,2.058,150.0,22.33,1.628996768525855,15.1,0.0,142.7784445126345,19.838804720445037,0.0,162.61724923307955,1.2693638881947902
2024-07-24 04:00:00+00:00,2024,summer,1.543,140.0,22.33,1.366537729141523,14.7,0.0,132.43354067033488,19.9362187358664,0.0,152.36975940620127,1.228718011929209
2024-07-24 05:00:00+00:00,2024,summer,2.058,140.0,22.33,1.8226407301187648,14.4,15.0,152.20899673170376,20.009013235380735,0.2145,172.0035099670845,1.3054838046233852
2024-07-24 06:00:00+00:00,2024,summer,2.572,150.0,22.33,2.0358501888476677,14.7,118.0,159.46811576294337,19.9362187358664,1.6874,177.71693449880976,1.3269887483774232
2024-07-24 07:00:00+00:00,2024,summer,2.058,140.0,22.33,1.8226407301187648,14.8,208.0,151.20431688528987,19.911903268935795,2.9744,168.14182015422566,1.2907457567301033
2024-07-24 08:00:00+00:00,2024,summer,3.601,140.0,22.33,3.189178459260288,15.0,312.0,205.77081015520443,19.863196278835822,4.4616,221.17240643404025,1.4803632848395514
2024-07-24 09:00:00+00:00,2024,summer,3.601,140.0,22.33,3.189178459260288,15.6,368.0,203.7131020536524,19.71646559010476,5.2624,218.16716764375713,1.4702714717193726
2024-07-24 10:00:00+00:00,2024,summer,4.116,140.0,22.33,3.6452814602375296,16.0,620.0,219.76615807768337,19.61813562120077,8.866,230.51829369888412,1.511316876148635
2024-07-24 11:00:00+00:00,2024,summer,4.63,160.0,22.33,3.1178405701296206,16.6,713.01,197.50293996363104,19.46987357670326,10.196043,206.7767705403343,1.4313759235634536
2024-07-24 12:00:00+00:00,2024,summer,4.116,130.0,22.33,3.9218093508554546,17.0,819.01,226.02768753019794,19.370519167956157,11.711843,233.6863636981541,1.5216666387125253
2024-07-24 13:00:00+00:00,2024,summer,4.63,150.0,22.33,3.6648469573735225,17.5,802.01,214.88859232845408,19.245746986454392,11.468743,222.66559631490847,1.4853520291555589
2024-07-24 14:00:00+00:00,2024,summer,4.63,140.0,22.33,4.10049882431967,18.4,488.0,226.7297513382774,19.019528668117406,6.9784,238.7708800063948,1.5381316681783819
2024-07-24 15:00:00+00:00,2024,summer,4.63,160.0,22.33,3.1178405701296206,18.9,523.0,189.72457075273462,18.892943217537702,7.4789,201.1386139702723,1.4117264781507102
2024-07-24 16:00:00+00:00,2024,summer,5.144,160.0,22.33,3.463968011392391,18.9,494.0,202.47831578264928,18.892943217537702,7.0642000000000005,214.30705900018697,1.4572064067487274
2024-07-24 17:00:00+00:00,2024,summer,4.63,150.0,22.33,3.6648469573735225,19.3,390.0,208.16164509034598,18.791205647551994,5.577,221.375850737898,1.4810439806299316
2024-07-24 18:00:00+00:00,2024,summer,5.144,200.0,22.33,0.209129134658293,18.4,285.0,51.8335085924987,19.019528668117406,4.0755,66.7775372606161,0.8134259683035386
2024-07-24 19:00:00+00:00,2024,summer,6.173,240.0,22.33,3.7723985286071735,17.9,80.0,217.24248880389123,19.14546451995717,1.1440000000000001,235.2439533238484,1.5267293985371762
2024-07-24 20:00:00+00:00,2024,summer,5.659,260.0,22.33,4.781752748276548,15.7,5.0,261.2152550040096,19.69192137289192,0.07150000000000001,280.83567637690146,1.668126466388693
2024-07-24 21:00:00+00:00,2024,summer,7.202,260.0,22.33,6.085559868013377,15.0,0.0,306.7665405006496,19.863196278835822,0.0,326.6297367794854,1.7989980568733672
2024-07-24 22:00:00+00:00,2024,summer,6.173,260.0,22.33,5.216073460878447,15.1,0.0,278.42243895792785,19.838804720445037,0.0,298.26124367837286,1.719100418385815
2024-07-24 23:00:00+00:00,2024,summer,6.173,250.0,22.33,4.5635668291566525,15.0,0.0,256.77952062602526,19.863196278835822,0.0,276.64271690486106,1.6556268250446007
2024-07-25 00:00:00+00:00,2024,summer,4.63,250.0,22.33,3.4228599415187593,14.9,0.0,215.32078707725825,19.88756245579483,0.0,235.20834953305308,1.5266138601562347
2024-07-25 01:00:00+00:00,2024,summer,4.63,250.0,22.33,3.4228599415187593,14.6,0.0,216.39559965834272,19.960508874188154,0.0,236.35610853253087,1.5303340776608774
2024-07-25 02:00:00+00:00,2024,summer,4.116,250.0,22.33,3.042870738507821,14.3,0.0,202.2166453907246,20.033227493424036,0.0,222.24987288414866,1.4839647826706444
2024-07-25 03:00:00+00:00,2024,summer,3.601,240.0,22.33,2.2006167344102434,14.3,0.0,166.45444105131645,20.033227493424036,0.0,186.48766854474047,1.3593393642337117
2024-07-25 04:00:00+00:00,2024,summer,4.116,230.0,22.33,1.911381457388489,14.0,0.0,156.64578332463626,20.105718788248662,0.0,176.7515021128849,1.3233794622096247
2024-07-25 05:00:00+00:00,2024,summer,3.087,230.0,22.33,1.433536093041367,14.1,12.0,136.7680689730102,20.08158025229009,0.1716,156.67804922530027,1.2459680660964467
2024-07-25 06:00:00+00:00,2024,summer,2.572,230.0,22.33,1.194381221672302,14.2,77.0,125.4102985742383,20.057416493203508,1.1011,144.3666150674418,1.196013882562557
2024-07-25 07:00:00+00:00,2024,summer,3.087,220.0,22.33,0.9370100966599983,14.0,190.0,112.36826238489417,20.105718788248662,2.717,129.7569811731428,1.1338828857144216
2024-07-25 08:00:00+00:00,2024,summer,3.087,200.0,22.33,0.1255018737733574,15.1,287.0,43.23931650176954,19.838804720445037,4.1041,58.974021222214574,0.764422047783634
2024-07-25 09:00:00+00:00,2024,summer,3.601,200.0,22.33,0.14639852525359895,16.1,378.0,45.68108367011642,19.59348927839023,5.4054,59.86917294850666,0.7702016827723456
2024-07-25 10:00:00+00:00,2024,summer,4.116,220.0,22.33,1.2493467955466644,16.9,259.0,122.3802719135592,19.395396328296854,3.7037,138.07196824185607,1.1696491019883855
2024-07-25 11:00:00+00:00,2024,summer,6.688,240.0,22.33,4.0871215550501825,16.5,526.0,233.86806354794038,19.494647974379557,7.5218,245.8409115223199,1.5607376697006863
2024-07-25 12:00:00+00:00,2024,summer,5.659,240.0,22.33,3.458286614836869,17.4,584.0,207.681387417402,19.270752999232265,8.3512,218.60094041663424,1.4717323859462623
2024-07-25 13:00:00+00:00,2024,summer,7.202,230.0,22.33,3.344453172038848,17.6,668.0,202.72337193042094,19.220715149913715,9.5524,212.39168708033466,1.4506798914148937
2024-07-25 14:00:00+00:00,2024,summer,8.231,240.0,22.33,5.0300684090338,16.1,539.0,267.6991330976677,19.59348927839023,7.7077,279.58492237605793,1.6644076651903397
2024-07-25 15:00:00+00:00,2024,summer,7.202,260.0,22.33,6.085559868013377,15.5,503.0,304.2101526631442,19.740984320074872,7.1929,316.75823698321904,1.771604571785423
2024-07-25 16:00:00+00:00,2024,summer,6.173,260.0,22.33,5.216073460878447,15.5,484.0,276.56319061764117,19.740984320074872,6.9212,289.382974937716,1.6933211088412052
2024-07-25 17:00:00+00:00,2024,summer,8.231,270.0,22.33,7.613764790238902,15.6,293.0,348.79794209870556,19.71646559010476,4.1899,364.3245076888103,1.8999712404424967
2024-07-25 18:00:00+00:00,2024,summer,7.717,270.0,22.33,7.1383091831215655,15.8,186.0,334.04320430111187,19.667351650779768,2.6598,351.05075595189163,1.8650384515180904
2024-07-25 19:00:00+00:00,2024,summer,7.717,270.0,22.33,7.1383091831215655,14.6,47.0,340.8143503342425,19.960508874188154,0.6721,360.10275920843065,1.8889308446937938
2024-07-25 20:00:00+00:00,2024,summer,8.746,260.0,22.33,7.390211969681338,13.9,12.0,352.2331093533556,20.12983211863795,0.1716,372.1913414719935,1.920374659776278
2024-07-25 21:00:00+00:00,2024,summer,7.717,260.0,22.33,6.520725562546407,13.5,0.0,328.14742518775233,20.22603373546297,0.0,348.3734589232153,1.857912959541243
2024-07-25 22:00:00+00:00,2024,summer,6.688,260.0,22.33,5.651239155411478,12.8,0.0,303.7904995887519,20.393420201026206,0.0,324.18391978977814,1.7922499145845456
2024-07-25 23:00:00+00:00,2024,summer,5.144,230.0,22.33,2.388762443344604,12.7,0.0,178.7137395542688,20.41723243194018,0.0,199.130971986209,1.4046633160280695
2024-07-26 00:00:00+00:00,2024,summer,5.659,230.0,22.33,2.6279173147136685,12.8,0.0,189.2646117100175,20.393420201026206,0.0,209.6580319110437,1.4413139370718797
2024-07-26 01:00:00+00:00,2024,summer,5.659,230.0,22.33,2.6279173147136685,12.0,0.0,191.69888324326533,20.58321964626876,0.0,212.2821028895341,1.450305601594594
2024-07-26 02:00:00+00:00,2024,summer,5.144,220.0,22.33,1.5613799602264435,12.3,0.0,146.52898759535296,20.512231751676453,0.0,167.04121934702943,1.2865144234789223
2024-07-26 03:00:00+00:00,2024,summer,5.144,230.0,22.33,2.388762443344604,12.2,0.0,180.14803922966422,20.535919267950497,0.0,200.68395849761473,1.4101300360817597
2024-07-26 04:00:00+00:00,2024,summer,5.659,230.0,22.33,2.6279173147136685,12.3,0.0,190.7860314182974,20.512231751676453,0.0,211.29826316997384,1.4469409153702772
2024-07-26 05:00:00+00:00,2024,summer,5.659,230.0,22.33,2.6279173147136685,11.8,6.0,192.3074511265773,20.63042060186722,0.0858,212.8520717284445,1.4522513023057566
2024-07-26 06:00:00+00:00,2024,summer,4.63,230.0,22.33,2.1500719503665464,12.2,48.0,170.35847304084186,20.535919267950497,0.6864,190.20799230879237,1.372831433396773
2024-07-26 07:00:00+00:00,2024,summer,4.63,230.0,22.33,2.1500719503665464,13.2,93.0,167.64575850197494,20.297921149072955,1.3299,186.61377965104788,1.359798908879381
2024-07-26 08:00:00+00:00,2024,summer,5.659,230.0,22.33,2.6279173147136685,13.1,63.0,188.35175988504957,20.32183346628884,0.9009,207.7726933513384,1.4348188334049634
2024-07-26 09:00:00+00:00,2024,summer,5.144,220.0,22.33,1.5613799602264435,14.8,221.0,140.68652397512358,19.911903268935795,3.1603,157.43812724405936,1.2489866355692332
2024-07-26 10:00:00+00:00,2024,summer,6.173,240.0,22.33,3.7723985286071735,15.5,149.0,226.37352160825793,19.740984320074872,2.1307,243.9838059283328,1.5548315143489593
2024-07-26 11:00:00+00:00,2024,summer,5.659,240.0,22.33,3.458286614836869,16.0,213.0,212.7291989171305,19.61813562120077,3.0459,229.30143453833128,1.507322630858327
2024-07-26 12:00:00+00:00,2024,summer,5.144,250.0,22.33,3.8028491445296972,17.0,154.0,221.76572314838833,19.370519167956157,2.2022,238.9340423163445,1.5386571138626188
2024-07-26 13:00:00+00:00,2024,summer,4.116,240.0,22.33,2.515339760853252,14.4,156.0,179.4735125176313,20.009013235380735,2.2308,197.25172575301204,1.3980195336245895
2024-07-26 14:00:00+00:00,2024,summer,3.601,260.0,22.33,3.0427799340066883,15.4,138.0,198.54843157748564,19.765477580452682,1.9734,216.34050915793833,1.4641034282293082
2024-07-26 15:00:00+00:00,2024,summer,4.63,280.0,22.33,4.523203948016174,15.8,170.0,251.9686127810519,19.667351650779768,2.431,269.2049644318317,1.6332187834390892
2024-07-26 16:00:00+00:00,2024,summer,4.116,290.0,22.33,4.112597077204379,14.8,147.0,241.59018409787654,19.911903268935795,2.1021,259.39998736681235,1.6032003872843537
2024-07-26 17:00:00+00:00,2024,summer,4.116,280.0,22.33,4.021059924413514,14.6,135.0,239.04430453392928,19.960508874188154,1.9305,257.07431340811746,1.5959973873878615
2024-07-26 18:00:00+00:00,2024,summer,3.601,280.0,22.33,3.517938966912795,14.6,78.0,220.0909137234909,19.960508874188154,1.1154,238.93602259767906,1.5386634900315819
2024-07-26 19:00:00+00:00,2024,summer,3.087,280.0,22.33,3.015794943310136,14.5,126.0,200.44014002743535,19.9847737014965,1.8018,218.62311372893186,1.4718070250449617
2024-07-26 20:00:00+00:00,2024,summer,2.058,200.0,22.33,0.08366791584890493,14.0,2.0,39.61054656684255,20.105718788248662,0.0286,59.68766535509121,0.7690332720093525
2024-07-26 21:00:00+00:00,2024,summer,1.543,200.0,22.33,0.06273060940469402,13.5,0.0,39.93522317804618,20.22603373546297,0.0,60.16125691350915,0.7720781897869178
2024-07-26 22:00:00+00:00,2024,summer,2.058,200.0,22.33,0.08366791584890493,12.9,0.0,40.32483511149053,20.369582974770935,0.0,60.694418086261464,0.7754917996361053
2024-07-26 23:00:00+00:00,2024,summer,1.543,150.0,22.33,1.2213518045847398,12.8,0.0,129.6400492933518,20.393420201026206,0.0,150.033469494378,1.2192616388502882
2024-07-27 00:00:00+00:00,2024,summer,1.543,130.0,22.33,1.4702020962997975,12.4,0.0,142.25024819451735,20.488519327396272,0.0,162.73876752191362,1.2698380756579417
2024-07-27 01:00:00+00:00,2024,summer,2.572,150.0,22.33,2.0358501888476677,12.6,0.0,165.02173173478718,20.441019684992096,0.0,185.46275141977927,1.3555988227882318
2024-07-27 02:00:00+00:00,2024,summer,1.543,150.0,22.33,1.2213518045847398,12.4,0.0,130.473747359547,20.488519327396272,0.0,150.96226668694325,1.2230297965944714
2024-07-27 03:00:00+00:00,2024,summer,2.058,140.0,22.33,1.8226407301187648,12.6,0.0,156.73005604056624,20.441019684992096,0.0,177.17107572555832,1.3249492536086904
2024-07-27 04:00:00+00:00,2024,summer,3.087,100.0,22.33,3.015794943310136,12.3,0.0,207.72887239206938,20.512231751676453,0.0,228.24110414374582,1.503833529390766
2024-07-27 05:00:00+00:00,2024,summer,3.601,130.0,22.33,3.431106771727525,12.7,11.0,223.5349357745276,20.41723243194018,0.1573,243.7948682064678,1.5542293776266594
2024-07-27 06:00:00+00:00,2024,summer,3.087,160.0,22.33,2.078784846650138,12.9,86.0,165.83333967604216,20.369582974770935,1.2298,184.97312265081308,1.3538082237816114
2024-07-27 07:00:00+00:00,2024,summer,2.572,140.0,22.33,2.2778580942009055,13.5,202.0,171.31113788311657,20.22603373546297,2.8886,188.64857161857955,1.3671922705041442
2024-07-27 08:00:00+00:00,2024,summer,3.087,150.0,22.33,2.443495152788783,14.1,277.0,177.1607023905264,20.08158025229009,3.9611,193.2811826428165,1.3838774127285605
2024-07-27 09:00:00+00:00,2024,summer,2.572,140.0,22.33,2.2778580942009055,15.9,361.0,164.62582518523885,19.642756406105658,5.1623,179.10628159134453,1.3321656851867656
2024-07-27 10:00:00+00:00,2024,summer,2.058,110.0,22.33,2.0562985386021895,14.5,372.0,160.74391014532995,19.9847737014965,5.3196,175.40908384682643,1.3183443853567431
2024-07-27 11:00:00+00:00,2024,summer,2.058,10.0,22.33,0.4394693061738171,16.2,460.0,76.11373424135647,19.568817359993037,6.578,89.1045516013495,0.9396211381991744
2024-07-27 12:00:00+00:00,2024,summer,2.572,320.0,22.33,2.2778580942009055,16.8,477.0,162.1188329235347,19.420247771382662,6.8211,174.71798069491737,1.315744716210846
2024-07-27 13:00:00+00:00,2024,summer,4.116,280.0,22.33,4.021059924413514,17.0,455.0,229.54585534715065,19.370519167956157,6.5065,242.40987451510682,1.5498083169415975
2024-07-27 14:00:00+00:00,2024,summer,5.659,280.0,22.33,5.528468929119552,17.1,526.0,278.97634519102985,19.345616272624557,7.5218,290.80016146365443,1.6974623700439702
2024-07-27 15:00:00+00:00,2024,summer,6.173,280.0,22.33,6.030612952722212,17.2,546.0,293.8665966969115,19.320687624559913,7.8078,305.3794843214714,1.73949330873387
2024-07-27 16:00:00+00:00,2024,summer,7.202,270.0,22.33,6.66192856509544,16.9,380.0,314.13759885162096,19.395396328296854,5.434,328.0989951799178,1.803039677933411
2024-07-27 17:00:00+00:00,2024,summer,7.717,270.0,22.33,7.1383091831215655,16.5,171.0,330.09336911511895,19.494647974379557,2.4453,347.14271708949855,1.8546282168784332
2024-07-27 18:00:00+00:00,2024,summer,7.202,270.0,22.33,6.66192856509544,15.9,113.0,319.54444220534936,19.642756406105658,1.6159000000000001,337.571298611455,1.8288816017835559
2024-07-27 19:00:00+00:00,2024,summer,6.173,280.0,22.33,6.030612952722212,15.3,73.0,303.5265713288169,19.78994538888251,1.0439,322.2726167176994,1.7869587873770219
2024-07-27 20:00:00+00:00,2024,summer,5.659,270.0,22.33,5.234636732834643,14.9,4.0,279.9660461484293,19.88756245579483,0.0572,299.7964086042241,1.7235188863171946
2024-07-27 21:00:00+00:00,2024,summer,5.144,280.0,22.33,5.025347971618833,14.8,0.0,273.4488934516446,19.911903268935795,0.0,293.3607967205804,1.7049194763794477
2024-07-27 22:00:00+00:00,2024,summer,3.601,300.0,22.33,3.568782641159622,14.7,0.0,221.68368786558224,19.9362187358664,0.0,241.61990660144863,1.5472809902118696
2024-07-27 23:00:00+00:00,2024,summer,3.087,330.0,22.33,2.443495152788782,14.5,0.0,175.99708529764933,19.9847737014965,0.0,195.98185899914583,1.3935121839223221
2024-07-28 00:00:00+00:00,2024,summer,3.601,300.0,22.33,3.568782641159622,14.3,0.0,223.15422642522128,20.033227493424036,0.0,243.1874539186453,1.5522919908747848
2024-07-28 01:00:00+00:00,2024,summer,3.087,280.0,22.33,3.015794943310136,13.8,0.0,202.75928214345527,20.15392026101056,0.0,222.91320240446584,1.4861776619120146
2024-07-28 02:00:00+00:00,2024,summer,2.058,280.0,22.33,2.010529962206757,13.3,0.0,162.22167457784087,20.273983766537576,0.0,182.49565834437846,1.3447114481021067
2024-07-28 03:00:00+00:00,2024,summer,2.572,220.0,22.33,0.7806899801132218,12.0,0.0,106.59002881550931,20.58321964626876,0.0,127.17324846177807,1.122537133171868
2024-07-28 04:00:00+00:00,2024,summer,2.058,210.0,22.33,0.2746756817610677,10.6,0.0,66.96642053481897,20.911546258921337,0.0,87.8779667937403,0.9331314648222121
2024-07-28 05:00:00+00:00,2024,summer,1.543,190.0,22.33,0.3294952086619041,10.4,23.55,73.1191611514646,20.958055153716582,0.33676500000000004,93.74045130518118,0.9637543556311248
2024-07-28 06:00:00+00:00,2024,summer,1.029,160.0,22.33,0.6929282822167127,10.6,105.0,103.0688924962136,20.911546258921337,1.5015,122.47893875513495,1.1016243861602038
2024-07-28 07:00:00+00:00,2024,summer,2.058,120.0,22.33,2.0395875244394617,13.3,255.0,163.31004471548277,20.273983766537576,3.6465,179.93752848202035,1.3352534515993109
2024-07-28 08:00:00+00:00,2024,summer,2.058,140.0,22.33,1.8226407301187648,14.9,386.0,150.9531469236864,19.88756245579483,5.5198,165.32090937948124,1.2798725556334456
2024-07-28 09:00:00+00:00,2024,summer,3.087,140.0,22.33,2.733961095178148,16.5,459.0,182.4116329569424,19.494647974379557,6.5637,195.34258093132195,1.3912375615849852
2024-07-28 10:00:00+00:00,2024,summer,3.087,160.0,22.33,2.078784846650138,17.2,648.0,154.3505158337397,19.320687624559913,9.2664,164.40480345829963,1.2763214995015169
2024-07-28 11:00:00+00:00,2024,summer,3.087,190.0,22.33,0.6592039592607246,19.0,799.01,87.56534380726046,18.86754797940053,11.425843,95.00704878666099,0.9702435128543834
2024-07-28 12:00:00+00:00,2024,summer,3.087,170.0,22.33,1.6509117148619172,17.5,528.0,137.91393768459136,19.245746986454392,7.5504,149.60928467104574,1.2175368291708428
2024-07-28 13:00:00+00:00,2024,summer,3.087,330.0,22.33,2.443495152788782,19.4,244.0,161.74277590990584,18.76570593822168,3.4892,177.01928184812752,1.324381547282515
2024-07-28 14:00:00+00:00,2024,summer,4.116,170.0,22.33,2.201215619815889,20.0,277.0,150.84275458192582,18.612157643626492,3.9611,165.49381222555232,1.2805416657233457
2024-07-28 15:00:00+00:00,2024,summer,4.63,170.0,22.33,2.4761001748657843,21.3,182.0,157.50053924298558,18.2762201649142,2.6026000000000002,173.1741594078998,1.3099188082197928
2024-07-28 16:00:00+00:00,2024,summer,5.144,200.0,22.33,0.209129134658293,21.0,164.0,49.45246402817897,18.35414031131684,2.3452,65.4614043394958,0.8053700828235933
2024-07-28 17:00:00+00:00,2024,summer,5.144,220.0,22.33,1.5613799602264435,20.2,157.0,128.0668025554281,18.56076491050545,2.2451,144.38246746593353,1.196079545833159
2024-07-28 18:00:00+00:00,2024,summer,3.087,270.0,22.33,2.855508675430384,18.4,25.0,181.29583599220982,19.019528668117406,0.3575,199.95786466032723,1.4075767315077685
2024-07-28 19:00:00+00:00,2024,summer,1.029,230.0,22.33,0.47784536434712227,18.4,18.0,76.18076842595013,19.019528668117406,0.2574,94.94289709406753,0.9699158883518847
2024-07-28 20:00:00+00:00,2024,summer,1.029,330.0,22.33,0.8144983842629272,17.2,2.0,99.74328888282979,19.320687624559913,0.0286,119.0353765073897,1.0860275908638377
2024-07-28 21:00:00+00:00,2024,summer,1.543,260.0,22.33,1.3038071197368286,16.5,0.0,125.69739764424708,19.494647974379557,0.0,145.19204561862662,1.1994281735891166
2024-07-28 22:00:00+00:00,2024,summer,4.116,240.0,22.33,2.515339760853252,16.5,0.0,173.2541333709807,19.494647974379557,0.0,192.74878134536024,1.3819701235871649
2024-07-28 23:00:00+00:00,2024,summer,3.601,240.0,22.33,2.2006167344102434,15.7,0.0,162.6152941407424,19.69192137289192,0.0,182.30721551363433,1.3440170023200042
2024-07-29 00:00:00+00:00,2024,summer,3.087,220.0,22.33,0.9370100966599983,15.1,0.0,110.34194945664198,19.838804720445037,0.0,130.180754177087,1.1357329490726515
2024-07-29 01:00:00+00:00,2024,summer,4.116,200.0,22.33,0.16733583169780986,14.7,0.0,49.77264967939273,19.9362187358664,0.0,69.70886841525913,0.831087691185068
2024-07-29 02:00:00+00:00,2024,summer,5.144,210.0,22.33,0.686555737113184,14.5,0.0,96.41115768241097,19.9847737014965,0.0,116.39593138390748,1.0739195134509372
2024-07-29 03:00:00+00:00,2024,summer,2.572,210.0,22.33,0.343277868556592,13.9,0.0,70.49091621567678,20.12983211863795,0.0,90.62074833431473,0.9475816803744737
2024-07-29 04:00:00+00:00,2024,summer,2.572,170.0,22.33,1.3754923649578397,13.9,0.0,134.59958599370262,20.12983211863795,0.0,154.72941811234057,1.2381956671736432
2024-07-29 05:00:00+00:00,2024,summer,4.116,190.0,22.33,0.8789386123476327,14.5,19.31,108.17354343119159,19.9847737014965,0.27613299999999996,127.8821841326881,1.1256616135034954
2024-07-29 06:00:00+00:00,2024,summer,3.601,180.0,22.33,1.36816590674938,14.6,115.0,132.72679355412797,19.960508874188154,1.6445,151.04280242831612,1.223355985649405
2024-07-29 07:00:00+00:00,2024,summer,3.601,170.0,22.33,1.925796269911812,14.6,279.0,155.64900819177197,19.960508874188154,3.9897,171.61981706596012,1.3040269025927431
2024-07-29 08:00:00+00:00,2024,summer,4.116,170.0,22.33,2.201215619815889,14.2,222.0,166.74980870147436,20.057416493203508,3.1746,183.63262519467787,1.3488937898992739
2024-07-29 09:00:00+00:00,2024,summer,3.601,170.0,22.33,1.925796269911812,14.8,402.0,155.13361412491182,19.911903268935795,5.7486,169.2969173938476,1.295171737771572
2024-07-29 10:00:00+00:00,2024,summer,4.63,180.0,22.33,1.7591247287557983,15.1,461.0,147.98444012529018,19.838804720445037,6.5923,161.23094484573522,1.2639416737621267
2024-07-29 11:00:00+00:00,2024,summer,4.116,180.0,22.33,1.5638352880256727,15.9,377.0,138.21700911978235,19.642756406105658,5.3911,152.468665525888,1.2291167393936622
2024-07-29 12:00:00+00:00,2024,summer,4.63,180.0,22.33,1.7591247287557983,15.9,418.0,146.00802022378383,19.642756406105658,5.9774,159.6733766298895,1.2578217162316687
2024-07-29 13:00:00+00:00,2024,summer,2.572,160.0,22.33,1.7319840056961955,16.6,413.0,143.2370255521782,19.46987357670326,5.9059,156.80099912888147,1.246456844239361
2024-07-29 14:00:00+00:00,2024,summer,5.659,200.0,22.33,0.23006644110250388,18.8,606.0,53.80726796192074,18.91831238253763,8.6658,64.05978034445836,0.7967013560796312
2024-07-29 15:00:00+00:00,2024,summer,7.202,200.0,22.33,0.2927970505071979,18.5,401.0,60.52705297951644,18.994263617205515,5.7343,73.78701659672195,0.8550525555247132
2024-07-29 16:00:00+00:00,2024,summer,7.202,200.0,22.33,0.2927970505071979,18.2,241.0,60.84843556170856,19.069980835950695,3.4463,76.47211639765926,0.8704711635017737
2024-07-29 17:00:00+00:00,2024,summer,6.688,200.0,22.33,0.27190039902695634,14.5,202.0,62.613987534006554,19.9847737014965,2.8886,79.71016123550305,0.8887092031869945
2024-07-29 18:00:00+00:00,2024,summer,6.173,270.0,22.33,5.71009233995198,13.9,111.0,300.33480927169853,20.12983211863795,1.5873,318.8773413903365,1.7775206879793977
2024-07-29 19:00:00+00:00,2024,summer,5.659,260.0,22.33,4.781752748276548,14.0,87.0,268.70371931272484,20.105718788248662,1.2441,287.5653381009735,1.6879947915191347
2024-07-29 20:00:00+00:00,2024,summer,5.659,270.0,22.33,5.234636732834643,14.1,15.56,283.69271564790927,20.08158025229009,0.222508,303.5517879001994,1.7342800623891808
2024-07-29 21:00:00+00:00,2024,summer,4.116,270.0,22.33,3.807344900573845,13.1,0.0,236.85043482944855,20.32183346628884,0.0,257.1722682957374,1.596301425650285
2024-07-29 22:00:00+00:00,2024,summer,2.058,210.0,22.33,0.2746756817610677,12.1,0.0,65.40664365900797,20.559581893667065,0.0,85.96622555267504,0.9229257502756891
2024-07-29 23:00:00+00:00,2024,summer,3.087,230.0,22.33,1.433536093041367,11.9,0.0,141.70878739239643,20.606832543192034,0.0,162.31561993558847,1.2681861070899236
2024-07-30 00:00:00+00:00,2024,summer,3.087,230.0,22.33,1.433536093041367,12.9,0.0,139.46300629267543,20.369582974770935,0.0,159.83258926744637,1.2584486561176464
2024-07-30 01:00:00+00:00,2024,summer,3.601,220.0,22.33,1.093026678999888,13.0,0.0,122.70849366909269,20.34572073568897,0.0,143.05421440478165,1.190565139994778
2024-07-30 02:00:00+00:00,2024,summer,4.116,230.0,22.33,1.911381457388489,12.8,0.0,159.7273397179078,20.393420201026206,0.0,180.120759918934,1.3359331268109114
2024-07-30 03:00:00+00:00,2024,summer,3.601,230.0,22.33,1.672226586019424,12.5,0.0,150.80527922313593,20.464781977655118,0.0,171.27006120079105,1.302697441702772
2024-07-30 04:00:00+00:00,2024,summer,3.601,230.0,22.33,1.672226586019424,12.6,0.0,150.5639907763789,20.441019684992096,0.0,171.00501046137097,1.3016890500230893
2024-07-30 05:00:00+00:00,2024,summer,3.601,230.0,22.33,1.672226586019424,12.4,4.0,151.04656766989294,20.488519327396272,0.0572,171.4778869972892,1.3034875741154763
2024-07-30 06:00:00+00:00,2024,summer,3.087,230.0,22.33,1.433536093041367,12.7,81.0,139.91216251261963,20.41723243194018,1.1583,159.17109494455983,1.255841804322693
2024-07-30 07:00:00+00:00,2024,summer,3.601,240.0,22.33,2.2006167344102434,14.1,216.0,167.00289060996988,20.08158025229009,3.0888,183.99567086225997,1.350226527595156
2024-07-30 08:00:00+00:00,2024,summer,3.601,240.0,22.33,2.2006167344102434,14.8,223.0,165.08331715468287,19.911903268935795,3.1889,181.80632042361867,1.3421693668067227
2024-07-30 09:00:00+00:00,2024,summer,4.116,260.0,22.33,3.477945628539719,15.2,318.0,216.37031244530715,19.814387763002607,4.5474,231.63730020830974,1.5149806331390727
2024-07-30 10:00:00+00:00,2024,summer,3.601,260.0,22.33,3.0427799340066883,16.1,285.0,196.21648691130713,19.59348927839023,4.0755,211.73447618969735,1.4484337081567213
2024-07-30 11:00:00+00:00,2024,summer,3.601,260.0,22.33,3.0427799340066883,16.3,437.0,195.5502170066847,19.544119848322026,6.2491,208.84523685500673,1.4385174058859498
2024-07-30 12:00:00+00:00,2024,summer,3.601,280.0,22.33,3.517938966912795,16.9,152.0,211.70996833335798,19.395396328296854,2.1736,228.93176466165485,1.5061071205158254
2024-07-30 13:00:00+00:00,2024,summer,4.63,280.0,22.33,4.523203948016174,16.9,163.0,247.2867635570796,19.395396328296854,2.3309,264.35125988537646,1.618428531572942
2024-07-30 14:00:00+00:00,2024,summer,4.63,290.0,22.33,4.626172125232331,17.0,151.0,250.31914299350694,19.370519167956157,2.1593,267.53036216146313,1.6281311015387676
2024-07-30 15:00:00+00:00,2024,summer,4.116,280.0,22.33,4.021059924413514,16.1,100.0,233.10777379219263,19.59348927839023,1.43,251.27126307058285,1.5778809947707049
2024-07-30 16:00:00+00:00,2024,summer,4.63,280.0,22.33,4.523203948016174,16.3,65.0,249.84049949742814,19.544119848322026,0.9295,268.4551193457501,1.6309426087293417
2024-07-30 17:00:00+00:00,2024,summer,2.572,260.0,22.33,2.1732935268717584,15.8,215.0,161.39864147993995,19.667351650779768,3.0745,177.99149313071973,1.3280133991999912
2024-07-30 18:00:00+00:00,2024,summer,3.087,270.0,22.33,2.855508675430384,15.4,36.0,190.90515592112553,19.765477580452682,0.5148,210.1558335015782,1.4430240146121796
2024-07-30 19:00:00+00:00,2024,summer,3.087,280.0,22.33,3.015794943310136,15.6,46.0,196.79577384511833,19.71646559010476,0.6578,215.85443943522307,1.4624577435311037
2024-07-30 20:00:00+00:00,2024,summer,2.572,360.0,22.33,0.9772070847429615,14.7,2.0,113.27447839749472,19.9362187358664,0.0286,133.1820971333611,1.1487506189276782
2024-07-30 21:00:00+00:00,2024,summer,1.543,350.0,22.33,0.8251884600038674,14.2,0.0,105.5597481302457,20.057416493203508,0.0,125.6171646234492,1.115648348889402
2024-07-30 22:00:00+00:00,2024,summer,1.543,10.0,22.33,0.3294952086619047,13.9,0.0,69.15759669279396,20.12983211863795,0.0,89.28742881143191,0.9405848780494042
2024-07-30 23:00:00+00:00,2024,summer,1.543,60.0,22.33,0.9429468539836164,13.4,0.0,113.80799042670036,20.250021301172904,0.0,134.05801172787326,1.1525219908357167
2024-07-31 00:00:00+00:00,2024,summer,2.572,110.0,22.33,2.5698735866301416,12.8,0.0,186.67014200376747,20.393420201026206,0.0,207.06356220479367,1.4323682121115695
2024-07-31 01:00:00+00:00,2024,summer,2.572,110.0,22.33,2.5698735866301416,12.7,0.0,186.97025477226225,20.41723243194018,0.0,207.38748720420244,1.4334881545812284
2024-07-31 02:00:00+00:00,2024,summer,2.572,110.0,22.33,2.5698735866301416,11.6,0.0,190.27149522570508,20.677522274164204,0.0,210.94901749986929,1.4457446281233597
2024-07-31 03:00:00+00:00,2024,summer,2.058,110.0,22.33,2.0562985386021895,11.0,0.0,170.04314461654738,20.81823298396238,0.0,190.86137760050977,1.3751873251314826
2024-07-31 04:00:00+00:00,2024,summer,2.058,130.0,22.33,1.9609046754277273,10.8,0.0,166.84021804022328,20.864938915280412,0.0,187.7051569555037,1.3637693825140584
2024-07-31 05:00:00+00:00,2024,summer,2.572,120.0,22.33,2.548988878939891,10.9,2.0,191.40462247947895,20.841598281761826,0.0286,212.21762076124077,1.4500853147842268
2024-07-31 06:00:00+00:00,2024,summer,3.087,110.0,22.33,3.0844478079032847,11.0,50.0,215.00602409271744,20.81823298396238,0.715,235.10925707667982,1.5262922477347416
2024-07-31 07:00:00+00:00,2024,summer,3.601,110.0,22.33,3.5980228559312364,12.3,43.0,231.67226629054824,20.512231751676453,0.6149,251.56959804222467,1.5788174278354135
2024-07-31 08:00:00+00:00,2024,summer,3.087,100.0,22.33,3.015794943310136,14.0,148.0,202.09667011030672,20.105718788248662,2.1164,220.08598889855537,1.4767229742319339
2024-07-31 09:00:00+00:00,2024,summer,2.058,110.0,22.33,2.0562985386021895,15.7,134.0,157.55560118376968,19.69192137289192,1.9162000000000001,175.3313225566616,1.3180521327485315
2024-07-31 10:00:00+00:00,2024,summer,1.029,100.0,22.33,1.0052649811033785,17.3,74.0,109.82963779575093,19.29573320601393,1.0582,128.06717100176485,1.1264754773308776
2024-07-31 11:00:00+00:00,2024,summer,1.543,340.0,22.33,1.0390557234794826,17.5,305.0,111.14822810694176,19.245746986454392,4.3615,126.03247509339613,1.1174910831359686
2024-07-31 12:00:00+00:00,2024,summer,2.572,330.0,22.33,2.0358501888476668,18.0,222.0,150.74100495004598,19.120329210576973,3.1746,166.68673416062296,1.2851486153420164
2024-07-31 13:00:00+00:00,2024,summer,3.087,330.0,22.33,2.443495152788782,19.2,243.0,162.32458445634433,18.81667921227517,3.4749,177.6663636686195,1.3267999321076476
2024-07-31 14:00:00+00:00,2024,summer,3.601,320.0,22.33,3.1891784592602876,19.1,308.0,191.70980479459877,18.842126650267822,4.4044,206.1475314448666,1.4291963655233826
2024-07-31 15:00:00+00:00,2024,summer,3.087,330.0,22.33,2.443495152788782,19.2,447.0,162.32458445634433,18.81667921227517,6.3921,174.7491636686195,1.3158621254271687
2024-07-31 16:00:00+00:00,2024,summer,2.572,320.0,22.33,2.2778580942009055,18.5,540.0,157.38340309587133,18.994263617205515,7.722,168.65566671307684,1.2927165314998152
2024-07-31 17:00:00+00:00,2024,summer,2.058,320.0,22.33,1.8226407301187646,18.0,196.0,143.16687811397878,19.120329210576973,2.8028,159.48440732455578,1.2570771961760638
2024-07-31 18:00:00+00:00,2024,summer,2.058,290.0,22.33,2.0562985386021895,17.4,155.0,153.03883015489265,19.270752999232265,2.2165,170.0930831541249,1.2982136179990456
2024-07-31 19:00:00+00:00,2024,summer,1.543,300.0,22.33,1.52919511672016,16.9,11.0,134.46734964505953,19.395396328296854,0.1573,153.70544597335638,1.234091785379936
2024-07-31 20:00:00+00:00,2024,summer,1.029,280.0,22.33,1.0052649811033785,16.5,1.0,111.35240573745978,19.494647974379557,0.0143,130.83275371183933,1.1385735090838143
2024-07-31 21:00:00+00:00,2024,summer,0.514,280.0,22.33,0.5021440236026595,16.1,0.0,81.13015053459705,19.59348927839023,0.0,100.72363981298727,0.9990070187300144
2024-07-31 22:00:00+00:00,2024,summer,2.572,200.0,22.33,0.1045645673291465,16.2,0.0,38.984460098297106,19.568817359993037,0.0,58.55327745829014,0.7616903236316107
2024-07-31 23:00:00+00:00,2024,summer,3.087,250.0,22.33,2.282153053880866,15.8,0.0,165.09646635949053,19.667351650779768,0.0,184.7638180102703,1.3530420623446215
2024-08-01 00:00:00+00:00,2024,summer,3.087,230.0,22.33,1.433536093041367,15.5,0.0,133.62397543340077,19.740984320074872,0.0,153.36495975347566,1.2327241558762754
2024-08-01 01:00:00+00:00,2024,summer,2.572,250.0,22.33,1.9014245722648486,15.3,0.0,152.93475536771564,19.78994538888251,0.0,172.72470075659814,1.308217812947902
2024-08-01 02:00:00+00:00,2024,summer,3.087,230.0,22.33,1.433536093041367,15.2,0.0,134.29770976331707,19.814387763002607,0.0,154.11209752631967,1.2357231974903546
2024-08-01 03:00:00+00:00,2024,summer,3.087,230.0,22.33,1.433536093041367,14.0,0.0,136.9926470829823,20.105718788248662,0.0,157.09836587123095,1.247638211854327
2024-08-01 04:00:00+00:00,2024,summer,2.058,220.0,22.33,0.6246733977733322,13.6,0.0,93.63186513889595,20.20202105188573,0.0,113.83388619078167,1.0620344758375015
2024-08-01 05:00:00+00:00,2024,summer,1.543,210.0,22.33,0.20594002767605807,13.1,3.0,56.2826900346173,20.32183346628884,0.0429,76.56162350090614,0.8709804378020398
2024-08-01 06:00:00+00:00,2024,summer,2.572,200.0,22.33,0.1045645673291465,13.7,97.0,40.64196265349681,20.17798323291303,1.3871,59.432845886409844,0.7673899320490766
2024-08-01 07:00:00+00:00,2024,summer,2.572,200.0,22.33,0.1045645673291465,15.3,234.0,39.581161018169006,19.78994538888251,3.3462,56.02490640705151,0.7450636980285736
2024-08-01 08:00:00+00:00,2024,summer,2.058,190.0,22.33,0.43946930617381635,16.4,420.0,75.85484398883482,19.519396725683997,6.006,89.3682407145188,0.9410104321503121
2024-08-01 09:00:00+00:00,2024,summer,2.572,160.0,22.33,1.7319840056961955,17.7,402.0,140.53906787910637,19.195657471837542,5.7486,153.9861253509439,1.2352180503747343
2024-08-01 10:00:00+00:00,2024,summer,2.572,160.0,22.33,1.7319840056961955,18.0,428.0,139.80326124099588,19.120329210576973,6.1204,152.80319045157287,1.2304643766241343
2024-08-01 11:00:00+00:00,2024,summer,2.058,210.0,22.33,0.2746756817610677,19.4,319.0,57.8157295300611,18.76570593822168,4.5617,72.01973546828278,0.8447507669206877
2024-08-01 12:00:00+00:00,2024,summer,3.601,200.0,22.33,0.14639852525359895,19.8,477.0,42.81147399983747,18.663445297081747,6.8211,54.65381929691921,0.7358903231807478
2024-08-01 13:00:00+00:00,2024,summer,4.63,200.0,22.33,0.1882324831780514,19.1,378.0,48.74167822156436,18.842126650267822,5.4054,62.17840487183217,0.7849149879574825
2024-08-01 14:00:00+00:00,2024,summer,5.144,200.0,22.33,0.209129134658293,19.7,583.0,50.642986310338834,18.689049763729518,8.3369,60.995136074068355,0.7774105608201115
2024-08-01 15:00:00+00:00,2024,summer,4.63,200.0,22.33,0.1882324831780514,19.3,334.0,48.567289390717974,18.791205647551994,4.7762,62.58229503826996,0.7874601344429843
2024-08-01 16:00:00+00:00,2024,summer,4.116,200.0,22.33,0.16733583169780986,18.6,203.0,46.5535230832131,18.96897256452851,2.9029000000000003,62.619595647741605,0.7876947724305595
2024-08-01 17:00:00+00:00,2024,summer,1.543,260.0,22.33,1.3038071197368286,19.4,86.0,119.46624459863483,18.76570593822168,1.2298,137.0021505368565,1.1651089167435802
2024-08-01 18:00:00+00:00,2024,summer,4.63,190.0,22.33,0.9886991679226287,19.5,34.0,104.82717588641643,18.74018006640142,0.4862,123.08115595281785,1.1043293559555836
2024-08-01 19:00:00+00:00,2024,summer,4.63,200.0,22.33,0.1882324831780514,19.1,45.0,48.74167822156436,18.842126650267822,0.6435,66.94030487183217,0.8144167117914548
2024-08-01 20:00:00+00:00,2024,summer,3.087,180.0,22.33,1.1728764660192548,18.1,1.0,116.37637500676934,19.09516798850924,0.0143,135.4572429952786,1.1585211049734725
2024-08-01 21:00:00+00:00,2024,summer,3.601,190.0,22.33,0.7689645148357205,17.5,0.0,96.60090166069836,19.245746986454392,0.0,115.84664864715275,1.0713825561029697
2024-08-01 22:00:00+00:00,2024,summer,4.116,190.0,22.33,0.8789386123476327,17.7,0.0,102.45196758028558,19.195657471837542,0.0,121.64762505212312,1.0978794373507001
2024-08-01 23:00:00+00:00,2024,summer,1.543,150.0,22.33,1.2213518045847398,17.4,0.0,120.05252153210714,19.270752999232265,0.0,139.3232745313394,1.1749372434423853
2024-08-02 00:00:00+00:00,2024,summer,4.63,180.0,22.33,1.7591247287557983,18.2,0.0,140.32581300695296,19.069980835950695,0.0,159.39579384290366,1.256727916059777
2024-08-02 01:00:00+00:00,2024,summer,7.202,180.0,22.33,2.73633181349876,17.9,0.0,178.14162385055886,19.14546451995717,0.0,197.28708837051602,1.3981448440985234
2024-08-02 02:00:00+00:00,2024,summer,5.659,170.0,22.33,3.0264040798197565,17.5,0.0,190.91483762241054,19.245746986454392,0.0,210.16058460886495,1.4430403261345577
2024-08-02 03:00:00+00:00,2024,summer,4.63,170.0,22.33,2.4761001748657843,17.2,0.0,169.5257200790422,19.320687624559913,0.0,188.84640770360213,1.3679089711075623
2024-08-02 04:00:00+00:00,2024,summer,4.116,160.0,22.33,2.7717131288668506,16.9,0.0,182.70632148986635,19.395396328296854,0.0,202.1017178181632,1.415102298151646
2024-08-02 05:00:00+00:00,2024,summer,4.63,170.0,22.33,2.4761001748657843,17.6,9.84,168.35253170479277,19.220715149913715,0.140712,187.4325348547065,1.3627786564837423
2024-08-02 06:00:00+00:00,2024,summer,4.116,210.0,22.33,0.5493513635221354,17.3,48.0,82.87566182137837,19.29573320601393,0.6864,101.4849950273923,1.0027755843646533
2024-08-02 07:00:00+00:00,2024,summer,5.659,200.0,22.33,0.23006644110250388,17.0,128.0,55.53063241621714,19.370519167956157,1.8304,73.0707515841733,0.8508923536721517
2024-08-02 08:00:00+00:00,2024,summer,6.688,190.0,22.33,1.428168474096445,16.4,155.0,131.3729148823432,19.519396725683997,2.2165,148.6758116080272,1.2137325324710535
2024-08-02 09:00:00+00:00,2024,summer,9.26,200.0,22.33,0.3764649663561028,15.5,440.0,71.66145373671301,19.740984320074872,6.292,85.11043805678788,0.9183204309902127
2024-08-02 10:00:00+00:00,2024,summer,7.717,200.0,22.33,0.31373435695140883,15.7,558.0,65.60449896601817,19.69192137289192,7.9794,77.31702033891008,0.8752666644472658
2024-08-02 11:00:00+00:00,2024,summer,9.26,190.0,22.33,1.9773983358452574,15.2,295.0,156.01345858513034,19.814387763002607,4.2185,171.60934634813293,1.3039871219128691
2024-08-02 12:00:00+00:00,2024,summer,8.231,190.0,22.33,1.7576636827583492,15.2,303.0,147.68019502636741,19.814387763002607,4.3329,163.16168278937002,1.2714869927159411
2024-08-02 13:00:00+00:00,2024,summer,7.717,190.0,22.33,1.6479031271833533,15.7,329.0,142.11039785769066,19.69192137289192,4.7047,157.09761923058258,1.247635247028738
2024-08-02 14:00:00+00:00,2024,summer,6.688,260.0,22.33,5.651239155411478,14.0,302.0,297.9295896288403,20.105718788248662,4.3186,313.71670841708897,1.7630785373424567
2024-08-02 15:00:00+00:00,2024,summer,6.688,270.0,22.33,6.186472957978104,15.7,250.0,306.28487143702404,19.69192137289192,3.575,322.40179280991595,1.7873168836202533
2024-08-02 16:00:00+00:00,2024,summer,7.717,280.0,22.33,7.538998891326309,16.3,273.0,342.5917971329531,19.544119848322026,3.9039,358.23201698127514,1.8840179358341107
2024-08-02 17:00:00+00:00,2024,summer,7.202,280.0,22.33,7.03587793382559,16.2,198.0,328.83575879835865,19.568817359993037,2.8314,345.5731761583517,1.8504307895614565
2024-08-02 18:00:00+00:00,2024,summer,6.688,270.0,22.33,6.186472957978104,15.8,178.0,305.76837081065474,19.667351650779768,2.5454,322.89032246143455,1.788670515631995
2024-08-02 19:00:00+00:00,2024,summer,5.659,270.0,22.33,5.234636732834643,15.3,71.0,278.1027113986894,19.78994538888251,1.0153,296.8773567875719,1.7151075990020304
2024-08-02 20:00:00+00:00,2024,summer,6.173,260.0,22.33,5.216073460878447,13.8,1.0,284.46499606385953,20.15392026101056,0.0143,304.6046163248701,1.7372850172881653
2024-08-02 21:00:00+00:00,2024,summer,4.63,230.0,22.33,2.1500719503665464,12.9,0.0,168.45957286363503,20.369582974770935,0.0,188.82915583840597,1.3678464877369576
2024-08-02 22:00:00+00:00,2024,summer,4.116,230.0,22.33,1.911381457388489,12.4,0.0,160.75452518233163,20.488519327396272,0.0,181.2430445097279,1.3400885861266139
2024-08-02 23:00:00+00:00,2024,summer,3.601,220.0,22.33,1.093026678999888,12.2,0.0,124.29182907127453,20.535919267950497,0.0,144.82774833922502,1.1979225027834246
2024-08-03 00:00:00+00:00,2024,summer,3.601,210.0,22.33,0.48061570943712584,11.3,0.0,85.9682889053973,20.747988931156307,0.0,106.71627783655362,1.0282960518419224
2024-08-03 01:00:00+00:00,2024,summer,2.572,180.0,22.33,0.9772070847429618,10.2,0.0,121.72779768088984,21.004465738399713,0.0,142.73226341928955,1.1892246708379028
2024-08-03 02:00:00+00:00,2024,summer,3.087,210.0,22.33,0.4120135226416017,11.3,0.0,80.01458876044698,20.747988931156307,0.0,100.7625776916033,0.9992000988023941
2024-08-03 03:00:00+00:00,2024,summer,2.572,180.0,22.33,0.9772070847429618,10.5,0.0,121.16424306199684,20.93481300375153,0.0,142.09905606574836,1.1865838424299688
2024-08-03 04:00:00+00:00,2024,summer,3.087,190.0,22.33,0.6592039592607246,10.7,0.0,100.54377869297942,20.888254901881265,0.0,121.43203359486068,1.0969061409488317
2024-08-03 05:00:00+00:00,2024,summer,4.63,220.0,22.33,1.405363377886554,12.2,1.0,139.73659174968398,20.535919267950497,0.0143,160.2582110176345,1.2601231175503949
2024-08-03 06:00:00+00:00,2024,summer,3.601,220.0,22.33,1.093026678999888,11.7,68.0,125.28141369763817,20.653983839718578,0.9724,144.96299753735676,1.1984817196869144
2024-08-03 07:00:00+00:00,2024,summer,3.087,190.0,22.33,0.6592039592607246,13.1,175.0,96.79097824409682,20.32183346628884,2.5025,114.61031171038566,1.0656502242012893
2024-08-03 08:00:00+00:00,2024,summer,4.63,220.0,22.33,1.405363377886554,14.3,244.0,135.06387132493342,20.033227493424036,3.4892,151.60789881835743,1.2256423198659576
2024-08-03 09:00:00+00:00,2024,summer,5.659,240.0,22.33,3.458286614836869,14.2,333.0,219.21924227392432,20.057416493203508,4.7619,234.51475876712783,1.524361331659994
2024-08-03 10:00:00+00:00,2024,summer,4.116,200.0,22.33,0.16733583169780986,15.1,405.0,49.44248284901533,19.838804720445037,5.7915,63.48978756946036,0.7931489813253988
2024-08-03 11:00:00+00:00,2024,summer,5.144,270.0,22.33,4.7582561148085185,15.0,412.0,263.49537989027147,19.863196278835822,5.8916,277.4669761691073,1.658091467467226
2024-08-03 12:00:00+00:00,2024,summer,6.173,260.0,22.33,5.216073460878447,13.4,414.0,286.32424440414616,20.250021301172904,5.9202,300.65406570531906,1.7259824457181916
2024-08-03 13:00:00+00:00,2024,summer,6.173,250.0,22.33,4.5635668291566525,16.7,393.0,249.5041008749545,19.445073514943537,5.6199,263.32927438989805,1.6152970689317105
2024-08-03 14:00:00+00:00,2024,summer,6.688,240.0,22.33,4.0871215550501825,13.9,371.0,244.26219970562664,20.12983211863795,5.3053,259.0867318242646,1.6022320697384158
2024-08-03 15:00:00+00:00,2024,summer,6.688,270.0,22.33,6.186472957978104,13.9,248.0,315.58188271167234,20.12983211863795,3.5464,332.16531483031025,1.8141783264272233
2024-08-03 16:00:00+00:00,2024,summer,6.173,260.0,22.33,5.216073460878447,14.2,260.0,282.60574772357285,20.057416493203508,3.718,298.94516421677633,1.721070260071136
2024-08-03 17:00:00+00:00,2024,summer,5.144,230.0,22.33,2.388762443344604,15.3,194.0,171.25538124221265,19.78994538888251,2.7742,188.27112663109514,1.3658238576808053
2024-08-03 18:00:00+00:00,2024,summer,5.144,240.0,22.33,3.1435635883938606,14.2,107.0,206.66623833170178,20.057416493203508,1.5301,225.19355482490528,1.4937599532276922
2024-08-03 19:00:00+00:00,2024,summer,4.63,230.0,22.33,2.1500719503665464,14.2,85.0,164.93304396310802,20.057416493203508,1.2155,183.77496045631153,1.3494164583532793
2024-08-03 20:00:00+00:00,2024,summer,3.087,210.0,22.33,0.4120135226416017,13.7,1.0,76.99991037700785,20.17798323291303,0.0143,97.16359360992088,0.9811933999494977
2024-08-03 21:00:00+00:00,2024,summer,4.116,220.0,22.33,1.2493467955466644,13.9,0.0,128.6993909452404,20.12983211863795,0.0,148.82922306387835,1.214358567280389
2024-08-03 22:00:00+00:00,2024,summer,3.601,190.0,22.33,0.7689645148357205,12.8,0.0,104.49697536165979,20.393420201026206,0.0,124.890395562686,1.1124163269138896
2024-08-03 23:00:00+00:00,2024,summer,3.087,180.0,22.33,1.1728764660192548,13.5,0.0,125.78465839923224,20.22603373546297,0.0,146.0106921346952,1.2028048306570716
2024-08-04 00:00:00+00:00,2024,summer,4.116,200.0,22.33,0.16733583169780986,13.0,0.0,51.17585870849667,20.34572073568897,0.0,71.52157944418565,0.8418241531201683
2024-08-04 01:00:00+00:00,2024,summer,4.63,190.0,22.33,0.9886991679226287,12.7,0.0,117.6708659049323,20.41723243194018,0.0,138.0880983368725,1.1697174214322512
2024-08-04 02:00:00+00:00,2024,summer,3.087,190.0,22.33,0.6592039592607246,12.8,0.0,97.26007830020716,20.393420201026206,0.0,117.65349850123336,1.0797053582845146
2024-08-04 03:00:00+00:00,2024,summer,4.63,190.0,22.33,0.9886991679226287,13.0,0.0,117.1042325217625,20.34572073568897,0.0,137.44995325745145,1.1670114901682076
2024-08-04 04:00:00+00:00,2024,summer,4.116,190.0,22.33,0.8789386123476327,13.2,0.0,110.49793362062215,20.297921149072955,0.0,130.7958547696951,1.1384129410324237
2024-08-04 05:00:00+00:00,2024,summer,3.601,190.0,22.33,0.7689645148357205,13.4,1.0,103.48896595302641,20.250021301172904,0.0143,123.72468725419931,1.107212591757809
2024-08-04 06:00:00+00:00,2024,summer,4.63,180.0,22.33,1.7591247287557983,13.8,39.0,151.19612246523806,20.15392026101056,0.5577,170.79234272624862,1.3008793854907454
2024-08-04 07:00:00+00:00,2024,summer,5.659,180.0,22.33,2.1500835507622162,13.9,136.0,165.74727505058382,20.12983211863795,1.9448,183.9323071692218,1.3499940147705456
2024-08-04 08:00:00+00:00,2024,summer,6.688,180.0,22.33,2.5410423727686346,14.2,345.0,181.20072997894758,20.057416493203508,4.9335,196.32464647215107,1.3947303319459208
2024-08-04 09:00:00+00:00,2024,summer,5.144,190.0,22.33,1.0984597234976248,14.9,428.0,119.22322906256679,19.88756245579483,6.1204,132.99039151836163,1.147923551123731
2024-08-04 10:00:00+00:00,2024,summer,5.144,170.0,22.33,2.7509847299156793,14.9,544.0,188.12095384901676,19.88756245579483,7.7792,200.2293163048116,1.4085318313019553
2024-08-04 11:00:00+00:00,2024,summer,7.202,170.0,22.33,3.851592539823624,15.2,603.0,230.45488437625337,19.814387763002607,8.6229,241.646372139256,1.5473657276468782
2024-08-04 12:00:00+00:00,2024,summer,5.659,160.0,22.33,3.8107688523463334,14.7,492.0,230.8565006074356,19.9362187358664,7.0356000000000005,243.757119343302,1.5541090455954263
2024-08-04 13:00:00+00:00,2024,summer,5.659,160.0,22.33,3.8107688523463334,15.8,421.0,226.64518799270627,19.667351650779768,6.0203,240.29223964348606,1.543024090108372
2024-08-04 14:00:00+00:00,2024,summer,7.202,170.0,22.33,3.851592539823624,16.8,258.0,224.28886740297574,19.420247771382662,3.6894,240.0197151743584,1.5421488410390294
2024-08-04 15:00:00+00:00,2024,summer,7.717,190.0,22.33,1.6479031271833533,17.8,145.0,137.07782053052117,19.170573934447,2.0735,154.17489446496816,1.2359749354514984
2024-08-04 16:00:00+00:00,2024,summer,8.746,190.0,22.33,1.8676377802702615,18.3,104.0,144.04110161137254,19.044767735091913,1.4872,161.59866934646445,1.2653822086800186
2024-08-04 17:00:00+00:00,2024,summer,8.231,200.0,22.33,0.3346310084316504,18.8,49.0,64.0715390951171,18.91831238253763,0.7007,82.28915147765473,0.9029716720265606
2024-08-04 18:00:00+00:00,2024,summer,7.717,200.0,22.33,0.31373435695140883,18.4,50.0,62.617447579707054,19.019528668117406,0.715,80.92197624782446,0.8954391407454788
2024-08-04 19:00:00+00:00,2024,summer,7.717,200.0,22.33,0.31373435695140883,18.5,20.0,62.506816046880715,18.994263617205515,0.28600000000000003,81.21507966408623,0.8970593374793291
2024-08-04 20:00:00+00:00,2024,summer,7.717,200.0,22.33,0.31373435695140883,18.3,1.0,62.72807911253339,19.044767735091913,0.0143,81.7585468476253,0.9000557603264366
2024-08-04 21:00:00+00:00,2024,summer,7.717,200.0,22.33,0.31373435695140883,18.1,0.0,62.949342178186065,19.09516798850924,0.0,82.0445101666953,0.9016284293374535
2024-08-04 22:00:00+00:00,2024,summer,7.717,200.0,22.33,0.31373435695140883,18.2,0.0,62.838710645359726,19.069980835950695,0.0,81.90869148131043,0.900881830267133
2024-08-04 23:00:00+00:00,2024,summer,7.717,190.0,22.33,1.6479031271833533,18.3,0.0,135.87958783357607,19.044767735091913,0.0,154.92435556866798,1.238975398465995
2024-08-05 00:00:00+00:00,2024,summer,7.202,190.0,22.33,1.537929029671441,18.6,0.0,130.87973812558465,18.96897256452851,0.0,149.84871069011317,1.2185106773548833
2024-08-05 01:00:00+00:00,2024,summer,6.173,190.0,22.33,1.3181943765845328,19.0,0.0,120.94264237418625,18.86754797940053,0.0,139.8101903535868,1.1769885753483642
2024-08-05 02:00:00+00:00,2024,summer,7.202,180.0,22.33,2.73633181349876,19.1,0.0,174.39784191324412,18.842126650267822,0.0,193.23996856351195,1.3837298601488421
2024-08-05 03:00:00+00:00,2024,summer,7.202,180.0,22.33,2.73633181349876,19.3,0.0,173.77387825702502,18.791205647551994,0.0,192.56508390457702,1.3813114296961266
2024-08-05 04:00:00+00:00,2024,summer,6.688,180.0,22.33,2.5410423727686346,19.2,0.0,166.29935415831045,18.81667921227517,0.0,185.11603337058563,1.3543311006995602
2024-08-05 05:00:00+00:00,2024,summer,5.144,170.0,22.33,2.7509847299156793,18.9,8.0,175.60042447470616,18.892943217537702,0.1144,194.37896769224386,1.38780187359947
2024-08-05 06:00:00+00:00,2024,summer,6.173,190.0,22.33,1.3181943765845328,18.9,122.0,121.15861137842586,18.892943217537702,1.7446,138.30695459596356,1.1706439988442088
2024-08-05 07:00:00+00:00,2024,summer,6.173,270.0,22.33,5.71009233995198,15.0,168.0,294.92779961214256,19.863196278835822,2.4024,312.38859589097837,1.7593426027730361
2024-08-05 08:00:00+00:00,2024,summer,5.144,270.0,22.33,4.7582561148085185,14.7,225.0,264.8128567897228,19.9362187358664,3.2175000000000002,281.53157552558923,1.6701919616977043
2024-08-05 09:00:00+00:00,2024,summer,5.144,250.0,22.33,3.8028491445296972,15.3,484.0,228.2657529648066,19.78994538888251,6.9212,241.1344983536891,1.5457259847472964
2024-08-05 10:00:00+00:00,2024,summer,5.659,250.0,22.33,4.1835776261457145,16.4,555.0,237.66935144626584,19.519396725683997,7.9365000000000006,249.25224817194984,1.5715289141471591
2024-08-05 11:00:00+00:00,2024,summer,6.173,260.0,22.33,5.216073460878447,15.2,588.0,277.95762687285617,19.814387763002607,8.4084,289.36361463585877,1.6932644646033237
2024-08-05 12:00:00+00:00,2024,summer,4.116,260.0,22.33,3.477945628539719,16.2,671.0,212.75207979572008,19.568817359993037,9.5953,222.7255971557131,1.4855521417213489
2024-08-05 13:00:00+00:00,2024,summer,5.659,270.0,22.33,5.234636732834643,16.1,771.01,274.37604189920944,19.59348927839023,11.025443,282.94408817759967,1.6743765998566178
2024-08-05 14:00:00+00:00,2024,summer,4.63,280.0,22.33,4.523203948016174,16.5,723.01,248.9892541839786,19.494647974379557,10.339043,258.14485915835814,1.5993170755840382
2024-08-05 15:00:00+00:00,2024,summer,4.63,280.0,22.33,4.523203948016174,16.2,497.0,250.26612215415284,19.568817359993037,7.1071,262.7278395141459,1.6134513733774898
2024-08-05 16:00:00+00:00,2024,summer,4.63,280.0,22.33,4.523203948016174,15.8,355.0,251.9686127810519,19.667351650779768,5.0765,266.55946443183166,1.625174080951869
2024-08-05 17:00:00+00:00,2024,summer,4.116,280.0,22.33,4.021059924413514,15.9,400.0,233.8993112244242,19.642756406105658,5.72,247.82206763052986,1.5670138025543836
2024-08-05 18:00:00+00:00,2024,summer,3.601,280.0,22.33,3.517938966912795,15.4,257.0,217.17580228344468,19.765477580452682,3.6751,233.26617986389738,1.520297993612238
2024-08-05 19:00:00+00:00,2024,summer,2.572,270.0,22.33,2.3791280574042593,15.3,115.0,170.82819345426674,19.78994538888251,1.6445,188.97363884314925,1.368369692905668
2024-08-05 20:00:00+00:00,2024,summer,2.058,260.0,22.33,1.7389728142698595,13.2,0.0,151.86088151208784,20.297921149072955,0.0,172.1588026611608,1.3060729971311633
2024-08-05 21:00:00+00:00,2024,summer,2.058,210.0,22.33,0.2746756817610677,12.3,0.0,65.19867340889984,20.512231751676453,0.0,85.71090516057629,0.9215541826180426
2024-08-05 22:00:00+00:00,2024,summer,3.087,190.0,22.33,0.6592039592607246,12.6,0.0,97.57281167094736,20.441019684992096,0.0,118.01383135593946,1.0813574803615014
2024-08-05 23:00:00+00:00,2024,summer,2.572,140.0,22.33,2.2778580942009055,11.9,0.0,175.76801301503505,20.606832543192034,0.0,196.3748455582271,1.3949086328221982
2024-08-06 00:00:00+00:00,2024,summer,2.572,140.0,22.33,2.2778580942009055,11.6,0.0,176.60367710226976,20.677522274164204,0.0,197.28119937643396,1.3981239767213798
2024-08-06 01:00:00+00:00,2024,summer,3.087,150.0,22.33,2.443495152788783,11.9,0.0,183.56059640135,20.606832543192034,0.0,204.16742894454205,1.4223158956686686
2024-08-06 02:00:00+00:00,2024,summer,4.116,190.0,22.33,0.8789386123476327,12.2,0.0,112.28592607403027,20.535919267950497,0.0,132.82184534198078,1.147195906579626
2024-08-06 03:00:00+00:00,2024,summer,3.087,170.0,22.33,1.6509117148619172,12.5,0.0,149.90645400499062,20.464781977655118,0.0,170.37123598264574,1.2992746672684494
2024-08-06 04:00:00+00:00,2024,summer,3.601,170.0,22.33,1.925796269911812,12.3,0.0,161.57603996066396,20.512231751676453,0.0,182.08827171234043,1.3432097040633582
2024-08-06 05:00:00+00:00,2024,summer,4.116,180.0,22.33,1.5638352880256727,12.3,1.0,146.63631931997216,20.512231751676453,0.0143,167.13425107164863,1.2868726284661014
2024-08-06 06:00:00+00:00,2024,summer,4.116,190.0,22.33,0.8789386123476327,12.8,57.0,111.21313060198541,20.393420201026206,0.8151,130.79145080301163,1.1383937753834972
2024-08-06 07:00:00+00:00,2024,summer,5.144,170.0,22.33,2.7509847299156793,13.7,222.0,191.87711266130995,20.17798323291303,3.1746,208.88049589422297,1.4386388321674264
2024-08-06 08:00:00+00:00,2024,summer,6.173,190.0,22.33,1.3181943765845328,13.7,359.0,132.38899959888602,20.17798323291303,5.1337,147.43328283179903,1.2086501262454428
2024-08-06 09:00:00+00:00,2024,summer,5.659,190.0,22.33,1.208433821009537,14.9,488.0,124.6439863800031,19.88756245579483,6.9784,137.55314883579794,1.167449496245716
2024-08-06 10:00:00+00:00,2024,summer,6.173,190.0,22.33,1.3181943765845328,13.6,615.0,132.60496860312563,20.20202105188573,8.7945,144.01248965501136,1.1945460952933398
2024-08-06 11:00:00+00:00,2024,summer,5.144,210.0,22.33,0.686555737113184,14.9,746.01,95.77372854070907,19.88756245579483,10.667943,104.99334799650391,1.019961375840107
2024-08-06 12:00:00+00:00,2024,summer,6.688,200.0,22.33,0.27190039902695634,16.4,751.01,60.64759784285594,19.519396725683997,10.739443,69.42755156853994,0.8294090286943961
2024-08-06 13:00:00+00:00,2024,summer,6.688,210.0,22.33,0.8926292320787275,16.9,786.01,104.63328670414884,19.395396328296854,11.239943,112.7887400324457,1.0571477903852486
2024-08-06 14:00:00+00:00,2024,summer,5.659,210.0,22.33,0.7552913911981936,15.6,722.01,98.96208077370247,19.71646559010476,10.324743,108.35380336380723,1.036155445869469
2024-08-06 15:00:00+00:00,2024,summer,6.688,230.0,22.33,3.105762679060791,16.0,653.01,199.05404420545227,19.61813562120077,9.338043,209.33413682665304,1.440200183082916
2024-08-06 16:00:00+00:00,2024,summer,7.717,230.0,22.33,3.583608043407913,14.8,560.0,221.88378566538785,19.911903268935795,8.008000000000001,233.78768893432363,1.5219964964745538
2024-08-06 17:00:00+00:00,2024,summer,7.717,240.0,22.33,4.715956495263495,15.9,413.0,258.1146270523144,19.642756406105658,5.9059,271.8514834584201,1.6412271301472856
2024-08-06 18:00:00+00:00,2024,summer,7.717,230.0,22.33,3.583608043407913,15.0,256.0,221.14663023128355,19.863196278835822,3.6608,237.3490265101194,1.533545130131065
2024-08-06 19:00:00+00:00,2024,summer,6.688,230.0,22.33,3.105762679060791,14.7,115.0,203.43998077269106,19.9362187358664,1.6445,221.73169950855745,1.482233848577426
2024-08-06 20:00:00+00:00,2024,summer,5.144,230.0,22.33,2.388762443344604,13.9,0.0,175.2714203333198,20.12983211863795,0.0,195.40125245195776,1.3914464763405436
2024-08-06 21:00:00+00:00,2024,summer,4.63,220.0,22.33,1.405363377886554,13.4,0.0,137.0664657926837,20.250021301172904,0.0,157.31648709385658,1.2485040451018798
2024-08-06 22:00:00+00:00,2024,summer,3.601,210.0,22.33,0.48061570943712584,12.6,0.0,84.21383402977693,20.441019684992096,0.0,104.65485371476903,1.0183158915392225
2024-08-06 23:00:00+00:00,2024,summer,4.63,200.0,22.33,0.1882324831780514,12.9,0.0,54.147731977802266,20.369582974770935,0.0,74.5173149525732,0.8592735283621403
2024-08-07 00:00:00+00:00,2024,summer,5.144,200.0,22.33,0.209129134658293,13.4,0.0,56.412440446959714,20.250021301172904,0.0,76.66246174813261,0.8715538271610012
2024-08-07 01:00:00+00:00,2024,summer,6.173,200.0,22.33,0.25096309258274546,13.4,0.0,61.41577065306176,20.250021301172904,0.0,81.66579195423466,0.8995450597879425
2024-08-07 02:00:00+00:00,2024,summer,6.173,210.0,22.33,0.8238935779937179,13.3,0.0,107.04394468131177,20.273983766537576,0.0,127.31792844784934,1.1231754847651951
2024-08-07 03:00:00+00:00,2024,summer,5.659,200.0,22.33,0.23006644110250388,13.0,0.0,59.36033120354246,20.34572073568897,0.0,79.70605193923143,0.8886862950882825
2024-08-07 04:00:00+00:00,2024,summer,6.173,220.0,22.33,1.8737166591131098,13.5,0.0,156.47182273068623,20.22603373546297,0.0,176.6978564661492,1.3231786182736793
2024-08-07 05:00:00+00:00,2024,summer,6.688,230.0,22.33,3.105762679060791,13.0,1.0,209.17543628369563,20.34572073568897,0.0143,229.5068570193846,1.5079976563722652
2024-08-07 06:00:00+00:00,2024,summer,7.202,230.0,22.33,3.344453172038848,12.6,39.0,220.3822022379489,20.441019684992096,0.5577,240.26552192294096,1.5429383044988891
2024-08-07 07:00:00+00:00,2024,summer,6.173,220.0,22.33,1.8737166591131098,13.1,215.0,157.48952564275572,20.32183346628884,3.0745,174.73685910904456,1.315815797912348
2024-08-07 08:00:00+00:00,2024,summer,7.202,230.0,22.33,3.344453172038848,13.3,248.0,217.909965994895,20.273983766537576,3.5464,234.63754976143258,1.5247603541982704
2024-08-07 09:00:00+00:00,2024,summer,7.717,240.0,22.33,4.715956495263495,14.3,301.0,265.1025018963703,20.033227493424036,4.3043000000000005,280.8314293897943,1.6681138530724797
2024-08-07 10:00:00+00:00,2024,summer,7.717,240.0,22.33,4.715956495263495,14.6,457.0,263.7922753631098,19.960508874188154,6.5351,277.217684237298,1.6573464387859078
2024-08-07 11:00:00+00:00,2024,summer,8.746,240.0,22.33,5.344791435476809,15.3,387.0,281.7049949646467,19.78994538888251,5.5341000000000005,295.9608403535292,1.7124581221259032
2024-08-07 12:00:00+00:00,2024,summer,9.774,260.0,22.33,8.258853394885135,15.6,519.0,366.7768022628895,19.71646559010476,7.4217,379.07156785299424,1.9380431379171101
2024-08-07 13:00:00+00:00,2024,summer,10.289,260.0,22.33,8.694019089418166,15.9,766.01,376.69062369920306,19.642756406105658,10.953943,385.37943710530874,1.954101431263326
2024-08-07 14:00:00+00:00,2024,summer,10.289,260.0,22.33,8.694019089418166,14.9,642.0,383.06440751814046,19.88756245579483,9.1806,393.77136997393524,1.9752628788206594
2024-08-07 15:00:00+00:00,2024,summer,8.231,250.0,22.33,6.085002198410563,15.5,592.0,304.19292421284536,19.740984320074872,8.4656,315.4683085329202,1.7679936563302545
2024-08-07 16:00:00+00:00,2024,summer,7.717,260.0,22.33,6.520725562546407,16.0,519.0,314.80809896060794,19.61813562120077,7.4217,327.00453458180874,1.8000299090436909
2024-08-07 17:00:00+00:00,2024,summer,7.202,260.0,22.33,6.085559868013377,15.6,278.0,303.69887509564313,19.71646559010476,3.9754,319.4399406857479,1.7790880479849092
2024-08-07 18:00:00+00:00,2024,summer,7.717,260.0,22.33,6.520725562546407,14.9,179.0,320.67740250055147,19.88756245579483,2.5597,338.00526495634625,1.8300567878161582
2024-08-07 19:00:00+00:00,2024,summer,6.688,260.0,22.33,5.651239155411478,14.4,44.0,295.9759529755364,20.009013235380735,0.6292,315.3557662109171,1.767678265124545
2024-08-07 20:00:00+00:00,2024,summer,4.116,240.0,22.33,2.515339760853252,14.2,0.0,180.0658343411218,20.057416493203508,0.0,200.12325083432532,1.408158718153563
2024-08-07 21:00:00+00:00,2024,summer,3.601,230.0,22.33,1.672226586019424,13.9,0.0,147.42724096853766,20.12983211863795,0.0,167.5570730871756,1.288499387725292
2024-08-07 22:00:00+00:00,2024,summer,4.116,230.0,22.33,1.911381457388489,13.0,0.0,159.21374698569588,20.34572073568897,0.0,179.55946772138486,1.333849985693654
2024-08-07 23:00:00+00:00,2024,summer,4.116,230.0,22.33,1.911381457388489,13.1,0.0,158.95695061958992,20.32183346628884,0.0,179.27878408587875,1.3328070546467974
2024-08-08 00:00:00+00:00,2024,summer,3.087,220.0,22.33,0.9370100966599983,11.5,0.0,116.97351904001279,20.701035922616132,0.0,137.67455496262892,1.1679645853666047
2024-08-08 01:00:00+00:00,2024,summer,2.058,150.0,22.33,1.628996768525855,12.2,0.0,149.69092346232802,20.535919267950497,0.0,170.22684273027852,1.2987239690803962
2024-08-08 02:00:00+00:00,2024,summer,1.543,120.0,22.33,1.52919511672016,12.4,0.0,144.88220460896258,20.488519327396272,0.0,165.37072393635884,1.2800653669433237
2024-08-08 03:00:00+00:00,2024,summer,1.543,130.0,22.33,1.4702020962997975,13.0,0.0,140.88682728530472,20.34572073568897,0.0,161.2325480209937,1.263947957651936
2024-08-08 04:00:00+00:00,2024,summer,1.543,140.0,22.33,1.366537729141523,13.1,0.0,135.94753179923268,20.32183346628884,0.0,156.26936526552151,1.2443419938504816
2024-08-08 05:00:00+00:00,2024,summer,1.543,140.0,22.33,1.366537729141523,12.9,0.0,136.3867806903449,20.369582974770935,0.0,156.75636366511583,1.246279421456434
2024-08-08 06:00:00+00:00,2024,summer,2.058,100.0,22.33,2.010529962206757,12.9,66.0,163.27335480200838,20.369582974770935,0.9438,182.6991377767793,1.3454609039973775
2024-08-08 07:00:00+00:00,2024,summer,2.572,100.0,22.33,2.5126739858094167,13.4,240.0,182.31560958040168,20.250021301172904,3.432,199.1336308815746,1.404672693876921
2024-08-08 08:00:00+00:00,2024,summer,3.601,100.0,22.33,3.5179389669127947,14.7,353.0,219.72652479348508,19.9362187358664,5.0479,234.61484352935148,1.5246865757255972
2024-08-08 09:00:00+00:00,2024,summer,2.572,130.0,22.33,2.4506544340136616,15.8,322.0,172.52698571107632,19.667351650779768,4.6046000000000005,187.5897373618561,1.363350028259006
2024-08-08 10:00:00+00:00,2024,summer,4.116,130.0,22.33,3.9218093508554546,16.2,377.0,229.14531080647652,19.568817359993037,5.3911,243.32302816646956,1.5527246231772793
2024-08-08 11:00:00+00:00,2024,summer,3.601,120.0,22.33,3.568782641159622,16.8,621.0,213.9633604274774,19.420247771382662,8.8803,224.50330819886005,1.491468915044674
2024-08-08 12:00:00+00:00,2024,summer,3.601,140.0,22.33,3.189178459260288,16.5,689.01,200.62653990132432,19.494647974379557,9.852843,210.26834487570386,1.4434102396520174
2024-08-08 13:00:00+00:00,2024,summer,2.572,140.0,22.33,2.2778580942009055,16.4,688.01,163.23305170651432,19.519396725683997,9.838543,172.91390543219833,1.3089341354501083
2024-08-08 14:00:00+00:00,2024,summer,2.058,110.0,22.33,2.0562985386021895,16.3,773.01,155.96144670298955,19.544119848322026,11.054043,164.45152355131157,1.2765028373400598
2024-08-08 15:00:00+00:00,2024,summer,3.601,140.0,22.33,3.189178459260288,17.0,672.01,198.91178315003097,19.370519167956157,9.609743,208.67255931798712,1.4379225850198611
2024-08-08 16:00:00+00:00,2024,summer,4.116,200.0,22.33,0.16733583169780986,17.5,559.0,47.461481866750944,19.245746986454392,7.9937000000000005,58.71352885320533,0.762731926595715
2024-08-08 17:00:00+00:00,2024,summer,5.659,240.0,22.33,3.458286614836869,17.1,397.0,208.76306131020095,19.345616272624557,5.6771,222.43157758282553,1.4845712808424043
2024-08-08 18:00:00+00:00,2024,summer,7.202,260.0,22.33,6.085559868013377,16.0,258.0,301.6537648256388,19.61813562120077,3.6894,317.5825004468396,1.7739080954380504
2024-08-08 19:00:00+00:00,2024,summer,8.746,250.0,22.33,6.465730680026581,15.4,109.0,316.34935131576157,19.765477580452682,1.5587,334.55612889621426,1.8206955425694484
2024-08-08 20:00:00+00:00,2024,summer,10.289,260.0,22.33,8.694019089418166,14.5,0.0,385.6139210457155,19.9847737014965,0.0,405.598694747212,2.004707929317348
2024-08-08 21:00:00+00:00,2024,summer,9.774,270.0,22.33,9.041056622499699,14.0,0.0,398.32017031519194,20.105718788248662,0.0,418.4258891034406,2.0361609660861446
2024-08-08 22:00:00+00:00,2024,summer,10.289,260.0,22.33,8.694019089418166,14.1,0.0,388.16343457329043,20.08158025229009,0.0,408.24501482558054,2.011237133893675
2024-08-08 23:00:00+00:00,2024,summer,9.774,250.0,22.33,7.225709086048456,14.2,0.0,345.6612660622488,20.057416493203508,0.0,365.7186825554523,1.903603116390017
2024-08-09 00:00:00+00:00,2024,summer,8.231,250.0,22.33,6.085002198410563,13.8,0.0,312.88415061892664,20.15392026101056,0.0,333.0380708799372,1.8165601169989796
2024-08-09 01:00:00+00:00,2024,summer,8.746,260.0,22.33,7.390211969681338,13.6,0.0,353.9625681554179,20.20202105188573,0.0,374.1645892073036,1.9254585578444592
2024-08-09 02:00:00+00:00,2024,summer,9.26,250.0,22.33,6.8457198830375185,13.7,0.0,337.0609950056685,20.17798323291303,0.0,357.2389782385815,1.8814048232773382
2024-08-09 03:00:00+00:00,2024,summer,6.688,240.0,22.33,4.0871215550501825,13.1,0.0,247.46039544645316,20.32183346628884,0.0,267.782228912742,1.6288973241416709
2024-08-09 04:00:00+00:00,2024,summer,6.688,230.0,22.33,3.105762679060791,13.2,0.0,208.50067681181272,20.297921149072955,0.0,228.79859796088567,1.5056690151019478
2024-08-09 05:00:00+00:00,2024,summer,7.202,240.0,22.33,4.401233468820487,13.3,0.0,258.21005638639076,20.273983766537576,0.0,278.48404015292834,1.6611275811482815
2024-08-09 06:00:00+00:00,2024,summer,7.202,230.0,22.33,3.344453172038848,13.2,22.0,218.26314260104553,20.297921149072955,0.3146,238.24646375011847,1.5364416282605002
2024-08-09 07:00:00+00:00,2024,summer,8.231,240.0,22.33,5.0300684090338,13.8,134.0,278.152579721176,20.15392026101056,1.9162000000000001,296.39029998218655,1.7137001192617483
2024-08-09 08:00:00+00:00,2024,summer,8.231,240.0,22.33,5.0300684090338,14.8,166.0,273.6076029283463,19.911903268935795,2.3738,291.1457061972821,1.6984705796689241
2024-08-09 09:00:00+00:00,2024,summer,8.231,240.0,22.33,5.0300684090338,14.4,190.0,275.42559364547816,20.009013235380735,2.717,292.7176068808589,1.7030494436074248
2024-08-09 10:00:00+00:00,2024,summer,8.746,250.0,22.33,6.465730680026581,16.1,140.0,312.63383880030796,19.59348927839023,2.0020000000000002,330.22532807869817,1.8088727818078236
2024-08-09 11:00:00+00:00,2024,summer,8.231,250.0,22.33,6.085002198410563,14.9,249.0,307.2604158855799,19.88756245579483,3.5607,323.5872783413747,1.7905998897330155
2024-08-09 12:00:00+00:00,2024,summer,9.26,250.0,22.33,6.8457198830375185,16.8,280.0,320.01549607389734,19.420247771382662,4.0040000000000004,335.43174384528,1.8230765876901354
2024-08-09 13:00:00+00:00,2024,summer,10.289,250.0,22.33,7.606437567664473,17.3,254.0,338.613964638343,19.29573320601393,3.6322,354.27749784435696,1.8735902519833594
2024-08-09 14:00:00+00:00,2024,summer,10.289,250.0,22.33,7.606437567664473,18.4,336.0,332.15858576308864,19.019528668117406,4.8048,346.37331443120604,1.8525717897102585
2024-08-09 15:00:00+00:00,2024,summer,10.289,250.0,22.33,7.606437567664473,18.0,256.0,334.5059962631811,19.120329210576973,3.6608,349.9655254737581,1.862153450997364
2024-08-09 16:00:00+00:00,2024,summer,10.289,250.0,22.33,7.606437567664473,17.9,189.0,335.09284888820423,19.14546451995717,2.7027,351.5356134081614,1.8663259658751388
2024-08-09 17:00:00+00:00,2024,summer,8.746,240.0,22.33,5.344791435476809,17.7,147.0,270.3801710464699,19.195657471837542,2.1021,287.47372851830744,1.6877258981660626
2024-08-09 18:00:00+00:00,2024,summer,7.717,240.0,22.33,4.715956495263495,17.0,236.0,253.310463097026,19.370519167956157,3.3748,269.30618226498217,1.6335257899069393
2024-08-09 19:00:00+00:00,2024,summer,6.688,230.0,22.33,3.105762679060791,16.2,93.0,198.3792847335694,19.568817359993037,1.3299,216.61820209356242,1.46504278257496
2024-08-09 20:00:00+00:00,2024,summer,5.659,220.0,22.33,1.71770007677322,15.4,0.0,145.61721407224385,19.765477580452682,0.0,165.38269165269654,1.2801116846399727
2024-08-09 21:00:00+00:00,2024,summer,5.659,220.0,22.33,1.71770007677322,15.3,0.0,145.86153825692884,19.78994538888251,0.0,165.65148364581134,1.281151527666121
2024-08-09 22:00:00+00:00,2024,summer,4.63,220.0,22.33,1.405363377886554,15.3,0.0,132.8387663607665,19.78994538888251,0.0,152.628711749649,1.2297616715706436
2024-08-09 23:00:00+00:00,2024,summer,4.63,220.0,22.33,1.405363377886554,14.9,0.0,133.72880834643325,19.88756245579483,0.0,153.6163708022281,1.23373414396044
2024-08-10 00:00:00+00:00,2024,summer,5.144,220.0,22.33,1.5613799602264435,14.8,0.0,140.68652397512358,19.911903268935795,0.0,160.59842724405937,1.2614599820961296
2024-08-10 01:00:00+00:00,2024,summer,4.63,220.0,22.33,1.405363377886554,14.3,0.0,135.06387132493342,20.033227493424036,0.0,155.09709881835744,1.2396659451808927
2024-08-10 02:00:00+00:00,2024,summer,4.63,220.0,22.33,1.405363377886554,14.6,0.0,134.39633983568334,19.960508874188154,0.0,154.35684870987149,1.2367040573134935
2024-08-10 03:00:00+00:00,2024,summer,5.144,230.0,22.33,2.388762443344604,14.7,0.0,172.97654085268715,19.9362187358664,0.0,192.91275958855354,1.3825578441812434
2024-08-10 04:00:00+00:00,2024,summer,5.659,230.0,22.33,2.6279173147136685,14.7,0.0,183.48321681855393,19.9362187358664,0.0,203.41943555442032,1.4197080872126164
2024-08-10 05:00:00+00:00,2024,summer,4.63,230.0,22.33,2.1500719503665464,14.6,0.0,163.84795814756126,19.960508874188154,0.0,183.8084670217494,1.3495394681747157
2024-08-10 06:00:00+00:00,2024,summer,4.63,230.0,22.33,2.1500719503665464,14.7,52.0,163.5766866936746,19.9362187358664,0.7436,182.769305429541,1.3457192488691931
2024-08-10 07:00:00+00:00,2024,summer,6.173,240.0,22.33,3.7723985286071735,15.1,130.0,227.89536040898574,19.838804720445037,1.859,245.87516512943077,1.560846396585343
2024-08-10 08:00:00+00:00,2024,summer,6.173,240.0,22.33,3.7723985286071735,15.9,229.0,224.85168280753015,19.642756406105658,3.2747,241.21973921363582,1.5459991670811424
2024-08-10 09:00:00+00:00,2024,summer,7.717,250.0,22.33,5.705012995399625,16.1,208.0,289.3616033243829,19.59348927839023,2.9744,305.9806926027731,1.7412047589459643
2024-08-10 10:00:00+00:00,2024,summer,8.231,250.0,22.33,6.085002198410563,16.9,334.0,297.0354436431314,19.395396328296854,4.7762,311.6546399714282,1.75727460270589
2024-08-10 11:00:00+00:00,2024,summer,7.202,270.0,22.33,6.66192856509544,16.8,473.0,314.67828318699384,19.420247771382662,6.7639000000000005,327.3346309583765,1.8009382045154037
2024-08-10 12:00:00+00:00,2024,summer,6.688,260.0,22.33,5.651239155411478,17.0,445.0,283.27731472906123,19.370519167956157,6.3635,296.2843338970174,1.7133937490352584
2024-08-10 13:00:00+00:00,2024,summer,7.202,260.0,22.33,6.085559868013377,16.2,436.0,300.6312096906366,19.568817359993037,6.2348,313.9652270506296,1.7637767327478375
2024-08-10 14:00:00+00:00,2024,summer,8.231,270.0,22.33,7.613764790238902,17.2,462.0,339.402711335104,19.320687624559913,6.6066,352.1167989596639,1.86786810512782
2024-08-10 15:00:00+00:00,2024,summer,7.202,280.0,22.33,7.03587793382559,17.2,105.0,323.24331392083553,19.320687624559913,1.5015,341.06250154539543,1.8383145320389331
2024-08-10 16:00:00+00:00,2024,summer,7.202,280.0,22.33,7.03587793382559,17.0,141.0,324.3618028963402,19.370519167956157,2.0163,341.71602206429634,1.8400749151263334
2024-08-10 17:00:00+00:00,2024,summer,6.688,280.0,22.33,6.533733910222931,16.6,101.0,311.99068262778263,19.46987357670326,1.4443,330.0162562044859,1.8083000754336922
2024-08-10 18:00:00+00:00,2024,summer,6.688,280.0,22.33,6.533733910222931,15.4,42.0,318.40145007903845,19.765477580452682,0.6006,337.56632765949115,1.8288681360118855
2024-08-10 19:00:00+00:00,2024,summer,5.659,280.0,22.33,5.528468929119552,15.1,36.0,288.6128337986647,19.838804720445037,0.5148,307.93683851910976,1.74676168498876
2024-08-10 20:00:00+00:00,2024,summer,4.63,270.0,22.33,4.2828005076911815,14.6,0.0,248.54426823988976,19.960508874188154,0.0,268.5047771140779,1.6310934444174614
2024-08-10 21:00:00+00:00,2024,summer,4.116,280.0,22.33,4.021059924413514,14.4,0.0,239.83584196616084,20.009013235380735,0.0,259.8448552015416,1.6045745329936287
2024-08-10 22:00:00+00:00,2024,summer,3.601,280.0,22.33,3.517938966912795,13.9,0.0,222.6416362335314,20.12983211863795,0.0,242.77146835216934,1.5509637820612994
2024-08-10 23:00:00+00:00,2024,summer,3.601,290.0,22.33,3.5980228559312364,14.0,0.0,225.3908810801187,20.105718788248662,0.0,245.49659986836735,1.5596443438309584
2024-08-11 00:00:00+00:00,2024,summer,1.543,170.0,22.33,0.8251884600038671,12.9,0.0,107.81678221855687,20.369582974770935,0.0,128.1863651933278,1.1269995699053241
2024-08-11 01:00:00+00:00,2024,summer,1.543,180.0,22.33,0.5862482627365435,12.4,0.0,92.67900110320083,20.488519327396272,0.0,113.16752043059711,1.0589214214854539
2024-08-11 02:00:00+00:00,2024,summer,2.058,120.0,22.33,2.0395875244394617,12.0,0.0,166.75093706767282,20.58321964626876,0.0,187.33415671394158,1.3624209671761822
2024-08-11 03:00:00+00:00,2024,summer,3.087,110.0,22.33,3.0844478079032847,11.9,0.0,211.9825018789136,20.606832543192034,0.0,232.58933442210565,1.5180907420199112
2024-08-11 04:00:00+00:00,2024,summer,3.087,120.0,22.33,3.059381286659193,11.6,0.0,211.9189684939539,20.677522274164204,0.0,232.59649076811812,1.5181140962702047
2024-08-11 05:00:00+00:00,2024,summer,2.572,110.0,22.33,2.5698735866301416,11.2,0.0,191.47194629968428,20.77142832603801,0.0,212.24337462572228,1.450173300333212
2024-08-11 06:00:00+00:00,2024,summer,2.572,110.0,22.33,2.5698735866301416,11.6,67.0,190.27149522570508,20.677522274164204,0.9581000000000001,209.99091749986928,1.4424577099505178
2024-08-11 07:00:00+00:00,2024,summer,3.087,110.0,22.33,3.0844478079032847,12.3,222.0,210.63871422833412,20.512231751676453,3.1746,227.9763459800106,1.5029610578528423
2024-08-11 08:00:00+00:00,2024,summer,3.087,120.0,22.33,3.059381286659193,14.3,325.0,202.8940281953155,20.033227493424036,4.6475,218.27975568873953,1.4706507992810351
2024-08-11 09:00:00+00:00,2024,summer,5.144,110.0,22.33,5.139747173260283,16.5,212.0,269.4491863873389,19.494647974379557,3.0316,285.91223436171845,1.6831359786152598
2024-08-11 10:00:00+00:00,2024,summer,6.173,110.0,22.33,6.167896442561378,18.2,417.0,292.8276297207529,19.069980835950695,5.9631,305.9345105567036,1.741073352888731
2024-08-11 11:00:00+00:00,2024,summer,4.63,100.0,22.33,4.523203948016174,20.5,123.0,231.96434791498862,18.48347847267293,1.7589000000000001,248.68892638766155,1.5697520450595162
2024-08-11 12:00:00+00:00,2024,summer,5.659,130.0,22.33,5.3920114471552525,20.2,270.0,259.99294377701153,18.56076491050545,3.861,274.692708687517,1.649781387734298
2024-08-11 13:00:00+00:00,2024,summer,6.688,120.0,22.33,6.6281639278188145,21.2,464.0,289.97616610183996,18.302220026476004,6.6352,301.64318612831596,1.7288192652648287
2024-08-11 14:00:00+00:00,2024,summer,7.202,120.0,22.33,7.137565282319244,21.2,606.0,303.5534956556294,18.302220026476004,8.6658,313.1899156821054,1.7615976356758356
2024-08-11 15:00:00+00:00,2024,summer,7.717,130.0,22.33,7.35291612258298,20.9,458.0,310.9054322659078,18.380060770575405,6.5494,322.7360930364832,1.7882432829840669
2024-08-11 16:00:00+00:00,2024,summer,7.202,130.0,22.33,6.86221354345505,20.5,373.0,300.11686460653624,18.48347847267293,5.3339,313.2664430792091,1.761812844149805
2024-08-11 17:00:00+00:00,2024,summer,7.202,130.0,22.33,6.86221354345505,20.7,215.0,299.01551831440213,18.431822412671732,3.0745,314.3728407270739,1.764921296320998
2024-08-11 18:00:00+00:00,2024,summer,5.144,110.0,22.33,5.139747173260283,20.8,124.0,249.64351969561997,18.405954798368867,1.7732,266.27627449398886,1.6243105677212089
2024-08-11 19:00:00+00:00,2024,summer,5.659,110.0,22.33,5.654321394533426,20.8,18.0,264.8069838017392,18.405954798368867,0.2574,282.955538600108,1.6744104795634944
2024-08-11 20:00:00+00:00,2024,summer,6.173,120.0,22.33,6.117771520099513,19.5,0.0,284.68633325982887,18.74018006640142,0.0,303.4265133262303,1.7339221603359776
2024-08-11 21:00:00+00:00,2024,summer,6.173,120.0,22.33,6.117771520099513,18.9,0.0,287.76402334912433,18.892943217537702,0.0,306.65696656666205,1.7431278893103028
2024-08-11 22:00:00+00:00,2024,summer,6.688,120.0,22.33,6.6281639278188145,18.5,0.0,304.5288733225643,18.994263617205515,0.0,323.5231369397698,1.790422414772847
2024-08-11 23:00:00+00:00,2024,summer,5.659,120.0,22.33,5.608370165599084,18.6,0.0,274.1695197535568,18.96897256452851,0.0,293.1384923180853,1.704273372777357
2024-08-12 00:00:00+00:00,2024,summer,7.202,120.0,22.33,7.137565282319244,18.5,0.0,318.78759302124644,18.994263617205515,0.0,337.7818566384519,1.8294518897098033
2024-08-12 01:00:00+00:00,2024,summer,6.688,120.0,22.33,6.6281639278188145,18.7,0.0,303.45089500991804,18.943655492252546,0.0,322.3945505021706,1.7872968087138894
2024-08-12 02:00:00+00:00,2024,summer,6.173,120.0,22.33,6.117771520099513,19.0,0.0,287.2510750009084,18.86754797940053,0.0,306.1186229803089,1.741597166009867
2024-08-12 03:00:00+00:00,2024,summer,6.688,170.0,22.33,3.576707984773729,17.8,0.0,210.5754934711283,19.170573934447,0.0,229.7460674055753,1.5087833295332373
2024-08-12 04:00:00+00:00,2024,summer,3.601,190.0,22.33,0.7689645148357205,16.2,0.0,98.78492204607066,19.568817359993037,0.0,118.3537394060637,1.0829136446779744
2024-08-12 05:00:00+00:00,2024,summer,4.116,190.0,22.33,0.8789386123476327,16.8,0.0,104.06116078835291,19.420247771382662,0.0,123.48140855973557,1.106123505251491
2024-08-12 06:00:00+00:00,2024,summer,8.746,230.0,22.33,4.061453407755036,14.1,96.0,242.51658803360507,20.08158025229009,1.3728,261.2253682858952,1.6088313072175109
2024-08-12 07:00:00+00:00,2024,summer,8.231,230.0,22.33,3.8222985363859707,14.3,182.0,232.82215325218354,20.033227493424036,2.6026000000000002,250.2527807456076,1.5746799210423765
2024-08-12 08:00:00+00:00,2024,summer,7.717,230.0,22.33,3.583608043407913,14.6,254.0,222.6209410994921,19.960508874188154,3.6322,238.94924997368022,1.5387060792540705
2024-08-12 09:00:00+00:00,2024,summer,7.717,230.0,22.33,3.583608043407913,15.8,304.0,218.19800849486643,19.667351650779768,4.3472,233.51816014564622,1.5211189049809009
2024-08-12 10:00:00+00:00,2024,summer,7.717,220.0,22.33,2.342373474546552,16.5,202.0,165.79154033531248,19.494647974379557,2.8886,182.39758830969203,1.3443500871215819
2024-08-12 11:00:00+00:00,2024,summer,8.746,230.0,22.33,4.061453407755036,17.1,490.0,230.56995808121073,19.345616272624557,7.007,242.9085743538353,1.5514016762455027
2024-08-12 12:00:00+00:00,2024,summer,8.746,240.0,22.33,5.344791435476809,17.3,482.0,272.2676416994994,19.29573320601393,6.8926,284.6707749055133,1.6794778310851044
2024-08-12 13:00:00+00:00,2024,summer,8.231,240.0,22.33,5.0300684090338,18.0,158.0,259.06367719129133,19.120329210576973,2.2594,275.9246064018683,1.6534765866767402
2024-08-12 14:00:00+00:00,2024,summer,7.717,240.0,22.33,4.715956495263495,17.5,408.0,251.12675220825852,19.245746986454392,5.8344000000000005,264.5380991947129,1.6190003704543336
2024-08-12 15:00:00+00:00,2024,summer,5.659,240.0,22.33,3.458286614836869,18.9,483.0,202.27301795340716,18.892943217537702,6.9069,214.25906117094485,1.4570432141285845
2024-08-12 16:00:00+00:00,2024,summer,6.173,200.0,22.33,0.25096309258274546,18.7,344.0,56.131621554665216,18.943655492252546,4.9192,70.15607704691776,0.833749299399266
2024-08-12 17:00:00+00:00,2024,summer,6.173,200.0,22.33,0.25096309258274546,18.7,158.0,56.131621554665216,18.943655492252546,2.2594,72.81587704691776,0.8494070792302504
2024-08-12 18:00:00+00:00,2024,summer,5.659,190.0,22.33,1.208433821009537,18.2,147.0,117.7999738167084,19.069980835950695,2.1021,134.76785465265908,1.1555692889671465
2024-08-12 19:00:00+00:00,2024,summer,4.63,190.0,22.33,0.9886991679226287,17.3,45.0,108.9824873629951,19.29573320601393,0.6435,127.63472056900902,1.1245719577136575
2024-08-12 20:00:00+00:00,2024,summer,3.087,150.0,22.33,2.443495152788783,16.8,0.0,169.30628701360652,19.420247771382662,0.0,188.72653478498918,1.3674747524416673
2024-08-12 21:00:00+00:00,2024,summer,3.601,150.0,22.33,2.8503485731105953,16.3,0.0,187.81230988738298,19.544119848322026,0.0,207.356429735705,1.4333808140161632
2024-08-12 22:00:00+00:00,2024,summer,5.144,140.0,22.33,4.555716188401811,16.7,0.0,249.2387566494321,19.445073514943537,0.0,268.68383016437565,1.631637203055527
2024-08-12 23:00:00+00:00,2024,summer,6.173,150.0,22.33,4.886198761958263,16.3,0.0,262.0482502818447,19.544119848322026,0.0,281.5923701301667,1.6703722845951565
2024-08-13 00:00:00+00:00,2024,summer,6.688,140.0,22.33,5.9231395544384355,16.0,0.0,296.65258093984966,19.61813562120077,0.0,316.27071656105045,1.7702407146066588
2024-08-13 01:00:00+00:00,2024,summer,4.63,100.0,22.33,4.523203948016174,16.1,0.0,250.69174481087762,19.59348927839023,0.0,270.2852340892679,1.6364924048464755
2024-08-13 02:00:00+00:00,2024,summer,5.144,130.0,22.33,4.901308868027323,15.7,0.0,265.2323899332786,19.69192137289192,0.0,284.9243113061705,1.6802255615064556
2024-08-13 03:00:00+00:00,2024,summer,4.63,140.0,22.33,4.10049882431967,15.8,0.0,237.1448989262548,19.667351650779768,0.0,256.81225057703455,1.5951836961355228
2024-08-13 04:00:00+00:00,2024,summer,6.173,150.0,22.33,4.886198761958263,15.7,0.0,264.72676732050064,19.69192137289192,0.0,284.41868869339254,1.6787340473677677
2024-08-13 05:00:00+00:00,2024,summer,5.659,160.0,22.33,3.8107688523463334,15.7,0.0,227.0280345940453,19.69192137289192,0.0,246.71995596693722,1.5635255164068496
2024-08-13 06:00:00+00:00,2024,summer,5.144,160.0,22.33,3.463968011392391,16.0,41.0,212.94510929013026,19.61813562120077,0.5863,231.97694491133103,1.51609091776224
2024-08-13 07:00:00+00:00,2024,summer,8.231,200.0,22.33,0.3346310084316504,17.1,159.0,66.00964614959574,19.345616272624557,2.2737,83.08156242222029,0.9073088799958469
2024-08-13 08:00:00+00:00,2024,summer,8.746,200.0,22.33,0.3555683148758613,17.2,263.0,67.78583987971533,19.320687624559913,3.7609,83.34562750427523,0.9087496239629261
2024-08-13 09:00:00+00:00,2024,summer,9.26,250.0,22.33,6.8457198830375185,14.3,434.0,333.7618661801644,20.033227493424036,6.2062,347.5888936735884,1.8558196950837302
2024-08-13 10:00:00+00:00,2024,summer,9.774,250.0,22.33,7.225709086048456,16.0,335.0,335.42787331698486,19.61813562120077,4.7905,350.25550893818564,1.8629247868226935
2024-08-13 11:00:00+00:00,2024,summer,10.803,260.0,22.33,9.128339802020065,16.2,244.0,386.2410797292351,19.568817359993037,3.4892,402.32069708922813,1.9965905965058925
2024-08-13 12:00:00+00:00,2024,summer,10.803,260.0,22.33,9.128339802020065,15.6,212.0,390.18231523667623,19.71646559010476,3.0316,406.86718082678095,2.0078402852775126
2024-08-13 13:00:00+00:00,2024,summer,11.318,270.0,22.33,10.469273465669286,16.4,150.0,418.9527498414578,19.519396725683997,2.145,436.32714656714177,2.07926072728657
2024-08-13 14:00:00+00:00,2024,summer,10.803,270.0,22.33,9.992892847643162,16.5,131.0,406.37225754326863,19.494647974379557,1.8733,423.99360551764823,2.0496631217308927
2024-08-13 15:00:00+00:00,2024,summer,11.318,270.0,22.33,10.469273465669286,16.2,294.0,420.38262270781087,19.568817359993037,4.2042,435.7472400678039,2.077878533072875
2024-08-13 16:00:00+00:00,2024,summer,10.803,280.0,22.33,10.553816900738386,15.5,238.0,427.5068481000023,19.740984320074872,3.4034,443.84443242007717,2.0970955661782247
2024-08-13 17:00:00+00:00,2024,summer,9.26,270.0,22.33,8.565601015382363,15.4,299.0,376.3999964193421,19.765477580452682,4.2757000000000005,391.8897739997948,1.9705379324337038
2024-08-13 18:00:00+00:00,2024,summer,9.26,280.0,22.33,9.046407896032347,15.0,147.0,391.93362646670124,19.863196278835822,2.1021,409.69472274553704,2.0148049943820836
2024-08-13 19:00:00+00:00,2024,summer,8.231,280.0,22.33,8.041142914928969,14.5,18.0,367.4521292434827,19.9847737014965,0.2574,387.1795029449792,1.9586598131867627
2024-08-13 20:00:00+00:00,2024,summer,6.688,280.0,22.33,6.533733910222931,13.8,0.0,326.9491400140462,20.15392026101056,0.0,347.10306027505675,1.8545222795447904
2024-08-13 21:00:00+00:00,2024,summer,5.659,270.0,22.33,5.234636732834643,13.5,0.0,286.4877177725192,20.22603373546297,0.0,306.7137515079822,1.7432892729471203
2024-08-13 22:00:00+00:00,2024,summer,4.63,260.0,22.33,3.9122663411416183,12.3,0.0,243.9761115193574,20.512231751676453,0.0,264.48834327103384,1.618848107609622
2024-08-13 23:00:00+00:00,2024,summer,3.601,220.0,22.33,1.093026678999888,11.3,0.0,126.07308139872912,20.747988931156307,0.0,146.82107032988543,1.206138073137126
2024-08-14 00:00:00+00:00,2024,summer,3.601,210.0,22.33,0.48061570943712584,12.0,0.0,85.02358243390941,20.58321964626876,0.0,105.60680208017817,1.0229367461173147
2024-08-14 01:00:00+00:00,2024,summer,4.63,240.0,22.33,2.8294516746235563,11.5,0.0,202.2482348358162,20.701035922616132,0.0,222.94927075843233,1.4862978921478711
2024-08-14 02:00:00+00:00,2024,summer,3.087,210.0,22.33,0.4120135226416017,11.1,0.0,80.26581195906691,20.794843004512877,0.0,101.0606549635798,1.0006769312925268
2024-08-14 03:00:00+00:00,2024,summer,2.572,200.0,22.33,0.1045645673291465,11.1,0.0,42.36576531090451,20.794843004512877,0.0,63.160608315417385,0.7910901660416019
2024-08-14 04:00:00+00:00,2024,summer,2.058,120.0,22.33,2.0395875244394617,9.6,0.0,173.1033537178699,21.14310901764511,0.0,194.24646273551502,1.387328772062596
2024-08-14 05:00:00+00:00,2024,summer,2.572,120.0,22.33,2.548988878939891,9.0,0.0,197.07808242816867,21.280872490900176,0.0,218.35895491906885,1.4709175758488562
2024-08-14 06:00:00+00:00,2024,summer,2.572,120.0,22.33,2.548988878939891,10.9,31.0,191.40462247947895,20.841598281761826,0.4433,211.80292076124078,1.448667797134424
2024-08-14 07:00:00+00:00,2024,summer,2.058,120.0,22.33,2.0395875244394617,12.7,178.0,164.898148878032,20.41723243194018,2.5454,182.7699813099722,1.3457217371000894
2024-08-14 08:00:00+00:00,2024,summer,2.572,150.0,22.33,2.0358501888476677,13.7,254.0,162.11269479715472,20.17798323291303,3.6322,178.65847803006773,1.330499295058081
2024-08-14 09:00:00+00:00,2024,summer,4.63,160.0,22.33,3.1178405701296206,15.0,373.0,202.9139794146894,19.863196278835822,5.3339,217.44327569352524,1.4678302198343827
2024-08-14 10:00:00+00:00,2024,summer,5.144,190.0,22.33,1.0984597234976248,16.0,533.0,117.04110673363462,19.61813562120077,7.6219,129.03734235483537,1.1307342279081263
2024-08-14 11:00:00+00:00,2024,summer,4.63,180.0,22.33,1.7591247287557983,15.6,307.0,146.7491776868487,19.71646559010476,4.3901,162.07554327695348,1.2672478900935742
2024-08-14 12:00:00+00:00,2024,summer,5.144,190.0,22.33,1.0984597234976248,15.9,597.0,117.23948149081028,19.642756406105658,8.5371,128.34513789691593,1.1276973094602694
2024-08-14 13:00:00+00:00,2024,summer,5.659,190.0,22.33,1.208433821009537,16.9,670.01,120.49609997800633,19.395396328296854,9.581143,130.31035330630317,1.1362981377876809
2024-08-14 14:00:00+00:00,2024,summer,6.173,190.0,22.33,1.3181943765845328,17.0,703.01,125.2620224589786,19.370519167956157,10.053043,134.57949862693476,1.154761475619754
2024-08-14 15:00:00+00:00,2024,summer,6.173,200.0,22.33,0.25096309258274546,17.4,455.0,57.427733597668144,19.270752999232265,6.5065,70.1919865969004,0.8339626503534637
2024-08-14 16:00:00+00:00,2024,summer,6.688,210.0,22.33,0.8926292320787275,18.0,308.0,102.65227783367442,19.120329210576973,4.4044,117.36820704425139,1.0783955048713056
2024-08-14 17:00:00+00:00,2024,summer,7.717,200.0,22.33,0.31373435695140883,17.2,207.0,63.9450259736231,19.320687624559913,2.9601,80.30561359818302,0.892022453221179
2024-08-14 18:00:00+00:00,2024,summer,6.173,200.0,22.33,0.25096309258274546,16.7,128.0,58.125640082362025,19.445073514943537,1.8304,75.74031359730557,0.866296147943817
2024-08-14 19:00:00+00:00,2024,summer,6.173,190.0,22.33,1.3181943765845328,16.4,40.0,126.55783648441633,19.519396725683997,0.5720000000000001,145.50523321010033,1.2007210945094797
2024-08-14 20:00:00+00:00,2024,summer,8.746,190.0,22.33,1.8676377802702615,15.8,0.0,150.39212020093925,19.667351650779768,0.0,170.05947185171902,1.298085344686822
2024-08-14 21:00:00+00:00,2024,summer,8.746,190.0,22.33,1.8676377802702615,16.1,0.0,149.62999797019123,19.59348927839023,0.0,169.22348724858145,1.294890826089526
2024-08-14 22:00:00+00:00,2024,summer,7.717,200.0,22.33,0.31373435695140883,15.8,0.0,65.49386743319184,19.667351650779768,0.0,85.1612190839716,0.9185943474568139
2024-08-14 23:00:00+00:00,2024,summer,6.688,200.0,22.33,0.27190039902695634,16.0,0.0,61.06157461994028,19.61813562120077,0.0,80.67971024114105,0.8940977432399536
2024-08-15 00:00:00+00:00,2024,summer,6.688,200.0,22.33,0.27190039902695634,16.3,0.0,60.75109203712702,19.544119848322026,0.0,80.29521188544905,0.891964681034594
2024-08-15 01:00:00+00:00,2024,summer,5.144,240.0,22.33,3.1435635883938606,15.7,0.0,201.56756468864992,19.69192137289192,0.0,221.25948606154185,1.4806546792306514
2024-08-15 02:00:00+00:00,2024,summer,6.173,240.0,22.33,3.7723985286071735,15.1,0.0,227.89536040898574,19.838804720445037,0.0,247.73416512943078,1.5667358679651142
2024-08-15 03:00:00+00:00,2024,summer,5.144,240.0,22.33,3.1435635883938606,15.1,0.0,203.60703414587067,19.838804720445037,0.0,223.4458388663157,1.4879521645044156
2024-08-15 04:00:00+00:00,2024,summer,3.087,200.0,22.33,0.1255018737733574,15.2,0.0,43.16713066453787,19.814387763002607,0.0,62.98151842754048,0.7899678144274104
2024-08-15 05:00:00+00:00,2024,summer,3.601,210.0,22.33,0.48061570943712584,15.2,0.0,80.70492427853623,19.814387763002607,0.0,100.51931204153883,0.9979932125116265
2024-08-15 06:00:00+00:00,2024,summer,2.058,210.0,22.33,0.2746756817610677,15.1,27.0,62.28708990738596,19.838804720445037,0.3861,81.739794627831,0.8999525355750334
2024-08-15 07:00:00+00:00,2024,summer,2.572,200.0,22.33,0.1045645673291465,13.9,204.0,40.50936244908084,20.12983211863795,2.9172000000000002,57.72199456771879,0.756264123962098
2024-08-15 08:00:00+00:00,2024,summer,6.688,340.0,22.33,4.503697134563046,11.9,323.0,267.8515203897723,20.606832543192034,4.6189,283.8394529329643,1.6770237547341675
2024-08-15 09:00:00+00:00,2024,summer,6.173,330.0,22.33,4.88619876195826,11.8,422.0,282.13712807176444,20.63042060186722,6.0346,296.73294867363165,1.7146904139691725
2024-08-15 10:00:00+00:00,2024,summer,3.601,310.0,22.33,3.4311067717275248,12.6,507.0,223.89373984479172,20.441019684992096,7.2501,237.0846595297838,1.532690836232676
2024-08-15 11:00:00+00:00,2024,summer,5.144,280.0,22.33,5.025347971618833,14.7,491.0,273.9031274939231,19.9362187358664,7.0213,286.8180462297895,1.6858000809661005
2024-08-15 12:00:00+00:00,2024,summer,8.231,280.0,22.33,8.041142914928969,15.7,607.0,360.1638225477442,19.69192137289192,8.6801,371.1756439206361,1.9177525509754842
2024-08-15 13:00:00+00:00,2024,summer,9.26,280.0,22.33,9.046407896032347,15.9,680.01,386.0546220697007,19.642756406105658,9.724143,395.97323547580635,1.9807777543017964
2024-08-15 14:00:00+00:00,2024,summer,9.26,270.0,22.33,8.565601015382363,16.0,627.01,372.6107347104225,19.61813562120077,8.966243,383.26262733162326,1.9487273032672916
2024-08-15 15:00:00+00:00,2024,summer,8.746,280.0,22.33,8.544263872429688,16.0,547.0,372.0368441480307,19.61813562120077,7.8221,383.8328797692315,1.9501765098458865
2024-08-15 16:00:00+00:00,2024,summer,8.231,280.0,22.33,8.041142914928969,15.7,410.0,360.1638225477442,19.69192137289192,5.863,373.9927439206361,1.9250163474006619
2024-08-15 17:00:00+00:00,2024,summer,8.746,280.0,22.33,8.544263872429688,15.3,205.0,376.4508406040243,19.78994538888251,2.9315,393.3092859929068,1.974103569978156
2024-08-15 18:00:00+00:00,2024,summer,7.717,270.0,22.33,7.1383091831215655,15.1,173.0,337.9930394871047,19.838804720445037,2.4739,355.3579442075497,1.8764450377639479
2024-08-15 19:00:00+00:00,2024,summer,7.717,270.0,22.33,7.1383091831215655,14.1,74.0,343.6356611813802,20.08158025229009,1.0582,362.6590414336703,1.8956235194433773
2024-08-15 20:00:00+00:00,2024,summer,7.717,260.0,22.33,6.520725562546407,14.2,0.0,324.4124138441519,20.057416493203508,0.0,344.4698303373554,1.8474744007511994
2024-08-15 21:00:00+00:00,2024,summer,7.202,250.0,22.33,5.324284513783607,14.0,0.0,287.15626476740977,20.105718788248662,0.0,307.26198355565845,1.7448465887643456
2024-08-15 22:00:00+00:00,2024,summer,7.202,240.0,22.33,4.401233468820487,13.0,0.0,259.46553478048986,20.34572073568897,0.0,279.81125551617885,1.6650812251252884
2024-08-15 23:00:00+00:00,2024,summer,5.144,230.0,22.33,2.388762443344604,13.0,0.0,177.85315974903156,20.34572073568897,0.0,198.19888048472052,1.4013719886303568
2024-08-16 00:00:00+00:00,2024,summer,5.144,230.0,22.33,2.388762443344604,12.6,0.0,179.00059948934788,20.441019684992096,0.0,199.44161917433996,1.4057585365699734
2024-08-16 01:00:00+00:00,2024,summer,5.144,220.0,22.33,1.5613799602264435,12.7,0.0,145.59419341611624,20.41723243194018,0.0,166.01142584805643,1.282542672080281
2024-08-16 02:00:00+00:00,2024,summer,4.63,220.0,22.33,1.405363377886554,11.9,0.0,140.4041232389341,20.606832543192034,0.0,161.01095578212613,1.263079096616378
2024-08-16 03:00:00+00:00,2024,summer,5.144,230.0,22.33,2.388762443344604,12.3,0.0,179.86117929458516,20.512231751676453,0.0,200.3734110462616,1.4090385641111163
2024-08-16 04:00:00+00:00,2024,summer,4.63,220.0,22.33,1.405363377886554,11.4,0.0,141.51667572101755,20.724524802480246,0.0,162.2412005234978,1.2678953510778566
2024-08-16 05:00:00+00:00,2024,summer,3.601,200.0,22.33,0.14639852525359895,12.6,0.0,48.39557930416409,20.441019684992096,0.0,68.83659898915619,0.8258716083814189
2024-08-16 06:00:00+00:00,2024,summer,5.144,220.0,22.33,1.5613799602264435,13.0,59.0,144.89309778168874,20.34572073568897,0.8437,164.39511851737768,1.2762839054649961
2024-08-16 07:00:00+00:00,2024,summer,4.63,210.0,22.33,0.6179535503176597,13.4,179.0,93.46459529485227,20.250021301172904,2.5597,111.15491659602517,1.0494630984091085
2024-08-16 08:00:00+00:00,2024,summer,5.144,210.0,22.33,0.686555737113184,14.0,302.0,97.20794410953833,20.105718788248662,4.3186,112.995062897787,1.058114261436149
2024-08-16 09:00:00+00:00,2024,summer,5.144,210.0,22.33,0.686555737113184,14.4,427.0,96.57051496783644,20.009013235380735,6.1061000000000005,110.47342820321718,1.0462410344205577
2024-08-16 10:00:00+00:00,2024,summer,6.173,210.0,22.33,0.8238935779937179,14.7,573.0,104.61507073392382,19.9362187358664,8.1939,116.35738946979022,1.073741696493975
2024-08-16 11:00:00+00:00,2024,summer,6.688,210.0,22.33,0.8926292320787275,15.2,495.0,107.6948458676093,19.814387763002607,7.0785,120.4307336306119,1.0923743647062742
2024-08-16 12:00:00+00:00,2024,summer,7.717,230.0,22.33,3.583608043407913,15.5,472.0,219.30374164602284,19.740984320074872,6.7496,232.29512596609771,1.5171303014563438
2024-08-16 13:00:00+00:00,2024,summer,7.202,240.0,22.33,4.401233468820487,14.7,385.0,252.35115721392805,19.9362187358664,5.5055000000000005,266.7818759497945,1.625851944835672
2024-08-16 14:00:00+00:00,2024,summer,7.717,230.0,22.33,3.583608043407913,17.1,236.0,213.40649817318862,19.345616272624557,3.3748,229.3773144458132,1.5075720101117764
2024-08-16 15:00:00+00:00,2024,summer,7.717,230.0,22.33,3.583608043407913,15.7,319.0,218.56658621191855,19.69192137289192,4.5617,233.69680758481047,1.5217006414161784
2024-08-16 16:00:00+00:00,2024,summer,6.688,240.0,22.33,4.0871215550501825,15.2,310.0,239.06513162678348,19.814387763002607,4.433,254.4465193897861,1.5878193531319578
2024-08-16 17:00:00+00:00,2024,summer,7.202,230.0,22.33,3.344453172038848,15.6,288.0,209.78690405343212,19.71646559010476,4.1184,225.38496964353686,1.4943946673446389
2024-08-16 18:00:00+00:00,2024,summer,7.202,230.0,22.33,3.344453172038848,15.2,150.0,211.19961047803437,19.814387763002607,2.145,228.86899824103696,1.5059006410139626
2024-08-16 19:00:00+00:00,2024,summer,7.717,240.0,22.33,4.715956495263495,14.5,59.0,264.2290175408633,19.9847737014965,0.8437,283.3700912423598,1.6756366037073553
2024-08-16 20:00:00+00:00,2024,summer,5.659,230.0,22.33,2.6279173147136685,13.9,0.0,185.91748835180178,20.12983211863795,0.0,206.04732047043973,1.4288489479019402
2024-08-16 21:00:00+00:00,2024,summer,4.63,220.0,22.33,1.405363377886554,13.4,0.0,137.0664657926837,20.250021301172904,0.0,157.31648709385658,1.2485040451018798
2024-08-16 22:00:00+00:00,2024,summer,5.659,220.0,22.33,1.71770007677322,13.5,0.0,150.25937358125833,20.22603373546297,0.0,170.4854073167213,1.2997099375701031
2024-08-16 23:00:00+00:00,2024,summer,6.173,230.0,22.33,2.866607807691726,13.8,0.0,196.50066473580088,20.15392026101056,0.0,216.65458499681145,1.4651658107215615
2024-08-17 00:00:00+00:00,2024,summer,6.688,230.0,22.33,3.105762679060791,13.7,0.0,206.8137781321055,20.17798323291303,0.0,226.99176136501853,1.49971205076836
2024-08-17 01:00:00+00:00,2024,summer,5.659,220.0,22.33,1.71770007677322,13.9,0.0,149.28207684251845,20.12983211863795,0.0,169.4119089611564,1.2956115229397016
2024-08-17 02:00:00+00:00,2024,summer,6.173,230.0,22.33,2.866607807691726,14.1,0.0,195.53742618317438,20.08158025229009,0.0,215.61900643546446,1.4616599727025497
2024-08-17 03:00:00+00:00,2024,summer,6.173,230.0,22.33,2.866607807691726,14.0,0.0,195.85850570071653,20.105718788248662,0.0,215.9642244889652,1.4628296042920108
2024-08-17 04:00:00+00:00,2024,summer,6.173,230.0,22.33,2.866607807691726,13.4,0.0,197.7849828059695,20.250021301172904,0.0,218.03500410714238,1.4698260662139808
2024-08-17 05:00:00+00:00,2024,summer,5.659,220.0,22.33,1.71770007677322,13.6,0.0,150.01504939657335,20.20202105188573,0.0,170.21707044845908,1.2986866903569596
2024-08-17 06:00:00+00:00,2024,summer,5.144,230.0,22.33,2.388762443344604,13.8,54.0,175.5582802683989,20.15392026101056,0.7722,194.94000052940947,1.3898032254542179
2024-08-17 07:00:00+00:00,2024,summer,5.144,220.0,22.33,1.5613799602264435,14.4,179.0,141.6213181543603,20.009013235380735,2.5597,159.07063138974104,1.2554454187657234
2024-08-17 08:00:00+00:00,2024,summer,6.173,220.0,22.33,1.8737166591131098,14.3,378.0,154.43641690654724,20.033227493424036,5.4054,169.0642443999713,1.2942814229856705
2024-08-17 09:00:00+00:00,2024,summer,4.63,210.0,22.33,0.6179535503176597,15.1,514.0,90.88521522989693,19.838804720445037,7.3502,103.37381995034197,1.012064324810178
2024-08-17 10:00:00+00:00,2024,summer,6.173,230.0,22.33,2.866607807691726,15.2,631.01,192.00555149021062,19.814387763002607,9.023443,202.7964962532132,1.417532606592744
2024-08-17 11:00:00+00:00,2024,summer,5.659,230.0,22.33,2.6279173147136685,15.3,722.01,181.6575131686181,19.78994538888251,10.324743,191.12271555750058,1.3761284943481034
2024-08-17 12:00:00+00:00,2024,summer,6.688,230.0,22.33,3.105762679060791,16.1,611.0,198.71666446951085,19.59348927839023,8.7373,209.57285374790106,1.4410211246658133
2024-08-17 13:00:00+00:00,2024,summer,6.688,250.0,22.33,4.944295310772669,15.3,496.0,268.4663490511852,19.78994538888251,7.0928,281.1634944400677,1.6690997802247078
2024-08-17 14:00:00+00:00,2024,summer,5.659,250.0,22.33,4.1835776261457145,16.3,690.01,238.07493054429702,19.544119848322026,9.867143,247.75190739261905,1.566791970324712
2024-08-17 15:00:00+00:00,2024,summer,6.688,240.0,22.33,4.0871215550501825,15.8,506.0,236.6664848211636,19.667351650779768,7.2358,249.09803647194335,1.5710426885586726
2024-08-17 16:00:00+00:00,2024,summer,5.659,260.0,22.33,4.781752748276548,16.2,137.0,259.0127655014462,19.568817359993037,1.9591,276.62248286143927,1.6555662764821346
2024-08-17 17:00:00+00:00,2024,summer,6.688,240.0,22.33,4.0871215550501825,15.8,278.0,236.6664848211636,19.667351650779768,3.9754,252.35843647194335,1.5812908130996717
2024-08-17 18:00:00+00:00,2024,summer,6.173,240.0,22.33,3.7723985286071735,15.5,64.0,226.37352160825793,19.740984320074872,0.9152,245.1993059283328,1.5586997008641503
2024-08-17 19:00:00+00:00,2024,summer,6.688,250.0,22.33,4.944295310772669,14.8,23.0,270.71481093603603,19.911903268935795,0.3289,290.29781420497187,1.6959955824369302
2024-08-17 20:00:00+00:00,2024,summer,4.63,240.0,22.33,2.8294516746235563,14.4,0.0,193.01170127638522,20.009013235380735,0.0,213.02071451176596,1.452826498046189
2024-08-17 21:00:00+00:00,2024,summer,5.659,240.0,22.33,3.458286614836869,13.8,0.0,220.66147413098963,20.15392026101056,0.0,240.8153943920002,1.5447028823275981
2024-08-17 22:00:00+00:00,2024,summer,4.116,230.0,22.33,1.911381457388489,13.7,0.0,157.41617242295413,20.17798323291303,0.0,177.59415565586716,1.3265302825215957
2024-08-17 23:00:00+00:00,2024,summer,5.144,230.0,22.33,2.388762443344604,13.8,0.0,175.5582802683989,20.15392026101056,0.0,195.71220052940947,1.392553162220858
2024-08-18 00:00:00+00:00,2024,summer,5.144,230.0,22.33,2.388762443344604,13.4,0.0,176.70572000871522,20.250021301172904,0.0,196.9557413098881,1.3969702465367824
2024-08-18 01:00:00+00:00,2024,summer,5.144,230.0,22.33,2.388762443344604,13.4,0.0,176.70572000871522,20.250021301172904,0.0,196.9557413098881,1.3969702465367824
2024-08-18 02:00:00+00:00,2024,summer,5.659,230.0,22.33,2.6279173147136685,13.1,0.0,188.35175988504957,20.32183346628884,0.0,208.6735933513384,1.437926147678201
2024-08-18 03:00:00+00:00,2024,summer,6.688,250.0,22.33,4.944295310772669,12.9,0.0,279.25896609846905,20.369582974770935,0.0,299.62854907324,1.7230363095220373
2024-08-18 04:00:00+00:00,2024,summer,8.231,260.0,22.33,6.955046275148306,13.9,0.0,339.26700902241816,20.12983211863795,0.0,359.39684114105614,1.8870784782409094
2024-08-18 05:00:00+00:00,2024,summer,6.173,240.0,22.33,3.7723985286071735,13.0,0.0,235.8850141128066,20.34572073568897,0.0,256.23073484849556,1.5933766364611723
2024-08-18 06:00:00+00:00,2024,summer,5.144,230.0,22.33,2.388762443344604,13.1,29.0,177.56629981395247,20.32183346628884,0.4147,197.4734332802413,1.3988049878621367
2024-08-18 07:00:00+00:00,2024,summer,6.688,240.0,22.33,4.0871215550501825,14.1,64.0,243.46265077042,20.08158025229009,0.9152,262.6290310227101,1.613147945905703
2024-08-18 08:00:00+00:00,2024,summer,8.746,270.0,22.33,8.090145408265027,14.4,127.0,369.4440185957285,20.009013235380735,1.8161,387.6369318311092,1.9598164899984727
2024-08-18 09:00:00+00:00,2024,summer,7.717,270.0,22.33,7.1383091831215655,14.4,84.0,341.9428746730976,20.009013235380735,1.2012,360.7506879084783,1.8906294466015063
2024-08-18 10:00:00+00:00,2024,summer,8.231,270.0,22.33,7.613764790238902,15.5,101.0,349.3851440214307,19.740984320074872,1.4443,367.68182834150554,1.9087054655312483
2024-08-18 11:00:00+00:00,2024,summer,8.746,270.0,22.33,8.090145408265027,16.2,158.0,358.4704338849643,19.568817359993037,2.2594,375.7798512449573,1.9296101676509523
2024-08-18 12:00:00+00:00,2024,summer,8.231,270.0,22.33,7.613764790238902,16.4,128.0,344.1003267169048,19.519396725683997,1.8304,361.7893234425888,1.8933491414214236
2024-08-18 13:00:00+00:00,2024,summer,8.746,270.0,22.33,8.090145408265027,15.4,234.0,363.34758264530393,19.765477580452682,3.3462,379.7668602257566,1.9398197012280896
2024-08-18 14:00:00+00:00,2024,summer,8.231,280.0,22.33,8.041142914928969,15.9,130.0,358.94910476512115,19.642756406105658,1.859,376.73286117122683,1.93205544669895
2024-08-18 15:00:00+00:00,2024,summer,7.717,280.0,22.33,7.538998891326309,16.2,99.0,343.1754288146106,19.568817359993037,1.4157,361.3285461746036,1.8921430663071144
2024-08-18 16:00:00+00:00,2024,summer,6.688,280.0,22.33,6.533733910222931,15.8,79.0,316.2645275952865,19.667351650779768,1.1297,334.80217924606626,1.821364937626405
2024-08-18 17:00:00+00:00,2024,summer,5.659,270.0,22.33,5.234636732834643,15.4,33.0,277.6368777112544,19.765477580452682,0.4719,296.93045529170706,1.7152609713864777
2024-08-18 18:00:00+00:00,2024,summer,5.659,270.0,22.33,5.234636732834643,14.7,19.0,280.8977135232993,19.9362187358664,0.2717,300.5622322591657,1.7257188287586636
2024-08-18 19:00:00+00:00,2024,summer,3.087,270.0,22.33,2.855508675430384,14.3,9.0,194.4285732283946,20.033227493424036,0.1287,214.33310072181862,1.4572949409552647
2024-08-18 20:00:00+00:00,2024,summer,2.572,240.0,22.33,1.5717817941969303,12.8,0.0,145.81096195927776,20.393420201026206,0.0,166.20438216030396,1.2832878100561167
2024-08-18 21:00:00+00:00,2024,summer,2.058,180.0,22.33,0.7819176440128364,12.6,0.0,105.65221874098131,20.441019684992096,0.0,126.09323842597341,1.1177604355385842
2024-08-18 22:00:00+00:00,2024,summer,3.087,180.0,22.33,1.1728764660192548,13.2,0.0,126.39824209874068,20.297921149072955,0.0,146.69616324781364,1.2056249068632974
2024-08-18 23:00:00+00:00,2024,summer,3.087,200.0,22.33,0.1255018737733574,12.6,0.0,45.04396243256126,20.441019684992096,0.0,65.48498211755336,0.8055151081841446
2024-08-19 00:00:00+00:00,2024,summer,2.572,160.0,22.33,1.7319840056961955,12.4,0.0,153.53831848572528,20.488519327396272,0.0,174.02683781312155,1.3131397505255578
2024-08-19 01:00:00+00:00,2024,summer,2.572,150.0,22.33,2.0358501888476677,11.9,0.0,166.87293705873512,20.606832543192034,0.0,187.47976960192716,1.3629503621335262
2024-08-19 02:00:00+00:00,2024,summer,3.087,170.0,22.33,1.6509117148619172,12.2,0.0,150.62600498421457,20.535919267950497,0.0,171.16192425216508,1.302286126473364
2024-08-19 03:00:00+00:00,2024,summer,4.63,190.0,22.33,0.9886991679226287,13.6,0.0,115.97096575542285,20.20202105188573,0.0,136.17298680730858,1.1615778327567783
2024-08-19 04:00:00+00:00,2024,summer,4.116,160.0,22.33,2.7717131288668506,13.0,0.0,194.97060124564052,20.34572073568897,0.0,215.3163219813295,1.4606336783732545
2024-08-19 05:00:00+00:00,2024,summer,4.63,150.0,22.33,3.6648469573735225,13.3,0.0,230.5848025507064,20.273983766537576,0.0,250.85878631724398,1.5765853699960668
2024-08-19 06:00:00+00:00,2024,summer,4.63,140.0,22.33,4.10049882431967,13.5,31.0,246.3582987156194,20.22603373546297,0.4433,266.14103245108237,1.623898020677154
2024-08-19 07:00:00+00:00,2024,summer,3.601,160.0,22.33,2.424912287912908,13.7,19.0,177.48498930959357,20.17798323291303,0.2717,197.39127254250658,1.398513964395244
2024-08-19 08:00:00+00:00,2024,summer,3.601,180.0,22.33,1.36816590674938,13.7,197.0,134.70451067662324,20.17798323291303,2.8171,152.06539390953625,1.2274901885200018
2024-08-19 09:00:00+00:00,2024,summer,3.601,170.0,22.33,1.925796269911812,13.8,279.0,157.71058445921267,20.15392026101056,3.9897,173.87480472022324,1.3125660335009153
2024-08-19 10:00:00+00:00,2024,summer,4.116,150.0,22.33,3.25799353705171,13.8,391.0,212.67363898791632,20.15392026101056,5.5913,227.2362592489269,1.5005195200240393
2024-08-19 11:00:00+00:00,2024,summer,5.144,140.0,22.33,4.555716188401811,13.7,565.0,262.0640786039483,20.17798323291303,8.0795,274.16256183686136,1.6481886100845162
2024-08-19 12:00:00+00:00,2024,summer,4.63,100.0,22.33,4.523203948016174,13.6,534.0,261.33231122899633,20.20202105188573,7.6362000000000005,273.89813228088207,1.6473935800857322
2024-08-19 13:00:00+00:00,2024,summer,5.144,120.0,22.33,5.097977757879782,13.9,422.0,280.0090963062687,20.12983211863795,6.0346,294.10432842490667,1.7070786937712528
2024-08-19 14:00:00+00:00,2024,summer,4.116,80.0,22.33,3.477945628539719,14.4,579.0,219.26489856497685,20.009013235380735,8.2797,230.9942118003576,1.512876171486465
2024-08-19 15:00:00+00:00,2024,summer,3.601,40.0,22.33,1.0930266789998866,15.1,388.0,118.5522382383653,19.838804720445037,5.5484,132.84264295881036,1.1472857186392695
2024-08-19 16:00:00+00:00,2024,summer,3.087,40.0,22.33,0.9370100966599972,15.6,196.0,109.4208981256182,19.71646559010476,2.8028,126.33456371572295,1.1188295448914893
2024-08-19 17:00:00+00:00,2024,summer,2.572,320.0,22.33,2.2778580942009055,16.1,185.0,164.06871579374902,19.59348927839023,2.6455,181.01670507213925,1.3392515618614438
2024-08-19 18:00:00+00:00,2024,summer,6.173,260.0,22.33,5.216073460878447,15.2,149.0,277.95762687285617,19.814387763002607,2.1307,295.6413146358588,1.7115334690959554
2024-08-19 19:00:00+00:00,2024,summer,7.717,260.0,22.33,6.520725562546407,14.6,14.0,322.2781216478088,19.960508874188154,0.2002,342.038430521997,1.8409427641723102
2024-08-19 20:00:00+00:00,2024,summer,6.173,230.0,22.33,2.866607807691726,14.1,0.0,195.53742618317438,20.08158025229009,0.0,215.61900643546446,1.4616599727025497
2024-08-19 21:00:00+00:00,2024,summer,4.116,210.0,22.33,0.5493513635221354,13.9,0.0,87.75914969300204,20.12983211863795,0.0,107.88898181164,1.0339305815552795
2024-08-19 22:00:00+00:00,2024,summer,5.144,200.0,22.33,0.209129134658293,14.3,0.0,55.588232713156735,20.033227493424036,0.0,75.62146020658076,0.8656161754559459
2024-08-19 23:00:00+00:00,2024,summer,8.746,280.0,22.33,8.544263872429688,12.5,0.0,394.1068264279986,20.464781977655118,0.0,414.5716084056537,2.026761341903059
2024-08-20 00:00:00+00:00,2024,summer,6.688,270.0,22.33,6.186472957978104,12.7,0.0,321.77989022810453,20.41723243194018,0.0,342.1971226600447,1.8413697765185575
2024-08-20 01:00:00+00:00,2024,summer,7.202,270.0,22.33,6.66192856509544,11.3,0.0,344.4159216325001,20.747988931156307,0.0,365.16391056365643,1.902158745972203
2024-08-20 02:00:00+00:00,2024,summer,5.144,220.0,22.33,1.5613799602264435,11.5,0.0,148.39857595382637,20.701035922616132,0.0,169.0996118764425,1.2944167948207446
2024-08-20 03:00:00+00:00,2024,summer,6.173,230.0,22.33,2.866607807691726,11.3,0.0,204.5276526743548,20.747988931156307,0.0,225.2756416055111,1.4940321785443131
2024-08-20 04:00:00+00:00,2024,summer,6.688,230.0,22.33,3.105762679060791,10.9,0.0,216.26041073846594,20.841598281761826,0.0,237.10200902022777,1.5327469151848272
2024-08-20 05:00:00+00:00,2024,summer,6.173,220.0,22.33,1.8737166591131098,10.6,0.0,163.85016884319015,20.911546258921337,0.0,184.76171510211148,1.35303436242989
2024-08-20 06:00:00+00:00,2024,summer,6.688,220.0,22.33,2.030036775659886,10.9,37.0,169.29177150559184,20.841598281761826,0.5291,189.60426978735367,1.3706510098695863
2024-08-20 07:00:00+00:00,2024,summer,7.202,230.0,22.33,3.344453172038848,11.5,159.0,224.26714490560505,20.701035922616132,2.2737,242.6944808282212,1.5507178422685732
2024-08-20 08:00:00+00:00,2024,summer,7.717,230.0,22.33,3.583608043407913,12.9,270.0,228.88676228937848,20.369582974770935,3.861,245.39534526414943,1.5593226744926247
2024-08-20 09:00:00+00:00,2024,summer,8.746,230.0,22.33,4.061453407755036,13.2,179.0,246.10057701932337,20.297921149072955,2.5597,263.8387981683963,1.6168590572922292
2024-08-20 10:00:00+00:00,2024,summer,8.746,240.0,22.33,5.344791435476809,12.7,157.0,293.97355420933815,20.41723243194018,2.2451,312.14568664127836,1.7586584489546317
2024-08-20 11:00:00+00:00,2024,summer,10.803,260.0,22.33,9.128339802020065,13.6,159.0,403.3197669281468,20.20202105188573,2.2737,421.2480879800325,2.0430161753537557
2024-08-20 12:00:00+00:00,2024,summer,11.318,260.0,22.33,9.563505496553097,13.5,727.01,415.77224636166443,20.22603373546297,10.396243,425.6020370971274,2.0535471687945974
2024-08-20 13:00:00+00:00,2024,summer,12.861,260.0,22.33,10.867312616289926,13.5,499.0,449.9431205166938,20.22603373546297,7.1357,463.0334542521568,2.1419484711729098
2024-08-20 14:00:00+00:00,2024,summer,13.376,260.0,22.33,11.302478310822956,13.2,438.0,463.24294701933354,20.297921149072955,6.2634,477.27746816840653,2.1746446457088284
2024-08-20 15:00:00+00:00,2024,summer,13.376,260.0,22.33,11.302478310822956,14.1,326.0,456.49669050934324,20.08158025229009,4.6618,471.9164707616333,2.1623968569693885
2024-08-20 16:00:00+00:00,2024,summer,13.376,260.0,22.33,11.302478310822956,13.8,395.0,458.74544267934004,20.15392026101056,5.6485,473.2508629403506,2.1654518982310726
2024-08-20 17:00:00+00:00,2024,summer,13.89,270.0,22.33,12.848401523073546,14.1,277.0,494.134345986849,20.08158025229009,3.9611,510.2548262391391,2.248518133709102
2024-08-20 18:00:00+00:00,2024,summer,13.89,270.0,22.33,12.848401523073546,12.9,99.0,503.87098334619577,20.369582974770935,1.4157,522.8248663209667,2.2760455609705454
2024-08-20 19:00:00+00:00,2024,summer,14.919,280.0,22.33,14.5748768251519,13.4,18.0,540.3156429296188,20.250021301172904,0.2574,560.3082642307917,2.356222765986804
2024-08-20 20:00:00+00:00,2024,summer,14.404,280.0,22.33,14.07175586765118,13.2,0.0,530.4283458699065,20.297921149072955,0.0,550.7262670189795,2.335988654641494
2024-08-20 21:00:00+00:00,2024,summer,12.861,270.0,22.33,11.896565297930085,13.4,0.0,476.5958556353072,20.250021301172904,0.0,496.8458769364801,2.218777120532651
2024-08-20 22:00:00+00:00,2024,summer,11.318,280.0,22.33,11.056937858239104,13.1,0.0,457.7369831979781,20.32183346628884,0.0,478.05881666426694,2.176423967576367
2024-08-20 23:00:00+00:00,2024,summer,10.289,280.0,22.33,10.051672877135726,13.2,0.0,430.8546438463291,20.297921149072955,0.0,451.1525649954021,2.1142899684762693
2024-08-21 00:00:00+00:00,2024,summer,10.289,270.0,22.33,9.517437240525824,13.2,0.0,416.5554812826893,20.297921149072955,0.0,436.8534024317623,2.0805142516461452
2024-08-21 01:00:00+00:00,2024,summer,8.231,260.0,22.33,6.955046275148306,12.6,0.0,346.4854560228951,20.441019684992096,0.0,366.9264757078872,1.9067438688211218
2024-08-21 02:00:00+00:00,2024,summer,4.63,220.0,22.33,1.405363377886554,11.5,0.0,141.29416522460087,20.701035922616132,0.0,161.99520114721702,1.2669337587542926
2024-08-21 03:00:00+00:00,2024,summer,4.63,220.0,22.33,1.405363377886554,12.2,0.0,139.73659174968398,20.535919267950497,0.0,160.27251101763449,1.2601793373175574
2024-08-21 04:00:00+00:00,2024,summer,5.144,200.0,22.33,0.209129134658293,11.5,0.0,58.1524345516549,20.701035922616132,0.0,78.85347047427103,0.8839205684466154
2024-08-21 05:00:00+00:00,2024,summer,5.144,190.0,22.33,1.0984597234976248,12.0,0.0,124.97609702066069,20.58321964626876,0.0,145.55931666692945,1.2009442243337156
2024-08-21 06:00:00+00:00,2024,summer,6.173,190.0,22.33,1.3181943765845328,12.2,38.0,135.6285346624803,20.535919267950497,0.5434,155.6210539304308,1.2417581237982571
2024-08-21 07:00:00+00:00,2024,summer,6.688,190.0,22.33,1.428168474096445,13.2,212.0,138.54686245271003,20.297921149072955,3.0316,155.81318360178298,1.2425244243160027
2024-08-21 08:00:00+00:00,2024,summer,6.688,200.0,22.33,0.27190039902695634,13.8,302.0,63.338446893904155,20.15392026101056,4.3186,79.17376715491471,0.8857139575333787
2024-08-21 09:00:00+00:00,2024,summer,7.202,200.0,22.33,0.2927970505071979,14.0,404.0,65.34779171239828,20.105718788248662,5.7772,79.67631050064695,0.8885204778493475
2024-08-21 10:00:00+00:00,2024,summer,7.717,210.0,22.33,1.0299670729592614,14.4,474.0,116.66196873307801,20.009013235380735,6.7782,129.89278196845876,1.1344760789621335
2024-08-21 11:00:00+00:00,2024,summer,7.202,210.0,22.33,0.9612314188742517,14.9,348.0,112.0348921353536,19.88756245579483,4.9764,126.94605459114844,1.1215339836693337
2024-08-21 12:00:00+00:00,2024,summer,7.202,210.0,22.33,0.9612314188742517,14.9,268.0,112.0348921353536,19.88756245579483,3.8324000000000003,128.09005459114843,1.1265761145615323
2024-08-21 13:00:00+00:00,2024,summer,6.688,210.0,22.33,0.8926292320787275,15.5,454.0,107.15457072111629,19.740984320074872,6.4922,120.40335504119116,1.0922501880600368
2024-08-21 14:00:00+00:00,2024,summer,8.231,220.0,22.33,2.498390056886442,15.5,392.0,175.48095968382444,19.740984320074872,5.6056,189.6163440038993,1.370694651486031
2024-08-21 15:00:00+00:00,2024,summer,8.231,230.0,22.33,3.8222985363859707,14.8,210.0,230.90434309359884,19.911903268935795,3.003,247.81324636253464,1.5669859132468507
2024-08-21 16:00:00+00:00,2024,summer,5.659,220.0,22.33,1.71770007677322,15.3,292.0,145.86153825692884,19.78994538888251,4.1756,161.47588364581134,1.264901386757558
2024-08-21 17:00:00+00:00,2024,summer,6.173,220.0,22.33,1.8737166591131098,14.8,191.0,153.16428826646035,19.911903268935795,2.7313,170.34489153539613,1.29917421018122
2024-08-21 18:00:00+00:00,2024,summer,7.717,200.0,22.33,0.31373435695140883,15.4,124.0,65.93639356449718,19.765477580452682,1.7732,83.92867114494986,0.9119226595979104
2024-08-21 19:00:00+00:00,2024,summer,8.746,200.0,22.33,0.3555683148758613,16.1,32.72,69.07588181514244,19.59348927839023,0.467896,88.20147509353268,0.9348474720784421
2024-08-21 20:00:00+00:00,2024,summer,9.774,200.0,22.33,0.3973616178363444,16.0,0.0,72.870818590975,19.61813562120077,0.0,92.48895421217577,0.9572993592316299
2024-08-21 21:00:00+00:00,2024,summer,9.26,190.0,22.33,1.9773983358452574,16.0,0.0,153.9263220154296,19.61813562120077,0.0,173.54445763663037,1.3113185597524684
2024-08-21 22:00:00+00:00,2024,summer,9.774,180.0,22.33,3.7135388982417217,15.3,0.0,224.93772903684518,19.78994538888251,0.0,244.72767442572768,1.5571999296491559
2024-08-21 23:00:00+00:00,2024,summer,11.832,180.0,22.33,4.4954565422545585,14.9,0.0,254.82831803820724,19.88756245579483,0.0,274.7158804940021,1.6498509702308317
2024-08-22 00:00:00+00:00,2024,summer,9.774,180.0,22.33,3.7135388982417217,15.1,0.0,225.6912892681244,19.838804720445037,0.0,245.53009398856943,1.559750734578287
2024-08-22 01:00:00+00:00,2024,summer,7.717,190.0,22.33,1.6479031271833533,16.2,0.0,140.91216516074553,19.568817359993037,0.0,160.48098252073856,1.2609986484558324
2024-08-22 02:00:00+00:00,2024,summer,9.774,240.0,22.33,5.973015263017416,15.2,0.0,302.237152541952,19.814387763002607,0.0,322.05154030495464,1.7863457625771686
2024-08-22 03:00:00+00:00,2024,summer,11.318,280.0,22.33,11.056937858239104,13.5,0.0,454.7790705440332,20.22603373546297,0.0,475.00510427949615,2.1694616230679955
2024-08-22 04:00:00+00:00,2024,summer,11.832,280.0,22.33,11.559081881841765,13.1,0.0,470.4747046666814,20.32183346628884,0.0,490.7965381329703,2.2052284115403755
2024-08-22 05:00:00+00:00,2024,summer,10.803,280.0,22.33,10.553816900738386,13.1,0.0,444.7508218048763,20.32183346628884,0.0,465.07265527116516,2.146659864057951
2024-08-22 06:00:00+00:00,2024,summer,10.803,280.0,22.33,10.553816900738386,13.1,55.0,444.7508218048763,20.32183346628884,0.7865,464.28615527116517,2.144843951669152
2024-08-22 07:00:00+00:00,2024,summer,10.289,280.0,22.33,10.051672877135726,13.3,167.0,430.15746804722505,20.273983766537576,2.3881,448.0433518137626,2.1069918346594827
2024-08-22 08:00:00+00:00,2024,summer,9.26,260.0,22.33,7.824532682283237,14.4,298.0,361.900285663664,20.009013235380735,4.2614,377.6478988990448,1.9344003860508718
2024-08-22 09:00:00+00:00,2024,summer,9.26,260.0,22.33,7.824532682283237,14.1,202.0,363.6918712362564,20.08158025229009,2.8886,380.88485148854653,1.9426729092691257
2024-08-22 10:00:00+00:00,2024,summer,7.202,240.0,22.33,4.401233468820487,13.9,151.0,255.69909959819245,20.12983211863795,2.1593,273.66963171683045,1.646706264510573
2024-08-22 11:00:00+00:00,2024,summer,8.231,250.0,22.33,6.085002198410563,14.1,362.0,311.35040478255934,20.08158025229009,5.1766,326.25538503484944,1.7979668416175534
2024-08-22 12:00:00+00:00,2024,summer,8.231,250.0,22.33,6.085002198410563,14.9,350.0,307.2604158855799,19.88756245579483,5.005,322.1429783413747,1.786599337449643
2024-08-22 13:00:00+00:00,2024,summer,6.688,250.0,22.33,4.944295310772669,14.2,161.0,273.4129651978569,20.057416493203508,2.3023000000000002,291.1680816910604,1.6985358449071233
2024-08-22 14:00:00+00:00,2024,summer,5.659,240.0,22.33,3.458286614836869,13.2,151.0,222.82482191658755,20.297921149072955,2.1593,240.9634430656605,1.5451776361853518
2024-08-22 15:00:00+00:00,2024,summer,5.144,230.0,22.33,2.388762443344604,14.1,243.0,174.69770046316165,20.08158025229009,3.4749,191.30438071545174,1.3767823549366283
2024-08-22 16:00:00+00:00,2024,summer,5.659,230.0,22.33,2.6279173147136685,13.5,191.0,187.13462411842568,20.22603373546297,2.7313,204.62935785388865,1.4239239818186689
2024-08-22 17:00:00+00:00,2024,summer,4.116,220.0,22.33,1.2493467955466644,12.7,136.0,131.22703855791286,20.41723243194018,1.9448,149.69947098985307,1.217903746979073
2024-08-22 18:00:00+00:00,2024,summer,3.601,200.0,22.33,0.14639852525359895,12.6,119.0,48.39557930416409,20.441019684992096,1.7017,67.13489898915618,0.8155995992425895
2024-08-22 19:00:00+00:00,2024,summer,4.63,210.0,22.33,0.6179535503176597,12.0,22.79,95.58879064246254,20.58321964626876,0.325897,115.8461132887313,1.071380080527097
2024-08-22 20:00:00+00:00,2024,summer,3.601,200.0,22.33,0.14639852525359895,11.1,0.0,49.5589345758988,20.794843004512877,0.0,70.35377758041167,0.8349232299161788
2024-08-22 21:00:00+00:00,2024,summer,2.572,190.0,22.33,0.5492298617488124,10.7,0.0,92.34585424739544,20.888254901881265,0.0,113.2341091492767,1.0592329147961042
2024-08-22 22:00:00+00:00,2024,summer,2.058,160.0,22.33,1.3858565644334253,10.9,0.0,141.7032299593902,20.841598281761826,0.0,162.54482824115203,1.2690812034561534
2024-08-22 23:00:00+00:00,2024,summer,2.058,170.0,22.33,1.1006078099079446,10.7,0.0,127.67114697657404,20.888254901881265,0.0,148.5594018784553,1.2132572771422339
2024-08-23 00:00:00+00:00,2024,summer,1.029,180.0,22.33,0.3909588220064182,10.4,0.0,79.18566571356855,20.958055153716582,0.0,100.14372086728514,0.9961269629502425
2024-08-23 01:00:00+00:00,2024,summer,2.058,200.0,22.33,0.08366791584890493,10.2,0.0,42.07808881199011,21.004465738399713,0.0,63.08255455038983,0.7906012010342786
2024-08-23 02:00:00+00:00,2024,summer,6.173,230.0,22.33,2.866607807691726,11.8,0.0,202.92225508664404,20.63042060186722,0.0,223.55267568851127,1.4883078414868387
2024-08-23 03:00:00+00:00,2024,summer,9.26,290.0,22.33,9.252344250464661,12.3,0.0,415.3078574476895,20.512231751676453,0.0,435.82008919936595,2.0780522178453524
2024-08-23 04:00:00+00:00,2024,summer,10.803,280.0,22.33,10.553816900738386,12.1,0.0,451.93581084857385,20.559581893667065,0.0,472.49539274224094,2.163722807063996
2024-08-23 05:00:00+00:00,2024,summer,10.803,280.0,22.33,10.553816900738386,12.0,0.0,452.6543097529436,20.58321964626876,0.0,473.23752939921235,2.1654213929033466
2024-08-23 06:00:00+00:00,2024,summer,11.318,280.0,22.33,11.056937858239104,12.3,47.0,463.652808505868,20.512231751676453,0.6721,483.49294025754443,2.188758785657168
2024-08-23 07:00:00+00:00,2024,summer,9.774,270.0,22.33,9.041056622499699,12.9,146.0,405.5029930585806,20.369582974770935,2.0878,423.78477603335153,2.049158299482987
2024-08-23 08:00:00+00:00,2024,summer,8.746,260.0,22.33,7.390211969681338,11.6,260.0,365.4922935024999,20.677522274164204,3.718,382.4518157766641,1.9466648961126811
2024-08-23 09:00:00+00:00,2024,summer,7.202,230.0,22.33,3.344453172038848,13.6,169.0,216.8504361764433,20.20202105188573,2.4167,234.63575722832906,1.5247545299202878
2024-08-23 10:00:00+00:00,2024,summer,8.746,240.0,22.33,5.344791435476809,13.5,229.0,290.19861290327924,20.22603373546297,3.2747,307.1499466387422,1.744528448112176
2024-08-23 11:00:00+00:00,2024,summer,8.231,240.0,22.33,5.0300684090338,13.6,208.0,279.0615750797419,20.20202105188573,2.9744,296.2891961316276,1.7134078079767134
2024-08-23 12:00:00+00:00,2024,summer,7.202,230.0,22.33,3.344453172038848,14.9,165.0,212.25914029648607,19.88756245579483,2.3595,229.7872027522809,1.5089183950605944
2024-08-23 13:00:00+00:00,2024,summer,9.26,250.0,22.33,6.8457198830375185,15.4,443.0,327.7134633334069,19.765477580452682,6.3349,341.14404091385956,1.8385342660280872
2024-08-23 14:00:00+00:00,2024,summer,7.202,240.0,22.33,4.401233468820487,15.5,260.0,249.00321482966368,19.740984320074872,3.718,265.02619914973855,1.6204932930817093
2024-08-23 15:00:00+00:00,2024,summer,7.717,230.0,22.33,3.583608043407913,15.0,219.0,221.14663023128355,19.863196278835822,3.1317,237.8781265101194,1.5352534730085472
2024-08-23 16:00:00+00:00,2024,summer,6.173,280.0,22.33,6.030612952722212,12.9,174.0,315.7286445480658,20.369582974770935,2.4882,333.61002752283673,1.818119320000042
2024-08-23 17:00:00+00:00,2024,summer,6.173,270.0,22.33,5.71009233995198,12.3,52.0,308.199550594689,20.512231751676453,0.7436,327.96818234636544,1.8026802067878014
2024-08-23 18:00:00+00:00,2024,summer,4.116,240.0,22.33,2.515339760853252,12.6,113.0,184.80440892904608,20.441019684992096,1.6159000000000001,203.62952861403815,1.4204410403856413
2024-08-23 19:00:00+00:00,2024,summer,3.601,220.0,22.33,1.093026678999888,12.9,4.0,122.90641059436543,20.369582974770935,0.0572,143.21879356913635,1.1912497961329866
2024-08-23 20:00:00+00:00,2024,summer,3.087,200.0,22.33,0.1255018737733574,11.9,0.0,45.54926329318294,20.606832543192034,0.0,66.15609583637497,0.8096321914328881
2024-08-23 21:00:00+00:00,2024,summer,2.572,160.0,22.33,1.7319840056961955,11.7,0.0,155.25520064131646,20.653983839718578,0.0,175.90918448103503,1.3202223827476518
2024-08-23 22:00:00+00:00,2024,summer,4.63,190.0,22.33,0.9886991679226287,11.9,0.0,119.18188826005184,20.606832543192034,0.0,139.78872080324388,1.1768982014436138
2024-08-23 23:00:00+00:00,2024,summer,4.116,180.0,22.33,1.5638352880256727,11.7,0.0,148.03953768667043,20.653983839718578,0.0,168.69352152638902,1.2928615986604035
2024-08-24 00:00:00+00:00,2024,summer,5.144,180.0,22.33,1.9544141694859236,11.7,0.0,164.2473785893864,20.653983839718578,0.0,184.90136242910495,1.3535455937275633
2024-08-24 01:00:00+00:00,2024,summer,4.63,200.0,22.33,0.1882324831780514,10.8,0.0,55.9788147016893,20.864938915280412,0.0,76.8437536169697,0.872583746600291
2024-08-24 02:00:00+00:00,2024,summer,4.116,200.0,22.33,0.16733583169780986,10.2,0.0,53.48702652113845,21.004465738399713,0.0,74.49149225953816,0.8591246322352051
2024-08-24 03:00:00+00:00,2024,summer,4.116,210.0,22.33,0.5493513635221354,10.4,0.0,92.78626956084995,20.958055153716582,0.0,113.74432471456653,1.061616603379
2024-08-24 04:00:00+00:00,2024,summer,5.659,220.0,22.33,1.71770007677322,10.3,0.0,158.07774749117746,20.981272726155126,0.0,179.0590202173326,1.3319899120814134
2024-08-24 05:00:00+00:00,2024,summer,6.173,260.0,22.33,5.216073460878447,10.9,0.0,297.94454653093777,20.841598281761826,0.0,318.7861448126996,1.777266490872608
2024-08-24 06:00:00+00:00,2024,summer,8.231,270.0,22.33,7.613764790238902,11.2,44.71,374.63482669860963,20.77142832603801,0.6393530000000001,394.7669020246476,1.977758230612378
2024-08-24 07:00:00+00:00,2024,summer,7.717,270.0,22.33,7.1383091831215655,12.0,209.0,355.4851667393589,20.58321964626876,2.9887,373.0796863856276,1.9226650654661825
2024-08-24 08:00:00+00:00,2024,summer,6.173,230.0,22.33,2.866607807691726,11.5,365.0,203.8854936392705,20.701035922616132,5.2195,219.36702956188662,1.4743089808043386
2024-08-24 09:00:00+00:00,2024,summer,6.688,240.0,22.33,4.0871215550501825,13.4,475.0,246.26107204364322,20.250021301172904,6.7925,259.7185933448161,1.6041846442335392
2024-08-24 10:00:00+00:00,2024,summer,8.231,260.0,22.33,6.955046275148306,13.2,174.0,343.153865099598,20.297921149072955,2.4882,360.963586248671,1.891187245264327
2024-08-24 11:00:00+00:00,2024,summer,8.746,260.0,22.33,7.390211969681338,14.4,631.01,349.3506780165851,20.009013235380735,9.023443,360.33624825196586,1.889543132680029
2024-08-24 12:00:00+00:00,2024,summer,9.26,260.0,22.33,7.824532682283237,14.3,290.0,362.49748085452813,20.033227493424036,4.147,378.38370834795217,1.9362839625869626
2024-08-24 13:00:00+00:00,2024,summer,9.26,270.0,22.33,8.565601015382363,12.6,506.0,394.08321772763327,20.441019684992096,7.2358,407.2884374126254,2.008879441498841
2024-08-24 14:00:00+00:00,2024,summer,9.26,280.0,22.33,9.046407896032347,11.8,280.0,412.836753211592,20.63042060186722,4.0040000000000004,429.4631738134592,2.0628412080799854
2024-08-24 15:00:00+00:00,2024,summer,8.231,280.0,22.33,8.041142914928969,12.4,337.0,380.2066659610251,20.488519327396272,4.8191,395.8760852884214,1.9805347521019812
2024-08-24 16:00:00+00:00,2024,summer,9.774,280.0,22.33,9.548551919635006,14.2,375.0,410.6425686973534,20.057416493203508,5.3625,425.3374851905569,2.052908832718857
2024-08-24 17:00:00+00:00,2024,summer,9.774,290.0,22.33,9.765919298492614,13.3,87.0,422.5585407889796,20.273983766537576,1.2441,441.5884245555172,2.0917591341663173
2024-08-24 18:00:00+00:00,2024,summer,9.774,280.0,22.33,9.548551919635006,13.4,94.0,416.04576039073964,20.250021301172904,1.3442,434.95158169191257,2.0759806015378204
2024-08-24 19:00:00+00:00,2024,summer,9.26,270.0,22.33,8.565601015382363,12.8,10.0,392.8201304913268,20.393420201026206,0.14300000000000002,413.07055069235304,2.023088822469896
2024-08-24 20:00:00+00:00,2024,summer,9.26,260.0,22.33,7.824532682283237,10.9,0.0,382.8021173439086,20.841598281761826,0.0,403.64371562567044,1.99987076368089
2024-08-24 21:00:00+00:00,2024,summer,9.26,260.0,22.33,7.824532682283237,12.5,0.0,373.2469942900825,20.464781977655118,0.0,393.7117762677376,1.9751134041525107
2024-08-24 22:00:00+00:00,2024,summer,5.659,220.0,22.33,1.71770007677322,10.6,0.0,157.34477493712257,20.911546258921337,0.0,178.2563211960439,1.3290009871210708
2024-08-24 23:00:00+00:00,2024,summer,5.659,230.0,22.33,2.6279173147136685,10.4,0.0,196.56742630976092,20.958055153716582,0.0,217.5254814634775,1.468107654744012
2024-08-25 00:00:00+00:00,2024,summer,5.659,220.0,22.33,1.71770007677322,10.6,0.0,157.34477493712257,20.911546258921337,0.0,178.2563211960439,1.3290009871210708
2024-08-25 01:00:00+00:00,2024,summer,4.63,200.0,22.33,0.1882324831780514,11.1,0.0,55.71723145541972,20.794843004512877,0.0,76.51207445993259,0.8706985522558902
2024-08-25 02:00:00+00:00,2024,summer,5.659,200.0,22.33,0.23006644110250388,11.2,0.0,61.083695657838845,20.77142832603801,0.0,81.85512398387685,0.9005871980559252
2024-08-25 03:00:00+00:00,2024,summer,6.688,190.0,22.33,1.428168474096445,11.5,0.0,142.35802209946743,20.701035922616132,0.0,163.05905802208358,1.2710870624777082
2024-08-25 04:00:00+00:00,2024,summer,7.202,190.0,22.33,1.537929029671441,11.8,0.0,146.65956470810195,20.63042060186722,0.0,167.28998530996918,1.2874720372167316
2024-08-25 05:00:00+00:00,2024,summer,7.202,200.0,22.33,0.2927970505071979,12.0,0.0,67.49034226034577,20.58321964626876,0.0,88.07356190661453,0.9341693501682804
2024-08-25 06:00:00+00:00,2024,summer,7.717,190.0,22.33,1.6479031271833533,11.9,40.38,151.21696635447353,20.606832543192034,0.577434,171.24636489766556,1.302607320343991
2024-08-25 07:00:00+00:00,2024,summer,8.231,190.0,22.33,1.7576636827583492,12.6,189.0,154.10107307099207,20.441019684992096,2.7027,171.83939275598416,1.3048608420663101
2024-08-25 08:00:00+00:00,2024,summer,7.202,200.0,22.33,0.2927970505071979,13.3,289.0,66.0976844041799,20.273983766537576,4.1327,82.23896817071747,0.9026962954157475
2024-08-25 09:00:00+00:00,2024,summer,8.746,230.0,22.33,4.061453407755036,13.1,429.0,246.4987980177365,20.32183346628884,6.1347000000000005,260.68593148402533,1.6071693106749794
2024-08-25 10:00:00+00:00,2024,summer,8.231,230.0,22.33,3.8222985363859707,13.9,489.0,234.3564013790513,20.12983211863795,6.9927,247.49353349768924,1.5659747743104082
2024-08-25 11:00:00+00:00,2024,summer,7.717,230.0,22.33,3.583608043407913,13.5,578.0,226.67529598706562,20.22603373546297,8.2654,238.6359297225286,1.537696940453838
2024-08-25 12:00:00+00:00,2024,summer,9.26,230.0,22.33,4.300143900733093,13.7,737.01,252.87853500509522,20.17798323291303,10.539243,262.51727523800827,1.6128046902567068
2024-08-25 13:00:00+00:00,2024,summer,10.289,240.0,22.33,6.2877382894604255,14.0,475.0,318.2426737132258,20.105718788248662,6.7925,331.5558925014745,1.8125133296511375
2024-08-25 14:00:00+00:00,2024,summer,9.774,240.0,22.33,5.973015263017416,13.8,557.0,309.312938721864,20.15392026101056,7.9651000000000005,321.50175898287455,1.7848203560642442
2024-08-25 15:00:00+00:00,2024,summer,9.26,240.0,22.33,5.658903349247113,14.1,500.0,297.69041023927514,20.08158025229009,7.15,310.62199049156527,1.754360873612489
2024-08-25 16:00:00+00:00,2024,summer,9.26,240.0,22.33,5.658903349247113,13.9,335.0,298.66804705451085,20.12983211863795,4.7905,314.00737917314876,1.7638951287218068
2024-08-25 17:00:00+00:00,2024,summer,8.746,240.0,22.33,5.344791435476809,13.8,57.0,288.78300991350716,20.15392026101056,0.8151,308.12183017451775,1.7472862857821627
2024-08-25 18:00:00+00:00,2024,summer,8.746,240.0,22.33,5.344791435476809,14.1,116.0,287.3674069237351,20.08158025229009,1.6588,305.7901871760252,1.740662632251768
2024-08-25 19:00:00+00:00,2024,summer,7.202,240.0,22.33,4.401233468820487,13.8,16.810000000000002,256.1175923962255,20.15392026101056,0.24038300000000004,276.0311296572361,1.6537957258697813
2024-08-25 20:00:00+00:00,2024,summer,6.173,230.0,22.33,2.866607807691726,12.9,0.0,199.3903803936803,20.369582974770935,0.0,219.75996336845122,1.4756287932155074
2024-08-25 21:00:00+00:00,2024,summer,5.144,230.0,22.33,2.388762443344604,13.2,0.0,177.27943987887338,20.297921149072955,0.0,197.57736102794632,1.3991730260515736
2024-08-25 22:00:00+00:00,2024,summer,6.173,230.0,22.33,2.866607807691726,12.5,0.0,200.67469846384893,20.464781977655118,0.0,221.13948044150405,1.4802530897083799
2024-08-25 23:00:00+00:00,2024,summer,5.144,240.0,22.33,3.1435635883938606,12.9,0.0,211.08508882234673,20.369582974770935,0.0,231.45467179711767,1.5143832918165139
2024-08-26 00:00:00+00:00,2024,summer,5.659,230.0,22.33,2.6279173147136685,13.0,0.0,188.65604382670554,20.34572073568897,0.0,209.0017645623945,1.4390563831220033
2024-08-26 01:00:00+00:00,2024,summer,5.144,230.0,22.33,2.388762443344604,13.0,0.0,177.85315974903156,20.34572073568897,0.0,198.19888048472052,1.4013719886303568
2024-08-26 02:00:00+00:00,2024,summer,4.63,220.0,22.33,1.405363377886554,13.0,0.0,137.95650777835044,20.34572073568897,0.0,158.30222851403943,1.2524094853453498
2024-08-26 03:00:00+00:00,2024,summer,4.63,230.0,22.33,2.1500719503665464,13.0,0.0,168.18830140974833,20.34572073568897,0.0,188.5340221454373,1.3667771204339687
2024-08-26 04:00:00+00:00,2024,summer,4.116,220.0,22.33,1.2493467955466644,12.7,0.0,131.22703855791286,20.41723243194018,0.0,151.64427098985306,1.2257893326521352
2024-08-26 05:00:00+00:00,2024,summer,3.601,230.0,22.33,1.672226586019424,12.1,0.0,151.77043301016397,20.559581893667065,0.0,172.33001490383103,1.3067222817293092
2024-08-26 06:00:00+00:00,2024,summer,4.116,230.0,22.33,1.911381457388489,12.6,14.0,160.24093245011971,20.441019684992096,0.2002,180.4817521351118,1.3372711737660445
2024-08-26 07:00:00+00:00,2024,summer,3.601,230.0,22.33,1.672226586019424,12.5,199.0,150.80527922313593,20.464781977655118,2.8457,168.42436120079105,1.2918297689702596
2024-08-26 08:00:00+00:00,2024,summer,1.543,230.0,22.33,0.7165358573251795,13.1,309.0,100.6265362558551,20.32183346628884,4.4187,116.52966972214394,1.0745363003834025
2024-08-26 09:00:00+00:00,2024,summer,2.572,230.0,22.33,1.194381221672302,14.8,148.0,124.1726969435715,19.911903268935795,2.1164,141.9682002125073,1.1860373672864528
2024-08-26 10:00:00+00:00,2024,summer,3.601,200.0,22.33,0.14639852525359895,14.9,444.0,46.6117678875042,19.88756245579483,6.3492,60.150130343299026,0.7720067901863956
2024-08-26 11:00:00+00:00,2024,summer,4.116,210.0,22.33,0.5493513635221354,15.4,401.0,85.60466974963866,19.765477580452682,5.7343,99.63584733009134,0.9935978499369506
2024-08-26 12:00:00+00:00,2024,summer,4.116,210.0,22.33,0.5493513635221354,15.6,381.0,85.3174057571902,19.71646559010476,5.4483,99.58557134729496,0.9933471348930352
2024-08-26 13:00:00+00:00,2024,summer,4.116,190.0,22.33,0.8789386123476327,16.2,346.0,105.13395626039778,19.568817359993037,4.9478,119.75497362039081,1.089305292025931
2024-08-26 14:00:00+00:00,2024,summer,4.63,180.0,22.33,1.7591247287557983,16.4,369.0,144.77275778534232,19.519396725683997,5.2767,159.01545451102632,1.2552276615119085
2024-08-26 15:00:00+00:00,2024,summer,4.63,180.0,22.33,1.7591247287557983,16.7,272.0,144.03160032227743,19.445073514943537,3.8896,159.58707383722097,1.257481746597317
2024-08-26 16:00:00+00:00,2024,summer,5.144,150.0,22.33,4.071700377695335,16.2,189.0,234.51886470517874,19.568817359993037,2.7027,251.38498206517178,1.5782380088215173
2024-08-26 17:00:00+00:00,2024,summer,5.144,140.0,22.33,4.555716188401811,15.2,177.0,255.6514176266902,19.814387763002607,2.5311,272.93470538969285,1.644493703766438
2024-08-26 18:00:00+00:00,2024,summer,4.63,130.0,22.33,4.411559109441389,15.5,74.0,249.3640771910518,19.740984320074872,1.0582,268.0468615111267,1.629701994579318
2024-08-26 19:00:00+00:00,2024,summer,4.116,140.0,22.33,3.6452814602375296,15.9,7.0,220.13864309137438,19.642756406105658,0.1001,239.68129949748004,1.5410612815608251
2024-08-26 20:00:00+00:00,2024,summer,4.116,130.0,22.33,3.9218093508554546,16.0,0.0,229.92471662554618,19.61813562120077,0.0,249.54285224674695,1.5724447728246538
2024-08-26 21:00:00+00:00,2024,summer,4.116,140.0,22.33,3.6452814602375296,15.8,0.0,220.51112810506538,19.667351650779768,0.0,240.17847975584516,1.5426587952744901
2024-08-26 22:00:00+00:00,2024,summer,4.116,160.0,22.33,2.7717131288668506,16.4,0.0,184.27866504829896,19.519396725683997,0.0,203.79806177398297,1.4210287299666466
2024-08-26 23:00:00+00:00,2024,summer,3.601,130.0,22.33,3.431106771727525,16.3,0.0,210.61798924502042,19.544119848322026,0.0,230.16210909334245,1.5101488215472187
2024-08-27 00:00:00+00:00,2024,summer,3.087,150.0,22.33,2.443495152788783,16.3,0.0,170.7608083797028,19.544119848322026,0.0,190.30492822802483,1.3731812076745156
2024-08-27 01:00:00+00:00,2024,summer,4.63,170.0,22.33,2.4761001748657843,17.4,0.0,168.93912589191748,19.270752999232265,0.0,188.20987889114974,1.365601676960558
2024-08-27 02:00:00+00:00,2024,summer,8.231,180.0,22.33,3.127290635505178,17.3,0.0,195.500914494693,19.29573320601393,0.0,214.79664770070693,1.458869965562219
2024-08-27 03:00:00+00:00,2024,summer,9.774,190.0,22.33,2.0871588914202532,17.1,0.0,154.90749552868567,19.345616272624557,0.0,174.25311180131024,1.3139931615601386
2024-08-27 04:00:00+00:00,2024,summer,5.659,190.0,22.33,1.208433821009537,17.2,0.0,119.8739170177068,19.320687624559913,0.0,139.1946046422667,1.174394570417389
2024-08-27 05:00:00+00:00,2024,summer,5.659,190.0,22.33,1.208433821009537,17.1,0.0,120.08131133780664,19.345616272624557,0.0,139.4269276104312,1.1753742243432246
2024-08-27 06:00:00+00:00,2024,summer,6.688,210.0,22.33,0.8926292320787275,16.7,18.0,104.99347013514418,19.445073514943537,0.2574,124.18114365008772,1.109253126276618
2024-08-27 07:00:00+00:00,2024,summer,7.202,240.0,22.33,4.401233468820487,15.2,91.0,250.2586932237628,19.814387763002607,1.3013000000000001,268.7717809867654,1.6319042308332445
2024-08-27 08:00:00+00:00,2024,summer,6.688,240.0,22.33,4.0871215550501825,15.3,102.0,238.6653571591802,19.78994538888251,1.4586000000000001,256.99670254806273,1.5957564530087982
2024-08-27 09:00:00+00:00,2024,summer,7.202,230.0,22.33,3.344453172038848,16.0,191.0,208.3741976288299,19.61813562120077,2.7313,225.26103325003066,1.4939837363185042
2024-08-27 10:00:00+00:00,2024,summer,7.202,240.0,22.33,4.401233468820487,15.7,447.0,248.16622923359756,19.69192137289192,6.3921,261.46605060648943,1.6095722921083633
2024-08-27 11:00:00+00:00,2024,summer,6.173,230.0,22.33,2.866607807691726,16.5,362.0,187.83151776216258,19.494647974379557,5.1766,202.14956573654212,1.4152698021512877
2024-08-27 12:00:00+00:00,2024,summer,5.659,260.0,22.33,4.781752748276548,17.1,241.0,255.04828439683226,19.345616272624557,3.4463,270.9476006694568,1.6384963888995348
2024-08-27 13:00:00+00:00,2024,summer,5.659,240.0,22.33,3.458286614836869,17.3,189.0,208.0419453816683,19.29573320601393,2.7027,224.63497858768224,1.4919062215315984
2024-08-27 14:00:00+00:00,2024,summer,4.63,260.0,22.33,3.9122663411416183,19.0,129.0,217.9052989646573,18.86754797940053,1.8447,234.92814694405786,1.5257042652582224
2024-08-27 15:00:00+00:00,2024,summer,5.659,200.0,22.33,0.23006644110250388,18.7,142.0,53.903010431603875,18.943655492252546,2.0306,70.81606592385641,0.8376618412071619
2024-08-27 16:00:00+00:00,2024,summer,5.659,190.0,22.33,1.208433821009537,19.2,124.0,115.72603061571002,18.81667921227517,1.7732,132.7695098279852,1.1469698707091547
2024-08-27 17:00:00+00:00,2024,summer,6.173,210.0,22.33,0.8238935779937179,18.4,109.0,98.19590387296995,19.019528668117406,1.5587,115.65673254108735,1.0705039969645587
2024-08-27 18:00:00+00:00,2024,summer,4.63,210.0,22.33,0.6179535503176597,17.9,58.0,86.63682453467638,19.14546451995717,0.8294,104.95288905463354,1.0197648370352121
2024-08-27 19:00:00+00:00,2024,summer,4.116,190.0,22.33,0.8789386123476327,16.9,4.0,103.8823615430121,19.395396328296854,0.0572,123.22055787130896,1.1049545615956102
2024-08-27 20:00:00+00:00,2024,summer,4.63,200.0,22.33,0.1882324831780514,16.1,0.0,51.35751068426012,19.59348927839023,0.0,70.95099996265034,0.8384595083981242
2024-08-27 21:00:00+00:00,2024,summer,4.116,200.0,22.33,0.16733583169780986,15.2,0.0,49.35994114142098,19.814387763002607,0.0,69.17432890442359,0.8278950978770567
2024-08-27 22:00:00+00:00,2024,summer,5.659,200.0,22.33,0.23006644110250388,15.0,0.0,57.445481809879794,19.863196278835822,0.0,77.30867808871562,0.8752194439876733
2024-08-27 23:00:00+00:00,2024,summer,5.659,230.0,22.33,2.6279173147136685,14.1,0.0,185.30892046848982,20.08158025229009,0.0,205.3905007207799,1.4265697498159404
2024-08-28 00:00:00+00:00,2024,summer,3.087,190.0,22.33,0.6592039592607246,13.7,0.0,95.85277813187618,20.17798323291303,0.0,116.03076136478921,1.0722335813382824
2024-08-28 01:00:00+00:00,2024,summer,4.116,190.0,22.33,0.8789386123476327,13.7,0.0,109.60393739391809,20.17798323291303,0.0,129.78192062683112,1.1339918473317632
2024-08-28 02:00:00+00:00,2024,summer,3.087,190.0,22.33,0.6592039592607246,13.5,0.0,96.1655115026164,20.22603373546297,0.0,116.39154523807937,1.073899279015276
2024-08-28 03:00:00+00:00,2024,summer,3.087,110.0,22.33,3.0844478079032847,14.1,0.0,204.59166980072644,20.08158025229009,0.0,224.67325005301652,1.4920333054921133
2024-08-28 04:00:00+00:00,2024,summer,4.116,180.0,22.33,1.5638352880256727,14.4,0.0,141.7250550365281,20.009013235380735,0.0,161.73406827190882,1.265912211552652
2024-08-28 05:00:00+00:00,2024,summer,5.659,180.0,22.33,2.1500835507622162,14.3,0.0,164.66218650688117,20.033227493424036,0.0,184.69541400030522,1.3527915747987318
2024-08-28 06:00:00+00:00,2024,summer,4.63,170.0,22.33,2.4761001748657843,13.6,22.8,180.08441544728706,20.20202105188573,0.32604,199.9603964991728,1.4075856427505749
2024-08-28 07:00:00+00:00,2024,summer,4.116,170.0,22.33,2.201215619815889,13.9,153.0,167.57258736283032,20.12983211863795,2.1879,185.51451948146826,1.355788003166872
2024-08-28 08:00:00+00:00,2024,summer,5.144,180.0,22.33,1.9544141694859236,13.7,270.0,159.05788795465062,20.17798323291303,3.861,175.37487118756366,1.3182158108673185
2024-08-28 09:00:00+00:00,2024,summer,1.543,130.0,22.33,1.4702020962997975,13.1,286.0,140.65959046710262,20.32183346628884,4.0898,156.89162393339146,1.246816993701376
2024-08-28 10:00:00+00:00,2024,summer,1.543,200.0,22.33,0.06273060940469402,13.5,315.0,39.93522317804618,20.22603373546297,4.5045,55.65675691350915,0.7426116910803301
2024-08-28 11:00:00+00:00,2024,summer,3.601,200.0,22.33,0.14639852525359895,13.9,366.0,47.387338068660675,20.12983211863795,5.2338000000000005,62.28337018729863,0.7855772283929907
2024-08-28 12:00:00+00:00,2024,summer,4.116,220.0,22.33,1.2493467955466644,14.1,472.0,128.27811634312832,20.08158025229009,6.7496,141.6100965954184,1.1845405798287323
2024-08-28 13:00:00+00:00,2024,summer,5.659,240.0,22.33,3.458286614836869,16.1,389.0,212.36864095286418,19.59348927839023,5.5627,226.3994302312544,1.4977540360603727
2024-08-28 14:00:00+00:00,2024,summer,5.659,260.0,22.33,4.781752748276548,16.2,191.0,259.0127655014462,19.568817359993037,2.7313,275.85028286143927,1.653253879988357
2024-08-28 15:00:00+00:00,2024,summer,6.173,280.0,22.33,6.030612952722212,15.3,187.0,303.5265713288169,19.78994538888251,2.6741,320.6424167176994,1.7824334362393668
2024-08-28 16:00:00+00:00,2024,summer,6.688,260.0,22.33,5.651239155411478,15.7,214.0,289.6266338522988,19.69192137289192,3.0602,306.2583552251907,1.7419946091883833
2024-08-28 17:00:00+00:00,2024,summer,8.231,230.0,22.33,3.8222985363859707,16.4,108.0,224.76735058612778,19.519396725683997,1.5444,242.74234731181178,1.5508707582934897
2024-08-28 18:00:00+00:00,2024,summer,6.688,240.0,22.33,4.0871215550501825,14.9,28.0,240.26445502959345,19.88756245579483,0.4004,259.7516174853883,1.6042866298760996
2024-08-28 19:00:00+00:00,2024,summer,6.688,230.0,22.33,3.105762679060791,14.1,4.0,205.46425918833972,20.08158025229009,0.0572,225.4886394406298,1.4947383144416946
2024-08-28 20:00:00+00:00,2024,summer,5.659,230.0,22.33,2.6279173147136685,13.1,0.0,188.35175988504957,20.32183346628884,0.0,208.6735933513384,1.437926147678201
2024-08-28 21:00:00+00:00,2024,summer,5.144,230.0,22.33,2.388762443344604,13.1,0.0,177.56629981395247,20.32183346628884,0.0,197.8881332802413,1.400272983302384
2024-08-28 22:00:00+00:00,2024,summer,4.63,220.0,22.33,1.405363377886554,12.4,0.0,139.2915707568506,20.488519327396272,0.0,159.78009008424686,1.2582419618729601
2024-08-28 23:00:00+00:00,2024,summer,4.63,220.0,22.33,1.405363377886554,12.0,0.0,140.1816127425174,20.58321964626876,0.0,160.76483238878615,1.2621133480313915
2024-08-29 00:00:00+00:00,2024,summer,3.087,190.0,22.33,0.6592039592607246,12.4,0.0,97.88554504168759,20.488519327396272,0.0,118.37406436908387,1.0830066254110637
2024-08-29 01:00:00+00:00,2024,summer,5.144,220.0,22.33,1.5613799602264435,12.6,0.0,145.82789196092543,20.441019684992096,0.0,166.2689116459175,1.28353690657495
2024-08-29 02:00:00+00:00,2024,summer,4.63,220.0,22.33,1.405363377886554,12.2,0.0,139.73659174968398,20.535919267950497,0.0,160.27251101763449,1.2601793373175574
2024-08-29 03:00:00+00:00,2024,summer,4.63,220.0,22.33,1.405363377886554,11.9,0.0,140.4041232389341,20.606832543192034,0.0,161.01095578212613,1.263079096616378
2024-08-29 04:00:00+00:00,2024,summer,3.087,200.0,22.33,0.1255018737733574,10.6,0.0,46.487679177194636,20.911546258921337,0.0,67.39922543611597,0.81720362905391
2024-08-29 05:00:00+00:00,2024,summer,3.601,220.0,22.33,1.093026678999888,10.8,0.0,127.06266602509277,20.864938915280412,0.0,147.9276049403732,1.210674643723175
2024-08-29 06:00:00+00:00,2024,summer,3.601,210.0,22.33,0.48061570943712584,10.8,22.79,86.64307924217435,20.864938915280412,0.325897,107.18212115745476,1.030537992946667
2024-08-29 07:00:00+00:00,2024,summer,5.144,230.0,22.33,2.388762443344604,12.4,146.0,179.57431935950606,20.488519327396272,2.0878,197.97503868690234,1.4005804245151237
2024-08-29 08:00:00+00:00,2024,summer,5.659,230.0,22.33,2.6279173147136685,13.1,259.0,188.35175988504957,20.32183346628884,3.7037,204.9698933513384,1.425108306243411
2024-08-29 09:00:00+00:00,2024,summer,5.659,230.0,22.33,2.6279173147136685,14.7,257.0,183.48321681855393,19.9362187358664,3.6751,199.74433555442033,1.4068249759222295
2024-08-29 10:00:00+00:00,2024,summer,7.202,250.0,22.33,5.324284513783607,14.8,571.01,283.3902809671814,19.911903268935795,8.165443,295.13674123611725,1.7100723014426384
2024-08-29 11:00:00+00:00,2024,summer,7.717,250.0,22.33,5.705012995399625,15.0,509.0,294.76564005879413,19.863196278835822,7.2787,307.3501363376299,1.7450968671238052
2024-08-29 12:00:00+00:00,2024,summer,7.717,260.0,22.33,6.520725562546407,15.2,356.0,319.07668335329413,19.814387763002607,5.0908,333.80027111629676,1.8186376441320353
2024-08-29 13:00:00+00:00,2024,summer,7.717,270.0,22.33,7.1383091831215655,15.5,470.0,335.7359908093945,19.740984320074872,6.721,348.75597512946933,1.858932679646792
2024-08-29 14:00:00+00:00,2024,summer,7.202,280.0,22.33,7.03587793382559,14.7,324.0,337.2244261146433,19.9362187358664,4.6332,352.5274448505097,1.8689569609596575
2024-08-29 15:00:00+00:00,2024,summer,6.688,270.0,22.33,6.186472957978104,15.5,308.0,307.3178726897628,19.740984320074872,4.4044,322.65445700983764,1.7880171007993968
2024-08-29 16:00:00+00:00,2024,summer,6.688,270.0,22.33,6.186472957978104,15.1,213.0,309.38387519524014,19.838804720445037,3.0459,326.17677991568513,1.7977502353667223
2024-08-29 17:00:00+00:00,2024,summer,7.202,280.0,22.33,7.03587793382559,14.5,88.0,338.3429150901479,19.9847737014965,1.2584,357.06928879164445,1.8809579341022078
2024-08-29 18:00:00+00:00,2024,summer,7.717,280.0,22.33,7.538998891326309,13.7,77.0,357.7662208560481,20.17798323291303,1.1011,376.8431040889612,1.9323381136385052
2024-08-29 19:00:00+00:00,2024,summer,6.688,280.0,22.33,6.533733910222931,13.5,2.0,328.55183187686015,20.22603373546297,0.0286,348.74926561232314,1.8589147980883876
2024-08-29 20:00:00+00:00,2024,summer,6.173,270.0,22.33,5.71009233995198,12.9,0.0,305.25027259856756,20.369582974770935,0.0,325.6198555733385,1.7962148124472002
2024-08-29 21:00:00+00:00,2024,summer,3.601,210.0,22.33,0.48061570943712584,11.0,0.0,86.37316310746353,20.81823298396238,0.0,107.1913960914259,1.030582580443945
2024-08-29 22:00:00+00:00,2024,summer,2.572,240.0,22.33,1.5717817941969303,10.5,0.0,151.2026856330131,20.93481300375153,0.0,172.13749863676463,1.3059921837442912
2024-08-29 23:00:00+00:00,2024,summer,3.087,230.0,22.33,1.433536093041367,10.8,0.0,144.17914660208956,20.864938915280412,0.0,165.04408551736998,1.278800556620103
2024-08-30 00:00:00+00:00,2024,summer,2.572,220.0,22.33,0.7806899801132218,11.7,0.0,107.09760038129745,20.653983839718578,0.0,127.75158422101603,1.125086674698054
2024-08-30 01:00:00+00:00,2024,summer,3.087,220.0,22.33,0.9370100966599983,11.3,0.0,117.34193957242228,20.747988931156307,0.0,138.0899285035786,1.169725172899658
2024-08-30 02:00:00+00:00,2024,summer,2.572,210.0,22.33,0.343277868556592,11.3,0.0,73.49052967166301,20.747988931156307,0.0,94.23851860281931,0.9663113019586358
2024-08-30 03:00:00+00:00,2024,summer,2.058,210.0,22.33,0.2746756817610677,10.2,0.0,67.38236103503523,21.004465738399713,0.0,88.38682677343495,0.9358292278366599
2024-08-30 04:00:00+00:00,2024,summer,2.058,200.0,22.33,0.08366791584890493,9.7,0.0,42.40276542319374,21.120063002923622,0.0,63.522828426117364,0.7933553366635372
2024-08-30 05:00:00+00:00,2024,summer,2.058,110.0,22.33,2.0562985386021895,8.0,0.0,178.01391702044805,21.508533282404716,0.0,199.52245030285277,1.4060433756588042
2024-08-30 06:00:00+00:00,2024,summer,2.572,120.0,22.33,2.548988878939891,8.0,4.0,200.06411398011062,21.508533282404716,0.0572,221.51544726251535,1.4815108698793455
2024-08-30 07:00:00+00:00,2024,summer,2.572,110.0,22.33,2.5698735866301416,9.5,129.0,196.57386336409596,21.166130593329157,1.8447,215.8952939574251,1.4625961358330342
2024-08-30 08:00:00+00:00,2024,summer,2.572,110.0,22.33,2.5698735866301416,12.1,271.0,188.77093138323107,20.559581893667065,3.8753,205.45521327689812,1.4267944673764321
2024-08-30 09:00:00+00:00,2024,summer,1.543,110.0,22.33,1.5417243173290467,14.1,323.0,141.4846827674144,20.08158025229009,4.6189,156.94736301970448,1.2470384531612897
2024-08-30 10:00:00+00:00,2024,summer,1.029,190.0,22.33,0.21973465308690818,14.1,492.0,57.071990290392485,20.08158025229009,7.0356000000000005,70.11797054268257,0.8335228358625412
2024-08-30 11:00:00+00:00,2024,summer,1.029,30.0,22.33,0.13733784088053366,16.1,315.0,44.34110740204358,19.59348927839023,4.5045,59.43009668043381,0.7673721831313388
2024-08-30 12:00:00+00:00,2024,summer,3.087,320.0,22.33,2.7339610951781474,15.9,377.0,184.28252150009052,19.642756406105658,5.3911,198.5341779061962,1.4025568536911681
2024-08-30 13:00:00+00:00,2024,summer,2.572,310.0,22.33,2.450654434013661,16.0,493.0,171.94412427286318,19.61813562120077,7.0499,184.51235989406393,1.3521210236570569
2024-08-30 14:00:00+00:00,2024,summer,2.572,310.0,22.33,2.450654434013661,16.5,434.0,170.48697067733045,19.494647974379557,6.2062,183.77541865171,1.3494181405629366
2024-08-30 15:00:00+00:00,2024,summer,2.572,330.0,22.33,2.0358501888476668,18.3,272.0,149.94763123978257,19.044767735091913,3.8896,165.10279897487447,1.279027999262244
2024-08-30 16:00:00+00:00,2024,summer,2.058,310.0,22.33,1.960904675427727,18.7,105.0,146.3100354464886,18.943655492252546,1.5015,163.75219093874117,1.2737857717776144
2024-08-30 17:00:00+00:00,2024,summer,2.058,270.0,22.33,1.9036724502869224,17.5,79.0,147.3800914081829,19.245746986454392,1.1297,165.49613839463728,1.2805506652923555
2024-08-30 18:00:00+00:00,2024,summer,2.058,170.0,22.33,1.1006078099079446,17.2,50.0,114.76504347194368,19.320687624559913,0.715,133.3707310965036,1.1495638540089512
2024-08-30 19:00:00+00:00,2024,summer,1.543,130.0,22.33,1.4702020962997975,15.9,4.0,134.2969595574437,19.642756406105658,0.0572,153.88251596354937,1.2348024229268653
2024-08-30 20:00:00+00:00,2024,summer,2.572,140.0,22.33,2.2778580942009055,14.3,0.0,169.08270031715733,20.033227493424036,0.0,189.11592781058135,1.3688847575325358
2024-08-30 21:00:00+00:00,2024,summer,2.572,130.0,22.33,2.4506544340136616,13.6,0.0,178.93846153142036,20.20202105188573,0.0,199.1404825833061,1.4046968593468612
2024-08-30 22:00:00+00:00,2024,summer,3.601,130.0,22.33,3.431106771727525,12.7,0.0,223.5349357745276,20.41723243194018,0.0,243.9521682064678,1.5547307024905836
2024-08-30 23:00:00+00:00,2024,summer,4.116,120.0,22.33,4.079175048878923,11.7,0.0,252.75306034136221,20.653983839718578,0.0,273.4070441810808,1.645916062998588
2024-08-31 00:00:00+00:00,2024,summer,5.144,110.0,22.33,5.139747173260283,11.4,0.0,292.93962827751716,20.724524802480246,0.0,313.6641530799974,1.7629308514440547
2024-08-31 01:00:00+00:00,2024,summer,4.63,110.0,22.33,4.626172125232331,10.5,0.0,278.3721503979517,20.93481300375153,0.0,299.30696340170323,1.7221114100965307
2024-08-31 02:00:00+00:00,2024,summer,4.63,120.0,22.33,4.588576403379353,10.1,0.0,278.68955091152384,21.02763420777673,0.0,299.71718511930055,1.7232911447725632
2024-08-31 03:00:00+00:00,2024,summer,4.63,110.0,22.33,4.626172125232331,10.4,0.0,278.80373512725083,20.958055153716582,0.0,299.76179028096743,1.7234193736900203
2024-08-31 04:00:00+00:00,2024,summer,3.087,100.0,22.33,3.015794943310136,9.3,0.0,217.66805288929757,21.212100496713223,0.0,238.8801533860108,1.538483590531725
2024-08-31 05:00:00+00:00,2024,summer,3.087,120.0,22.33,3.059381286659193,8.7,0.0,221.61242288878776,21.34942546620337,0.0,242.96184835499113,1.5515717913676328
2024-08-31 06:00:00+00:00,2024,summer,3.601,110.0,22.33,3.5980228559312364,8.4,18.8,246.08250294976892,21.417759888125,0.26884,267.2314228378939,1.627221207712552
2024-08-31 07:00:00+00:00,2024,summer,3.601,110.0,22.33,3.5980228559312364,9.4,126.0,242.38757047304566,21.189127747259363,1.8018,261.77489822030503,1.6105226369962848
2024-08-31 08:00:00+00:00,2024,summer,5.144,120.0,22.33,5.097977757879782,11.6,119.0,290.549536920089,20.677522274164204,1.7017,309.5253591942532,1.7512613054168076
2024-08-31 09:00:00+00:00,2024,summer,4.63,120.0,22.33,4.588576403379353,14.3,98.0,260.65417165376726,20.033227493424036,1.4014,279.28599914719126,1.6635176615983218
2024-08-31 10:00:00+00:00,2024,summer,4.116,90.0,22.33,3.8073449005738444,16.9,188.0,222.3103435152013,19.395396328296854,2.6884,239.01733984349818,1.538925294911757
2024-08-31 11:00:00+00:00,2024,summer,5.659,120.0,22.33,5.608370165599084,18.5,162.0,274.6556359233326,18.994263617205515,2.3166,291.3332995405381,1.6990176776682646
2024-08-31 12:00:00+00:00,2024,summer,5.144,130.0,22.33,4.901308868027323,19.7,494.0,247.34150359713843,18.689049763729518,7.0642000000000005,258.9663533608679,1.6018598070563212
2024-08-31 13:00:00+00:00,2024,summer,5.659,120.0,22.33,5.608370165599084,20.8,465.0,263.474964018489,18.405954798368867,6.6495,275.23141881685785,1.6513983193114576
2024-08-31 14:00:00+00:00,2024,summer,5.144,130.0,22.33,4.901308868027323,20.2,476.0,245.1051428051209,18.56076491050545,6.8068,256.85910771562635,1.5953292155455299
2024-08-31 15:00:00+00:00,2024,summer,4.116,140.0,22.33,3.6452814602375296,20.3,218.0,203.74930248897087,18.535029094252526,3.1174,219.1669315832234,1.4736364240588071
2024-08-31 16:00:00+00:00,2024,summer,5.144,140.0,22.33,4.555716188401811,19.8,202.0,235.98592396309868,18.663445297081747,2.8886,251.76076926018044,1.579417196516904
2024-08-31 17:00:00+00:00,2024,summer,5.144,130.0,22.33,4.901308868027323,19.2,140.0,249.57786438915596,18.81667921227517,2.0020000000000002,266.3925436014311,1.6246651553177471
2024-08-31 18:00:00+00:00,2024,summer,4.63,130.0,22.33,4.411559109441389,18.1,24.0,238.46749566673694,19.09516798850924,0.3432,257.21946365524616,1.5964478927714125
2024-08-31 19:00:00+00:00,2024,summer,5.144,120.0,22.33,5.097977757879782,16.1,1.0,269.9269357191363,19.59348927839023,0.0143,289.5061249975265,1.6936813760870066
2024-08-31 20:00:00+00:00,2024,summer,4.116,110.0,22.33,4.112597077204379,14.0,0.0,244.8006848832304,20.105718788248662,0.0,264.90640367147904,1.6201270090846045
2024-08-31 21:00:00+00:00,2024,summer,4.63,110.0,22.33,4.626172125232331,13.2,0.0,266.7193627068746,20.297921149072955,0.0,287.0172838559476,1.6863854982755582
2024-08-31 22:00:00+00:00,2024,summer,4.116,110.0,22.33,4.112597077204379,12.4,0.0,251.22168645393808,20.488519327396272,0.0,271.71020578133437,1.640800612538864
2024-08-31 23:00:00+00:00,2024,summer,4.63,100.0,22.33,4.523203948016174,11.7,0.0,269.4191417067666,20.653983839718578,0.0,290.0731255464852,1.6953391104989022
