observed_at_utc,year,season,wind_speed_ms,wind_direction_deg_true,line_azimuth_deg,wind_perpendicular_ms,air_temperature_c,global_solar_radiation_wm2,convective_heat_loss_wm,radiative_heat_loss_wm,solar_heat_gain_wm,net_heat_loss_wm,rating_multiplier
2024-01-01 00:00:00+00:00,2024,winter,9.774,290.0,22.33,9.765919298492614,5.7,0.0,474.6078910320305,22.02301134597912,0.0,496.63090237800964,2.2182970599545495
2024-01-01 01:00:00+00:00,2024,winter,9.774,290.0,22.33,9.765919298492614,7.4,0.0,462.96527321450594,21.64396882019225,0.0,484.6092420346982,2.1912840620844043
2024-01-01 02:00:00+00:00,2024,winter,10.289,290.0,22.33,10.280493519765757,6.9,0.0,481.42733614300704,21.756169954921255,0.0,503.1835060979283,2.2328833342500314
2024-01-01 03:00:00+00:00,2024,winter,8.746,280.0,22.33,8.544263872429688,6.2,0.0,433.83279453194086,21.912245092054423,0.0,455.7450396239953,2.1250238517047206
2024-01-01 04:00:00+00:00,2024,winter,7.202,240.0,22.33,4.401233468820487,5.2,0.0,292.1079730270676,22.133183361931994,0.0,314.24115638899957,1.7645516129294119
2024-01-01 05:00:00+00:00,2024,winter,7.202,230.0,22.33,3.344453172038848,5.2,0.0,246.51727109309027,22.133183361931994,0.0,268.65045445502227,1.6315358595167573
2024-01-01 06:00:00+00:00,2024,winter,6.688,230.0,22.33,3.105762679060791,4.8,0.0,236.84057463089408,22.220894554251082,0.0,259.06146918514514,1.602153953817524
2024-01-01 07:00:00+00:00,2024,winter,6.688,230.0,22.33,3.105762679060791,5.0,0.0,236.16581515901117,22.177086258732125,0.0,258.3429014177433,1.5999304359355937
2024-01-01 08:00:00+00:00,2024,winter,5.659,230.0,22.33,2.6279173147136685,4.6,0.0,214.21589492580762,22.264608384483488,0.0,236.4805033102911,1.5307367339065707
2024-01-01 09:00:00+00:00,2024,winter,4.63,230.0,22.33,2.1500719503665464,4.9,0.0,190.16128917457027,22.199002223149794,0.0,212.36029139772006,1.450572667894726
2024-01-01 10:00:00+00:00,2024,winter,3.087,190.0,22.33,0.6592039592607246,4.2,46.0,110.70761324203643,22.35175319257806,0.6578,132.4015664346145,1.1453794725141264
2024-01-01 11:00:00+00:00,2024,winter,3.087,150.0,22.33,2.443495152788783,4.7,76.0,204.50570407313637,22.242763269032263,1.0868,225.6616673421686,1.4953116955188723
2024-01-01 12:00:00+00:00,2024,winter,3.601,120.0,22.33,3.568782641159622,4.9,60.0,257.7118825767382,22.199002223149794,0.858,279.05288479988803,1.6628232644768097
2024-01-01 13:00:00+00:00,2024,winter,4.63,130.0,22.33,4.411559109441389,4.7,50.0,294.62680044589814,22.242763269032263,0.715,316.1545637149304,1.7699156175161583
2024-01-01 14:00:00+00:00,2024,winter,4.63,110.0,22.33,4.626172125232331,4.6,66.0,303.83564942660155,22.264608384483488,0.9438,325.15645781108503,1.794936238275446
2024-01-01 15:00:00+00:00,2024,winter,7.202,120.0,22.33,7.137565282319244,4.9,37.03,395.52230567768805,22.199002223149794,0.529529,417.19177890083785,2.0331560102738657
2024-01-01 16:00:00+00:00,2024,winter,8.231,120.0,22.33,8.157359044538975,4.8,0.0,430.1636974658781,22.220894554251082,0.0,452.38459202012916,2.117174897696993
2024-01-01 17:00:00+00:00,2024,winter,7.717,110.0,22.33,7.710619933135615,4.7,0.0,416.04040974614514,22.242763269032263,0.0,438.2831730151774,2.0839161115216314
2024-01-01 18:00:00+00:00,2024,winter,5.659,110.0,22.33,5.654321394533426,5.1,0.0,341.51306582549023,22.155146643995685,0.0,363.6682124694859,1.8982591622220562
2024-01-01 19:00:00+00:00,2024,winter,6.173,110.0,22.33,6.167896442561378,5.4,0.0,358.81695472824646,22.08918572775824,0.0,380.9061404560047,1.9427271998536666
2024-01-01 20:00:00+00:00,2024,winter,6.173,110.0,22.33,6.167896442561378,5.8,0.0,356.7547883217623,22.000905702430984,0.0,378.7556940241933,1.937235500599238
2024-01-01 21:00:00+00:00,2024,winter,5.144,120.0,22.33,5.097977757879782,6.3,0.0,314.83837833454436,21.89002034508136,0.0,336.72839867962574,1.826596858248292
2024-01-01 22:00:00+00:00,2024,winter,3.087,120.0,22.33,3.059381286659193,6.7,0.0,228.29756385074216,21.80088246721757,0.0,250.09844631795974,1.574194282471701
2024-01-01 23:00:00+00:00,2024,winter,4.116,230.0,22.33,1.911381457388489,9.7,0.0,167.6880270671926,21.120063002923622,0.0,188.8080900701162,1.3677701871764694
2024-01-02 00:00:00+00:00,2024,winter,6.688,230.0,22.33,3.105762679060791,9.5,0.0,220.98372704164618,21.166130593329157,0.0,242.14985763497532,1.5489769060025436
2024-01-02 01:00:00+00:00,2024,winter,7.202,230.0,22.33,3.344453172038848,10.1,0.0,229.2116173917129,21.02763420777673,0.0,250.23925159948965,1.5746373553561532
2024-01-02 02:00:00+00:00,2024,winter,8.746,230.0,22.33,4.061453407755036,10.4,0.0,257.2507649748914,20.958055153716582,0.0,278.208820128608,1.6603065492083986
2024-01-02 03:00:00+00:00,2024,winter,8.231,220.0,22.33,2.498390056886442,10.0,0.0,191.70188873022838,21.050778151606515,0.0,212.7526668818349,1.4519121520326799
2024-01-02 04:00:00+00:00,2024,winter,7.717,210.0,22.33,1.0299670729592614,10.1,0.0,124.939963214138,21.02763420777673,0.0,145.96759742191475,1.202627315047685
2024-01-02 05:00:00+00:00,2024,winter,8.746,220.0,22.33,2.6547101734332186,10.1,0.0,198.72215054073317,21.02763420777673,0.0,219.7497847485099,1.4755946194780507
2024-01-02 06:00:00+00:00,2024,winter,6.688,230.0,22.33,3.105762679060791,9.5,0.0,220.98372704164618,21.166130593329157,0.0,242.14985763497532,1.5489769060025436
2024-01-02 07:00:00+00:00,2024,winter,5.659,220.0,22.33,1.71770007677322,9.0,0.0,161.25396189208212,21.280872490900176,0.0,182.5348343829823,1.3448557738388838
2024-01-02 08:00:00+00:00,2024,winter,3.601,200.0,22.33,0.14639852525359895,8.7,0.0,51.420303010674346,21.34942546620337,0.0,72.76972847687772,0.8491378719060417
2024-01-02 09:00:00+00:00,2024,winter,4.116,200.0,22.33,0.16733583169780986,8.9,0.0,54.560068719864994,21.30374779510149,0.0,75.86381651496649,0.8670021558640972
2024-01-02 10:00:00+00:00,2024,winter,4.63,200.0,22.33,0.1882324831780514,9.2,73.0,57.37392534846037,21.235048858962156,1.0439,77.56507420742253,0.8766695859542512
2024-01-02 11:00:00+00:00,2024,winter,4.63,220.0,22.33,1.405363377886554,9.7,150.01,145.29935416010136,21.120063002923622,2.145143,164.27427416302498,1.2758147307726884
2024-01-02 12:00:00+00:00,2024,winter,5.144,230.0,22.33,2.388762443344604,9.9,186.01,186.74581773648313,21.073897587203227,2.6599429999999997,205.15977232368635,1.4257682457507126
2024-01-02 13:00:00+00:00,2024,winter,5.659,240.0,22.33,3.458286614836869,9.3,177.01,236.88658252297415,21.212100496713223,2.531243,255.56744001968738,1.591312943075569
2024-01-02 14:00:00+00:00,2024,winter,5.659,240.0,22.33,3.458286614836869,9.4,128.01,236.5260245587078,21.189127747259363,1.8305429999999998,255.8846093059672,1.5923000780064953
2024-01-02 15:00:00+00:00,2024,winter,5.659,240.0,22.33,3.458286614836869,9.0,69.00999999999999,237.9682564157731,21.280872490900176,0.9868429999999999,258.26228590667324,1.599680788524007
2024-01-02 16:00:00+00:00,2024,winter,5.659,240.0,22.33,3.458286614836869,8.6,0.0,239.41048827283842,21.372227867579472,0.0,260.7827161404179,1.6074676292179553
2024-01-02 17:00:00+00:00,2024,winter,5.659,250.0,22.33,4.1835776261457145,8.4,0.0,270.11567928875945,21.417759888125,0.0,291.53343917688443,1.6996011715575454
2024-01-02 18:00:00+00:00,2024,winter,5.659,240.0,22.33,3.458286614836869,8.1,0.0,241.21327809417005,21.485876221672026,0.0,262.69915431584207,1.6133632909039106
2024-01-02 19:00:00+00:00,2024,winter,5.659,230.0,22.33,2.6279173147136685,7.6,0.0,205.08737667612832,21.598920064830704,0.0,226.68629674095902,1.4987026238203423
2024-01-02 20:00:00+00:00,2024,winter,6.173,230.0,22.33,2.866607807691726,7.8,0.0,215.76543578833036,21.553774931356237,0.0,237.3192107196866,1.5334488051177715
2024-01-02 21:00:00+00:00,2024,winter,6.688,230.0,22.33,3.105762679060791,8.1,0.0,225.70704334482642,21.485876221672026,0.0,247.19291956649843,1.565023442650105
2024-01-02 22:00:00+00:00,2024,winter,5.659,230.0,22.33,2.6279173147136685,8.0,0.0,203.8702409095044,21.508533282404716,0.0,225.37877419190912,1.494374128012503
2024-01-02 23:00:00+00:00,2024,winter,4.63,230.0,22.33,2.1500719503665464,7.7,0.0,182.56568846574294,21.57635955394056,0.0,204.1420480196835,1.4222274858398918
2024-01-03 00:00:00+00:00,2024,winter,3.601,200.0,22.33,0.14639852525359895,7.4,0.0,52.42854424617776,21.64396882019225,0.0,74.07251306637,0.8567051417194206
2024-01-03 01:00:00+00:00,2024,winter,3.087,190.0,22.33,0.6592039592607246,7.0,0.0,106.32934605167341,21.733777745543822,0.0,128.06312379721723,1.1264576776377215
2024-01-03 02:00:00+00:00,2024,winter,3.087,190.0,22.33,0.6592039592607246,6.7,0.0,106.79844610778373,21.80088246721757,0.0,128.5993285750013,1.1288134731086694
2024-01-03 03:00:00+00:00,2024,winter,3.087,200.0,22.33,0.1255018737733574,6.9,0.0,49.15855515476637,21.756169954921255,0.0,70.91472510968762,0.8382451429632978
2024-01-03 04:00:00+00:00,2024,winter,2.572,210.0,22.33,0.343277868556592,6.9,0.0,78.56679859717819,21.756169954921255,0.0,100.32296855209944,0.9970180503962058
2024-01-03 05:00:00+00:00,2024,winter,2.572,220.0,22.33,0.7806899801132218,6.3,0.0,116.23388856548398,21.89002034508136,0.0,138.12390891056535,1.1698690838022971
2024-01-03 06:00:00+00:00,2024,winter,3.601,230.0,22.33,1.672226586019424,7.4,0.0,163.1109900077438,21.64396882019225,0.0,184.75495882793604,1.353009623661125
2024-01-03 07:00:00+00:00,2024,winter,4.116,250.0,22.33,3.042870738507821,7.6,0.0,224.5370988358293,21.598920064830704,0.0,246.13601890066002,1.5616741433340504
2024-01-03 08:00:00+00:00,2024,winter,4.116,250.0,22.33,3.042870738507821,7.5,0.0,224.87023993202487,21.62145648119416,0.0,246.49169641321902,1.562802080355834
2024-01-03 09:00:00+00:00,2024,winter,4.116,290.0,22.33,4.112597077204379,7.8,0.0,269.68206596972266,21.553774931356237,0.0,291.2358409010789,1.698733470881904
2024-01-03 10:00:00+00:00,2024,winter,4.63,280.0,22.33,4.523203948016174,7.4,21.0,287.7209159459308,21.64396882019225,0.3003,309.06458476612306,1.7499573137769922
2024-01-03 11:00:00+00:00,2024,winter,4.116,250.0,22.33,3.042870738507821,7.2,43.0,225.86966322061164,21.688921334707125,0.6149,246.94368455531875,1.5642342675278025
2024-01-03 12:00:00+00:00,2024,winter,4.116,240.0,22.33,2.515339760853252,7.9,86.0,198.72397178107357,21.531166179904194,1.2298,219.02533796097777,1.4731603229665189
2024-01-03 13:00:00+00:00,2024,winter,5.659,250.0,22.33,4.1835776261457145,8.0,59.0,271.7379956808842,21.508533282404716,0.8437,292.40282896328887,1.7021334984384189
2024-01-03 14:00:00+00:00,2024,winter,5.144,250.0,22.33,3.8028491445296972,8.0,68.0,256.17764570589685,21.508533282404716,0.9724,276.71377898830156,1.6558394544216646
2024-01-03 15:00:00+00:00,2024,winter,5.144,240.0,22.33,3.1435635883938606,8.5,35.0,226.04119817529883,21.395006002479192,0.5005000000000001,246.93570417777804,1.564208991965695
2024-01-03 16:00:00+00:00,2024,winter,4.63,240.0,22.33,2.8294516746235563,7.6,0.0,214.6697799674648,21.598920064830704,0.0,236.2687000322955,1.5300510797371645
2024-01-03 17:00:00+00:00,2024,winter,4.116,230.0,22.33,1.911381457388489,7.6,0.0,173.0807507554178,21.598920064830704,0.0,194.6796708202485,1.388874919458338
2024-01-03 18:00:00+00:00,2024,winter,3.087,230.0,22.33,1.433536093041367,7.8,0.0,150.91648990125265,21.553774931356237,0.0,172.47026483260888,1.3072539083131458
2024-01-03 19:00:00+00:00,2024,winter,4.116,230.0,22.33,1.911381457388489,7.6,0.0,173.0807507554178,21.598920064830704,0.0,194.6796708202485,1.388874919458338
2024-01-03 20:00:00+00:00,2024,winter,5.144,230.0,22.33,2.388762443344604,7.4,0.0,193.9173161134602,21.64396882019225,0.0,215.56128493365244,1.461464315424113
2024-01-03 21:00:00+00:00,2024,winter,5.144,230.0,22.33,2.388762443344604,7.2,0.0,194.4910359836184,21.688921334707125,0.0,216.1799573183255,1.463560053047889
2024-01-03 22:00:00+00:00,2024,winter,4.63,230.0,22.33,2.1500719503665464,7.4,0.0,183.379502827403,21.64396882019225,0.0,205.02347164759524,1.425294552829971
2024-01-03 23:00:00+00:00,2024,winter,4.63,230.0,22.33,2.1500719503665464,7.6,0.0,182.83695991962963,21.598920064830704,0.0,204.43587998446034,1.423250659737749
2024-01-04 00:00:00+00:00,2024,winter,4.63,230.0,22.33,2.1500719503665464,7.2,0.0,183.9220457351764,21.688921334707125,0.0,205.61096706988351,1.4273351850956872
2024-01-04 01:00:00+00:00,2024,winter,5.144,240.0,22.33,3.1435635883938606,7.4,0.0,229.78022551353683,21.64396882019225,0.0,251.42419433372908,1.5783610946936262
2024-01-04 02:00:00+00:00,2024,winter,5.144,230.0,22.33,2.388762443344604,6.9,0.0,195.3516157888556,21.756169954921255,0.0,217.10778574377687,1.466697436175662
2024-01-04 03:00:00+00:00,2024,winter,6.173,240.0,22.33,3.7723985286071735,7.1,0.0,258.33213642354144,21.711361544516034,0.0,280.04349796805747,1.6657720878613114
2024-01-04 04:00:00+00:00,2024,winter,4.63,240.0,22.33,2.8294516746235563,7.2,0.0,215.94378459635178,21.688921334707125,0.0,237.6327059310589,1.53446130259249
2024-01-04 05:00:00+00:00,2024,winter,6.688,240.0,22.33,4.0871215550501825,7.1,0.0,271.4468635026522,21.711361544516034,0.0,293.15822504716823,1.7043307337171432
2024-01-04 06:00:00+00:00,2024,winter,7.202,240.0,22.33,4.401233468820487,6.8,0.0,285.41208825853886,21.77853818977298,0.0,307.19062644831183,1.744643969433634
2024-01-04 07:00:00+00:00,2024,winter,5.659,240.0,22.33,3.458286614836869,7.0,0.0,245.17941570109957,21.733777745543822,0.0,266.9131934466434,1.6262520404949714
2024-01-04 08:00:00+00:00,2024,winter,5.144,250.0,22.33,3.8028491445296972,6.2,0.0,263.06003021739855,21.912245092054423,0.0,284.972275309453,1.6803669796827947
2024-01-04 09:00:00+00:00,2024,winter,4.116,230.0,22.33,1.911381457388489,5.8,0.0,177.70308534532506,22.000905702430984,0.0,199.70399104775606,1.40668289297971
2024-01-04 10:00:00+00:00,2024,winter,3.601,220.0,22.33,1.093026678999888,6.7,7.0,135.1772599612747,21.80088246721757,0.1001,156.87804242849228,1.2467630264558025
2024-01-04 11:00:00+00:00,2024,winter,4.116,230.0,22.33,1.911381457388489,7.6,70.0,173.0807507554178,21.598920064830704,1.0010000000000001,193.6786708202485,1.3852996732465401
2024-01-04 12:00:00+00:00,2024,winter,3.601,210.0,22.33,0.48061570943712584,8.0,72.0,90.42190512812589,21.508533282404716,1.0296,110.9008384105306,1.0482629795245995
2024-01-04 13:00:00+00:00,2024,winter,3.087,200.0,22.33,0.1255018737733574,8.7,95.0,47.859210084596334,21.34942546620337,1.3585,67.85013555079969,0.8199326747381098
2024-01-04 14:00:00+00:00,2024,winter,3.601,220.0,22.33,1.093026678999888,8.6,77.0,131.41683838109282,21.372227867579472,1.1011,151.6879662486723,1.2259659213357441
2024-01-04 15:00:00+00:00,2024,winter,3.601,220.0,22.33,1.093026678999888,8.0,12.0,132.6043399327292,21.508533282404716,0.1716,153.94127321513392,1.2350381438977294
2024-01-04 16:00:00+00:00,2024,winter,3.087,250.0,22.33,2.282153053880866,7.1,0.0,189.35895381434813,21.711361544516034,0.0,211.07031535886415,1.4461602274186127
2024-01-04 17:00:00+00:00,2024,winter,3.087,240.0,22.33,1.8865048206399393,6.3,0.0,175.34537997283414,21.89002034508136,0.0,197.2354003179155,1.3979616792526406
2024-01-04 18:00:00+00:00,2024,winter,3.087,240.0,22.33,1.8865048206399393,5.3,0.0,177.89771447025532,22.111196395526413,0.0,200.00891086578173,1.4077563865218157
2024-01-04 19:00:00+00:00,2024,winter,3.601,240.0,22.33,2.2006167344102434,5.6,0.0,190.31199685274072,22.045093220020593,0.0,212.3570900727613,1.4505617341840098
2024-01-04 20:00:00+00:00,2024,winter,3.087,240.0,22.33,1.8865048206399393,5.9,0.0,176.3663137718026,21.97877627232493,0.0,198.34509004412752,1.401888783193813
2024-01-04 21:00:00+00:00,2024,winter,2.058,250.0,22.33,1.5214353692539104,4.6,0.0,162.54880984842634,22.264608384483488,0.0,184.81341823290984,1.3532236636040735
2024-01-04 22:00:00+00:00,2024,winter,3.087,280.0,22.33,3.015794943310136,5.9,0.0,228.93245745282283,21.97877627232493,0.0,250.91123372514775,1.5767501708701874
2024-01-04 23:00:00+00:00,2024,winter,3.601,290.0,22.33,3.5980228559312364,7.6,0.0,249.03844893114757,21.598920064830704,0.0,270.63736899597825,1.6375580911216783
2024-01-05 00:00:00+00:00,2024,winter,5.659,300.0,22.33,5.608370165599084,7.2,0.0,329.5867631079991,21.688921334707125,0.0,351.2756844427062,1.8656358481937734
2024-01-05 01:00:00+00:00,2024,winter,5.144,300.0,22.33,5.097977757879782,7.3,0.0,310.255578067666,21.66645709898019,0.0,331.9220351666462,1.8135138477546318
2024-01-05 02:00:00+00:00,2024,winter,5.144,290.0,22.33,5.139747173260283,7.7,0.0,309.98171357039155,21.57635955394056,0.0,331.5580731243321,1.812519290036079
2024-01-05 03:00:00+00:00,2024,winter,5.659,310.0,22.33,5.392011447155252,6.9,0.0,323.09342100756356,21.756169954921255,0.0,344.8495909624848,1.848492493932324
2024-01-05 04:00:00+00:00,2024,winter,4.63,310.0,22.33,4.411559109441388,7.1,0.0,284.5684175003767,21.711361544516034,0.0,306.27977904489273,1.7420555373641322
2024-01-05 05:00:00+00:00,2024,winter,4.63,310.0,22.33,4.411559109441388,7.3,0.0,283.7302189215833,21.66645709898019,0.0,305.39667602056346,1.7395422714609052
2024-01-05 06:00:00+00:00,2024,winter,6.688,310.0,22.33,6.372463784869115,7.3,0.0,356.1308794032849,21.66645709898019,0.0,377.79733650226507,1.9347830752793174
2024-01-05 07:00:00+00:00,2024,winter,5.659,320.0,22.33,5.011819189379052,6.6,0.0,310.1789065472972,21.82320280436743,0.0,332.0021093516646,1.8137325841911307
2024-01-05 08:00:00+00:00,2024,winter,3.601,310.0,22.33,3.4311067717275248,6.8,0.0,244.7043759201089,21.77853818977298,0.0,266.4829141098819,1.624940706135322
2024-01-05 09:00:00+00:00,2024,winter,4.63,310.0,22.33,4.411559109441388,7.3,0.0,283.7302189215833,21.66645709898019,0.0,305.39667602056346,1.7395422714609052
2024-01-05 10:00:00+00:00,2024,winter,4.63,300.0,22.33,4.588576403379353,7.3,32.0,290.7131370833615,21.66645709898019,0.4576,311.9219941823417,1.7580281837369183
2024-01-05 11:00:00+00:00,2024,winter,4.63,310.0,22.33,4.411559109441388,8.2,40.0,279.9583253170127,21.46319498051422,0.5720000000000001,300.8495202975269,1.7265433833929886
2024-01-05 12:00:00+00:00,2024,winter,6.173,340.0,22.33,4.156896293609104,7.4,59.0,273.0895364834884,21.64396882019225,0.8437,293.88980530368065,1.7064559986634302
2024-01-05 13:00:00+00:00,2024,winter,4.116,280.0,22.33,4.021059924413514,6.9,54.0,269.5184956748441,21.756169954921255,0.7722,290.5024656297653,1.6965932906270496
2024-01-05 14:00:00+00:00,2024,winter,5.659,300.0,22.33,5.608370165599084,7.7,75.0,327.1561822591201,21.57635955394056,1.0725,347.6600418130607,1.856009619682673
2024-01-05 15:00:00+00:00,2024,winter,6.688,300.0,22.33,6.6281639278188145,7.1,28.0,365.9736371434003,21.711361544516034,0.4004,387.28459868791634,1.9589256237989312
2024-01-05 16:00:00+00:00,2024,winter,6.173,300.0,22.33,6.117771520099513,6.8,0.0,349.8307734832492,21.77853818977298,0.0,371.60931167302215,1.9188725391422046
2024-01-05 17:00:00+00:00,2024,winter,4.116,310.0,22.33,3.921809350855454,5.7,0.0,270.06411630763296,22.02301134597912,0.0,292.0871276536121,1.701214371047192
2024-01-05 18:00:00+00:00,2024,winter,2.572,10.0,22.33,0.5492298617488133,4.6,0.0,101.10650293960566,22.264608384483488,0.0,123.37111132408916,1.1056293838184024
2024-01-05 19:00:00+00:00,2024,winter,1.543,210.0,22.33,0.20594002767605807,4.4,0.0,64.19318120264914,22.308227885326158,0.0,86.5014090879753,0.9257941343278293
2024-01-05 20:00:00+00:00,2024,winter,3.087,240.0,22.33,1.8865048206399393,5.6,0.0,177.132014121029,22.045093220020593,0.0,199.17710734104958,1.4048260252409155
2024-01-05 21:00:00+00:00,2024,winter,5.144,300.0,22.33,5.097977757879782,6.4,0.0,314.3800983078565,21.867771726202193,0.0,336.2478700340587,1.8252930693734566
2024-01-05 22:00:00+00:00,2024,winter,4.63,290.0,22.33,4.626172125232331,6.9,0.0,293.9092006527211,21.756169954921255,0.0,315.66537060764233,1.7685457721791926
2024-01-05 23:00:00+00:00,2024,winter,5.659,300.0,22.33,5.608370165599084,6.6,0.0,332.50346012665403,21.82320280436743,0.0,354.3266629310215,1.8737202518169043
2024-01-06 00:00:00+00:00,2024,winter,5.659,290.0,22.33,5.654321394533426,6.4,0.0,335.1616068044152,21.867771726202193,0.0,357.0293785306174,1.880852812180122
2024-01-06 01:00:00+00:00,2024,winter,5.659,300.0,22.33,5.608370165599084,6.9,0.0,331.04511161732654,21.756169954921255,0.0,352.8012815722478,1.869682705446047
2024-01-06 02:00:00+00:00,2024,winter,4.63,300.0,22.33,4.588576403379353,6.7,0.0,293.28961983446953,21.80088246721757,0.0,315.0905023016871,1.766934660688575
2024-01-06 03:00:00+00:00,2024,winter,5.659,300.0,22.33,5.608370165599084,6.7,0.0,332.01734395687816,21.80088246721757,0.0,353.8182264240957,1.8723754337725436
2024-01-06 04:00:00+00:00,2024,winter,4.63,300.0,22.33,4.588576403379353,6.8,0.0,292.86020604261824,21.77853818977298,0.0,314.6387442323912,1.7656675433001305
2024-01-06 05:00:00+00:00,2024,winter,3.087,310.0,22.33,2.941357013141591,4.9,0.0,228.68597303658447,22.199002223149794,0.0,250.88497525973426,1.576667663358464
2024-01-06 06:00:00+00:00,2024,winter,2.572,310.0,22.33,2.450654434013661,5.3,0.0,203.1272112172638,22.111196395526413,0.0,225.2384076127902,1.4939087051814977
2024-01-06 07:00:00+00:00,2024,winter,2.058,290.0,22.33,2.0562985386021895,4.6,0.0,187.04745907820214,22.264608384483488,0.0,209.31206746268563,1.4401242634544233
2024-01-06 08:00:00+00:00,2024,winter,2.058,260.0,22.33,1.7389728142698595,3.2,0.0,176.43383968556486,22.567971571093167,0.0,199.00181125665802,1.4042076943689987
2024-01-06 09:00:00+00:00,2024,winter,1.029,310.0,22.33,0.9804523377138635,3.7,0.0,134.14524177340263,22.460155254046388,0.0,156.60539702744902,1.2456791525721203
2024-01-06 10:00:00+00:00,2024,winter,1.029,300.0,22.33,1.0197937622197308,3.0,67.0,137.96859832019717,22.610934563101228,0.9581000000000001,159.6214328832984,1.2576171070213529
2024-01-06 11:00:00+00:00,2024,winter,1.543,230.0,22.33,0.7165358573251795,5.3,53.0,113.30645520247336,22.111196395526413,0.7579,134.65975159799976,1.1551057302371588
2024-01-06 12:00:00+00:00,2024,winter,1.029,220.0,22.33,0.3123366988866661,7.6,29.0,74.41067120208744,21.598920064830704,0.4147,95.59489126691815,0.9732405053877823
2024-01-06 13:00:00+00:00,2024,winter,2.572,260.0,22.33,2.1732935268717584,7.1,96.0,185.11769858932303,21.711361544516034,1.3728,205.45626013383904,1.4267981023481735
2024-01-06 14:00:00+00:00,2024,winter,2.572,260.0,22.33,2.1732935268717584,7.5,51.0,184.0271672279721,21.62145648119416,0.7293000000000001,204.91932370916626,1.4249324958804042
2024-01-06 15:00:00+00:00,2024,winter,2.572,280.0,22.33,2.5126739858094167,6.7,34.0,202.14539179125705,21.80088246721757,0.4862,223.46007425847463,1.487999561326241
2024-01-06 16:00:00+00:00,2024,winter,1.543,250.0,22.33,1.1407068876378932,5.9,0.0,139.50897927289222,21.97877627232493,0.0,161.48775554521714,1.264947884431638
2024-01-06 17:00:00+00:00,2024,winter,1.543,340.0,22.33,1.0390557234794826,6.1,0.0,133.1845724620572,21.93444598420321,0.0,155.1190184462604,1.2397535421006203
2024-01-06 18:00:00+00:00,2024,winter,1.029,40.0,22.33,0.3123366988866657,3.6,0.0,78.82673477491159,22.481765309311722,0.0,101.30850008422331,1.0019032296075414
2024-01-06 19:00:00+00:00,2024,winter,1.029,200.0,22.33,0.041833957924452464,4.1,0.0,46.039143468674375,22.3734805660179,0.0,68.41262403469227,0.8233243464279058
2024-01-06 20:00:00+00:00,2024,winter,1.543,170.0,22.33,0.8251884600038671,3.8,0.0,123.61602083673509,22.4385217690164,0.0,146.0545426057515,1.202985432495887
2024-01-06 21:00:00+00:00,2024,winter,1.029,30.0,22.33,0.13733784088053366,3.0,0.0,54.203051493160245,22.610934563101228,0.0,76.81398605626147,0.8724147204633651
2024-01-06 22:00:00+00:00,2024,winter,1.543,130.0,22.33,1.4702020962997975,2.6,0.0,164.51945637832358,22.696580944923255,0.0,187.21603732324684,1.3619913773117842
2024-01-06 23:00:00+00:00,2024,winter,1.029,130.0,22.33,0.9804523377138636,1.8,0.0,137.7199396607724,22.866759076827037,0.0,160.58669873759945,1.2614139190308393
2024-01-07 00:00:00+00:00,2024,winter,1.029,120.0,22.33,1.0197937622197308,1.0,0.0,141.80105938464712,23.03545821308462,0.0,164.83651759773173,1.2779961609946386
2024-01-07 01:00:00+00:00,2024,winter,1.543,120.0,22.33,1.52919511672016,1.2,0.0,170.8036214080102,22.9934216144444,0.0,193.7970430224546,1.3857229411381298
2024-01-07 02:00:00+00:00,2024,winter,2.058,120.0,22.33,2.0395875244394617,0.7,0.0,196.66023212901732,23.09834084048348,0.0,219.7585729695008,1.4756241251314326
2024-01-07 03:00:00+00:00,2024,winter,2.058,120.0,22.33,2.0395875244394617,1.3,0.0,195.07212796646806,22.97236881072014,0.0,218.04449677718821,1.4698580620443458
2024-01-07 04:00:00+00:00,2024,winter,2.058,140.0,22.33,1.8226407301187648,0.5,0.0,187.1216213945863,23.140147940478464,0.0,210.26176933506477,1.4433876702136672
2024-01-07 05:00:00+00:00,2024,winter,2.058,120.0,22.33,2.0395875244394617,0.9,0.0,196.13086407483422,23.056442041534606,0.0,219.18730611636883,1.4737049196940344
2024-01-07 06:00:00+00:00,2024,winter,1.543,130.0,22.33,1.4702020962997975,0.9,0.0,168.38248228775933,23.056442041534606,0.0,191.43892432929394,1.3772664126333267
2024-01-07 07:00:00+00:00,2024,winter,2.058,120.0,22.33,2.0395875244394617,0.5,0.0,197.1896001832004,23.140147940478464,0.0,220.32974812367888,1.4775405302106017
2024-01-07 08:00:00+00:00,2024,winter,2.572,110.0,22.33,2.5698735866301416,-0.2,0.0,225.68480190809186,23.285752593374767,0.0,248.9705545014666,1.570640627483591
2024-01-07 09:00:00+00:00,2024,winter,3.087,120.0,22.33,3.059381286659193,-0.8,0.0,253.3668424580711,23.409668166036784,0.0,276.77651062410786,1.6560271350488553
2024-01-07 10:00:00+00:00,2024,winter,2.572,110.0,22.33,2.5698735866301416,0.2,80.0,224.4843508341126,23.202686947793293,1.1440000000000001,246.5430377819059,1.5629648286782245
2024-01-07 11:00:00+00:00,2024,winter,3.087,120.0,22.33,3.059381286659193,1.4,160.01,246.01318739992126,22.951292981693612,2.288143,266.67633738161487,1.6255303205512617
2024-01-07 12:00:00+00:00,2024,winter,2.572,120.0,22.33,2.548988878939891,2.7,159.0,215.89008120540294,22.675204257553204,2.2737,236.29158546295614,1.5301251797554971
2024-01-07 13:00:00+00:00,2024,winter,1.543,120.0,22.33,1.52919511672016,4.4,152.0,163.39750232256802,22.308227885326158,2.1736,183.53213020789417,1.3485246408583635
2024-01-07 14:00:00+00:00,2024,winter,2.058,110.0,22.33,2.0562985386021895,5.5,58.0,184.65622735703192,22.067151341600617,0.8294,205.89397869863254,1.428317169550439
2024-01-07 15:00:00+00:00,2024,winter,2.058,110.0,22.33,2.0562985386021895,5.6,47.0,184.39053494356858,22.045093220020593,0.6721,205.76352816358917,1.4278646204704002
2024-01-07 16:00:00+00:00,2024,winter,2.572,110.0,22.33,2.5698735866301416,3.8,0.0,213.68029116829973,22.4385217690164,0.0,236.11881293731614,1.529565676264106
2024-01-07 17:00:00+00:00,2024,winter,3.087,110.0,22.33,3.0844478079032847,2.7,0.0,242.88961784224173,22.675204257553204,0.0,265.5648220997949,1.6221391527305944
2024-01-07 18:00:00+00:00,2024,winter,3.601,110.0,22.33,3.5980228559312364,1.6,0.0,271.2080437914871,22.909072180598372,0.0,294.11711597208546,1.7071158049422674
2024-01-07 19:00:00+00:00,2024,winter,3.601,110.0,22.33,3.5980228559312364,1.9,0.0,270.0995640484701,22.845567869432433,0.0,292.94513191790253,1.7037111925269237
2024-01-07 20:00:00+00:00,2024,winter,3.601,110.0,22.33,3.5980228559312364,0.4,0.0,275.641962763555,23.16101714521317,0.0,298.8029799087682,1.7206609236487327
2024-01-07 21:00:00+00:00,2024,winter,4.116,110.0,22.33,4.112597077204379,-0.0,0.0,300.9844486269226,23.24426538596485,0.0,324.22871401288745,1.7923737326775617
2024-01-07 22:00:00+00:00,2024,winter,3.601,110.0,22.33,3.5980228559312364,-0.0,0.0,277.1199357542443,23.24426538596485,0.0,300.36420114020916,1.7251502238176712
2024-01-07 23:00:00+00:00,2024,winter,3.087,120.0,22.33,3.059381286659193,-0.1,0.0,251.02704312138704,23.26502038516591,0.0,274.29206350655295,1.6485778280293941
2024-01-08 00:00:00+00:00,2024,winter,2.572,110.0,22.33,2.5698735866301416,1.0,0.0,222.0834486861542,23.03545821308462,0.0,245.11890689923882,1.558444136892397
2024-01-08 01:00:00+00:00,2024,winter,3.087,110.0,22.33,3.0844478079032847,1.3,0.0,247.59287461926994,22.97236881072014,0.0,270.56524342999006,1.6373398698265362
2024-01-08 02:00:00+00:00,2024,winter,2.572,100.0,22.33,2.5126739858094167,0.7,0.0,219.90340571142607,23.09834084048348,0.0,243.00174655190955,1.551699182511654
2024-01-08 03:00:00+00:00,2024,winter,4.116,100.0,22.33,4.021059924413514,0.8,0.0,293.66038735790653,23.07740291175031,0.0,316.73779026965684,1.7715473924107925
2024-01-08 04:00:00+00:00,2024,winter,3.601,110.0,22.33,3.5980228559312364,0.5,0.0,275.2724695158827,23.140147940478464,0.0,298.41261745636115,1.7195366026392933
2024-01-08 05:00:00+00:00,2024,winter,3.601,110.0,22.33,3.5980228559312364,0.2,0.0,276.38094925889965,23.202686947793293,0.0,299.5836362066929,1.7229071672886833
2024-01-08 06:00:00+00:00,2024,winter,3.087,100.0,22.33,3.015794943310136,-0.0,0.0,248.47951243070497,23.24426538596485,0.0,271.72377781666984,1.6408415913562557
2024-01-08 07:00:00+00:00,2024,winter,4.116,110.0,22.33,4.112597077204379,0.2,0.0,300.18182343058413,23.202686947793293,0.0,323.3845103783774,1.7900387842562064
2024-01-08 08:00:00+00:00,2024,winter,4.116,110.0,22.33,4.112597077204379,0.2,0.0,300.18182343058413,23.202686947793293,0.0,323.3845103783774,1.7900387842562064
2024-01-08 09:00:00+00:00,2024,winter,2.572,110.0,22.33,2.5698735866301416,-0.1,0.0,225.38468913959701,23.26502038516591,0.0,248.64970952476293,1.5696282695887531
2024-01-08 10:00:00+00:00,2024,winter,1.543,110.0,22.33,1.5417243173290467,0.5,49.0,173.0806053558682,23.140147940478464,0.7007,195.52005329634665,1.3918694006979084
2024-01-08 11:00:00+00:00,2024,winter,3.601,110.0,22.33,3.5980228559312364,1.7,43.0,270.83855054381473,22.88792717494678,0.6149,293.1115777187615,1.7041951317938198
2024-01-08 12:00:00+00:00,2024,winter,3.087,100.0,22.33,3.015794943310136,2.2,77.0,241.19078006607094,22.781855423440206,1.1011,262.8715354895112,1.6138925424147261
2024-01-08 13:00:00+00:00,2024,winter,2.058,90.0,22.33,1.9036724502869222,3.2,20.0,184.03287935839185,22.567971571093167,0.28600000000000003,206.31485092948503,1.4297762509442684
2024-01-08 14:00:00+00:00,2024,winter,2.572,100.0,22.33,2.5126739858094167,3.4,82.0,211.91229944735,22.524915198234023,1.1726,233.26461464558403,1.5202928929965926
2024-01-08 15:00:00+00:00,2024,winter,3.601,100.0,22.33,3.5179389669127947,3.9,25.0,259.0805292341093,22.41686483729278,0.3575,281.13989407140207,1.669029728106319
2024-01-08 16:00:00+00:00,2024,winter,3.087,110.0,22.33,3.0844478079032847,4.0,0.0,238.52230797785842,22.395184441940355,0.0,260.91749241979875,1.6078829568227861
2024-01-08 17:00:00+00:00,2024,winter,2.572,110.0,22.33,2.5698735866301416,2.9,0.0,216.38130608475294,22.63238108351313,0.0,239.01368716826607,1.538913535899234
2024-01-08 18:00:00+00:00,2024,winter,1.543,100.0,22.33,1.5074090047060378,1.7,0.0,168.51581679612596,22.88792717494678,0.0,191.40374397107274,1.3771398580359464
2024-01-08 19:00:00+00:00,2024,winter,1.029,110.0,22.33,1.0281492693010947,0.6,0.0,143.11070177427106,23.11925584447969,0.0,166.22995761875075,1.2833865421446577
2024-01-08 20:00:00+00:00,2024,winter,3.601,90.0,22.33,3.33096428254772,1.7,0.0,258.2326932519943,22.88792717494678,0.0,281.12062042694106,1.668972516665327
2024-01-08 21:00:00+00:00,2024,winter,3.601,90.0,22.33,3.33096428254772,2.2,0.0,256.4712151261281,22.781855423440206,0.0,279.2530705495683,1.6634195920234434
2024-01-08 22:00:00+00:00,2024,winter,4.116,100.0,22.33,4.021059924413514,2.2,0.0,288.11962533228564,22.781855423440206,0.0,310.90148075572586,1.755149962203299
2024-01-08 23:00:00+00:00,2024,winter,4.63,100.0,22.33,4.523203948016174,2.1,0.0,310.2789167523426,22.803116059561038,0.0,333.0820328119036,1.8166800084828896
2024-01-09 00:00:00+00:00,2024,winter,3.601,90.0,22.33,3.33096428254772,2.1,0.0,256.82351075130134,22.803116059561038,0.0,279.6266268108624,1.6645317966922293
2024-01-09 01:00:00+00:00,2024,winter,4.116,90.0,22.33,3.8073449005738444,1.8,0.0,280.0880747902364,22.866759076827037,0.0,302.9548338670635,1.732573936764141
2024-01-09 02:00:00+00:00,2024,winter,2.572,90.0,22.33,2.379128057404259,1.3,0.0,210.88840632461404,22.97236881072014,0.0,233.86077513533417,1.5222343795086888
2024-01-09 03:00:00+00:00,2024,winter,3.601,80.0,22.33,3.0427799340066883,1.8,0.0,243.85478509181124,22.866759076827037,0.0,266.7215441686383,1.6256680940967234
2024-01-09 04:00:00+00:00,2024,winter,4.116,80.0,22.33,3.477945628539719,1.7,0.0,265.21645321473267,22.88792717494678,0.0,288.1043803896794,1.6895761270478387
2024-01-09 05:00:00+00:00,2024,winter,4.63,90.0,22.33,4.2828005076911815,2.0,0.0,300.3929069786747,22.824353535950085,0.0,323.2172605146248,1.7895758331060514
2024-01-09 06:00:00+00:00,2024,winter,5.144,80.0,22.33,4.346587053743517,2.1,0.0,302.73472097908103,22.803116059561038,0.0,325.53783703864207,1.7959885790301553
2024-01-09 07:00:00+00:00,2024,winter,5.144,80.0,22.33,4.346587053743517,2.3,0.0,301.9041730477255,22.760571610756376,0.0,324.6647446584819,1.7935785416033048
2024-01-09 08:00:00+00:00,2024,winter,5.144,80.0,22.33,4.346587053743517,2.3,0.0,301.9041730477255,22.760571610756376,0.0,324.6647446584819,1.7935785416033048
2024-01-09 09:00:00+00:00,2024,winter,5.144,90.0,22.33,4.758256114808518,2.1,0.0,320.1468865666798,22.803116059561038,0.0,342.95000262624086,1.843394294891758
2024-01-09 10:00:00+00:00,2024,winter,5.659,70.0,22.33,4.183577626145714,2.0,77.0,296.0727415627543,22.824353535950085,1.1011,317.7959950987044,1.7745042496083383
2024-01-09 11:00:00+00:00,2024,winter,5.659,80.0,22.33,4.781752748276548,2.5,56.0,319.3609778716812,22.71793438834439,0.8008,341.27811226002564,1.8388955072059954
2024-01-09 12:00:00+00:00,2024,winter,5.659,80.0,22.33,4.781752748276548,3.1,38.0,316.7179904686052,22.589464731256644,0.5434,338.76405519986184,1.8321097895255678
2024-01-09 13:00:00+00:00,2024,winter,6.688,90.0,22.33,6.186472957978103,3.6,99.0,368.7814472277154,22.481765309311722,1.4157,389.84751253702706,1.9653966775469538
2024-01-09 14:00:00+00:00,2024,winter,6.173,90.0,22.33,5.710092339951979,4.0,149.01,348.9978962077019,22.395184441940355,2.130843,369.2622376496422,1.9128031678115631
2024-01-09 15:00:00+00:00,2024,winter,5.144,100.0,22.33,5.025347971618833,4.1,33.0,322.05193597544195,22.3734805660179,0.4719,343.95351654145986,1.846089324123575
2024-01-09 16:00:00+00:00,2024,winter,3.601,100.0,22.33,3.5179389669127947,3.4,0.0,260.9024738841382,22.524915198234023,0.0,283.4273890823722,1.6758060032102275
2024-01-09 17:00:00+00:00,2024,winter,3.087,90.0,22.33,2.855508675430384,1.9,0.0,234.1470956012462,22.845567869432433,0.0,256.9926634706786,1.5957439131414364
2024-01-09 18:00:00+00:00,2024,winter,3.601,80.0,22.33,3.0427799340066883,1.3,0.0,245.52045985336733,22.97236881072014,0.0,268.4928286640875,1.6310571522228123
2024-01-09 19:00:00+00:00,2024,winter,2.572,100.0,22.33,2.5126739858094167,0.9,0.0,219.3114719140871,23.056442041534606,0.0,242.3679139556217,1.5496741771120701
2024-01-09 20:00:00+00:00,2024,winter,3.601,100.0,22.33,3.5179389669127947,0.9,0.0,270.01219713428264,23.056442041534606,0.0,293.0686391758172,1.704070301624141
2024-01-09 21:00:00+00:00,2024,winter,3.601,100.0,22.33,3.5179389669127947,0.7,0.0,270.7409749942942,23.09834084048348,0.0,293.8393158347777,1.7063094101185543
2024-01-09 22:00:00+00:00,2024,winter,2.572,100.0,22.33,2.5126739858094167,1.1,0.0,218.71953811674814,23.014451409642533,0.0,241.73398952639067,1.5476462281434333
2024-01-09 23:00:00+00:00,2024,winter,3.601,80.0,22.33,3.0427799340066883,0.4,0.0,248.51867442416827,23.16101714521317,0.0,271.6796915693814,1.640708475507604
2024-01-10 00:00:00+00:00,2024,winter,3.601,80.0,22.33,3.0427799340066883,0.4,0.0,248.51867442416827,23.16101714521317,0.0,271.6796915693814,1.640708475507604
2024-01-10 01:00:00+00:00,2024,winter,4.116,90.0,22.33,3.8073449005738444,0.6,0.0,284.67968257368295,23.11925584447969,0.0,307.79893841816266,1.7463705242763554
2024-01-10 02:00:00+00:00,2024,winter,4.116,90.0,22.33,3.8073449005738444,0.4,0.0,285.4449505375906,23.16101714521317,0.0,308.6059676828038,1.7486584618425338
2024-01-10 03:00:00+00:00,2024,winter,3.087,80.0,22.33,2.6084592214047895,-0.3,0.0,228.07586214184653,23.306462027282045,0.0,251.38232416912857,1.5782296654359809
2024-01-10 04:00:00+00:00,2024,winter,2.058,90.0,22.33,1.9036724502869222,-0.6,0.0,193.7727810514544,23.368453850008354,0.0,217.14123490146275,1.4668104167032214
2024-01-10 05:00:00+00:00,2024,winter,2.572,140.0,22.33,2.2778580942009055,-0.0,0.0,208.91602180867875,23.24426538596485,0.0,232.16028719464362,1.51668991838804
2024-01-10 06:00:00+00:00,2024,winter,1.543,130.0,22.33,1.4702020962997975,-0.9,0.0,172.47274501539724,23.43024130429431,0.0,195.90298631969154,1.3932317469959699
2024-01-10 07:00:00+00:00,2024,winter,1.029,160.0,22.33,0.6929282822167127,-2.0,0.0,123.23454537590756,23.65505407911415,0.0,146.8895994550217,1.2064195243759757
2024-01-10 08:00:00+00:00,2024,winter,1.029,230.0,22.33,0.47784536434712227,-2.3,0.0,104.04193285028173,23.715893751451286,0.0,127.75782660173302,1.1251141621598078
2024-01-10 09:00:00+00:00,2024,winter,1.543,120.0,22.33,1.52919511672016,-1.4,0.0,176.821093164932,23.53276746374309,0.0,200.35386062867508,1.408969822544659
2024-01-10 10:00:00+00:00,2024,winter,2.058,80.0,22.33,1.7389728142698595,1.1,23.0,181.59416090199505,23.014451409642533,0.3289,204.27971231163758,1.422706948412299
2024-01-10 11:00:00+00:00,2024,winter,2.572,90.0,22.33,2.379128057404259,3.5,42.0,204.59323001641658,22.50335195173534,0.6006,226.4959819681519,1.4980733728600748
2024-01-10 12:00:00+00:00,2024,winter,2.572,80.0,22.33,2.1732935268717584,4.2,52.0,193.02405095911737,22.35175319257806,0.7436,214.63220415169545,1.4583114193961082
2024-01-10 13:00:00+00:00,2024,winter,3.601,70.0,22.33,2.6621422568918036,4.7,70.0,215.6290394270355,22.242763269032263,1.0010000000000001,236.87080269606776,1.5319994157942445
2024-01-10 14:00:00+00:00,2024,winter,3.087,60.0,22.33,1.886504820639938,4.5,41.0,179.9395820681922,22.286429917588812,0.5863,201.63971198578102,1.4134839062117217
2024-01-10 15:00:00+00:00,2024,winter,3.087,60.0,22.33,1.886504820639938,4.2,14.0,180.70528241741854,22.35175319257806,0.2002,202.8568356099966,1.41774347474365
2024-01-10 16:00:00+00:00,2024,winter,2.058,70.0,22.33,1.5214353692539102,3.8,0.0,164.39595541488572,22.4385217690164,0.0,186.83447718390212,1.3606027498076452
2024-01-10 17:00:00+00:00,2024,winter,2.058,70.0,22.33,1.5214353692539102,3.9,0.0,164.16506221907827,22.41686483729278,0.0,186.58192705637106,1.3596828537521153
2024-01-10 18:00:00+00:00,2024,winter,2.058,110.0,22.33,2.0562985386021895,3.6,0.0,189.7043832128357,22.481765309311722,0.0,212.18614852214742,1.4499777857210843
2024-01-10 19:00:00+00:00,2024,winter,2.058,50.0,22.33,0.9556907286942441,3.8,0.0,132.36979292069114,22.4385217690164,0.0,154.80831468970754,1.2385113051164869
2024-01-10 20:00:00+00:00,2024,winter,3.087,50.0,22.33,1.4335360930413663,4.0,0.0,159.4504580801925,22.395184441940355,0.0,181.84564252213286,1.3423145049474856
2024-01-10 21:00:00+00:00,2024,winter,1.543,40.0,22.33,0.46835328122655506,3.6,0.0,95.20647683072986,22.481765309311722,0.0,117.68824214004158,1.0798647675857262
2024-01-10 22:00:00+00:00,2024,winter,1.543,70.0,22.33,1.140706887637893,4.2,0.0,142.94118281506175,22.35175319257806,0.0,165.2929360076398,1.2797642696771545
2024-01-10 23:00:00+00:00,2024,winter,3.087,60.0,22.33,1.886504820639938,4.7,0.0,179.42911516870797,22.242763269032263,0.0,201.67187843774022,1.413596644294406
2024-01-11 00:00:00+00:00,2024,winter,3.601,60.0,22.33,2.2006167344102416,4.7,0.0,192.78001986668107,22.242763269032263,0.0,215.02278313571333,1.4596377042913382
2024-01-11 01:00:00+00:00,2024,winter,3.087,70.0,22.33,2.2821530538808656,4.9,0.0,195.49429546959942,22.199002223149794,0.0,217.6932976927492,1.4686738522987006
2024-01-11 02:00:00+00:00,2024,winter,2.572,70.0,22.33,1.9014245722648482,4.9,0.0,179.5766558002825,22.199002223149794,0.0,201.7756580234323,1.4139603132574186
2024-01-11 03:00:00+00:00,2024,winter,2.058,90.0,22.33,1.9036724502869222,5.1,0.0,179.16292851186063,22.155146643995685,0.0,201.31807515585632,1.4123561275657852
2024-01-11 04:00:00+00:00,2024,winter,1.543,90.0,22.33,1.4272918322607975,5.3,0.0,156.21284208585504,22.111196395526413,0.0,178.32403848138145,1.3292533983482435
2024-01-11 05:00:00+00:00,2024,winter,2.058,70.0,22.33,1.5214353692539102,4.9,0.0,161.85613026100404,22.199002223149794,0.0,184.05513248415383,1.3504446853740726
2024-01-11 06:00:00+00:00,2024,winter,2.058,70.0,22.33,1.5214353692539102,5.2,0.0,161.16345067358176,22.133183361931994,0.0,183.29663403551376,1.3476591947692946
2024-01-11 07:00:00+00:00,2024,winter,2.058,80.0,22.33,1.7389728142698595,5.2,0.0,171.51924805086946,22.133183361931994,0.0,193.65243141280146,1.385205830507845
2024-01-11 08:00:00+00:00,2024,winter,2.058,70.0,22.33,1.5214353692539102,5.2,0.0,161.16345067358176,22.133183361931994,0.0,183.29663403551376,1.3476591947692946
2024-01-11 09:00:00+00:00,2024,winter,2.572,90.0,22.33,2.379128057404259,5.4,2.0,199.15648684115516,22.08918572775824,0.0286,221.21707256891338,1.4805127582055506
2024-01-11 10:00:00+00:00,2024,winter,2.058,70.0,22.33,1.5214353692539102,5.4,75.0,160.7016642819669,22.08918572775824,1.0725,181.71835000972516,1.3418446105478707
2024-01-11 11:00:00+00:00,2024,winter,2.058,70.0,22.33,1.5214353692539102,5.7,97.0,160.00898469454467,22.02301134597912,1.3871,180.64489604052378,1.3378754408434395
2024-01-11 12:00:00+00:00,2024,winter,2.058,80.0,22.33,1.7389728142698595,6.3,106.0,168.816222651787,21.89002034508136,1.5158,189.19044299686834,1.369154413975896
2024-01-11 13:00:00+00:00,2024,winter,3.601,80.0,22.33,3.0427799340066883,6.3,178.01,228.86371223780645,21.89002034508136,2.545543,248.2081895828878,1.568234079139318
2024-01-11 14:00:00+00:00,2024,winter,3.087,100.0,22.33,3.015794943310136,6.1,110.0,228.2698454196743,21.93444598420321,1.573,248.63129140387753,1.5695701353189773
2024-01-11 15:00:00+00:00,2024,winter,2.572,100.0,22.33,2.5126739858094167,6.0,64.0,204.21716008194346,21.95662303860351,0.9152,225.25858312054697,1.4939756113811788
2024-01-11 16:00:00+00:00,2024,winter,2.572,90.0,22.33,2.379128057404259,5.8,0.0,198.01190933057381,22.000905702430984,0.0,220.0128150330048,1.4764774644834304
2024-01-11 17:00:00+00:00,2024,winter,2.058,80.0,22.33,1.7389728142698595,5.6,0.0,170.53632972393038,22.045093220020593,0.0,192.58142294395097,1.3813700302031657
2024-01-11 18:00:00+00:00,2024,winter,2.572,80.0,22.33,2.1732935268717584,5.6,0.0,189.20719119438908,22.045093220020593,0.0,211.25228441440967,1.44678347876566
2024-01-11 19:00:00+00:00,2024,winter,1.543,80.0,22.33,1.3038071197368286,5.3,0.0,149.7625404410944,22.111196395526413,0.0,171.8737368366208,1.3049912312812737
2024-01-11 20:00:00+00:00,2024,winter,1.543,90.0,22.33,1.4272918322607975,5.1,0.0,156.66108553516884,22.155146643995685,0.0,178.81623217916453,1.3310865760919588
2024-01-11 21:00:00+00:00,2024,winter,2.058,70.0,22.33,1.5214353692539102,4.8,0.0,162.0870234568115,22.220894554251082,0.0,184.30791801106258,1.3513717329788937
2024-01-11 22:00:00+00:00,2024,winter,2.058,80.0,22.33,1.7389728142698595,4.9,0.0,172.25643679607376,22.199002223149794,0.0,194.45543901922355,1.388074836812043
2024-01-11 23:00:00+00:00,2024,winter,2.572,80.0,22.33,2.1732935268717584,4.2,0.0,193.02405095911737,22.35175319257806,0.0,215.37580415169543,1.4608354179835155
2024-01-12 00:00:00+00:00,2024,winter,2.058,70.0,22.33,1.5214353692539102,3.8,0.0,164.39595541488572,22.4385217690164,0.0,186.83447718390212,1.3606027498076452
2024-01-12 01:00:00+00:00,2024,winter,2.572,80.0,22.33,2.1732935268717584,3.6,0.0,194.6598480011438,22.481765309311722,0.0,217.14161331045554,1.4668116947976626
2024-01-12 02:00:00+00:00,2024,winter,1.029,90.0,22.33,0.9518362251434611,3.4,0.0,132.86298982805812,22.524915198234023,0.0,155.38790502629215,1.2408275843363976
2024-01-12 03:00:00+00:00,2024,winter,0.514,360.0,22.33,0.19528944073012527,3.3,0.0,63.59990378913014,22.546455065718437,0.0,86.14635885484857,0.9238921918251833
2024-01-12 04:00:00+00:00,2024,winter,1.029,60.0,22.33,0.6288349402133125,3.5,0.0,109.3717415543692,22.50335195173534,0.0,131.87509350610452,1.1430999982608132
2024-01-12 05:00:00+00:00,2024,winter,1.543,20.0,22.33,0.06273060940469427,3.4,0.0,46.493690724359446,22.524915198234023,0.0,69.01860592259347,0.826962707686067
2024-01-12 06:00:00+00:00,2024,winter,2.058,20.0,22.33,0.08366791584890525,3.2,0.0,46.6235613688409,22.567971571093167,0.0,69.19153293993406,0.827998042505591
2024-01-12 07:00:00+00:00,2024,winter,2.058,30.0,22.33,0.2746756817610673,3.0,0.0,74.86929003892797,22.610934563101228,0.0,97.4802246020292,0.982790827218032
2024-01-12 08:00:00+00:00,2024,winter,1.543,50.0,22.33,0.7165358573251791,2.9,0.0,117.2079687245097,22.63238108351313,0.0,139.84034980802284,1.1771155168076413
2024-01-12 09:00:00+00:00,2024,winter,1.543,50.0,22.33,0.7165358573251791,2.6,2.0,117.69565791476427,22.696580944923255,0.0286,140.3636388596875,1.1793158706053375
2024-01-12 10:00:00+00:00,2024,winter,1.029,80.0,22.33,0.8694864071349298,2.6,71.0,128.8000494145424,22.696580944923255,1.0153,150.48133035946566,1.2210800753442987
2024-01-12 11:00:00+00:00,2024,winter,0.514,160.0,22.33,0.34612744126277,2.7,22.0,83.73427958910794,22.675204257553204,0.3146,106.09488384666115,1.0252978687817358
2024-01-12 12:00:00+00:00,2024,winter,0.514,110.0,22.33,0.5135750480279521,2.8,81.0,100.49850983876351,22.65380430937245,1.1583,121.99401414813596,1.0994414207062209
2024-01-12 13:00:00+00:00,2024,winter,1.029,360.0,22.33,0.39095882200641807,2.7,63.0,88.62420481565023,22.675204257553204,0.9009,110.39850907320343,1.0458862126182331
2024-01-12 14:00:00+00:00,2024,winter,2.058,320.0,22.33,1.8226407301187646,2.8,97.0,181.34471227770646,22.65380430937245,1.3871,202.6114165870789,1.4168856123082747
2024-01-12 15:00:00+00:00,2024,winter,2.572,340.0,22.33,1.7319840056961955,2.7,70.0,177.3293997846316,22.675204257553204,1.0010000000000001,199.00360404218478,1.4042140195314314
2024-01-12 16:00:00+00:00,2024,winter,1.029,20.0,22.33,0.041833957924452624,2.7,1.0,46.948237980044524,22.675204257553204,0.0143,69.60914223759772,0.8304929973927948
2024-01-12 17:00:00+00:00,2024,winter,1.543,150.0,22.33,1.2213518045847398,2.4,0.0,151.31619901442667,22.739264604672254,0.0,174.05546361909893,1.3132477457593112
2024-01-12 18:00:00+00:00,2024,winter,2.058,160.0,22.33,1.3858565644334253,2.6,0.0,160.05169811325823,22.696580944923255,0.0,182.74827905818148,1.345641838697784
2024-01-12 19:00:00+00:00,2024,winter,2.058,150.0,22.33,1.628996768525855,2.7,0.0,172.33525105615152,22.675204257553204,0.0,195.0104553137047,1.3900543525713873
2024-01-12 20:00:00+00:00,2024,winter,1.029,130.0,22.33,0.9804523377138636,2.6,0.0,136.21480370819566,22.696580944923255,0.0,158.91138465311892,1.2548168437547655
2024-01-12 21:00:00+00:00,2024,winter,1.543,130.0,22.33,1.4702020962997975,2.4,0.0,164.97393001472776,22.739264604672254,0.0,187.7131946194,1.363798580972865
2024-01-12 22:00:00+00:00,2024,winter,1.029,150.0,22.33,0.8144983842629275,2.3,0.0,125.4556592003759,22.760571610756376,0.0,148.21623081113228,1.2118551594988274
2024-01-12 23:00:00+00:00,2024,winter,1.029,120.0,22.33,1.0197937622197308,2.3,0.0,139.30995969275466,22.760571610756376,0.0,162.07053130351105,1.2672282959532593
2024-01-13 00:00:00+00:00,2024,winter,1.543,150.0,22.33,1.2213518045847398,2.4,0.0,151.31619901442667,22.739264604672254,0.0,174.05546361909893,1.3132477457593112
2024-01-13 01:00:00+00:00,2024,winter,1.543,130.0,22.33,1.4702020962997975,2.5,0.0,164.74669319652568,22.71793438834439,0.0,187.46462758487007,1.3628953209032078
2024-01-13 02:00:00+00:00,2024,winter,1.029,140.0,22.33,0.9113203650593824,2.7,0.0,131.46980492062,22.675204257553204,0.0,154.1450091781732,1.2358551388539065
2024-01-13 03:00:00+00:00,2024,winter,1.029,90.0,22.33,0.9518362251434611,2.7,0.0,134.16192967274583,22.675204257553204,0.0,156.83713393029905,1.2466004590000974
2024-01-13 04:00:00+00:00,2024,winter,1.029,130.0,22.33,0.9804523377138636,2.6,0.0,136.21480370819566,22.696580944923255,0.0,158.91138465311892,1.2548168437547655
2024-01-13 05:00:00+00:00,2024,winter,1.029,190.0,22.33,0.21973465308690818,1.6,0.0,68.78627401173742,22.909072180598372,0.0,91.69534619233579,0.9531834234759865
2024-01-13 06:00:00+00:00,2024,winter,1.543,160.0,22.33,1.0390557234794826,1.8,0.0,141.4965269117937,22.866759076827037,0.0,164.36328598862073,1.2761603333316167
2024-01-13 07:00:00+00:00,2024,winter,0.514,190.0,22.33,0.10976055557499594,1.9,0.0,49.5731312027258,22.845567869432433,0.0,72.41869907215823,0.8470873441606082
2024-01-13 08:00:00+00:00,2024,winter,1.543,190.0,22.33,0.3294952086619041,2.5,0.0,82.06097807246414,22.71793438834439,0.0,104.77891246080853,1.0189192729009615
2024-01-13 09:00:00+00:00,2024,winter,1.543,190.0,22.33,0.3294952086619041,3.7,2.0,80.7027274009199,22.460155254046388,0.0286,103.13428265496628,1.0108910695705133
2024-01-13 10:00:00+00:00,2024,winter,2.572,230.0,22.33,1.194381221672302,6.2,96.01,141.91165364979597,21.912245092054423,1.372943,162.4509557418504,1.2687146921656243
2024-01-13 11:00:00+00:00,2024,winter,3.087,240.0,22.33,1.8865048206399393,6.8,161.01,174.06921272412356,21.77853818977298,2.302443,193.54530791389652,1.384822647552244
2024-01-13 12:00:00+00:00,2024,winter,2.058,260.0,22.33,1.7389728142698595,7.4,174.01,166.1131972527045,21.64396882019225,2.488343,185.26882307289677,1.3548898993119975
2024-01-13 13:00:00+00:00,2024,winter,2.572,260.0,22.33,2.1732935268717584,7.9,203.01,182.93663586662112,21.531166179904194,2.903043,201.56475904652532,1.413221173688648
2024-01-13 14:00:00+00:00,2024,winter,1.543,340.0,22.33,1.0390557234794826,7.4,170.01,130.6716560005089,21.64396882019225,2.431143,149.88448182070115,1.2186561070466864
2024-01-13 15:00:00+00:00,2024,winter,1.543,330.0,22.33,1.2213518045847394,7.0,49.0,141.728671253182,21.733777745543822,0.7007,162.7617489987258,1.269927733839987
2024-01-13 16:00:00+00:00,2024,winter,2.572,280.0,22.33,2.5126739858094167,6.5,1.0,202.73732558859604,21.845499218328904,0.0143,224.56852480692496,1.4916855298498748
2024-01-13 17:00:00+00:00,2024,winter,3.087,10.0,22.33,0.6592039592607257,5.7,0.0,108.36211296148487,22.02301134597912,0.0,130.385124307464,1.1366240902660343
2024-01-13 18:00:00+00:00,2024,winter,2.058,10.0,22.33,0.4394693061738171,5.3,0.0,90.2232530037848,22.111196395526413,0.0,112.33444939931121,1.0550166516497594
2024-01-13 19:00:00+00:00,2024,winter,2.058,350.0,22.33,1.1006078099079448,5.7,0.0,137.59891890321276,22.02301134597912,0.0,159.62193024919188,1.2576190663301923
2024-01-13 20:00:00+00:00,2024,winter,1.029,360.0,22.33,0.39095882200641807,4.7,0.0,86.17263621770694,22.242763269032263,0.0,108.4153994867392,1.0364499167989338
2024-01-13 21:00:00+00:00,2024,winter,1.029,340.0,22.33,0.6929282822167127,3.7,0.0,114.11198812080791,22.460155254046388,0.0,136.5721433748543,1.1632790223959832
2024-01-13 22:00:00+00:00,2024,winter,1.029,280.0,22.33,1.0052649811033785,4.3,0.0,134.57461684851978,22.33000230466733,0.0,156.90461915318713,1.2468686291073081
2024-01-13 23:00:00+00:00,2024,winter,1.029,200.0,22.33,0.041833957924452464,3.1,0.0,46.68849669108163,22.589464731256644,0.0,69.27796142233828,0.8285150153026422
2024-01-14 00:00:00+00:00,2024,winter,2.058,210.0,22.33,0.2746756817610677,3.1,0.0,74.76530491387398,22.589464731256644,0.0,97.35476964513062,0.9821582082599797
2024-01-14 01:00:00+00:00,2024,winter,1.543,200.0,22.33,0.06273060940469402,2.4,0.0,47.1430439467667,22.739264604672254,0.0,69.88230855143895,0.8321209486250598
2024-01-14 02:00:00+00:00,2024,winter,2.572,240.0,22.33,1.5717817941969303,2.7,0.0,169.48766157002862,22.675204257553204,0.0,192.1628658275818,1.3798680765221887
2024-01-14 03:00:00+00:00,2024,winter,1.029,260.0,22.33,0.8694864071349298,2.2,0.0,129.51165189749565,22.781855423440206,0.0,152.29350732093587,1.228410522976736
2024-01-14 04:00:00+00:00,2024,winter,1.029,180.0,22.33,0.3909588220064182,2.0,0.0,89.48225382493042,22.824353535950085,0.0,112.3066073608805,1.0548859008666545
2024-01-14 05:00:00+00:00,2024,winter,1.543,200.0,22.33,0.06273060940469402,1.4,0.0,47.79239716917396,22.951292981693612,0.0,70.74369015086756,0.8372336762080417
2024-01-14 06:00:00+00:00,2024,winter,1.029,230.0,22.33,0.47784536434712227,0.7,0.0,100.00408293371193,23.09834084048348,0.0,123.10242377419542,1.104424763188293
2024-01-14 07:00:00+00:00,2024,winter,0.514,20.0,22.33,0.020896651480241644,1.2,0.0,47.92226781365541,22.9934216144444,0.0,70.91568942809981,0.8382508422907369
2024-01-14 08:00:00+00:00,2024,winter,1.029,250.0,22.33,0.7607176846269552,1.9,0.0,122.19362079855716,22.845567869432433,0.0,145.0391886679896,1.1987966334358553
2024-01-14 09:00:00+00:00,2024,winter,0.514,350.0,22.33,0.2748845550498949,2.0,1.0,75.9360352359841,22.824353535950085,0.0143,98.74608877193417,0.9891514344739094
2024-01-14 10:00:00+00:00,2024,winter,1.029,240.0,22.33,0.628834940213313,0.8,8.0,113.50186326341536,23.07740291175031,0.1144,136.46486617516567,1.1628220557380629
2024-01-14 11:00:00+00:00,2024,winter,1.029,250.0,22.33,0.7607176846269552,3.9,88.0,118.8504300790344,22.41686483729278,1.2584,140.0088949163272,1.1778246730637827
2024-01-14 12:00:00+00:00,2024,winter,1.029,330.0,22.33,0.8144983842629272,4.3,55.0,122.00433432553749,22.33000230466733,0.7865,143.5478366302048,1.1926174504406526
2024-01-14 13:00:00+00:00,2024,winter,3.087,350.0,22.33,1.6509117148619177,5.1,18.0,167.65537815918154,22.155146643995685,0.2574,189.55312480317724,1.3704661336208734
2024-01-14 14:00:00+00:00,2024,winter,4.116,360.0,22.33,1.5638352880256723,5.5,15.0,162.5394608092195,22.067151341600617,0.2145,184.3921121508201,1.3516803594095794
2024-01-14 15:00:00+00:00,2024,winter,4.116,20.0,22.33,0.1673358316978105,4.8,9.0,57.944278731233425,22.220894554251082,0.1287,80.03647328548452,0.8905264140128235
2024-01-14 16:00:00+00:00,2024,winter,3.087,20.0,22.33,0.1255018737733579,3.7,1.0,51.46850194617986,22.460155254046388,0.0143,73.91435720022625,0.8557900563535166
2024-01-14 17:00:00+00:00,2024,winter,4.116,10.0,22.33,0.8789386123476342,3.9,0.0,127.12626343731779,22.41686483729278,0.0,149.54312827461058,1.2172676053865552
2024-01-14 18:00:00+00:00,2024,winter,3.601,10.0,22.33,0.7689645148357218,3.5,0.0,120.12112119547717,22.50335195173534,0.0,142.6244731472125,1.1887755395121444
2024-01-14 19:00:00+00:00,2024,winter,3.601,350.0,22.33,1.9257962699118123,3.8,0.0,183.48028780222128,22.4385217690164,0.0,205.9188095712377,1.4284032946830245
2024-01-14 20:00:00+00:00,2024,winter,4.63,10.0,22.33,0.9886991679226304,3.2,0.0,135.6142563719767,22.567971571093167,0.0,158.18222794306985,1.251934702560409
2024-01-14 21:00:00+00:00,2024,winter,4.63,350.0,22.33,2.4761001748657847,3.5,0.0,209.70742189708508,22.50335195173534,0.0,232.21077384882042,1.5168548226398022
2024-01-14 22:00:00+00:00,2024,winter,5.659,340.0,22.33,3.8107688523463334,3.9,0.0,272.2039335520509,22.41686483729278,0.0,294.6207983893437,1.708576917467786
2024-01-14 23:00:00+00:00,2024,winter,5.144,350.0,22.33,2.7509847299156798,3.6,0.0,223.49144933144422,22.481765309311722,0.0,245.97321464075594,1.5611575808648646
2024-01-15 00:00:00+00:00,2024,winter,5.144,330.0,22.33,4.0717003776953336,3.6,0.0,284.7729071420027,22.481765309311722,0.0,307.2546724513144,1.744825829880977
2024-01-15 01:00:00+00:00,2024,winter,6.173,360.0,22.33,2.345372991492341,2.7,0.0,205.06345424997724,22.675204257553204,0.0,227.73865850753043,1.5021773621252037
2024-01-15 02:00:00+00:00,2024,winter,5.659,340.0,22.33,3.8107688523463334,2.6,0.0,277.1809393694584,22.696580944923255,0.0,299.8775203143816,1.7237520247168858
2024-01-15 03:00:00+00:00,2024,winter,4.63,350.0,22.33,2.4761001748657847,2.6,0.0,212.3470957391463,22.696580944923255,0.0,235.04367668406957,1.5260793641012513
2024-01-15 04:00:00+00:00,2024,winter,5.144,360.0,22.33,1.954414169485923,2.5,0.0,188.11903550917083,22.71793438834439,0.0,210.83696989751522,1.4453606165319233
2024-01-15 05:00:00+00:00,2024,winter,3.087,350.0,22.33,1.6509117148619177,2.0,0.0,175.09073827782908,22.824353535950085,0.0,197.91509181377916,1.400368360473279
2024-01-15 06:00:00+00:00,2024,winter,2.572,30.0,22.33,0.3432778685565915,0.2,0.0,86.29657173375809,23.202686947793293,0.0,109.49925868155138,1.041617872984907
2024-01-15 07:00:00+00:00,2024,winter,1.543,360.0,22.33,0.5862482627365434,1.4,0.0,108.96444858139905,22.951292981693612,0.0,131.91574156309267,1.143276154397316
2024-01-15 08:00:00+00:00,2024,winter,3.601,360.0,22.33,1.3681659067493797,1.8,0.0,160.85432596294976,22.866759076827037,0.0,183.7210850397768,1.3492186465769127
2024-01-15 09:00:00+00:00,2024,winter,3.601,10.0,22.33,0.7689645148357218,1.8,1.0,122.97714785327175,22.866759076827037,0.0143,145.8296069300988,1.2020587286742743
2024-01-15 10:00:00+00:00,2024,winter,2.572,360.0,22.33,0.9772070847429615,1.7,9.0,137.69517854952508,22.88792717494678,0.1287,160.45440572447185,1.2608942289437144
2024-01-15 11:00:00+00:00,2024,winter,3.087,20.0,22.33,0.1255018737733579,2.0,21.0,52.69566117911823,22.824353535950085,0.3003,75.2197147150683,0.86331378339275
2024-01-15 12:00:00+00:00,2024,winter,2.572,340.0,22.33,1.7319840056961955,2.6,20.0,177.5746686640018,22.696580944923255,0.28600000000000003,199.98524960892505,1.4076731145553374
2024-01-15 13:00:00+00:00,2024,winter,2.058,360.0,22.33,0.7819176440128361,3.0,45.0,121.90640623959379,22.610934563101228,0.6435,143.87384080269504,1.1939709287635496
2024-01-15 14:00:00+00:00,2024,winter,1.029,350.0,22.33,0.5503039049539724,3.5,118.0,102.77981956569738,22.50335195173534,1.6874,123.59577151743272,1.1066356077659987
2024-01-15 15:00:00+00:00,2024,winter,2.572,330.0,22.33,2.0358501888476668,2.8,52.0,190.93860627005822,22.65380430937245,0.7436,212.84881057943068,1.4522401771473206
2024-01-15 16:00:00+00:00,2024,winter,2.058,270.0,22.33,1.9036724502869224,2.3,3.0,186.339698180433,22.760571610756376,0.0429,209.0573697911894,1.4392478019313382
2024-01-15 17:00:00+00:00,2024,winter,2.572,330.0,22.33,2.0358501888476668,2.4,0.0,191.99643788374274,22.739264604672254,0.0,214.735702488415,1.4586629850334423
2024-01-15 18:00:00+00:00,2024,winter,1.543,210.0,22.33,0.20594002767605807,1.1,0.0,67.19371233535088,23.014451409642533,0.0,90.20816374499341,0.9454221108695577
2024-01-15 19:00:00+00:00,2024,winter,2.572,220.0,22.33,0.7806899801132218,1.1,0.0,125.03179570581173,23.014451409642533,0.0,148.04624711545426,1.2111600442824109
2024-01-15 20:00:00+00:00,2024,winter,1.543,170.0,22.33,0.8251884600038671,1.2,0.0,128.13008901335743,22.9934216144444,0.0,151.12351062780183,1.2236827859714763
2024-01-15 21:00:00+00:00,2024,winter,2.058,160.0,22.33,1.3858565644334253,0.9,0.0,163.80981809658056,23.056442041534606,0.0,186.86626013811517,1.3607184729242188
2024-01-15 22:00:00+00:00,2024,winter,1.543,150.0,22.33,1.2213518045847398,0.4,0.0,155.48468934540261,23.16101714521317,0.0,178.6457064906158,1.330451738322692
2024-01-15 23:00:00+00:00,2024,winter,1.543,120.0,22.33,1.52919511672016,0.5,0.0,172.42370995795068,23.140147940478464,0.0,195.56385789842915,1.3920253102059992
2024-01-16 00:00:00+00:00,2024,winter,2.058,160.0,22.33,1.3858565644334253,1.1,0.0,163.3676863338368,23.014451409642533,0.0,186.38213774347932,1.3589546941009385
2024-01-16 01:00:00+00:00,2024,winter,2.572,200.0,22.33,0.1045645673291465,1.8,0.0,48.53167481624742,22.866759076827037,0.0,71.39843389307445,0.8410991162722361
2024-01-16 02:00:00+00:00,2024,winter,2.572,210.0,22.33,0.343277868556592,2.1,0.0,84.10454651592204,22.803116059561038,0.0,106.90766257548307,1.0292177107452998
2024-01-16 03:00:00+00:00,2024,winter,2.572,200.0,22.33,0.1045645673291465,2.9,0.0,47.802373691959545,22.63238108351313,0.0,70.43475477547267,0.8354035900337178
2024-01-16 04:00:00+00:00,2024,winter,8.231,230.0,22.33,3.8222985363859707,3.8,0.0,273.0961665824624,22.4385217690164,0.0,295.5346883514788,1.7112247995985082
2024-01-16 05:00:00+00:00,2024,winter,8.746,240.0,22.33,5.344791435476809,3.9,0.0,335.49790857598623,22.41686483729278,0.0,357.914773413279,1.8831835255514482
2024-01-16 06:00:00+00:00,2024,winter,8.231,240.0,22.33,5.0300684090338,4.5,0.0,320.4208638944919,22.286429917588812,0.0,342.7072938120807,1.8427418860470033
2024-01-16 07:00:00+00:00,2024,winter,9.774,240.0,22.33,5.973015263017416,4.8,0.0,354.80013559272635,22.220894554251082,0.0,377.0210301469774,1.9327942354653256
2024-01-16 08:00:00+00:00,2024,winter,10.289,240.0,22.33,6.2877382894604255,4.9,0.0,365.7182201196251,22.199002223149794,0.0,387.9172223427749,1.9605249089570873
2024-01-16 09:00:00+00:00,2024,winter,10.289,240.0,22.33,6.2877382894604255,5.3,3.0,363.63138291494823,22.111196395526413,0.0429,385.69967931047466,1.9549131712545065
2024-01-16 10:00:00+00:00,2024,winter,10.289,240.0,22.33,6.2877382894604255,5.2,76.0,364.15309221611744,22.133183361931994,1.0868,385.19947557804943,1.9536451223532683
2024-01-16 11:00:00+00:00,2024,winter,9.774,240.0,22.33,5.973015263017416,5.5,148.0,351.2622425027704,22.067151341600617,2.1164,371.212993844371,1.9178490364411624
2024-01-16 12:00:00+00:00,2024,winter,8.231,250.0,22.33,6.085002198410563,6.0,169.0,352.7615423644761,21.95662303860351,2.4167,372.30146540307965,1.9206587388806702
2024-01-16 13:00:00+00:00,2024,winter,7.717,240.0,22.33,4.715956495263495,5.8,171.0,302.22558700541725,22.000905702430984,2.4453,321.7811927078483,1.785595827214414
2024-01-16 14:00:00+00:00,2024,winter,7.717,280.0,22.33,7.538998891326309,6.9,140.0,397.4531752087582,21.756169954921255,2.0020000000000002,417.2073451636794,2.0331939404863504
2024-01-16 15:00:00+00:00,2024,winter,7.202,280.0,22.33,7.03587793382559,6.9,17.0,380.8454961593235,21.756169954921255,0.2431,402.3585661142447,1.9966845603022831
2024-01-16 16:00:00+00:00,2024,winter,7.717,280.0,22.33,7.538998891326309,6.3,5.0,400.9549652987032,21.89002034508136,0.07150000000000001,422.77348564378457,2.0467118549856704
2024-01-16 17:00:00+00:00,2024,winter,7.717,300.0,22.33,7.647957690038545,6.0,0.0,406.2928694201745,21.95662303860351,0.0,428.24949245877804,2.0599243069213795
2024-01-16 18:00:00+00:00,2024,winter,6.688,310.0,22.33,6.372463784869115,5.1,0.0,367.7038178772469,22.155146643995685,0.0,389.85896452124257,1.9654255446369224
2024-01-16 19:00:00+00:00,2024,winter,5.144,360.0,22.33,1.954414169485923,3.9,0.0,184.48639206485578,22.41686483729278,0.0,206.90325690214857,1.4318136464607858
2024-01-16 20:00:00+00:00,2024,winter,3.601,10.0,22.33,0.7689645148357218,2.6,0.0,121.63313530842724,22.696580944923255,0.0,144.3297162533505,1.1958610275754578
2024-01-16 21:00:00+00:00,2024,winter,1.543,10.0,22.33,0.3294952086619047,1.8,0.0,82.85329096419832,22.866759076827037,0.0,105.72005004102536,1.0234850747195612
2024-01-16 22:00:00+00:00,2024,winter,0.514,350.0,22.33,0.2748845550498949,0.5,0.0,77.49636472713445,23.140147940478464,0.0,100.63651266761292,0.9985748487803747
2024-01-16 23:00:00+00:00,2024,winter,1.543,10.0,22.33,0.3294952086619047,0.9,0.0,83.87197896785649,23.056442041534606,0.0,106.9284210093911,1.0293176283297594
2024-01-17 00:00:00+00:00,2024,winter,0.514,220.0,22.33,0.15601658233988958,-0.3,0.0,60.15802231696306,23.306462027282045,0.0,83.46448434424511,0.9093973641707702
2024-01-17 01:00:00+00:00,2024,winter,1.029,30.0,22.33,0.13733784088053366,-0.9,0.0,57.139050115706425,23.43024130429431,0.0,80.56929142000074,0.8934856995139637
2024-01-17 02:00:00+00:00,2024,winter,1.543,120.0,22.33,1.52919511672016,-0.2,0.0,174.04379850789115,23.285752593374767,0.0,197.3295511012659,1.3982952995955122
2024-01-17 03:00:00+00:00,2024,winter,1.029,80.0,22.33,0.8694864071349298,-0.3,0.0,133.9591674159536,23.306462027282045,0.0,157.26562944323564,1.248302219100325
2024-01-17 04:00:00+00:00,2024,winter,1.543,120.0,22.33,1.52919511672016,-1.2,0.0,176.35821072209183,23.49182483979523,0.0,199.85003556188707,1.4071971560467051
2024-01-17 05:00:00+00:00,2024,winter,1.543,170.0,22.33,0.8251884600038671,-1.3,0.0,132.47053918318662,23.512307447323515,0.0,155.98284663051012,1.2432007249223758
2024-01-17 06:00:00+00:00,2024,winter,1.029,340.0,22.33,0.6929282822167127,-1.7,0.0,122.7544107835339,23.594012132491258,0.0,146.34842291602516,1.2041951041221155
2024-01-17 07:00:00+00:00,2024,winter,1.543,190.0,22.33,0.3294952086619041,-1.7,0.0,86.81485542286896,23.594012132491258,0.0,110.40886755536022,1.0459352782244888
2024-01-17 08:00:00+00:00,2024,winter,1.029,40.0,22.33,0.3123366988866657,-1.8,0.0,84.7884205982242,23.614381950587088,0.0,108.4028025488113,1.0363897017621277
2024-01-17 09:00:00+00:00,2024,winter,1.029,130.0,22.33,0.9804523377138636,-1.9,2.0,144.68119344143986,23.634729260599165,0.0286,168.287322702039,1.2913041133115974
2024-01-17 10:00:00+00:00,2024,winter,1.543,150.0,22.33,1.2213518045847398,-1.3,19.0,159.02790612673218,23.512307447323515,0.2717,182.26851357405567,1.3438743342813821
2024-01-17 11:00:00+00:00,2024,winter,1.543,150.0,22.33,1.2213518045847398,0.8,58.0,154.65099127920746,23.07740291175031,0.8294,176.89899419095778,1.3239315007565693
2024-01-17 12:00:00+00:00,2024,winter,1.029,200.0,22.33,0.041833957924452464,2.3,19.0,47.20797926900743,22.760571610756376,0.2717,69.69685087976382,0.8310160499681785
2024-01-17 13:00:00+00:00,2024,winter,1.543,280.0,22.33,1.507409004706038,2.6,23.0,166.44672764037546,22.696580944923255,0.3289,188.8144085852987,1.3677930733896284
2024-01-17 14:00:00+00:00,2024,winter,1.543,280.0,22.33,1.507409004706038,2.8,16.0,165.98693005020868,22.65380430937245,0.2288,188.41193435958112,1.3663345111545866
2024-01-17 15:00:00+00:00,2024,winter,3.601,330.0,22.33,2.850348573110594,1.7,57.0,234.52542273841854,22.88792717494678,0.8151,256.59824991336535,1.5945189273906895
2024-01-17 16:00:00+00:00,2024,winter,2.572,330.0,22.33,2.0358501888476668,0.7,2.0,196.492222241902,23.09834084048348,0.0286,219.56196308238546,1.4749638841947148
2024-01-17 17:00:00+00:00,2024,winter,1.029,310.0,22.33,0.9804523377138635,-0.1,0.0,141.29463754814216,23.26502038516591,0.0,164.55965793330807,1.2769224478095194
2024-01-17 18:00:00+00:00,2024,winter,1.543,340.0,22.33,1.0390557234794826,-0.3,0.0,145.55585350352547,23.306462027282045,0.0,168.8623155308075,1.2935082527891395
2024-01-17 19:00:00+00:00,2024,winter,1.029,340.0,22.33,0.6929282822167127,-1.4,0.0,122.27427619116024,23.53276746374309,0.0,145.80704365490334,1.2019657316770727
2024-01-17 20:00:00+00:00,2024,winter,1.543,360.0,22.33,0.5862482627365434,-1.8,0.0,113.70203330232945,23.614381950587088,0.0,137.31641525291656,1.166444453761037
2024-01-17 21:00:00+00:00,2024,winter,1.543,160.0,22.33,1.0390557234794826,-1.7,0.0,148.26207123134668,23.594012132491258,0.0,171.85608336383794,1.3049242105159227
2024-01-17 22:00:00+00:00,2024,winter,1.543,220.0,22.33,0.4683532812265557,-1.8,0.0,102.40696667507083,23.614381950587088,0.0,126.02134862565792,1.1174417545684407
2024-01-17 23:00:00+00:00,2024,winter,2.572,360.0,22.33,0.9772070847429615,0.2,0.0,140.51295164399014,23.202686947793293,0.0,163.71563859178343,1.2736435982355498
2024-01-18 00:00:00+00:00,2024,winter,1.543,310.0,22.33,1.4702020962997975,-1.9,0.0,174.74511319741828,23.634729260599165,0.0,198.37984245801744,1.4020115915914386
2024-01-18 01:00:00+00:00,2024,winter,2.572,330.0,22.33,2.0358501888476668,0.4,0.0,197.2855959521654,23.16101714521317,0.0,220.4466130973786,1.4779323289711699
2024-01-18 02:00:00+00:00,2024,winter,1.543,310.0,22.33,1.4702020962997975,-1.1,0.0,172.9272186518014,23.471319624534924,0.0,196.39853827633632,1.3949927784777736
2024-01-18 03:00:00+00:00,2024,winter,2.058,270.0,22.33,1.9036724502869224,-0.7,0.0,194.02909425390342,23.389072353492764,0.0,217.4181666073962,1.4677454691348446
2024-01-18 04:00:00+00:00,2024,winter,1.543,260.0,22.33,1.3038071197368286,-2.2,0.0,165.87759142112606,23.69563630796884,0.0,189.5732277290949,1.3705388036144834
2024-01-18 05:00:00+00:00,2024,winter,2.058,330.0,22.33,1.6289967685258544,0.2,0.0,178.2942846334735,23.202686947793293,0.0,201.4969715812668,1.4129835162294697
2024-01-18 06:00:00+00:00,2024,winter,2.058,310.0,22.33,1.960904675427727,-0.2,0.0,195.42654823403097,23.285752593374767,0.0,218.71230082740573,1.4721072055956073
2024-01-18 07:00:00+00:00,2024,winter,2.058,330.0,22.33,1.6289967685258544,-0.6,0.0,180.2011753782165,23.368453850008354,0.0,203.56962922822487,1.4202321075152031
2024-01-18 08:00:00+00:00,2024,winter,4.116,340.0,22.33,2.7717131288668506,1.8,0.0,230.19109695453042,22.866759076827037,0.0,253.05785603135746,1.5834805961728413
2024-01-18 09:00:00+00:00,2024,winter,3.601,10.0,22.33,0.7689645148357218,1.1,2.0,124.15315883001068,23.014451409642533,0.0286,147.1390102396532,1.207443308306415
2024-01-18 10:00:00+00:00,2024,winter,2.058,10.0,22.33,0.4394693061738171,0.7,68.0,96.17772881178207,23.09834084048348,0.9724,118.30366965226557,1.0826845562028056
2024-01-18 11:00:00+00:00,2024,winter,1.543,120.0,22.33,1.52919511672016,2.9,31.0,166.86912064386902,22.63238108351313,0.4433,189.05820172738217,1.368675821174511
2024-01-18 12:00:00+00:00,2024,winter,1.543,320.0,22.33,1.3665377291415228,4.1,19.0,155.71373189928266,22.3734805660179,0.2717,177.81551246530054,1.3273567316473724
2024-01-18 13:00:00+00:00,2024,winter,1.543,360.0,22.33,0.5862482627365434,4.7,217.01,104.07881433793959,22.242763269032263,3.103243,123.21833460697185,1.1049445932218478
2024-01-18 14:00:00+00:00,2024,winter,3.601,310.0,22.33,3.4311067717275248,3.3,102.0,257.26251837935206,22.546455065718437,1.4586000000000001,278.3503734450705,1.6607288794762751
2024-01-18 15:00:00+00:00,2024,winter,5.659,10.0,22.33,1.2084338210095389,0.9,19.0,153.67919119398064,23.056442041534606,0.2717,176.46393323551524,1.32230247655874
2024-01-18 16:00:00+00:00,2024,winter,2.058,260.0,22.33,1.7389728142698595,1.0,7.0,181.8398904837298,23.03545821308462,0.1001,204.7752486968144,1.4244314858704998
2024-01-18 17:00:00+00:00,2024,winter,4.63,280.0,22.33,4.523203948016174,2.6,0.0,308.15080346871883,22.696580944923255,0.0,330.8473844136421,1.8105756968661901
2024-01-18 18:00:00+00:00,2024,winter,5.659,290.0,22.33,5.654321394533426,2.6,0.0,353.72741009678816,22.696580944923255,0.0,376.4239910417114,1.9312632718686813
2024-01-18 19:00:00+00:00,2024,winter,4.63,280.0,22.33,4.523203948016174,0.9,0.0,315.38638863303953,23.056442041534606,0.0,338.4428306745741,1.8312409574187283
2024-01-18 20:00:00+00:00,2024,winter,3.087,200.0,22.33,0.1255018737733574,1.2,0.0,53.273147876971485,22.9934216144444,0.0,76.26656949141588,0.8693005208217328
2024-01-18 21:00:00+00:00,2024,winter,4.63,230.0,22.33,2.1500719503665464,1.7,0.0,198.8419756989444,22.88792717494678,0.0,221.72990287389118,1.4822278434863265
2024-01-18 22:00:00+00:00,2024,winter,1.543,210.0,22.33,0.20594002767605807,1.6,0.0,66.73908640615365,22.909072180598372,0.0,89.64815858675202,0.9424829893999461
2024-01-18 23:00:00+00:00,2024,winter,2.058,160.0,22.33,1.3858565644334253,1.3,0.0,162.92555457109296,22.97236881072014,0.0,185.8979233818131,1.3571882873905616
2024-01-19 00:00:00+00:00,2024,winter,3.087,220.0,22.33,0.9370100966599983,0.9,0.0,136.4998072577157,23.056442041534606,0.0,159.5562492992503,1.257360298271967
2024-01-19 01:00:00+00:00,2024,winter,4.63,230.0,22.33,2.1500719503665464,1.4,0.0,199.65579006060446,22.951292981693612,0.0,222.6070830422981,1.485156851902656
2024-01-19 02:00:00+00:00,2024,winter,4.63,230.0,22.33,2.1500719503665464,1.9,0.0,198.299432791171,22.845567869432433,0.0,221.14500066060344,1.4802715650850238
2024-01-19 03:00:00+00:00,2024,winter,5.144,230.0,22.33,2.388762443344604,2.5,0.0,207.9734529323353,22.71793438834439,0.0,230.6913873206797,1.511884185185159
2024-01-19 04:00:00+00:00,2024,winter,4.63,230.0,22.33,2.1500719503665464,2.1,0.0,197.75688988339763,22.803116059561038,0.0,220.56000594295867,1.4783123878997038
2024-01-19 05:00:00+00:00,2024,winter,3.601,200.0,22.33,0.14639852525359895,1.7,0.0,56.849294278769676,22.88792717494678,0.0,79.73722145371646,0.8888600410721144
2024-01-19 06:00:00+00:00,2024,winter,3.601,200.0,22.33,0.14639852525359895,2.3,0.0,56.383952170075794,22.760571610756376,0.0,79.14452378083217,0.8855503701630579
2024-01-19 07:00:00+00:00,2024,winter,5.144,200.0,22.33,0.209129134658293,2.2,0.0,66.66924780095239,22.781855423440206,0.0,89.4511032243926,0.9414465849683059
2024-01-19 08:00:00+00:00,2024,winter,5.659,200.0,22.33,0.23006644110250388,2.5,0.0,69.41329052027142,22.71793438834439,0.0,92.1312249086158,0.9554462416655989
2024-01-19 09:00:00+00:00,2024,winter,6.173,210.0,22.33,0.8238935779937179,2.3,6.0,126.12795426793137,22.760571610756376,0.0858,148.80272587868774,1.2142504617770067
2024-01-19 10:00:00+00:00,2024,winter,6.688,200.0,22.33,0.27190039902695634,2.7,92.0,74.82630245799461,22.675204257553204,1.3156,96.18590671554782,0.9762443995298704
2024-01-19 11:00:00+00:00,2024,winter,7.717,200.0,22.33,0.31373435695140883,3.5,149.0,79.10154597083135,22.50335195173534,2.1307,99.47419792256669,0.9927915151373166
2024-01-19 12:00:00+00:00,2024,winter,7.202,200.0,22.33,0.2927970505071979,4.0,206.01,76.0605444521357,22.395184441940355,2.9459429999999998,95.50978589407606,0.972807184955946
2024-01-19 13:00:00+00:00,2024,winter,8.231,210.0,22.33,1.0985692597547856,4.3,50.0,140.25747041644283,22.33000230466733,0.715,161.87247272111014,1.2664537499452784
2024-01-19 14:00:00+00:00,2024,winter,8.746,210.0,22.33,1.1673049138397953,4.6,117.0,143.6684973343927,22.264608384483488,1.6731,164.2600057188762,1.2757593225639896
2024-01-19 15:00:00+00:00,2024,winter,9.774,210.0,22.33,1.3045092874308435,5.0,96.0,150.44488400464616,22.177086258732125,1.3728,171.24917026337826,1.3026179899863792
2024-01-19 16:00:00+00:00,2024,winter,9.26,200.0,22.33,0.3764649663561028,5.4,10.0,83.82583495924749,22.08918572775824,0.14300000000000002,105.77202068700572,1.0237366100009073
2024-01-19 17:00:00+00:00,2024,winter,9.26,200.0,22.33,0.3764649663561028,5.3,0.0,83.94627437729238,22.111196395526413,0.0,106.05747077281879,1.0251170734132993
2024-01-19 18:00:00+00:00,2024,winter,9.774,200.0,22.33,0.3973616178363444,5.6,0.0,85.71584424090959,22.045093220020593,0.0,107.76093746093018,1.0333168568197773
2024-01-19 19:00:00+00:00,2024,winter,10.803,200.0,22.33,0.43919557576079693,5.7,0.0,89.67943066260763,22.02301134597912,0.0,111.70244200858676,1.052044638983868
2024-01-19 20:00:00+00:00,2024,winter,11.318,200.0,22.33,0.46013288220500775,5.5,0.0,91.91140574797217,22.067151341600617,0.0,113.97855708957279,1.0627091286209984
2024-01-19 21:00:00+00:00,2024,winter,9.774,200.0,22.33,0.3973616178363444,6.1,0.0,85.09829493081658,21.93444598420321,0.0,107.03274091501979,1.0298196096547279
2024-01-19 22:00:00+00:00,2024,winter,9.774,200.0,22.33,0.3973616178363444,6.1,0.0,85.09829493081658,21.93444598420321,0.0,107.03274091501979,1.0298196096547279
2024-01-19 23:00:00+00:00,2024,winter,9.26,200.0,22.33,0.3764649663561028,6.5,0.0,82.50100136075363,21.845499218328904,0.0,104.34650057908254,1.0168146112827192
2024-01-20 00:00:00+00:00,2024,winter,10.289,200.0,22.33,0.4182989242805553,6.7,0.0,86.40015630970052,21.80088246721757,0.0,108.2010387769181,1.035424766906914
2024-01-20 01:00:00+00:00,2024,winter,11.832,200.0,22.33,0.48102953368524937,7.1,0.0,91.6732874974621,21.711361544516034,0.0,113.38464904197814,1.0599367833035223
2024-01-20 02:00:00+00:00,2024,winter,12.347,190.0,22.33,2.6366022951059818,7.1,0.0,207.03051290767203,21.711361544516034,0.0,228.74187445218806,1.5054823615901163
2024-01-20 03:00:00+00:00,2024,winter,12.861,190.0,22.33,2.746362850680978,6.8,0.0,213.25330555498965,21.77853818977298,0.0,235.03184374476263,1.5260409494711926
2024-01-20 04:00:00+00:00,2024,winter,13.376,190.0,22.33,2.85633694819289,7.2,0.0,217.20955779414555,21.688921334707125,0.0,238.89847912885267,1.5385426019513495
2024-01-20 05:00:00+00:00,2024,winter,11.832,190.0,22.33,2.52662819759407,7.8,0.0,199.5716396248504,21.553774931356237,0.0,221.12541455620664,1.4802060121778813
2024-01-20 06:00:00+00:00,2024,winter,9.774,200.0,22.33,0.3973616178363444,7.7,0.0,83.12213713851894,21.57635955394056,0.0,104.6984966924595,1.0185281975327287
2024-01-20 07:00:00+00:00,2024,winter,7.717,200.0,22.33,0.31373435695140883,8.3,0.0,73.79123239516716,21.44048954173325,0.0,95.23172193690041,0.9713900538052228
2024-01-20 08:00:00+00:00,2024,winter,5.144,200.0,22.33,0.209129134658293,8.7,0.0,60.71663639015307,21.34942546620337,0.0,82.06606185635644,0.9017468427458494
2024-01-20 09:00:00+00:00,2024,winter,5.659,190.0,22.33,1.208433821009537,9.3,8.0,136.25806830559407,21.212100496713223,0.1144,157.3557688023073,1.2486599102361446
2024-01-20 10:00:00+00:00,2024,winter,7.202,200.0,22.33,0.2927970505071979,9.8,95.0,69.847147863088,21.096992531874935,1.3585,89.58564039496292,0.9421543010614989
2024-01-20 11:00:00+00:00,2024,winter,8.231,200.0,22.33,0.3346310084316504,9.9,132.0,74.21809955679934,21.073897587203227,1.8876,93.40439714400257,0.9620253024547375
2024-01-20 12:00:00+00:00,2024,winter,9.774,190.0,22.33,2.0871588914202532,10.2,220.01,173.36797427044615,21.004465738399713,3.146143,191.22629700884588,1.3765013492399374
2024-01-20 13:00:00+00:00,2024,winter,10.289,190.0,22.33,2.1971329889321654,10.2,221.01,177.5665115308971,21.004465738399713,3.160443,195.41053426929682,1.3914795237199753
2024-01-20 14:00:00+00:00,2024,winter,7.717,180.0,22.33,2.9320011947750526,10.1,189.01,211.3056658581829,21.02763420777673,2.702843,229.63045706595963,1.5084036649225594
2024-01-20 15:00:00+00:00,2024,winter,7.717,190.0,22.33,1.6479031271833533,10.8,117.01,153.8530782877528,20.864938915280412,1.673243,173.0447742030332,1.3094293709306843
2024-01-20 16:00:00+00:00,2024,winter,6.173,190.0,22.33,1.3181943765845328,10.9,13.0,138.43613171759532,20.841598281761826,0.1859,159.09182999935715,1.2555290696901025
2024-01-20 17:00:00+00:00,2024,winter,9.26,180.0,22.33,3.5182494575115966,10.1,0.0,236.50131442932732,21.02763420777673,0.0,257.52894863710407,1.597408022521912
2024-01-20 18:00:00+00:00,2024,winter,10.289,190.0,22.33,2.1971329889321654,9.9,0.0,178.3885787139105,21.073897587203227,0.0,199.46247630111372,1.4058320400784587
2024-01-20 19:00:00+00:00,2024,winter,10.803,200.0,22.33,0.43919557576079693,10.1,0.0,83.98549855704525,21.02763420777673,0.0,105.01313276482198,1.0200574712086798
2024-01-20 20:00:00+00:00,2024,winter,8.231,190.0,22.33,1.7576636827583492,7.0,0.0,167.93065655172214,21.733777745543822,0.0,189.66443429726596,1.3708684575187486
2024-01-20 21:00:00+00:00,2024,winter,5.659,220.0,22.33,1.71770007677322,8.1,0.0,163.4528795542469,21.485876221672026,0.0,184.9387557759189,1.3536824532954448
2024-01-20 22:00:00+00:00,2024,winter,6.173,220.0,22.33,1.8737166591131098,8.0,0.0,170.4652377716419,21.508533282404716,0.0,191.97377105404664,1.3791889909405792
2024-01-20 23:00:00+00:00,2024,winter,7.202,230.0,22.33,3.344453172038848,7.6,0.0,238.0410325454769,21.598920064830704,0.0,259.6399526103076,1.6039417586392528
2024-01-21 00:00:00+00:00,2024,winter,6.688,230.0,22.33,3.105762679060791,7.2,0.0,228.7434609682994,21.688921334707125,0.0,250.4323823030065,1.575244878284571
2024-01-21 01:00:00+00:00,2024,winter,5.659,220.0,22.33,1.71770007677322,7.8,0.0,164.1858521083018,21.553774931356237,0.0,185.73962703965802,1.3566103258621574
2024-01-21 02:00:00+00:00,2024,winter,5.144,200.0,22.33,0.209129134658293,7.6,0.0,61.7240013981345,21.598920064830704,0.0,83.3229214629652,0.908625829154123
2024-01-21 03:00:00+00:00,2024,winter,6.688,200.0,22.33,0.27190039902695634,6.0,0.0,71.4109940470488,21.95662303860351,0.0,93.36761708565231,0.9618358743776256
2024-01-21 04:00:00+00:00,2024,winter,4.63,190.0,22.33,0.9886991679226287,5.9,0.0,130.51455592344817,21.97877627232493,0.0,152.4933321957731,1.2292161597913578
2024-01-21 05:00:00+00:00,2024,winter,7.717,210.0,22.33,1.0299670729592614,6.8,0.0,131.29284269960263,21.77853818977298,0.0,153.0713808893756,1.2315437196260972
2024-01-21 06:00:00+00:00,2024,winter,9.26,230.0,22.33,4.300143900733093,7.1,0.0,280.10526144936324,21.711361544516034,0.0,301.81662299387926,1.7293162065525867
2024-01-21 07:00:00+00:00,2024,winter,7.717,220.0,22.33,2.342373474546552,6.7,0.0,193.56516589575799,21.80088246721757,0.0,215.36604836297556,1.4608023321799837
2024-01-21 08:00:00+00:00,2024,winter,4.63,190.0,22.33,0.9886991679226287,6.6,0.0,129.19241136271862,21.82320280436743,0.0,151.01561416708606,1.2232458764006118
2024-01-21 09:00:00+00:00,2024,winter,3.601,140.0,22.33,3.189178459260288,6.7,2.0,234.23577222667438,21.80088246721757,0.0286,256.00805469389195,1.592684115171538
2024-01-21 10:00:00+00:00,2024,winter,4.63,130.0,22.33,4.411559109441389,8.3,10.0,279.53922602761605,21.44048954173325,0.14300000000000002,300.83671556934934,1.726506640515797
2024-01-21 11:00:00+00:00,2024,winter,9.26,180.0,22.33,3.5182494575115966,10.1,16.0,236.50131442932732,21.02763420777673,0.2288,257.3001486371041,1.5966982612072624
2024-01-21 12:00:00+00:00,2024,winter,12.347,200.0,22.33,0.5019668401294602,11.5,20.0,87.45190789342692,20.701035922616132,0.28600000000000003,107.86694381604305,1.0338249779944428
2024-01-21 13:00:00+00:00,2024,winter,13.376,210.0,22.33,1.785258464157455,12.2,20.0,156.2188213418997,20.535919267950497,0.28600000000000003,176.46874060985022,1.32232048805712
2024-01-21 14:00:00+00:00,2024,winter,14.919,200.0,22.33,0.6065314074586068,12.1,17.0,94.61092329356143,20.559581893667065,0.2431,114.92740518722849,1.067123378436626
2024-01-21 15:00:00+00:00,2024,winter,15.433,200.0,22.33,0.6274280589388483,12.2,43.0,95.96335836887094,20.535919267950497,0.6149,115.88437763682143,1.071557006081539
2024-01-21 16:00:00+00:00,2024,winter,14.404,200.0,22.33,0.5855941010143958,12.8,5.0,92.03890513040452,20.393420201026206,0.07150000000000001,112.36082533143072,1.055140502411898
2024-01-21 17:00:00+00:00,2024,winter,15.948,210.0,22.33,2.128536332714047,11.8,0.0,170.64118402544034,20.63042060186722,0.0,191.27160462730757,1.3766644081529429
2024-01-21 18:00:00+00:00,2024,winter,14.919,220.0,22.33,4.528426832546328,12.6,0.0,265.7780190789131,20.441019684992096,0.0,286.2190387639052,1.6840387994954051
2024-01-21 19:00:00+00:00,2024,winter,15.433,220.0,22.33,4.684443414886218,12.1,0.0,273.5749275234592,20.559581893667065,0.0,294.1345094171263,1.7071662817495372
2024-01-21 20:00:00+00:00,2024,winter,20.063,230.0,22.33,9.316823658791366,10.2,0.0,431.0638049274634,21.004465738399713,0.0,452.0682706658631,2.1164345710438384
2024-01-21 21:00:00+00:00,2024,winter,21.607,240.0,22.33,13.204311519134164,9.6,0.0,539.6834425448989,21.14310901764511,0.0,560.826551562544,2.357312271724171
2024-01-21 22:00:00+00:00,2024,winter,20.578,250.0,22.33,15.212875135328947,8.6,0.0,598.0447307209229,21.372227867579472,0.0,619.4169585885023,2.4773899959340118
2024-01-21 23:00:00+00:00,2024,winter,21.607,260.0,22.33,18.25752458597126,8.6,0.0,669.4192162620797,21.372227867579472,0.0,690.7914441296591,2.61623233378271
2024-01-22 00:00:00+00:00,2024,winter,18.52,270.0,22.33,17.131202030764726,8.0,0.0,649.4035986180419,21.508533282404716,0.0,670.9121319004466,2.5783131070195275
2024-01-22 01:00:00+00:00,2024,winter,17.491,270.0,22.33,16.179365805621266,6.7,0.0,639.0250929639358,21.80088246721757,0.0,660.8259754311533,2.5588591820029905
2024-01-22 02:00:00+00:00,2024,winter,15.948,260.0,22.33,13.475771837694715,6.6,0.0,571.5829453013189,21.82320280436743,0.0,593.4061481056863,2.4248163660816147
2024-01-22 03:00:00+00:00,2024,winter,14.404,260.0,22.33,12.171119736026753,7.6,0.0,528.8751629685086,21.598920064830704,0.0,550.4740830333393,2.3354537551652164
2024-01-22 04:00:00+00:00,2024,winter,13.89,260.0,22.33,11.736799023424854,6.6,0.0,524.8035952322709,21.82320280436743,0.0,546.6267980366383,2.32727815619037
2024-01-22 05:00:00+00:00,2024,winter,12.861,260.0,22.33,10.867312616289926,5.5,0.0,508.47230692536937,22.067151341600617,0.0,530.53945826697,2.2927762722459346
2024-01-22 06:00:00+00:00,2024,winter,13.376,270.0,22.33,12.372945915956208,5.4,0.0,551.7173346520505,22.08918572775824,0.0,573.8065203798087,2.3844354682575464
2024-01-22 07:00:00+00:00,2024,winter,12.861,260.0,22.33,10.867312616289926,3.7,0.0,521.6413738673214,22.460155254046388,0.0,544.1015291213678,2.3218962333924624
2024-01-22 08:00:00+00:00,2024,winter,13.376,260.0,22.33,11.302478310822956,6.2,0.0,515.7138309859247,21.912245092054423,0.0,537.6260760779791,2.308038219787175
2024-01-22 09:00:00+00:00,2024,winter,10.803,240.0,22.33,6.601850203230731,6.2,12.0,369.914048219474,21.912245092054423,0.1716,391.65469331152843,1.9699468160859557
2024-01-22 10:00:00+00:00,2024,winter,11.832,250.0,22.33,8.747144455302367,6.7,44.0,436.9714686891596,21.80088246721757,0.6292,458.14315115637714,2.130607409998515
2024-01-22 11:00:00+00:00,2024,winter,11.318,250.0,22.33,8.367155252291429,7.1,48.0,422.65097644224886,21.711361544516034,0.6864,443.6759379867649,2.0966974734630757
2024-01-22 12:00:00+00:00,2024,winter,12.861,270.0,22.33,11.896565297930085,5.8,77.0,535.3966430188841,22.000905702430984,1.1011,556.2964487213151,2.347772317445971
2024-01-22 13:00:00+00:00,2024,winter,15.433,260.0,22.33,13.040606143161684,7.2,88.0,555.1913945794639,21.688921334707125,1.2584,575.621915914171,2.388204399942829
2024-01-22 14:00:00+00:00,2024,winter,13.376,270.0,22.33,12.372945915956208,6.2,147.0,545.3757560928315,21.912245092054423,2.1021,565.1859011848859,2.3664563251321753
2024-01-22 15:00:00+00:00,2024,winter,15.948,270.0,22.33,14.752073973360469,4.1,86.0,626.5510246769434,22.3734805660179,1.2298,647.6947052429613,2.533308073562601
2024-01-22 16:00:00+00:00,2024,winter,14.919,280.0,22.33,14.5748768251519,6.7,10.0,599.0837404560546,21.80088246721757,0.14300000000000002,620.7416229232721,2.4800376127454484
2024-01-22 17:00:00+00:00,2024,winter,14.404,280.0,22.33,14.07175586765118,4.3,0.0,606.8168940615274,22.33000230466733,0.0,629.1468963661947,2.4967718722002643
2024-01-22 18:00:00+00:00,2024,winter,15.948,280.0,22.33,15.580141806255279,7.8,0.0,614.2390274394384,21.553774931356237,0.0,635.7928023707946,2.5099243815074215
2024-01-22 19:00:00+00:00,2024,winter,14.919,280.0,22.33,14.5748768251519,8.0,0.0,587.6809752643582,21.508533282404716,0.0,609.1895085467629,2.456852259970937
2024-01-22 20:00:00+00:00,2024,winter,13.89,290.0,22.33,13.878516375696995,7.0,0.0,578.6765956218288,21.733777745543822,0.0,600.4103733673727,2.4390849547092253
2024-01-22 21:00:00+00:00,2024,winter,9.26,280.0,22.33,9.046407896032347,7.1,0.0,443.53822061815026,21.711361544516034,0.0,465.2495821626663,2.14706815052412
2024-01-22 22:00:00+00:00,2024,winter,7.717,280.0,22.33,7.538998891326309,6.4,0.0,400.37133361704565,21.867771726202193,0.0,422.23910534324784,2.045417937125688
2024-01-22 23:00:00+00:00,2024,winter,6.173,240.0,22.33,3.7723985286071735,6.3,0.0,261.375814024997,21.89002034508136,0.0,283.2658343700784,1.6753283271668262
2024-01-23 00:00:00+00:00,2024,winter,6.688,240.0,22.33,4.0871215550501825,7.1,0.0,271.4468635026522,21.711361544516034,0.0,293.15822504716823,1.7043307337171432
2024-01-23 01:00:00+00:00,2024,winter,6.173,230.0,22.33,2.866607807691726,6.8,0.0,218.97623096375196,21.77853818977298,0.0,240.75476915352493,1.5445084307320944
2024-01-23 02:00:00+00:00,2024,winter,4.63,200.0,22.33,0.1882324831780514,6.8,0.0,59.466591318616985,21.77853818977298,0.0,81.24512950838997,0.8972252795709796
2024-01-23 03:00:00+00:00,2024,winter,4.116,190.0,22.33,0.8789386123476327,6.7,0.0,122.11988456777497,21.80088246721757,0.0,143.92076703499254,1.194165627080458
2024-01-23 04:00:00+00:00,2024,winter,4.116,160.0,22.33,2.7717131288668506,6.0,0.0,216.9834110636967,21.95662303860351,0.0,238.94003410230022,1.5386764063129503
2024-01-23 05:00:00+00:00,2024,winter,4.116,140.0,22.33,3.6452814602375296,5.4,0.0,259.2495695289282,22.08918572775824,0.0,281.33875525668645,1.6696199085918744
2024-01-23 06:00:00+00:00,2024,winter,6.173,160.0,22.33,4.156896293609104,7.0,0.0,274.7054509005505,21.733777745543822,0.0,296.4392286460943,1.7138415638315858
2024-01-23 07:00:00+00:00,2024,winter,9.26,170.0,22.33,4.9522003497315685,7.6,0.0,303.3920477171196,21.598920064830704,0.0,324.9909677819503,1.7944794091884466
2024-01-23 08:00:00+00:00,2024,winter,10.289,180.0,22.33,3.9092082795180145,9.8,0.0,253.58145260843534,21.096992531874935,0.0,274.67844514031026,1.6497385543436718
2024-01-23 09:00:00+00:00,2024,winter,10.803,190.0,22.33,2.3068935445071617,11.3,15.81,178.83374264739118,20.747988931156307,0.226083,199.3556485785475,1.4054555232722714
2024-01-23 10:00:00+00:00,2024,winter,10.289,200.0,22.33,0.4182989242805553,12.5,43.0,79.06310057622669,20.464781977655118,0.6149,98.9129825538818,0.9899869791101777
2024-01-23 11:00:00+00:00,2024,winter,8.746,210.0,22.33,1.1673049138397953,13.2,135.0,126.11808430774812,20.297921149072955,1.9305,144.48550545682107,1.1965062584930137
2024-01-23 12:00:00+00:00,2024,winter,10.289,220.0,22.33,3.123063454659774,14.0,156.0,206.50937848108336,20.105718788248662,2.2308,224.38429726933202,1.491073543071589
2024-01-23 13:00:00+00:00,2024,winter,12.861,230.0,22.33,5.972370486752517,14.6,156.0,305.2492667689143,19.960508874188154,2.2308,322.9789756431025,1.7889160486167939
2024-01-23 14:00:00+00:00,2024,winter,15.433,230.0,22.33,7.166751708424819,13.2,110.0,349.57204710166195,20.297921149072955,1.573,368.29696825073495,1.910301451712901
2024-01-23 15:00:00+00:00,2024,winter,14.404,230.0,22.33,6.688906344077696,12.4,41.0,339.3147973477467,20.488519327396272,0.5863,359.217016675143,1.8866063186406137
2024-01-23 16:00:00+00:00,2024,winter,14.919,230.0,22.33,6.928061215446762,12.1,6.0,348.42370233137825,20.559581893667065,0.0858,368.89748422504533,1.9118582107923794
2024-01-23 17:00:00+00:00,2024,winter,14.919,230.0,22.33,6.928061215446762,11.5,0.0,351.7472988560019,20.701035922616132,0.0,372.44833477861806,1.9210375422983905
2024-01-23 18:00:00+00:00,2024,winter,14.404,230.0,22.33,6.688906344077696,10.4,0.0,350.155525697515,20.958055153716582,0.0,371.1135808512316,1.9175922136967036
2024-01-23 19:00:00+00:00,2024,winter,14.919,240.0,22.33,9.117189964083982,10.3,0.0,424.6756752997439,20.981272726155126,0.0,445.656948025899,2.1013731300465683
2024-01-23 20:00:00+00:00,2024,winter,15.433,240.0,22.33,9.431301877854287,10.2,0.0,434.3294601680919,21.004465738399713,0.0,455.3339259064916,2.124065175815407
2024-01-23 21:00:00+00:00,2024,winter,16.462,240.0,22.33,10.0601368180676,9.7,0.0,455.49266591541107,21.120063002923622,0.0,476.6127289183347,2.1731297246863828
2024-01-23 22:00:00+00:00,2024,winter,16.462,250.0,22.33,12.170004396821126,9.7,0.0,512.3678379361227,21.120063002923622,0.0,533.4879009390463,2.2991384316078807
2024-01-23 23:00:00+00:00,2024,winter,17.491,250.0,22.33,12.930722081448081,9.9,0.0,530.3015178285241,21.073897587203227,0.0,551.3754154157273,2.3373649796805664
2024-01-24 00:00:00+00:00,2024,winter,18.006,260.0,22.33,15.214744651964574,8.3,0.0,600.7923634560017,21.44048954173325,0.0,622.2328529977349,2.4830147678591032
2024-01-24 01:00:00+00:00,2024,winter,17.491,270.0,22.33,16.179365805621266,9.5,0.0,612.8278709976252,21.166130593329157,0.0,633.9940015909543,2.5063712964240725
2024-01-24 02:00:00+00:00,2024,winter,16.977,270.0,22.33,15.70391019850393,9.8,0.0,598.8794668130703,21.096992531874935,0.0,619.9764593449452,2.478508619417601
2024-01-24 03:00:00+00:00,2024,winter,15.948,280.0,22.33,15.580141806255279,9.6,0.0,597.7861963473106,21.14310901764511,0.0,618.9293053649557,2.476414606841584
2024-01-24 04:00:00+00:00,2024,winter,14.404,280.0,22.33,14.07175586765118,9.4,0.0,563.0436810528456,21.189127747259363,0.0,584.232808800105,2.4060010072314193
2024-01-24 05:00:00+00:00,2024,winter,12.861,280.0,22.33,12.564346862945143,9.2,0.0,526.5666717697175,21.235048858962156,0.0,547.8017206286796,2.3297779457653913
2024-01-24 06:00:00+00:00,2024,winter,10.803,280.0,22.33,10.553816900738386,9.1,0.0,473.49077797966646,21.25797285127141,0.0,494.74875083093787,2.214089574531775
2024-01-24 07:00:00+00:00,2024,winter,10.289,280.0,22.33,10.051672877135726,9.3,0.0,458.0445000113887,21.212100496713223,0.0,479.25660050810194,2.179148794019508
2024-01-24 08:00:00+00:00,2024,winter,10.289,270.0,22.33,9.517437240525824,9.0,0.0,444.8650770980177,21.280872490900176,0.0,466.14594958891786,2.1491354665780014
2024-01-24 09:00:00+00:00,2024,winter,9.774,280.0,22.33,9.548551919635006,7.8,13.0,453.86810224444326,21.553774931356237,0.1859,475.2359771757995,2.169988784815877
2024-01-24 10:00:00+00:00,2024,winter,6.688,270.0,22.33,6.186472957978104,7.3,61.0,349.67092405204943,21.66645709898019,0.8723,370.4650811510296,1.915916039909721
2024-01-24 11:00:00+00:00,2024,winter,5.659,240.0,22.33,3.458286614836869,8.7,100.0,239.04993030857207,21.34942546620337,1.43,258.96935577477547,1.6018690928808315
2024-01-24 12:00:00+00:00,2024,winter,7.202,250.0,22.33,5.324284513783607,8.7,65.0,312.1059074439224,21.34942546620337,0.9295,332.52583291012576,1.8151625753626774
2024-01-24 13:00:00+00:00,2024,winter,6.688,250.0,22.33,4.944295310772669,8.9,54.0,297.24666117727537,21.30374779510149,0.7722,317.7782089723769,1.7744545919681325
2024-01-24 14:00:00+00:00,2024,winter,6.173,240.0,22.33,3.7723985286071735,9.4,63.0,249.58156331935663,21.189127747259363,0.9009,269.869791066616,1.6352342325244311
2024-01-24 15:00:00+00:00,2024,winter,6.173,250.0,22.33,4.5635668291566525,8.9,17.0,282.88543855633776,21.30374779510149,0.2431,303.94608635143925,1.735406067984891
2024-01-24 16:00:00+00:00,2024,winter,5.144,240.0,22.33,3.1435635883938606,8.8,7.0,225.02146344668847,21.32659878112227,0.1001,246.24796222781075,1.5620292297772924
2024-01-24 17:00:00+00:00,2024,winter,3.601,210.0,22.33,0.48061570943712584,7.0,0.0,91.77148580168,21.733777745543822,0.0,113.50526354722382,1.060500394740198
2024-01-24 18:00:00+00:00,2024,winter,2.572,210.0,22.33,0.343277868556592,5.9,0.0,79.72049608024983,21.97877627232493,0.0,101.69927235257475,1.0038336657503235
2024-01-24 19:00:00+00:00,2024,winter,3.087,180.0,22.33,1.1728764660192548,6.9,0.0,139.28349978841814,21.756169954921255,0.0,161.0396697433394,1.2631917174849079
2024-01-24 20:00:00+00:00,2024,winter,3.087,190.0,22.33,0.6592039592607246,6.5,0.0,107.11117947852395,21.845499218328904,0.0,128.95667869685286,1.1303807510929678
2024-01-24 21:00:00+00:00,2024,winter,2.572,140.0,22.33,2.2778580942009055,6.4,0.0,191.0885212810048,21.867771726202193,0.0,212.956293007207,1.452606800289924
2024-01-24 22:00:00+00:00,2024,winter,4.116,170.0,22.33,2.201215619815889,7.8,0.0,184.30242014373482,21.553774931356237,0.0,205.85619507509105,1.4281861082278287
2024-01-24 23:00:00+00:00,2024,winter,3.087,130.0,22.33,2.9413570131415914,7.8,0.0,219.22535503649755,21.553774931356237,0.0,240.77912996785378,1.5445865694362737
2024-01-25 00:00:00+00:00,2024,winter,4.63,130.0,22.33,4.411559109441389,7.9,0.0,281.21562318520296,21.531166179904194,0.0,302.74678936510713,1.7319789398454204
2024-01-25 01:00:00+00:00,2024,winter,5.659,130.0,22.33,5.3920114471552525,8.3,0.0,316.4512655096108,21.44048954173325,0.0,337.89175505134403,1.829749474533367
2024-01-25 02:00:00+00:00,2024,winter,4.63,140.0,22.33,4.10049882431967,8.2,0.0,267.5891764911118,21.46319498051422,0.0,289.05237147162603,1.6923535712567088
2024-01-25 03:00:00+00:00,2024,winter,5.144,140.0,22.33,4.555716188401811,8.2,0.0,285.57716885389476,21.46319498051422,0.0,307.040363834409,1.7442172200364112
2024-01-25 04:00:00+00:00,2024,winter,5.144,130.0,22.33,4.901308868027323,8.5,0.0,297.435985338331,21.395006002479192,0.0,318.8309913408102,1.7773914985461823
2024-01-25 05:00:00+00:00,2024,winter,5.659,170.0,22.33,3.0264040798197565,9.5,0.0,217.47690198726767,21.166130593329157,0.0,238.6430325805968,1.5377198246059895
2024-01-25 06:00:00+00:00,2024,winter,6.173,170.0,22.33,3.3012886348696515,10.2,0.0,227.02851683431555,21.004465738399713,0.0,248.03298257271527,1.5676804831636415
2024-01-25 07:00:00+00:00,2024,winter,7.202,180.0,22.33,2.73633181349876,10.6,0.0,200.91629730255676,20.911546258921337,0.0,221.8278435614781,1.4825551660191534
2024-01-25 08:00:00+00:00,2024,winter,7.717,180.0,22.33,2.9320011947750526,11.5,0.0,206.74745426802176,20.701035922616132,0.0,227.4484901906379,1.5012200736012271
2024-01-25 09:00:00+00:00,2024,winter,8.231,190.0,22.33,1.7576636827583492,11.8,29.98,156.0767278539535,20.63042060186722,0.42871400000000004,176.27843445582073,1.3216072920352393
2024-01-25 10:00:00+00:00,2024,winter,7.717,200.0,22.33,0.31373435695140883,12.4,122.01,69.25533954928731,20.488519327396272,1.7447430000000002,87.99911587668359,0.933774453559995
2024-01-25 11:00:00+00:00,2024,winter,7.717,200.0,22.33,0.31373435695140883,13.0,105.0,68.59155035232928,20.34572073568897,1.5015,87.43577108801824,0.9307807782456408
2024-01-25 12:00:00+00:00,2024,winter,7.717,200.0,22.33,0.31373435695140883,13.2,231.01,68.3702872866766,20.297921149072955,3.303443,85.36476543574956,0.9196914720575612
2024-01-25 13:00:00+00:00,2024,winter,7.717,200.0,22.33,0.31373435695140883,13.0,240.01,68.59155035232928,20.34572073568897,3.432143,85.50512808801825,0.9204472716687682
2024-01-25 14:00:00+00:00,2024,winter,6.688,200.0,22.33,0.27190039902695634,13.7,84.0,63.441941088175234,20.17798323291303,1.2012,82.41872432108826,0.9036823038887073
2024-01-25 15:00:00+00:00,2024,winter,7.717,210.0,22.33,1.0299670729592614,12.9,98.0,119.54964122647102,20.369582974770935,1.4014,138.51782420124195,1.1715360697425325
2024-01-25 16:00:00+00:00,2024,winter,7.717,200.0,22.33,0.31373435695140883,12.6,38.8,69.03407648363464,20.441019684992096,0.55484,88.92025616862674,0.9386489234532029
2024-01-25 17:00:00+00:00,2024,winter,8.231,200.0,22.33,0.3346310084316504,12.0,0.0,71.82396731303163,20.58321964626876,0.0,92.40718695930039,0.9568761030302526
2024-01-25 18:00:00+00:00,2024,winter,9.774,210.0,22.33,1.3045092874308435,11.9,0.0,135.61531686704532,20.606832543192034,0.0,156.22214941023736,1.2441539943983224
2024-01-25 19:00:00+00:00,2024,winter,10.289,210.0,22.33,1.3732449415158532,11.8,0.0,139.11970562403073,20.63042060186722,0.0,159.75012622589796,1.2581239761100544
2024-01-25 20:00:00+00:00,2024,winter,10.289,210.0,22.33,1.3732449415158532,11.7,0.0,139.33983174052446,20.653983839718578,0.0,159.99381558024305,1.2590832072355513
2024-01-25 21:00:00+00:00,2024,winter,11.318,200.0,22.33,0.46013288220500775,6.8,0.0,90.19219959729067,21.77853818977298,0.0,111.97073778706365,1.0533073233329542
2024-01-25 22:00:00+00:00,2024,winter,8.231,290.0,22.33,8.224194981163567,6.6,0.0,421.2528254545677,21.82320280436743,0.0,443.07602825893514,2.0952794850403156
2024-01-25 23:00:00+00:00,2024,winter,7.202,260.0,22.33,6.085559868013377,6.3,0.0,351.2476888732438,21.89002034508136,0.0,373.1377092183252,1.9228145699022736
2024-01-26 00:00:00+00:00,2024,winter,10.289,250.0,22.33,7.606437567664473,6.2,0.0,403.7546060159098,21.912245092054423,0.0,425.66685110796425,2.0537035279633886
2024-01-26 01:00:00+00:00,2024,winter,13.376,290.0,22.33,13.36494132766904,5.9,0.0,574.4929365569429,21.97877627232493,0.0,596.4717128292679,2.4310716567359774
2024-01-26 02:00:00+00:00,2024,winter,13.89,290.0,22.33,13.878516375696995,5.8,0.0,588.8885355445669,22.000905702430984,0.0,610.8894412469979,2.4602777736204873
2024-01-26 03:00:00+00:00,2024,winter,15.433,290.0,22.33,15.42024069302604,5.1,0.0,634.8578779569378,22.155146643995685,0.0,657.0130246009335,2.5514662226679907
2024-01-26 04:00:00+00:00,2024,winter,12.861,270.0,22.33,11.896565297930085,4.7,0.0,543.907283298086,22.242763269032263,0.0,566.1500465671182,2.3684739229871186
2024-01-26 05:00:00+00:00,2024,winter,12.861,260.0,22.33,10.867312616289926,5.4,0.0,509.2039217554778,22.08918572775824,0.0,531.293107483236,2.2944041773873107
2024-01-26 06:00:00+00:00,2024,winter,12.861,270.0,22.33,11.896565297930085,5.4,0.0,538.4914213022302,22.08918572775824,0.0,560.5806070299884,2.356795327902712
2024-01-26 07:00:00+00:00,2024,winter,11.318,270.0,22.33,10.469273465669286,5.1,0.0,499.74056679040785,22.155146643995685,0.0,521.8957134344035,2.274022192471294
2024-01-26 08:00:00+00:00,2024,winter,7.717,240.0,22.33,4.715956495263495,4.5,0.0,307.9032353162126,22.286429917588812,0.0,330.1896652338014,1.8087751041226956
2024-01-26 09:00:00+00:00,2024,winter,6.173,230.0,22.33,2.866607807691726,5.0,3.0,224.75566227951077,22.177086258732125,0.0429,246.8898485382429,1.5640637494334715
2024-01-26 10:00:00+00:00,2024,winter,7.202,230.0,22.33,3.344453172038848,6.4,94.0,242.27915181928356,21.867771726202193,1.3442,262.8027235454857,1.613681294072898
2024-01-26 11:00:00+00:00,2024,winter,6.688,220.0,22.33,2.030036775659886,7.4,83.0,178.53547197781603,21.64396882019225,1.1869,198.99254079800826,1.4041749866240445
2024-01-26 12:00:00+00:00,2024,winter,7.202,220.0,22.33,2.186053357999776,8.1,98.0,182.88960887032647,21.485876221672026,1.4014,202.9740850919985,1.4181531372394613
2024-01-26 13:00:00+00:00,2024,winter,7.717,220.0,22.33,2.342373474546552,8.3,84.0,189.0306964165016,21.44048954173325,1.2012,209.26998595823486,1.4399794900483045
2024-01-26 14:00:00+00:00,2024,winter,8.746,220.0,22.33,2.6547101734332186,9.2,34.0,201.47792766687581,21.235048858962156,0.4862,222.22677652583798,1.4838876733513193
2024-01-26 15:00:00+00:00,2024,winter,9.26,230.0,22.33,4.300143900733093,8.9,52.0,272.6797906009265,21.30374779510149,0.7436,293.239938396028,1.704568245164319
2024-01-26 16:00:00+00:00,2024,winter,9.774,220.0,22.33,2.9667433381129973,9.0,25.58,216.4571647908426,21.280872490900176,0.365794,237.37224328174278,1.5336201316951288
2024-01-26 17:00:00+00:00,2024,winter,8.231,210.0,22.33,1.0985692597547856,8.9,0.0,131.13180756049323,21.30374779510149,0.0,152.43555535559472,1.2289832743500206
2024-01-26 18:00:00+00:00,2024,winter,7.202,220.0,22.33,2.186053357999776,8.1,0.0,182.88960887032647,21.485876221672026,0.0,204.37548509199848,1.4230404143055584
2024-01-26 19:00:00+00:00,2024,winter,7.202,210.0,22.33,0.9612314188742517,8.2,0.0,124.5246388459504,21.46319498051422,0.0,145.98783382646462,1.2027106760465152
2024-01-26 20:00:00+00:00,2024,winter,7.717,220.0,22.33,2.342373474546552,8.6,0.0,188.18048338914102,21.372227867579472,0.0,209.5527112567205,1.4409518732044702
2024-01-26 21:00:00+00:00,2024,winter,7.202,220.0,22.33,2.186053357999776,8.6,0.0,181.52272091165437,21.372227867579472,0.0,202.89494877923386,1.417876652802515
2024-01-26 22:00:00+00:00,2024,winter,7.717,210.0,22.33,1.0299670729592614,8.7,0.0,127.63512420797147,21.34942546620337,0.0,148.98454967417484,1.214992088733766
2024-01-26 23:00:00+00:00,2024,winter,7.717,220.0,22.33,2.342373474546552,8.7,0.0,187.89707904668748,21.34942546620337,0.0,209.24650451289085,1.4398987002778696
2024-01-27 00:00:00+00:00,2024,winter,6.173,200.0,22.33,0.25096309258274546,8.5,0.0,66.30111604591895,21.395006002479192,0.0,87.69612204839814,0.9321655063886009
2024-01-27 01:00:00+00:00,2024,winter,7.202,200.0,22.33,0.2927970505071979,8.4,0.0,71.34693324665123,21.417759888125,0.0,92.76469313477624,0.9587253038120704
2024-01-27 02:00:00+00:00,2024,winter,7.202,200.0,22.33,0.2927970505071979,8.4,0.0,71.34693324665123,21.417759888125,0.0,92.76469313477624,0.9587253038120704
2024-01-27 03:00:00+00:00,2024,winter,7.202,200.0,22.33,0.2927970505071979,8.4,0.0,71.34693324665123,21.417759888125,0.0,92.76469313477624,0.9587253038120704
2024-01-27 04:00:00+00:00,2024,winter,7.202,200.0,22.33,0.2927970505071979,8.3,0.0,71.45406077404861,21.44048954173325,0.0,92.89455031578186,0.9593961076599009
2024-01-27 05:00:00+00:00,2024,winter,6.688,200.0,22.33,0.27190039902695634,8.5,0.0,68.82363919027166,21.395006002479192,0.0,90.21864519275086,0.9454770344165054
2024-01-27 06:00:00+00:00,2024,winter,7.202,200.0,22.33,0.2927970505071979,8.6,0.0,71.1326781918565,21.372227867579472,0.0,92.50490605943597,0.9573819098178163
2024-01-27 07:00:00+00:00,2024,winter,7.717,200.0,22.33,0.31373435695140883,8.4,0.0,73.68060086234081,21.417759888125,0.0,95.09836075046582,0.9707096549175058
2024-01-27 08:00:00+00:00,2024,winter,9.26,200.0,22.33,0.3764649663561028,8.3,0.0,80.33309183594551,21.44048954173325,0.0,101.77358137767877,1.0042003364174827
2024-01-27 09:00:00+00:00,2024,winter,7.202,200.0,22.33,0.2927970505071979,8.3,14.0,71.45406077404861,21.44048954173325,0.2002,92.69435031578186,0.9583617375251796
2024-01-27 10:00:00+00:00,2024,winter,6.173,200.0,22.33,0.25096309258274546,8.6,52.0,66.20141511953412,21.372227867579472,0.7436,86.83004298711359,0.9275510936355351
2024-01-27 11:00:00+00:00,2024,winter,9.26,210.0,22.33,1.2359071006353195,9.3,79.0,137.69296921669496,21.212100496713223,1.1297,157.77536971340817,1.250323624329316
2024-01-27 12:00:00+00:00,2024,winter,7.717,200.0,22.33,0.31373435695140883,9.9,124.0,72.02112786994574,21.073897587203227,1.7732,91.32182545714898,0.9512400473728978
2024-01-27 13:00:00+00:00,2024,winter,6.688,190.0,22.33,1.428168474096445,9.7,130.0,146.3933676077988,21.120063002923622,1.859,165.65443061072241,1.281162923555017
2024-01-27 14:00:00+00:00,2024,winter,6.688,200.0,22.33,0.27190039902695634,10.0,145.0,67.2712262762054,21.050778151606515,2.0735,86.24850442781192,0.9244397688820869
2024-01-27 15:00:00+00:00,2024,winter,8.231,200.0,22.33,0.3346310084316504,10.4,89.0,73.64806807018799,20.958055153716582,1.2727,93.33342322390457,0.9616597325004929
2024-01-27 16:00:00+00:00,2024,winter,7.717,200.0,22.33,0.31373435695140883,10.4,36.6,71.46797020581405,20.958055153716582,0.5233800000000001,91.90264535953064,0.9542602642698897
2024-01-27 17:00:00+00:00,2024,winter,7.717,200.0,22.33,0.31373435695140883,10.2,0.0,71.68923327146673,21.004465738399713,0.0,92.69369900986645,0.9583583706114299
2024-01-27 18:00:00+00:00,2024,winter,6.173,180.0,22.33,2.345372991492342,9.9,0.0,184.64219739520772,21.073897587203227,0.0,205.71609498241094,1.4277000333214622
2024-01-27 19:00:00+00:00,2024,winter,6.173,160.0,22.33,4.156896293609104,10.2,0.0,261.77813556405397,21.004465738399713,0.0,282.78260130245366,1.673898716685233
2024-01-27 20:00:00+00:00,2024,winter,5.659,160.0,22.33,3.8107688523463334,9.8,0.0,249.61598407304814,21.096992531874935,0.0,270.7129766049231,1.6377868163826355
2024-01-27 21:00:00+00:00,2024,winter,6.173,180.0,22.33,2.345372991492342,9.9,0.0,184.64219739520772,21.073897587203227,0.0,205.71609498241094,1.4277000333214622
2024-01-27 22:00:00+00:00,2024,winter,8.746,190.0,22.33,1.8676377802702615,10.0,0.0,165.12648332873394,21.050778151606515,0.0,186.17726148034046,1.3582075889438308
2024-01-27 23:00:00+00:00,2024,winter,9.26,190.0,22.33,1.9773983358452574,10.4,0.0,168.5362780033348,20.958055153716582,0.0,189.49433315705136,1.3702535857967693
2024-01-28 00:00:00+00:00,2024,winter,9.774,180.0,22.33,3.7135388982417217,11.2,0.0,240.38571377806903,20.77142832603801,0.0,261.15714210410704,1.608621198249367
2024-01-28 01:00:00+00:00,2024,winter,10.803,190.0,22.33,2.3068935445071617,11.8,0.0,177.43002410227822,20.63042060186722,0.0,198.06044470414545,1.4008824956719814
2024-01-28 02:00:00+00:00,2024,winter,10.289,190.0,22.33,2.1971329889321654,11.3,0.0,174.55226519318126,20.747988931156307,0.0,195.30025412433756,1.3910868268253358
2024-01-28 03:00:00+00:00,2024,winter,9.26,180.0,22.33,3.5182494575115966,11.4,0.0,231.76399996464124,20.724524802480246,0.0,252.48852476712148,1.5816983305294905
2024-01-28 04:00:00+00:00,2024,winter,8.231,180.0,22.33,3.127290635505178,11.4,0.0,215.49147594215728,20.724524802480246,0.0,236.21600074463754,1.529880432718092
2024-01-28 05:00:00+00:00,2024,winter,7.202,170.0,22.33,3.851592539823624,11.2,0.0,245.8699268094476,20.77142832603801,0.0,266.64135513548564,1.6254236996052422
2024-01-28 06:00:00+00:00,2024,winter,6.688,140.0,22.33,5.9231395544384355,11.3,0.0,320.28422721810887,20.747988931156307,0.0,341.0322161492652,1.838232911632786
2024-01-28 07:00:00+00:00,2024,winter,6.688,140.0,22.33,5.9231395544384355,11.0,0.0,321.7926301720403,20.81823298396238,0.0,342.61086315600267,1.8424826133176773
2024-01-28 08:00:00+00:00,2024,winter,6.173,130.0,22.33,5.881761205741187,11.4,0.0,318.3989939579777,20.724524802480246,0.0,339.12351876045796,1.8330815604180744
2024-01-28 09:00:00+00:00,2024,winter,7.202,170.0,22.33,3.851592539823624,11.1,38.52,246.25530287027746,20.794843004512877,0.5508360000000001,266.49930987479036,1.6249906938354903
2024-01-28 10:00:00+00:00,2024,winter,8.746,170.0,22.33,4.677315794681674,11.7,107.0,275.0557138936658,20.653983839718578,1.5301,294.1795977333844,1.7072971237642318
2024-01-28 11:00:00+00:00,2024,winter,11.832,180.0,22.33,4.4954565422545585,12.6,153.0,264.5804832875896,20.441019684992096,2.1879,282.8336029725817,1.6740496591067235
2024-01-28 12:00:00+00:00,2024,winter,13.376,180.0,22.33,5.082084745537269,13.4,130.0,281.756285466223,20.250021301172904,1.859,300.14730676739595,1.7245272418723814
2024-01-28 13:00:00+00:00,2024,winter,12.347,200.0,22.33,0.5019668401294602,13.9,92.0,84.14663893367536,20.12983211863795,1.3156,102.96087105231331,1.0100408479655973
2024-01-28 14:00:00+00:00,2024,winter,13.376,210.0,22.33,1.785258464157455,13.5,110.0,152.9849922376884,20.22603373546297,1.573,171.63802597315137,1.304096079554496
2024-01-28 15:00:00+00:00,2024,winter,12.861,260.0,22.33,10.867312616289926,8.7,108.0,485.06063236189914,21.34942546620337,1.5444,504.8656578281025,2.2366125052381256
2024-01-28 16:00:00+00:00,2024,winter,9.774,260.0,22.33,8.258853394885135,8.8,42.47,408.76471902025736,21.32659878112227,0.607321,429.48399680137965,2.062891217020816
2024-01-28 17:00:00+00:00,2024,winter,8.746,260.0,22.33,7.390211969681338,8.1,0.0,385.66931285989347,21.485876221672026,0.0,407.1551890815655,2.008550802498344
2024-01-28 18:00:00+00:00,2024,winter,8.231,270.0,22.33,7.613764790238902,7.8,0.0,394.5996920712629,21.553774931356237,0.0,416.15346700261915,2.030624362573706
2024-01-28 19:00:00+00:00,2024,winter,9.26,250.0,22.33,6.8457198830375185,6.7,0.0,375.5508313032163,21.80088246721757,0.0,397.35171377043383,1.9842225413190484
2024-01-28 20:00:00+00:00,2024,winter,7.717,280.0,22.33,7.538998891326309,6.3,0.0,400.9549652987032,21.89002034508136,0.0,422.8449856437846,2.0468849189499743
2024-01-28 21:00:00+00:00,2024,winter,8.746,290.0,22.33,8.73876920243671,6.8,0.0,436.07345044228106,21.77853818977298,0.0,457.85198863205403,2.1299302727059026
2024-01-28 22:00:00+00:00,2024,winter,7.202,290.0,22.33,7.196045711862473,7.3,0.0,383.9120222092863,21.66645709898019,0.0,405.5784793082665,2.004657970384725
2024-01-28 23:00:00+00:00,2024,winter,6.173,310.0,22.33,5.881761205741186,6.6,0.0,342.42910670952324,21.82320280436743,0.0,364.2523095138907,1.899782972497708
2024-01-29 00:00:00+00:00,2024,winter,3.087,320.0,22.33,2.7339610951781474,6.4,0.0,213.9049234332692,21.867771726202193,0.0,235.7726951594714,1.5284441984385344
2024-01-29 01:00:00+00:00,2024,winter,3.601,310.0,22.33,3.4311067717275248,6.0,0.0,247.5748084822216,21.95662303860351,0.0,269.5314315208251,1.6342087923517115
2024-01-29 02:00:00+00:00,2024,winter,2.572,310.0,22.33,2.450654434013661,5.6,0.0,202.25291905994416,22.045093220020593,0.0,224.29801227996475,1.490786825958902
2024-01-29 03:00:00+00:00,2024,winter,1.543,300.0,22.33,1.52919511672016,4.4,0.0,163.39750232256802,22.308227885326158,0.0,185.70573020789416,1.3564865318960415
2024-01-29 04:00:00+00:00,2024,winter,1.029,150.0,22.33,0.8144983842629275,3.7,0.0,123.03973178798901,22.460155254046388,0.0,145.4998870420354,1.2006990357986207
2024-01-29 05:00:00+00:00,2024,winter,1.543,130.0,22.33,1.4702020962997975,3.2,0.0,163.15603546911095,22.567971571093167,0.0,185.72400704020413,1.3565532817665849
2024-01-29 06:00:00+00:00,2024,winter,2.058,150.0,22.33,1.628996768525855,3.0,0.0,171.62016702687288,22.610934563101228,0.0,194.23110158997412,1.3872739155153553
2024-01-29 07:00:00+00:00,2024,winter,1.029,120.0,22.33,1.0197937622197308,2.4,0.0,139.11833663953215,22.739264604672254,0.0,161.8576012442044,1.2663955730669745
2024-01-29 08:00:00+00:00,2024,winter,1.543,120.0,22.33,1.52919511672016,2.2,0.0,168.4892091938095,22.781855423440206,0.0,191.2710646172497,1.376662464808679
2024-01-29 09:00:00+00:00,2024,winter,0.514,110.0,22.33,0.5135750480279521,1.9,12.0,101.75126134644891,22.845567869432433,0.1716,124.42522921588134,1.1103427432441184
2024-01-29 10:00:00+00:00,2024,winter,1.029,120.0,22.33,1.0197937622197308,2.0,109.0,139.88482885242215,22.824353535950085,1.5587,161.15048238837224,1.2636262487528303
2024-01-29 11:00:00+00:00,2024,winter,0.514,110.0,22.33,0.5135750480279521,2.9,170.0,100.35931522679846,22.63238108351313,2.431,120.5606963103116,1.0929636230082231
2024-01-29 12:00:00+00:00,2024,winter,0.514,320.0,22.33,0.4552173640821405,5.1,252.01,91.97888609603619,22.155146643995685,3.603743,110.53028974003188,1.0465102540009052
2024-01-29 13:00:00+00:00,2024,winter,1.029,340.0,22.33,0.6929282822167127,6.2,122.0,110.11086651769402,21.912245092054423,1.7446,130.27851160974845,1.136159300503753
2024-01-29 14:00:00+00:00,2024,winter,2.058,330.0,22.33,1.6289967685258544,6.8,44.0,162.56243598934347,21.77853818977298,0.6292,183.71177417911645,1.3491844573982912
2024-01-29 15:00:00+00:00,2024,winter,2.058,290.0,22.33,2.0562985386021895,7.1,37.0,180.40514874161826,21.711361544516034,0.5291,201.5874102861343,1.4133005782241848
2024-01-29 16:00:00+00:00,2024,winter,2.572,330.0,22.33,2.0358501888476668,7.0,24.0,179.83137432637062,21.733777745543822,0.3432,201.22195207191444,1.4120189093709903
2024-01-29 17:00:00+00:00,2024,winter,3.601,350.0,22.33,1.9257962699118123,6.6,0.0,176.26477086617888,21.82320280436743,0.0,198.08797367054632,1.4009798485463705
2024-01-29 18:00:00+00:00,2024,winter,2.572,10.0,22.33,0.5492298617488133,4.2,0.0,101.68097170630794,22.35175319257806,0.0,124.032724898886,1.1085900498218153
2024-01-29 19:00:00+00:00,2024,winter,1.543,10.0,22.33,0.3294952086619047,3.9,0.0,80.47635228899591,22.41686483729278,0.0,102.89321712628869,1.0097089526690326
2024-01-29 20:00:00+00:00,2024,winter,1.029,320.0,22.33,0.9113203650593823,2.4,0.0,132.01532278336114,22.739264604672254,0.0,154.7545873880334,1.2382963694875222
2024-01-29 21:00:00+00:00,2024,winter,1.029,360.0,22.33,0.39095882200641807,2.2,0.0,89.23709696513606,22.781855423440206,0.0,112.01895238857627,1.0535340760009368
2024-01-29 22:00:00+00:00,2024,winter,0.514,260.0,22.33,0.43432071260189886,1.4,0.0,94.74984901670807,22.951292981693612,0.0,117.70114199840168,1.0799239481826848
2024-01-29 23:00:00+00:00,2024,winter,1.543,230.0,22.33,0.7165358573251795,1.2,0.0,119.97154080261885,22.9934216144444,0.0,142.96496241706325,1.1901936833239473
2024-01-30 00:00:00+00:00,2024,winter,1.029,160.0,22.33,0.6929282822167127,0.6,0.0,119.07337890866913,23.11925584447969,0.0,142.1926347531488,1.1869744878237722
2024-01-30 01:00:00+00:00,2024,winter,1.543,130.0,22.33,1.4702020962997975,1.0,0.0,168.15524546955723,23.03545821308462,0.0,191.19070368264184,1.3763732378285576
2024-01-30 02:00:00+00:00,2024,winter,1.543,150.0,22.33,1.2213518045847398,0.5,0.0,155.27626482885384,23.140147940478464,0.0,178.4164127693323,1.3295976394829998
2024-01-30 03:00:00+00:00,2024,winter,1.029,150.0,22.33,0.8144983842629275,0.5,0.0,128.56185158773047,23.140147940478464,0.0,151.70199952820894,1.2260226296067087
2024-01-30 04:00:00+00:00,2024,winter,1.543,140.0,22.33,1.366537729141523,2.1,0.0,160.1062208104049,22.803116059561038,0.0,182.90933686996593,1.3462346716410776
2024-01-30 05:00:00+00:00,2024,winter,1.543,220.0,22.33,0.4683532812265557,3.8,0.0,94.93979202168026,22.4385217690164,0.0,117.37831379069667,1.0784419349718684
2024-01-30 06:00:00+00:00,2024,winter,1.029,170.0,22.33,0.5503039049539723,2.4,0.0,104.36104755901577,22.739264604672254,0.0,127.10031216368803,1.1222151887128133
2024-01-30 07:00:00+00:00,2024,winter,2.058,210.0,22.33,0.2746756817610677,3.4,0.0,74.45334953871176,22.524915198234023,0.0,96.97826473694579,0.9802571940382885
2024-01-30 08:00:00+00:00,2024,winter,3.601,220.0,22.33,1.093026678999888,4.9,0.0,138.73976461618383,22.199002223149794,0.0,160.93876683933362,1.2627959153675354
2024-01-30 09:00:00+00:00,2024,winter,4.116,230.0,22.33,1.911381457388489,4.6,24.59,180.7846417385966,22.264608384483488,0.351637,202.6976131230801,1.4171869715482122
2024-01-30 10:00:00+00:00,2024,winter,3.087,200.0,22.33,0.1255018737733574,6.0,79.0,49.80822768985139,21.95662303860351,1.1297,70.6351507284549,0.8365911613637773
2024-01-30 11:00:00+00:00,2024,winter,4.116,210.0,22.33,0.5493513635221354,7.2,91.0,97.38249344002517,21.688921334707125,1.3013000000000001,117.77011477473229,1.0802403191319132
2024-01-30 12:00:00+00:00,2024,winter,5.659,200.0,22.33,0.23006644110250388,7.8,124.0,64.33893962706537,21.553774931356237,1.7732,84.1195145584216,0.9129588705252166
2024-01-30 13:00:00+00:00,2024,winter,5.144,210.0,22.33,0.686555737113184,8.7,107.0,105.65388023708837,21.34942546620337,1.5301,125.47320570329174,1.115008891801536
2024-01-30 14:00:00+00:00,2024,winter,6.173,210.0,22.33,0.8238935779937179,8.5,62.0,115.3715125009276,21.395006002479192,0.8866,135.8799185034068,1.160327199233519
2024-01-30 15:00:00+00:00,2024,winter,6.173,210.0,22.33,0.8238935779937179,8.5,95.0,115.3715125009276,21.395006002479192,1.3585,135.4080185034068,1.15831058542766
2024-01-30 16:00:00+00:00,2024,winter,6.173,210.0,22.33,0.8238935779937179,7.4,17.0,117.27991345958954,21.64396882019225,0.2431,138.6807822797818,1.172224988847343
2024-01-30 17:00:00+00:00,2024,winter,4.63,200.0,22.33,0.1882324831780514,6.8,0.0,59.466591318616985,21.77853818977298,0.0,81.24512950838997,0.8972252795709796
2024-01-30 18:00:00+00:00,2024,winter,5.659,200.0,22.33,0.23006644110250388,6.7,0.0,65.39210679357983,21.80088246721757,0.0,87.19298926079739,0.9294876362050091
2024-01-30 19:00:00+00:00,2024,winter,6.173,200.0,22.33,0.25096309258274546,6.4,0.0,68.3948355000006,21.867771726202193,0.0,90.26260722620279,0.9457073639158362
2024-01-30 20:00:00+00:00,2024,winter,6.688,200.0,22.33,0.27190039902695634,6.4,0.0,70.99701726996446,21.867771726202193,0.0,92.86478899616665,0.959242410907008
2024-01-30 21:00:00+00:00,2024,winter,5.659,190.0,22.33,1.208433821009537,6.2,0.0,142.68729222868905,21.912245092054423,0.0,164.59953732074348,1.2770771631293962
2024-01-30 22:00:00+00:00,2024,winter,7.202,200.0,22.33,0.2927970505071979,6.5,0.0,73.38235626720135,21.845499218328904,0.0,95.22785548553026,0.9713703341653224
2024-01-30 23:00:00+00:00,2024,winter,6.688,200.0,22.33,0.27190039902695634,6.2,0.0,71.20400565850663,21.912245092054423,0.0,93.11625075056105,0.9605402640128461
2024-01-31 00:00:00+00:00,2024,winter,6.688,200.0,22.33,0.27190039902695634,6.5,0.0,70.89352307569337,21.845499218328904,0.0,92.73902229402228,0.9585926402593786
2024-01-31 01:00:00+00:00,2024,winter,7.717,200.0,22.33,0.31373435695140883,6.2,0.0,76.11449458452023,21.912245092054423,0.0,98.02673967657465,0.9855419456693345
2024-01-31 02:00:00+00:00,2024,winter,7.717,200.0,22.33,0.31373435695140883,6.9,0.0,75.34007385473586,21.756169954921255,0.0,97.09624380965712,0.9808532795785023
2024-01-31 03:00:00+00:00,2024,winter,9.26,200.0,22.33,0.3764649663561028,7.1,0.0,81.77836485248427,21.711361544516034,0.0,103.48972639700031,1.0126315473263376
2024-01-31 04:00:00+00:00,2024,winter,10.289,200.0,22.33,0.4182989242805553,7.5,0.0,85.38814862232482,21.62145648119416,0.0,107.00960510351898,1.029708302591934
2024-01-31 05:00:00+00:00,2024,winter,10.289,210.0,22.33,1.3732449415158532,7.7,0.0,148.14487640027323,21.57635955394056,0.0,169.7212359542138,1.296793803591489
2024-01-31 06:00:00+00:00,2024,winter,9.774,200.0,22.33,0.3973616178363444,8.2,0.0,82.50458782842594,21.46319498051422,0.0,103.96778280894016,1.0149677079100028
2024-01-31 07:00:00+00:00,2024,winter,11.832,200.0,22.33,0.48102953368524937,8.6,0.0,89.64810441578031,21.372227867579472,0.0,111.02033228335978,1.0488275707461245
2024-01-31 08:00:00+00:00,2024,winter,10.803,200.0,22.33,0.43919557576079693,8.8,0.0,85.66779667914322,21.32659878112227,0.0,106.9943954602655,1.029635122000026
2024-01-31 09:00:00+00:00,2024,winter,13.376,210.0,22.33,1.785258464157455,9.9,5.0,161.9402112955043,21.073897587203227,0.07150000000000001,182.94260888270753,1.346357109076851
2024-01-31 10:00:00+00:00,2024,winter,14.404,210.0,22.33,1.9224628377485034,10.4,29.0,166.33794216205925,20.958055153716582,0.4147,186.8812973157758,1.3607732205115897
2024-01-31 11:00:00+00:00,2024,winter,13.89,210.0,22.33,1.8538606509529794,10.0,77.0,164.55772664687618,21.050778151606515,1.1011,184.5074047984827,1.35210286787092
2024-01-31 12:00:00+00:00,2024,winter,12.347,220.0,22.33,3.747736852433106,10.9,159.0,242.88815264635682,20.841598281761826,2.2737,261.4560509281186,1.6095415130472
2024-01-31 13:00:00+00:00,2024,winter,14.919,230.0,22.33,6.928061215446762,11.2,138.0,353.4090971183137,20.77142832603801,1.9734,372.2071254443517,1.920415379180273
2024-01-31 14:00:00+00:00,2024,winter,12.347,300.0,22.33,12.236534093417898,7.3,178.0,532.9918645549631,21.66645709898019,2.5454,552.1129216539433,2.338927658352168
2024-01-31 15:00:00+00:00,2024,winter,10.803,290.0,22.33,10.79406856779371,6.9,163.01,496.1517797905563,21.756169954921255,2.3310429999999998,515.5769067454776,2.260214007474513
2024-01-31 16:00:00+00:00,2024,winter,9.26,310.0,22.33,8.823118218882776,7.8,63.0,432.2377908161851,21.553774931356237,0.9009,452.8906657475414,2.118358787607148
2024-01-31 17:00:00+00:00,2024,winter,10.289,300.0,22.33,10.196946568978436,7.4,0.0,475.4887540762384,21.64396882019225,0.0,497.13272289643066,2.2194175157220464
2024-01-31 18:00:00+00:00,2024,winter,10.803,300.0,22.33,10.706347923478868,7.4,0.0,490.0315663322488,21.64396882019225,0.0,511.67553515244106,2.2516462464342464
2024-01-31 19:00:00+00:00,2024,winter,10.289,290.0,22.33,10.280493519765757,7.6,0.0,476.4787438478514,21.598920064830704,0.0,498.07766391268206,2.221525828958453
2024-01-31 20:00:00+00:00,2024,winter,8.231,300.0,22.33,8.157359044538975,7.8,0.0,411.7806334716098,21.553774931356237,0.0,433.33440840296606,2.072117704016924
2024-01-31 21:00:00+00:00,2024,winter,9.26,300.0,22.33,9.177152806758706,7.5,0.0,444.852769913634,21.62145648119416,0.0,466.4742263948282,2.1498920827827974
2024-01-31 22:00:00+00:00,2024,winter,9.26,290.0,22.33,9.252344250464661,7.4,0.0,447.7641333885775,21.64396882019225,0.0,469.4081022087697,2.156642326805071
2024-01-31 23:00:00+00:00,2024,winter,9.774,290.0,22.33,9.765919298492614,8.0,0.0,458.8561139847915,21.508533282404716,0.0,480.3646472671962,2.181666448155389
2024-02-01 00:00:00+00:00,2024,winter,9.774,290.0,22.33,9.765919298492614,8.1,0.0,458.1712541131724,21.485876221672026,0.0,479.6571303348444,2.180059195466874
2024-02-01 01:00:00+00:00,2024,winter,9.26,290.0,22.33,9.252344250464661,7.8,0.0,445.1146414750356,21.553774931356237,0.0,466.6684164063919,2.1503395288629203
2024-02-01 02:00:00+00:00,2024,winter,8.746,280.0,22.33,8.544263872429688,7.9,0.0,423.11308885309927,21.531166179904194,0.0,444.64425503300345,2.0989842341135825
2024-02-01 03:00:00+00:00,2024,winter,8.231,280.0,22.33,8.041142914928969,7.9,0.0,407.53781607004447,21.531166179904194,0.0,429.06898224994865,2.0618942802302747
2024-02-01 04:00:00+00:00,2024,winter,8.231,280.0,22.33,8.041142914928969,7.8,0.0,408.145174961356,21.553774931356237,0.0,429.6989498927123,2.0634073822083105
2024-02-01 05:00:00+00:00,2024,winter,7.202,270.0,22.33,6.66192856509544,8.0,0.0,362.25850469980384,21.508533282404716,0.0,383.76703798220854,1.9500092383324878
2024-02-01 06:00:00+00:00,2024,winter,7.202,280.0,22.33,7.03587793382559,7.9,0.0,375.25305128180037,21.531166179904194,0.0,396.78421746170454,1.982805105244867
2024-02-01 07:00:00+00:00,2024,winter,5.659,230.0,22.33,2.6279173147136685,6.9,0.0,207.21736426772011,21.756169954921255,0.0,228.97353422264138,1.5062445120308359
2024-02-01 08:00:00+00:00,2024,winter,4.63,230.0,22.33,2.1500719503665464,7.1,0.0,184.1933171890631,21.711361544516034,0.0,205.90467873357912,1.4283542829356164
2024-02-01 09:00:00+00:00,2024,winter,4.63,230.0,22.33,2.1500719503665464,7.2,9.0,183.9220457351764,21.688921334707125,0.1287,205.4822670698835,1.4268884025239719
2024-02-01 10:00:00+00:00,2024,winter,4.116,210.0,22.33,0.5493513635221354,7.0,78.0,97.66975743247363,21.733777745543822,1.1154,118.28813517801746,1.082613470125902
2024-02-01 11:00:00+00:00,2024,winter,4.63,210.0,22.33,0.6179535503176597,7.1,107.0,103.02347435909853,21.711361544516034,1.5301,123.20473590361456,1.1048836192264093
2024-02-01 12:00:00+00:00,2024,winter,5.144,210.0,22.33,0.686555737113184,7.8,139.0,107.08809580591765,21.553774931356237,1.9877,126.65417073727387,1.1202438843023292
2024-02-01 13:00:00+00:00,2024,winter,5.659,210.0,22.33,0.7552913911981936,8.3,170.0,111.1240873334336,21.44048954173325,2.431,130.13357687516682,1.1355271365012822
2024-02-01 14:00:00+00:00,2024,winter,4.63,210.0,22.33,0.6179535503176597,9.0,62.0,100.14063781591314,21.280872490900176,0.8866,120.53491030681332,1.0928467330440306
2024-02-01 15:00:00+00:00,2024,winter,5.144,210.0,22.33,0.686555737113184,9.3,55.0,104.69773652453556,21.212100496713223,0.7865,125.12333702124877,1.1134532647981232
2024-02-01 16:00:00+00:00,2024,winter,4.63,200.0,22.33,0.1882324831780514,9.9,35.0,56.76356444049802,21.073897587203227,0.5005000000000001,77.33696202770125,0.8753795320283149
2024-02-01 17:00:00+00:00,2024,winter,4.116,190.0,22.33,0.8789386123476327,10.5,0.0,115.3255132448241,20.93481300375153,0.0,136.2603262485756,1.161950282899398
2024-02-01 18:00:00+00:00,2024,winter,4.63,190.0,22.33,0.9886991679226287,11.0,0.0,120.88178840956128,20.81823298396238,0.0,141.70002139352366,1.1849166217564804
2024-02-01 19:00:00+00:00,2024,winter,2.572,170.0,22.33,1.3754923649578397,10.6,0.0,141.86928540089113,20.911546258921337,0.0,162.78083165981246,1.2700021766695697
2024-02-01 20:00:00+00:00,2024,winter,3.087,230.0,22.33,1.433536093041367,12.6,0.0,140.13674062259173,20.441019684992096,0.0,160.57776030758382,1.261378812708135
2024-02-01 21:00:00+00:00,2024,winter,4.116,230.0,22.33,1.911381457388489,11.1,0.0,164.09287794170913,20.794843004512877,0.0,184.887720946222,1.3534956624848187
2024-02-01 22:00:00+00:00,2024,winter,4.63,190.0,22.33,0.9886991679226287,10.3,0.0,122.20393297029086,20.981272726155126,0.0,143.185205696446,1.1911101011541927
2024-02-01 23:00:00+00:00,2024,winter,5.144,200.0,22.33,0.209129134658293,10.3,0.0,59.25137819672555,20.981272726155126,0.0,80.23265092288068,0.8916171320255645
2024-02-02 00:00:00+00:00,2024,winter,6.173,210.0,22.33,0.8238935779937179,10.0,0.0,112.76914755729764,21.050778151606515,0.0,133.81992570890415,1.1514981008415788
2024-02-02 01:00:00+00:00,2024,winter,5.144,220.0,22.33,1.5613799602264435,10.0,0.0,151.904054125964,21.050778151606515,0.0,172.95483227757052,1.3090890315393309
2024-02-02 02:00:00+00:00,2024,winter,7.202,230.0,22.33,3.344453172038848,11.2,0.0,225.32667472405672,20.77142832603801,0.0,246.09810305009472,1.5615538552018702
2024-02-02 03:00:00+00:00,2024,winter,9.26,230.0,22.33,4.300143900733093,11.6,0.0,261.5415843282714,20.677522274164204,0.0,282.21910660243566,1.6722301143568155
2024-02-02 04:00:00+00:00,2024,winter,8.746,230.0,22.33,4.061453407755036,11.4,0.0,253.26855499075998,20.724524802480246,0.0,273.9930797932402,1.6476790920164859
2024-02-02 05:00:00+00:00,2024,winter,7.717,230.0,22.33,3.583608043407913,11.1,0.0,235.52116119631697,20.794843004512877,0.0,256.31600420082987,1.5936417391083444
2024-02-02 06:00:00+00:00,2024,winter,8.231,240.0,22.33,5.0300684090338,11.2,0.0,289.96951938253306,20.77142832603801,0.0,310.74094770857107,1.7546967704851675
2024-02-02 07:00:00+00:00,2024,winter,9.774,240.0,22.33,5.973015263017416,10.9,0.0,323.9699243802529,20.841598281761826,0.0,344.81152266201474,1.8483904626241061
2024-02-02 08:00:00+00:00,2024,winter,7.202,230.0,22.33,3.344453172038848,11.1,0.0,225.6798513302073,20.794843004512877,0.0,246.47469433472017,1.5627481812950523
2024-02-02 09:00:00+00:00,2024,winter,8.231,250.0,22.33,6.085002198410563,11.1,10.0,326.68786314623225,20.794843004512877,0.14300000000000002,347.33970615074514,1.8551543544568658
2024-02-02 10:00:00+00:00,2024,winter,9.26,240.0,22.33,5.658903349247113,11.7,57.0,309.4220520221037,20.653983839718578,0.8151,329.2609358618223,1.8062295285773753
2024-02-02 11:00:00+00:00,2024,winter,9.26,240.0,22.33,5.658903349247113,11.9,53.0,308.444415206868,20.606832543192034,0.7579,328.29334775006,1.8035736227511792
2024-02-02 12:00:00+00:00,2024,winter,8.746,240.0,22.33,5.344791435476809,12.7,109.0,293.97355420933815,20.41723243194018,1.5587,312.83208664127835,1.7605910085266034
2024-02-02 13:00:00+00:00,2024,winter,9.774,240.0,22.33,5.973015263017416,12.0,167.0,318.4103780960364,20.58321964626876,2.3881,336.60549774230515,1.8262634872666068
2024-02-02 14:00:00+00:00,2024,winter,10.289,240.0,22.33,6.2877382894604255,11.8,148.0,329.72027833894873,20.63042060186722,2.1164,348.23429894081596,1.857541844932973
2024-02-02 15:00:00+00:00,2024,winter,9.774,240.0,22.33,5.973015263017416,11.8,87.0,319.4212046931667,20.63042060186722,1.2441,338.80752529503394,1.832227333625878
2024-02-02 16:00:00+00:00,2024,winter,9.26,240.0,22.33,5.658903349247113,11.8,38.0,308.93323361448586,20.63042060186722,0.5434,329.02025421635307,1.8055692532147647
2024-02-02 17:00:00+00:00,2024,winter,9.774,240.0,22.33,5.973015263017416,11.7,0.0,319.92661799173186,20.653983839718578,0.0,340.58060183145045,1.83701536196217
2024-02-02 18:00:00+00:00,2024,winter,8.746,240.0,22.33,5.344791435476809,11.6,0.0,299.16409850516914,20.677522274164204,0.0,319.8416207793333,1.7802062546530446
2024-02-02 19:00:00+00:00,2024,winter,8.746,250.0,22.33,6.465730680026581,11.5,0.0,337.05006390186,20.701035922616132,0.0,357.75109982447617,1.8827528886025469
2024-02-02 20:00:00+00:00,2024,winter,9.774,250.0,22.33,7.225709086048456,11.4,0.0,361.5798769993261,20.724524802480246,0.0,382.3044018018063,1.9462896942494952
2024-02-02 21:00:00+00:00,2024,winter,9.774,260.0,22.33,8.258853394885135,10.9,0.0,395.79786237459956,20.841598281761826,0.0,416.6394606563614,2.031809721674516
2024-02-02 22:00:00+00:00,2024,winter,8.746,250.0,22.33,6.465730680026581,11.0,0.0,339.7040014128983,20.81823298396238,0.0,360.5222343968607,1.8900307099208808
2024-02-02 23:00:00+00:00,2024,winter,9.26,260.0,22.33,7.824532682283237,10.2,0.0,386.9824836799575,21.004465738399713,0.0,407.9869494183572,2.0106013480772407
2024-02-03 00:00:00+00:00,2024,winter,9.26,260.0,22.33,7.824532682283237,10.2,0.0,386.9824836799575,21.004465738399713,0.0,407.9869494183572,2.0106013480772407
2024-02-03 01:00:00+00:00,2024,winter,9.774,270.0,22.33,9.041056622499699,9.2,0.0,429.6633968317972,21.235048858962156,0.0,450.89844569075933,2.113694429829382
2024-02-03 02:00:00+00:00,2024,winter,8.231,280.0,22.33,8.041142914928969,8.8,0.0,402.07158604824065,21.32659878112227,0.0,423.3981848293629,2.048223429513069
2024-02-03 03:00:00+00:00,2024,winter,7.717,270.0,22.33,7.1383091831215655,8.9,0.0,372.977293991613,21.30374779510149,0.0,394.2810417867145,1.9765407907466792
2024-02-03 04:00:00+00:00,2024,winter,8.231,280.0,22.33,8.041142914928969,8.8,0.0,402.07158604824065,21.32659878112227,0.0,423.3981848293629,2.048223429513069
2024-02-03 05:00:00+00:00,2024,winter,8.231,270.0,22.33,7.613764790238902,8.6,0.0,389.90207668946215,21.372227867579472,0.0,411.2743045570416,2.018685307525694
2024-02-03 06:00:00+00:00,2024,winter,6.688,250.0,22.33,4.944295310772669,7.7,0.0,302.6429697009173,21.57635955394056,0.0,324.2193292548579,1.7923477924773652
2024-02-03 07:00:00+00:00,2024,winter,5.659,240.0,22.33,3.458286614836869,7.4,0.0,243.73718384403426,21.64396882019225,0.0,265.38115266422653,1.621578105313278
2024-02-03 08:00:00+00:00,2024,winter,6.173,240.0,22.33,3.7723985286071735,7.0,0.0,258.71259612372336,21.733777745543822,0.0,280.4463738692672,1.6669698629307803
2024-02-03 09:00:00+00:00,2024,winter,6.173,240.0,22.33,3.7723985286071735,7.4,45.25,257.1907573229956,21.64396882019225,0.647075,278.18765114318785,1.6602433814164343
2024-02-03 10:00:00+00:00,2024,winter,6.173,240.0,22.33,3.7723985286071735,8.0,75.0,254.9079991219039,21.508533282404716,1.0725,275.3440324043086,1.6517361275291655
2024-02-03 11:00:00+00:00,2024,winter,6.688,240.0,22.33,4.0871215550501825,8.8,86.0,264.6506975533958,21.32659878112227,1.2298,284.7474963345181,1.6797041333086031
2024-02-03 12:00:00+00:00,2024,winter,7.717,250.0,22.33,5.705012995399625,9.0,108.0,324.24220406467356,21.280872490900176,1.5444,343.9786765555737,1.8461568431077442
2024-02-03 13:00:00+00:00,2024,winter,8.231,250.0,22.33,6.085002198410563,8.5,182.0,339.9803270614154,21.395006002479192,2.6026000000000002,358.7727330638946,1.8854392698095819
2024-02-03 14:00:00+00:00,2024,winter,9.26,260.0,22.33,7.824532682283237,9.0,119.0,394.14882597032715,21.280872490900176,1.7017,413.7279984612273,2.024698167907849
2024-02-03 15:00:00+00:00,2024,winter,8.746,260.0,22.33,7.390211969681338,9.1,89.0,379.90445018635245,21.25797285127141,1.2727,399.88972303762387,1.9905493784986792
2024-02-03 16:00:00+00:00,2024,winter,7.717,250.0,22.33,5.705012995399625,9.0,80.0,324.24220406467356,21.280872490900176,1.1440000000000001,344.3790765555737,1.8472310175597761
2024-02-03 17:00:00+00:00,2024,winter,7.717,260.0,22.33,6.520725562546407,8.9,0.0,352.691785445698,21.30374779510149,0.0,373.9955332407995,1.9250235259849906
2024-02-03 18:00:00+00:00,2024,winter,6.688,250.0,22.33,4.944295310772669,8.4,0.0,299.4951230621262,21.417759888125,0.0,320.9128829502512,1.7831850311813375
2024-02-03 19:00:00+00:00,2024,winter,6.173,250.0,22.33,4.5635668291566525,8.0,0.0,286.7371313657282,21.508533282404716,0.0,308.2456646481329,1.7476373685688642
2024-02-03 20:00:00+00:00,2024,winter,6.173,240.0,22.33,3.7723985286071735,8.3,0.0,253.76662002135808,21.44048954173325,0.0,275.2071095630913,1.6513253895067128
2024-02-03 21:00:00+00:00,2024,winter,6.173,230.0,22.33,2.866607807691726,8.3,0.0,214.16003820061957,21.44048954173325,0.0,235.60052774235282,1.5278860414673172
2024-02-03 22:00:00+00:00,2024,winter,6.688,240.0,22.33,4.0871215550501825,8.4,0.0,266.249795423809,21.417759888125,0.0,287.667555311934,1.6882947699357405
2024-02-03 23:00:00+00:00,2024,winter,7.202,240.0,22.33,4.401233468820487,8.0,0.0,280.3901746821423,21.508533282404716,0.0,301.898707964547,1.7295513513541074
2024-02-04 00:00:00+00:00,2024,winter,7.717,240.0,22.33,4.715956495263495,8.3,0.0,291.3070325615799,21.44048954173325,0.0,312.74752210331314,1.7603530316143496
2024-02-04 01:00:00+00:00,2024,winter,7.202,240.0,22.33,4.401233468820487,8.7,0.0,277.4607250959109,21.34942546620337,0.0,298.81015056211425,1.7206815696760767
2024-02-04 02:00:00+00:00,2024,winter,8.231,250.0,22.33,6.085002198410563,8.6,0.0,339.46907844929297,21.372227867579472,0.0,360.8413063168724,1.8908668890782667
2024-02-04 03:00:00+00:00,2024,winter,7.717,240.0,22.33,4.715956495263495,8.3,0.0,291.3070325615799,21.44048954173325,0.0,312.74752210331314,1.7603530316143496
2024-02-04 04:00:00+00:00,2024,winter,7.717,250.0,22.33,5.705012995399625,8.8,0.0,325.22475619820284,21.32659878112227,0.0,346.5513549793251,1.853047851966474
2024-02-04 05:00:00+00:00,2024,winter,7.717,250.0,22.33,5.705012995399625,8.5,0.0,326.6985843984968,21.395006002479192,0.0,348.093590400976,1.8571665251992466
2024-02-04 06:00:00+00:00,2024,winter,5.659,240.0,22.33,3.458286614836869,8.9,0.0,238.3288143800394,21.30374779510149,0.0,259.6325621751409,1.6039189310431667
2024-02-04 07:00:00+00:00,2024,winter,6.173,230.0,22.33,2.866607807691726,10.8,0.0,206.1330502620656,20.864938915280412,0.0,226.99798917734603,1.4997326238963864
2024-02-04 08:00:00+00:00,2024,winter,11.318,240.0,22.33,6.916573229673738,10.8,0.0,355.26028380152997,20.864938915280412,0.0,376.12522271681036,1.9304966963535888
2024-02-04 09:00:00+00:00,2024,winter,11.832,250.0,22.33,8.747144455302367,10.9,47.0,410.1006023861659,20.841598281761826,0.6721,430.27010066792775,2.064778255198163
2024-02-04 10:00:00+00:00,2024,winter,11.832,250.0,22.33,8.747144455302367,11.2,37.0,408.181254793095,20.77142832603801,0.5291,428.42358311913296,2.0603429614101434
2024-02-04 11:00:00+00:00,2024,winter,12.347,250.0,22.33,9.127872936918385,11.8,137.0,415.1303517371404,20.63042060186722,1.9591,433.80167233900767,2.0732345839449877
2024-02-04 12:00:00+00:00,2024,winter,12.347,250.0,22.33,9.127872936918385,12.1,100.0,413.1597962700337,20.559581893667065,1.43,432.2893781637008,2.069617633942926
2024-02-04 13:00:00+00:00,2024,winter,12.861,250.0,22.33,9.507862139929323,11.9,93.0,425.0534853696401,20.606832543192034,1.3299,444.3304179128321,2.0982433548172743
2024-02-04 14:00:00+00:00,2024,winter,13.89,250.0,22.33,10.268579824556278,11.8,98.0,446.4671400424262,20.63042060186722,1.4014,465.6961606442934,2.1480983550562134
2024-02-04 15:00:00+00:00,2024,winter,13.376,250.0,22.33,9.888590621545339,11.6,104.0,437.56373505230135,20.677522274164204,1.4872,456.75405732646556,2.127374948266398
2024-02-04 16:00:00+00:00,2024,winter,12.347,260.0,22.33,10.432991903688025,11.2,84.0,455.151905923207,20.77142832603801,1.2012,474.72213424924496,2.168815330986243
2024-02-04 17:00:00+00:00,2024,winter,11.832,260.0,22.33,9.997826209154995,11.1,0.0,444.01895832620886,20.794843004512877,0.0,464.81380133072173,2.1460623781599337
2024-02-04 18:00:00+00:00,2024,winter,11.832,260.0,22.33,9.997826209154995,11.0,0.0,444.71382367570214,20.81823298396238,0.0,465.53205665966453,2.1477198437117155
2024-02-04 19:00:00+00:00,2024,winter,12.347,250.0,22.33,9.127872936918385,10.8,0.0,421.69886996082937,20.864938915280412,0.0,442.56380887610976,2.094068007712484
2024-02-04 20:00:00+00:00,2024,winter,10.289,250.0,22.33,7.606437567664473,11.0,0.0,375.58568001479983,20.81823298396238,0.0,396.4039129987622,1.9818546511040782
2024-02-04 21:00:00+00:00,2024,winter,10.803,250.0,22.33,7.986426770675412,10.8,0.0,388.2825621194514,20.864938915280412,0.0,409.1475010347318,2.0134589757698134
2024-02-04 22:00:00+00:00,2024,winter,11.832,250.0,22.33,8.747144455302367,10.9,0.0,410.1006023861659,20.841598281761826,0.0,430.94220066792775,2.066390261191528
2024-02-04 23:00:00+00:00,2024,winter,10.803,250.0,22.33,7.986426770675412,10.9,0.0,387.67776062082294,20.841598281761826,0.0,408.51935890258477,2.0119128045173804
2024-02-05 00:00:00+00:00,2024,winter,11.318,250.0,22.33,8.367155252291429,10.9,0.0,398.9974608239786,20.841598281761826,0.0,419.83905910574043,2.039596480277974
2024-02-05 01:00:00+00:00,2024,winter,9.774,250.0,22.33,7.225709086048456,10.4,0.0,367.2650951911393,20.958055153716582,0.0,388.2231503448559,1.961297833214639
2024-02-05 02:00:00+00:00,2024,winter,8.231,240.0,22.33,5.0300684090338,10.5,0.0,293.15100313751384,20.93481300375153,0.0,314.08581614126535,1.7641154196388553
2024-02-05 03:00:00+00:00,2024,winter,9.26,250.0,22.33,6.8457198830375185,10.2,0.0,356.30591315444235,21.004465738399713,0.0,377.31037889284204,1.9335357648279028
2024-02-05 04:00:00+00:00,2024,winter,8.231,250.0,22.33,6.085002198410563,9.9,0.0,332.82284649170134,21.073897587203227,0.0,353.8967440789046,1.8725831765649108
2024-02-05 05:00:00+00:00,2024,winter,9.774,250.0,22.33,7.225709086048456,10.2,0.0,368.402138829502,21.004465738399713,0.0,389.4066045679017,1.9642849554214368
2024-02-05 06:00:00+00:00,2024,winter,8.746,250.0,22.33,6.465730680026581,10.2,0.0,343.95030143055953,21.004465738399713,0.0,364.9547671689592,1.9016139482738883
2024-02-05 07:00:00+00:00,2024,winter,7.717,240.0,22.33,4.715956495263495,9.6,0.0,285.6293842507845,21.14310901764511,0.0,306.77249326842957,1.7434562021730435
2024-02-05 08:00:00+00:00,2024,winter,7.202,240.0,22.33,4.401233468820487,9.7,0.0,273.2757971155805,21.120063002923622,0.0,294.3958601185041,1.7079245573426662
2024-02-05 09:00:00+00:00,2024,winter,7.717,230.0,22.33,3.583608043407913,10.0,75.0,239.5755160838905,21.050778151606515,1.0725,259.55379423549704,1.6036756122312212
2024-02-05 10:00:00+00:00,2024,winter,8.231,240.0,22.33,5.0300684090338,10.1,157.0,294.96899385464576,21.02763420777673,2.2451,313.7515280624225,1.7631763773114304
2024-02-05 11:00:00+00:00,2024,winter,7.717,230.0,22.33,3.583608043407913,10.5,204.0,237.73262749862982,20.93481300375153,2.9172000000000002,255.75024050238133,1.5918819529145158
2024-02-05 12:00:00+00:00,2024,winter,7.717,240.0,22.33,4.715956495263495,10.7,321.01,280.825220295496,20.888254901881265,4.590443,297.1230321973773,1.715817105160935
2024-02-05 13:00:00+00:00,2024,winter,8.746,240.0,22.33,5.344791435476809,10.8,311.01,302.9390398112281,20.864938915280412,4.447443,319.35653572650847,1.778855775131375
2024-02-05 14:00:00+00:00,2024,winter,8.231,250.0,22.33,6.085002198410563,11.1,284.01,326.68786314623225,20.794843004512877,4.061343,343.4213631507451,1.8446606674512012
2024-02-05 15:00:00+00:00,2024,winter,9.26,240.0,22.33,5.658903349247113,11.1,149.0,312.3549624678108,20.794843004512877,2.1307,331.0191054723237,1.8110455111323227
2024-02-05 16:00:00+00:00,2024,winter,9.26,240.0,22.33,5.658903349247113,11.1,22.0,312.3549624678108,20.794843004512877,0.3146,332.8352054723237,1.8160067668309803
2024-02-05 17:00:00+00:00,2024,winter,8.746,240.0,22.33,5.344791435476809,10.6,0.0,303.88277513774284,20.911546258921337,0.0,324.7943213966642,1.793936422889595
2024-02-05 18:00:00+00:00,2024,winter,8.231,240.0,22.33,5.0300684090338,10.4,0.0,293.6055008167968,20.958055153716582,0.0,314.5635559705134,1.7654565625989638
2024-02-05 19:00:00+00:00,2024,winter,9.774,240.0,22.33,5.973015263017416,10.6,0.0,325.4861642759484,20.911546258921337,0.0,346.39771053486976,1.852637029634579
2024-02-05 20:00:00+00:00,2024,winter,9.774,240.0,22.33,5.973015263017416,10.1,0.0,328.01323076877406,21.02763420777673,0.0,349.0408649765508,1.8596917819653174
2024-02-05 21:00:00+00:00,2024,winter,10.289,240.0,22.33,6.2877382894604255,10.1,0.0,338.5893364588256,21.02763420777673,0.0,359.6169706666023,1.8876563048296935
2024-02-05 22:00:00+00:00,2024,winter,9.26,240.0,22.33,5.658903349247113,10.1,0.0,317.24314654398944,21.02763420777673,0.0,338.27078075176615,1.8307754357879262
2024-02-05 23:00:00+00:00,2024,winter,9.774,240.0,22.33,5.973015263017416,10.3,0.0,327.0024041716438,20.981272726155126,0.0,347.9836768977989,1.8568732940098431
2024-02-06 00:00:00+00:00,2024,winter,9.774,240.0,22.33,5.973015263017416,10.3,0.0,327.0024041716438,20.981272726155126,0.0,347.9836768977989,1.8568732940098431
2024-02-06 01:00:00+00:00,2024,winter,10.289,240.0,22.33,6.2877382894604255,10.4,0.0,337.02420855531784,20.958055153716582,0.0,357.98226370903444,1.8833610686868603
2024-02-06 02:00:00+00:00,2024,winter,10.289,240.0,22.33,6.2877382894604255,10.5,0.0,336.50249925414863,20.93481300375153,0.0,357.43731225790015,1.8819270154599408
2024-02-06 03:00:00+00:00,2024,winter,9.774,240.0,22.33,5.973015263017416,10.1,0.0,328.01323076877406,21.02763420777673,0.0,349.0408649765508,1.8596917819653174
2024-02-06 04:00:00+00:00,2024,winter,6.173,340.0,22.33,4.156896293609104,7.4,0.0,273.0895364834884,21.64396882019225,0.0,294.73350530368066,1.7089036934797492
2024-02-06 05:00:00+00:00,2024,winter,5.659,320.0,22.33,5.011819189379052,6.8,0.0,309.2719506801998,21.77853818977298,0.0,331.05048886997275,1.8111313602772963
2024-02-06 06:00:00+00:00,2024,winter,5.144,330.0,22.33,4.0717003776953336,6.5,0.0,273.2065005494003,21.845499218328904,0.0,295.05199976772917,1.709826780602176
2024-02-06 07:00:00+00:00,2024,winter,3.601,300.0,22.33,3.568782641159622,6.8,0.0,250.7268244184529,21.77853818977298,0.0,272.5053626082259,1.6431997507239038
2024-02-06 08:00:00+00:00,2024,winter,7.202,310.0,22.33,6.8622135434550495,6.9,0.0,375.00841247165346,21.756169954921255,0.0,396.7645824265747,1.9827560446625117
2024-02-06 09:00:00+00:00,2024,winter,7.202,310.0,22.33,6.8622135434550495,6.3,17.0,378.31245134805573,21.89002034508136,0.2431,399.9593716931371,1.9907227176016913
2024-02-06 10:00:00+00:00,2024,winter,6.173,310.0,22.33,5.881761205741186,6.5,30.0,342.92973405851376,21.845499218328904,0.429,364.34623327684267,1.9000278896332767
2024-02-06 11:00:00+00:00,2024,winter,6.173,310.0,22.33,5.881761205741186,7.0,33.0,340.4265973135611,21.733777745543822,0.4719,361.6884750591049,1.8930852385144994
2024-02-06 12:00:00+00:00,2024,winter,5.659,300.0,22.33,5.608370165599084,7.4,33.0,328.6145307684475,21.64396882019225,0.4719,349.7865995886397,1.8616773611713207
2024-02-06 13:00:00+00:00,2024,winter,5.659,320.0,22.33,5.011819189379052,7.6,31.0,305.64412721181037,21.598920064830704,0.4433,326.799747276641,1.7994661844372
2024-02-06 14:00:00+00:00,2024,winter,3.601,340.0,22.33,2.424912287912908,7.5,24.0,195.43616277973192,21.62145648119416,0.3432,216.71441926092606,1.4653681167703643
2024-02-06 15:00:00+00:00,2024,winter,5.144,360.0,22.33,1.954414169485923,7.9,27.0,174.10741079538428,21.531166179904194,0.3861,195.2524769752885,1.3909166626128195
2024-02-06 16:00:00+00:00,2024,winter,3.601,350.0,22.33,1.9257962699118123,7.2,34.0,174.71858866559833,21.688921334707125,0.4862,195.92131000030545,1.3932969030640248
2024-02-06 17:00:00+00:00,2024,winter,3.087,330.0,22.33,2.443495152788782,6.2,0.0,200.1421399748475,21.912245092054423,0.0,222.05438506690194,1.4833120019697068
2024-02-06 18:00:00+00:00,2024,winter,2.572,360.0,22.33,0.9772070847429615,6.0,0.0,129.61756234539197,21.95662303860351,0.0,151.57418538399548,1.2255060376879776
2024-02-06 19:00:00+00:00,2024,winter,1.029,360.0,22.33,0.39095882200641807,4.6,0.0,86.29521464760411,22.264608384483488,0.0,108.55982303208759,1.0371400307241885
2024-02-06 20:00:00+00:00,2024,winter,1.029,330.0,22.33,0.8144983842629272,4.6,0.0,121.48663559431174,22.264608384483488,0.0,143.75124397879523,1.1934621210517724
2024-02-06 21:00:00+00:00,2024,winter,1.029,120.0,22.33,1.0197937622197308,4.2,0.0,135.66912168152723,22.35175319257806,0.0,158.0208748741053,1.2512960244721367
2024-02-06 22:00:00+00:00,2024,winter,0.514,50.0,22.33,0.2386904929780571,2.9,0.0,70.22430202820749,22.63238108351313,0.0,92.85668311172063,0.9592005453199265
2024-02-06 23:00:00+00:00,2024,winter,1.029,140.0,22.33,0.9113203650593824,2.3,0.0,132.19716207094154,22.760571610756376,0.0,154.95773368169793,1.2391088585457115
2024-02-07 00:00:00+00:00,2024,winter,1.029,130.0,22.33,0.9804523377138636,2.1,0.0,137.15551367855613,22.803116059561038,0.0,159.95862973811717,1.258944750824661
2024-02-07 01:00:00+00:00,2024,winter,1.543,120.0,22.33,1.52919511672016,1.4,0.0,170.34073896517006,22.951292981693612,0.0,193.2920319468637,1.3839162522470316
2024-02-07 02:00:00+00:00,2024,winter,1.543,150.0,22.33,1.2213518045847398,1.6,0.0,152.9835951468171,22.909072180598372,0.0,175.89266732741547,1.3201603995491134
2024-02-07 03:00:00+00:00,2024,winter,1.543,130.0,22.33,1.4702020962997975,1.2,0.0,167.70077183315303,22.9934216144444,0.0,190.69419344759743,1.37458489864779
2024-02-07 04:00:00+00:00,2024,winter,2.058,350.0,22.33,1.1006078099079448,3.1,0.0,142.76136030506493,22.589464731256644,0.0,165.35082503632157,1.2799883501096612
2024-02-07 05:00:00+00:00,2024,winter,2.058,330.0,22.33,1.6289967685258544,2.9,0.0,171.85852836996574,22.63238108351313,0.0,194.49090945347888,1.3882014297539478
2024-02-07 06:00:00+00:00,2024,winter,0.514,40.0,22.33,0.15601658233988938,3.1,0.0,57.441723832531764,22.589464731256644,0.0,80.0311885637884,0.8904970132799044
2024-02-07 07:00:00+00:00,2024,winter,1.543,160.0,22.33,1.0390557234794826,1.8,0.0,141.4965269117937,22.866759076827037,0.0,164.36328598862073,1.2761603333316167
2024-02-07 08:00:00+00:00,2024,winter,1.543,180.0,22.33,0.5862482627365435,1.4,0.0,108.96444858139905,22.951292981693612,0.0,131.91574156309267,1.143276154397316
2024-02-07 09:00:00+00:00,2024,winter,1.543,170.0,22.33,0.8251884600038671,1.6,73.0,127.43561698618478,22.909072180598372,1.0439,149.30078916678315,1.2162808962128588
2024-02-07 10:00:00+00:00,2024,winter,1.029,150.0,22.33,0.8144983842629275,2.0,145.0,125.97335793160167,22.824353535950085,2.0735,146.72421146755175,1.2057401587394647
2024-02-07 11:00:00+00:00,2024,winter,1.029,160.0,22.33,0.6929282822167127,3.2,275.01,114.91221244143068,22.567971571093167,3.932643,133.54754101252385,1.1503255914896962
2024-02-07 12:00:00+00:00,2024,winter,0.514,180.0,22.33,0.19528944073012533,4.2,277.01,62.80157863696533,22.35175319257806,3.961243,81.1920888295434,0.8969323561188758
2024-02-07 13:00:00+00:00,2024,winter,1.029,360.0,22.33,0.39095882200641807,5.1,230.0,85.68232249811828,22.155146643995685,3.289,104.54846914211397,1.017798186712317
2024-02-07 14:00:00+00:00,2024,winter,1.029,20.0,22.33,0.041833957924452624,5.5,183.0,45.13004895730422,22.067151341600617,2.6169000000000002,64.58030029890483,0.799931619623543
2024-02-07 15:00:00+00:00,2024,winter,1.543,10.0,22.33,0.3294952086619047,5.5,151.0,78.6653513936036,22.067151341600617,2.1593,98.57320273520422,0.98828514502974
2024-02-07 16:00:00+00:00,2024,winter,1.029,20.0,22.33,0.041833957924452624,5.3,85.0,45.25991960178567,22.111196395526413,1.2155,66.15561599731207,0.8096292552419629
2024-02-07 17:00:00+00:00,2024,winter,1.029,60.0,22.33,0.6288349402133125,4.8,0.0,107.38316443519885,22.220894554251082,0.0,129.60405898944992,1.1332145325998468
2024-02-07 18:00:00+00:00,2024,winter,1.543,80.0,22.33,1.3038071197368286,3.5,0.0,153.63015267630198,22.50335195173534,0.0,176.13350462803731,1.3210638911835801
2024-02-07 19:00:00+00:00,2024,winter,2.572,90.0,22.33,2.379128057404259,3.4,0.0,204.8793743940619,22.524915198234023,0.0,227.40428959229592,1.5010741987056058
2024-02-07 20:00:00+00:00,2024,winter,2.572,100.0,22.33,2.5126739858094167,2.6,0.0,214.2800346367059,22.696580944923255,0.0,236.97661558162915,1.5323415583831421
2024-02-07 21:00:00+00:00,2024,winter,2.058,110.0,22.33,2.0562985386021895,2.2,0.0,193.42407700132264,22.781855423440206,0.0,216.20593242476286,1.4636479774483249
2024-02-07 22:00:00+00:00,2024,winter,2.572,110.0,22.33,2.5698735866301416,2.3,0.0,218.18198269572176,22.760571610756376,0.0,240.94255430647814,1.5451106601688578
2024-02-07 23:00:00+00:00,2024,winter,3.601,90.0,22.33,3.33096428254772,2.3,0.0,256.1189195009548,22.760571610756376,0.0,278.87949111171116,1.662306574134756
2024-02-08 00:00:00+00:00,2024,winter,4.116,90.0,22.33,3.8073449005738444,2.3,0.0,278.17490488046707,22.760571610756376,0.0,300.9354764912234,1.7267900125025328
2024-02-08 01:00:00+00:00,2024,winter,4.63,90.0,22.33,4.2828005076911815,2.2,0.0,299.5699127129797,22.781855423440206,0.0,322.35176813641993,1.787178215948317
2024-02-08 02:00:00+00:00,2024,winter,5.144,90.0,22.33,4.758256114808518,2.7,0.0,317.51193276777707,22.675204257553204,0.0,340.1871370253303,1.835953924862166
2024-02-08 03:00:00+00:00,2024,winter,6.173,90.0,22.33,5.710092339951979,2.8,0.0,354.8964521999448,22.65380430937245,0.0,377.55025650931725,1.9341502963675967
2024-02-08 04:00:00+00:00,2024,winter,6.173,90.0,22.33,5.710092339951979,3.0,0.0,353.913359534571,22.610934563101228,0.0,376.5242940976722,1.931520559807441
2024-02-08 05:00:00+00:00,2024,winter,6.688,100.0,22.33,6.533733910222931,2.9,0.0,385.1802776962864,22.63238108351313,0.0,407.8126587797995,2.010171841169169
2024-02-08 06:00:00+00:00,2024,winter,7.202,100.0,22.33,7.0358779338255895,2.3,0.0,406.57074259592986,22.760571610756376,0.0,429.3313142066862,2.062524503029327
2024-02-08 07:00:00+00:00,2024,winter,7.717,100.0,22.33,7.538998891326309,2.2,0.0,424.8838642466607,22.781855423440206,0.0,447.66571967010094,2.106103711258812
2024-02-08 08:00:00+00:00,2024,winter,8.231,100.0,22.33,8.041142914928969,2.1,0.0,442.76463176611395,22.803116059561038,0.0,465.567747825675,2.147802172259467
2024-02-08 09:00:00+00:00,2024,winter,7.717,90.0,22.33,7.138309183121565,1.3,42.0,415.86121886810713,22.97236881072014,0.6006,438.23298767882727,2.083796799360719
2024-02-08 10:00:00+00:00,2024,winter,6.688,90.0,22.33,6.186472957978103,1.3,54.0,380.66096163421037,22.97236881072014,0.7722,402.8611304449305,1.9979311465278407
2024-02-08 11:00:00+00:00,2024,winter,6.688,90.0,22.33,6.186472957978103,1.4,88.0,380.14446100784096,22.951292981693612,1.2584,401.83735398953456,1.9953908964715443
2024-02-08 12:00:00+00:00,2024,winter,7.717,100.0,22.33,7.538998891326309,1.6,88.0,428.3856543366058,22.909072180598372,1.2584,450.03632651720415,2.111672767982804
2024-02-08 13:00:00+00:00,2024,winter,8.231,100.0,22.33,8.041142914928969,1.9,66.0,443.97934954873693,22.845567869432433,0.9438,465.88111741816937,2.1485248841265467
2024-02-08 14:00:00+00:00,2024,winter,8.231,100.0,22.33,8.041142914928969,2.7,59.0,439.12047841824466,22.675204257553204,0.8437,460.95198267579786,2.1371287042925817
2024-02-08 15:00:00+00:00,2024,winter,7.717,100.0,22.33,7.538998891326309,2.9,42.0,420.7984424750582,22.63238108351313,0.6006,442.83022355857133,2.0946982067003344
2024-02-08 16:00:00+00:00,2024,winter,8.746,100.0,22.33,8.544263872429688,3.1,16.0,453.3804931227696,22.589464731256644,0.2288,475.7411578540263,2.171141838546886
2024-02-08 17:00:00+00:00,2024,winter,7.202,100.0,22.33,7.0358779338255895,3.2,0.0,401.537542206159,22.567971571093167,0.0,424.10551377725216,2.04993359644627
2024-02-08 18:00:00+00:00,2024,winter,7.202,100.0,22.33,7.0358779338255895,3.6,0.0,399.3005642551498,22.481765309311722,0.0,421.7823295644615,2.0443112772078087
2024-02-08 19:00:00+00:00,2024,winter,7.717,100.0,22.33,7.538998891326309,3.4,0.0,417.8802840667707,22.524915198234023,0.0,440.4051992650047,2.088954845900681
2024-02-08 20:00:00+00:00,2024,winter,7.202,100.0,22.33,7.0358779338255895,3.5,0.0,399.8598087429021,22.50335195173534,0.0,422.36316069463743,2.045718390592286
2024-02-08 21:00:00+00:00,2024,winter,7.202,100.0,22.33,7.0358779338255895,3.6,0.0,399.3005642551498,22.481765309311722,0.0,421.7823295644615,2.0443112772078087
2024-02-08 22:00:00+00:00,2024,winter,7.717,100.0,22.33,7.538998891326309,3.3,0.0,418.46391574842824,22.546455065718437,0.0,441.01037081414665,2.0903895951459384
2024-02-08 23:00:00+00:00,2024,winter,7.717,110.0,22.33,7.710619933135615,3.5,0.0,423.14209526101536,22.50335195173534,0.0,445.6454472127507,2.1013460154063144
2024-02-09 00:00:00+00:00,2024,winter,7.717,110.0,22.33,7.710619933135615,3.9,0.0,420.7748667560586,22.41686483729278,0.0,443.1917315933514,2.095553044184427
2024-02-09 01:00:00+00:00,2024,winter,8.746,110.0,22.33,8.73876920243671,4.2,0.0,452.69795148553516,22.35175319257806,0.0,475.04970467811324,2.169563471007234
2024-02-09 02:00:00+00:00,2024,winter,8.231,100.0,22.33,8.041142914928969,4.3,0.0,429.40273615726,22.33000230466733,0.0,451.73273846192734,2.115648999683377
2024-02-09 03:00:00+00:00,2024,winter,8.231,100.0,22.33,8.041142914928969,4.3,0.0,429.40273615726,22.33000230466733,0.0,451.73273846192734,2.115648999683377
2024-02-09 04:00:00+00:00,2024,winter,6.688,100.0,22.33,6.533733910222931,4.1,0.0,378.76951024503063,22.3734805660179,0.0,401.14299081104855,1.9936661625634189
2024-02-09 05:00:00+00:00,2024,winter,6.688,100.0,22.33,6.533733910222931,3.8,0.0,380.3722021078446,22.4385217690164,0.0,402.810723876861,1.99780615059856
2024-02-09 06:00:00+00:00,2024,winter,7.202,100.0,22.33,7.0358779338255895,3.8,0.0,398.1820752796452,22.4385217690164,0.0,420.6205970486616,2.041493970360817
2024-02-09 07:00:00+00:00,2024,winter,7.202,100.0,22.33,7.0358779338255895,3.9,0.0,397.6228307918928,22.41686483729278,0.0,420.0396956291856,2.040083772562581
2024-02-09 08:00:00+00:00,2024,winter,6.688,100.0,22.33,6.533733910222931,3.6,0.0,381.4406633497206,22.481765309311722,0.0,403.9224286590323,2.0005610926022515
2024-02-09 09:00:00+00:00,2024,winter,6.173,100.0,22.33,6.030612952722212,3.8,61.0,361.99483883771796,22.4385217690164,0.8723,383.5610606067344,1.9494858587105832
2024-02-09 10:00:00+00:00,2024,winter,6.688,100.0,22.33,6.533733910222931,4.1,73.0,378.76951024503063,22.3734805660179,1.0439,400.09909081104854,1.9910704000851747
2024-02-09 11:00:00+00:00,2024,winter,6.173,100.0,22.33,6.030612952722212,4.3,161.0,359.45274025037446,22.33000230466733,2.3023000000000002,379.4804425550418,1.9390880636164833
2024-02-09 12:00:00+00:00,2024,winter,5.659,100.0,22.33,5.528468929119552,4.4,159.0,340.1680478495113,22.308227885326158,2.2737,360.20257573483747,1.8891926219875996
2024-02-09 13:00:00+00:00,2024,winter,6.688,100.0,22.33,6.533733910222931,4.7,236.0,375.5641265194027,22.242763269032263,3.3748,394.43208978843495,1.9769193582111668
2024-02-09 14:00:00+00:00,2024,winter,6.688,100.0,22.33,6.533733910222931,4.9,287.01,374.4956652775267,22.199002223149794,4.104243,392.59042450067653,1.9722986849721886
2024-02-09 15:00:00+00:00,2024,winter,5.659,100.0,22.33,5.528468929119552,4.9,210.01,337.7589256976026,22.199002223149794,3.003143,356.9547849207524,1.8806563200449729
2024-02-09 16:00:00+00:00,2024,winter,5.144,100.0,22.33,5.025347971618833,4.9,65.0,318.41806363721406,22.199002223149794,0.9295,339.68756586036386,1.834605363267372
2024-02-09 17:00:00+00:00,2024,winter,4.116,100.0,22.33,4.021059924413514,4.8,0.0,277.8296387132755,22.220894554251082,0.0,300.05053326752653,1.7242492084080234
2024-02-09 18:00:00+00:00,2024,winter,4.116,100.0,22.33,4.021059924413514,4.6,0.0,278.62117614550704,22.264608384483488,0.0,300.88578452999053,1.7266474385429997
2024-02-09 19:00:00+00:00,2024,winter,3.601,100.0,22.33,3.5179389669127947,4.6,0.0,256.52980672406886,22.264608384483488,0.0,278.79441510855236,1.6620530001158438
2024-02-09 20:00:00+00:00,2024,winter,2.572,100.0,22.33,2.5126739858094167,4.5,0.0,208.6566635619857,22.286429917588812,0.0,230.94309347957451,1.5127087647626158
2024-02-09 21:00:00+00:00,2024,winter,3.087,90.0,22.33,2.855508675430384,4.5,0.0,225.81901832951928,22.286429917588812,0.0,248.1054482471081,1.5679094743362525
2024-02-09 22:00:00+00:00,2024,winter,3.087,90.0,22.33,2.855508675430384,4.5,0.0,225.81901832951928,22.286429917588812,0.0,248.1054482471081,1.5679094743362525
2024-02-09 23:00:00+00:00,2024,winter,2.058,100.0,22.33,2.010529962206757,4.5,0.0,185.35863950952643,22.286429917588812,0.0,207.64506942711523,1.4343780985432482
2024-02-10 00:00:00+00:00,2024,winter,2.058,100.0,22.33,2.010529962206757,4.6,0.0,185.09571945348455,22.264608384483488,0.0,207.36032783796804,1.4333942870460146
2024-02-10 01:00:00+00:00,2024,winter,2.058,110.0,22.33,2.0562985386021895,4.7,0.0,186.78176666473877,22.242763269032263,0.0,209.02452993377102,1.439134755094132
2024-02-10 02:00:00+00:00,2024,winter,1.543,100.0,22.33,1.5074090047060378,4.8,0.0,161.38895414854085,22.220894554251082,0.0,183.60984870279194,1.3488101336830782
2024-02-10 03:00:00+00:00,2024,winter,2.572,110.0,22.33,2.5698735866301416,4.9,0.0,210.37905071485687,22.199002223149794,0.0,232.57805293800666,1.5180539249313554
2024-02-10 04:00:00+00:00,2024,winter,2.572,110.0,22.33,2.5698735866301416,5.0,0.0,210.0789379463621,22.177086258732125,0.0,232.2560242050942,1.5170026083701689
2024-02-10 05:00:00+00:00,2024,winter,2.572,110.0,22.33,2.5698735866301416,5.1,0.0,209.7788251778673,22.155146643995685,0.0,231.933971821863,1.51595048542699
2024-02-10 06:00:00+00:00,2024,winter,2.058,110.0,22.33,2.0562985386021895,5.3,0.0,185.18761218395863,22.111196395526413,0.0,207.29880857948504,1.4331816429594848
2024-02-10 07:00:00+00:00,2024,winter,2.572,120.0,22.33,2.548988878939891,5.2,0.0,208.42500232554806,22.133183361931994,0.0,230.55818568748006,1.5114476397998027
2024-02-10 08:00:00+00:00,2024,winter,4.116,130.0,22.33,3.9218093508554546,4.7,0.0,273.9611454029813,22.242763269032263,0.0,296.20390867201354,1.7131611862322131
2024-02-10 09:00:00+00:00,2024,winter,3.087,120.0,22.33,3.059381286659193,5.0,53.0,233.9799336684034,22.177086258732125,0.7579,255.39911992713553,1.5907888268995343
2024-02-10 10:00:00+00:00,2024,winter,3.087,120.0,22.33,3.059381286659193,5.5,75.0,232.3086484279148,22.067151341600617,1.0725,253.3032997695154,1.5842483281220756
2024-02-10 11:00:00+00:00,2024,winter,2.572,140.0,22.33,2.2778580942009055,5.7,47.0,193.03840415121914,22.02301134597912,0.6721,214.38931549719825,1.4574860363498903
2024-02-10 12:00:00+00:00,2024,winter,2.058,130.0,22.33,1.9609046754277273,6.1,159.0,179.05437730485022,21.93444598420321,2.2737,198.71512328905345,1.403195857993283
2024-02-10 13:00:00+00:00,2024,winter,2.058,100.0,22.33,2.010529962206757,6.7,80.0,179.57439827660502,21.80088246721757,1.1440000000000001,200.2312807438226,1.4085387407998802
2024-02-10 14:00:00+00:00,2024,winter,2.572,80.0,22.33,2.1732935268717584,7.2,136.0,184.84506574898526,21.688921334707125,1.9448,204.5891870836924,1.4237842097664966
2024-02-10 15:00:00+00:00,2024,winter,2.058,90.0,22.33,1.9036724502869222,7.7,104.0,172.49878524818624,21.57635955394056,1.4872,192.5879448021268,1.3813934203698146
2024-02-10 16:00:00+00:00,2024,winter,1.543,80.0,22.33,1.3038071197368286,7.8,33.0,144.39085678108384,21.553774931356237,0.4719,165.47273171244007,1.2804601057704321
2024-02-10 17:00:00+00:00,2024,winter,1.543,80.0,22.33,1.3038071197368286,7.4,0.0,145.2503261666855,21.64396882019225,0.0,166.89429498687775,1.2859485095935712
2024-02-10 18:00:00+00:00,2024,winter,2.058,120.0,22.33,2.0395875244394617,6.7,0.0,180.77919050352466,21.80088246721757,0.0,202.58007297074224,1.4167760132603657
2024-02-10 19:00:00+00:00,2024,winter,2.058,120.0,22.33,2.0395875244394617,6.2,0.0,182.10261063898238,21.912245092054423,0.0,204.01485573103682,1.4217843518636761
2024-02-10 20:00:00+00:00,2024,winter,1.543,150.0,22.33,1.2213518045847398,5.8,0.0,144.2297654517676,22.000905702430984,0.0,166.2306711541986,1.2833892965844156
2024-02-10 21:00:00+00:00,2024,winter,1.543,140.0,22.33,1.366537729141523,4.9,0.0,153.95673633483375,22.199002223149794,0.0,176.15573855798354,1.3211472697411857
2024-02-10 22:00:00+00:00,2024,winter,1.029,220.0,22.33,0.3123366988866661,4.9,0.0,77.39151411374375,22.199002223149794,0.0,99.59051633689354,0.9933717972522835
2024-02-10 23:00:00+00:00,2024,winter,1.029,160.0,22.33,0.6929282822167127,4.7,0.0,112.51153947956236,22.242763269032263,0.0,134.75430274859463,1.1555111869891548
2024-02-11 00:00:00+00:00,2024,winter,2.058,170.0,22.33,1.1006078099079446,4.0,0.0,140.97436135826993,22.395184441940355,0.0,163.3695458002103,1.2722966527648858
2024-02-11 01:00:00+00:00,2024,winter,2.572,200.0,22.33,0.1045645673291465,4.9,0.0,46.47637164779978,22.199002223149794,0.0,68.67537387094957,0.8249038869521674
2024-02-11 02:00:00+00:00,2024,winter,3.087,220.0,22.33,0.9370100966599983,6.1,0.0,126.920873415069,21.93444598420321,0.0,148.85531939927222,1.2144650279564306
2024-02-11 03:00:00+00:00,2024,winter,4.116,230.0,22.33,1.911381457388489,6.1,0.0,176.9326962470072,21.93444598420321,0.0,198.8671422312104,1.4037324844099066
2024-02-11 04:00:00+00:00,2024,winter,4.63,230.0,22.33,2.1500719503665464,6.2,0.0,186.6347602740433,21.912245092054423,0.0,208.54700536609772,1.4374899358297977
2024-02-11 05:00:00+00:00,2024,winter,5.144,230.0,22.33,2.388762443344604,6.1,0.0,197.64649526948833,21.93444598420321,0.0,219.58094125369155,1.475027628187555
2024-02-11 06:00:00+00:00,2024,winter,5.659,240.0,22.33,3.458286614836869,6.1,0.0,248.42443737949648,21.93444598420321,0.0,270.3588833636997,1.636715351300197
2024-02-11 07:00:00+00:00,2024,winter,5.659,240.0,22.33,3.458286614836869,5.5,0.0,250.5877851650944,22.067151341600617,0.0,272.65493650669504,1.6436506520812502
2024-02-11 08:00:00+00:00,2024,winter,5.144,240.0,22.33,3.1435635883938606,5.4,0.0,236.57845703760597,22.08918572775824,0.0,258.66764276536423,1.6009356897872216
2024-02-11 09:00:00+00:00,2024,winter,5.659,240.0,22.33,3.458286614836869,5.8,34.0,249.50611127229544,22.000905702430984,0.4862,271.0208169747264,1.638717753746992
2024-02-11 10:00:00+00:00,2024,winter,6.173,240.0,22.33,3.7723985286071735,6.3,32.0,261.375814024997,21.89002034508136,0.4576,282.80823437007837,1.6739745809472302
2024-02-11 11:00:00+00:00,2024,winter,6.173,240.0,22.33,3.7723985286071735,7.0,49.0,258.71259612372336,21.733777745543822,0.7007,279.7456738692672,1.6648860843544402
2024-02-11 12:00:00+00:00,2024,winter,6.688,250.0,22.33,4.944295310772669,6.3,61.0,308.93866297849956,21.89002034508136,0.8723,329.95638332358095,1.8081360334447338
2024-02-11 13:00:00+00:00,2024,winter,7.202,240.0,22.33,4.401233468820487,6.6,52.0,286.249073854605,21.82320280436743,0.7436,307.3286766589724,1.7450359433315552
2024-02-11 14:00:00+00:00,2024,winter,7.202,250.0,22.33,5.324284513783607,7.6,89.0,317.2841351692364,21.598920064830704,1.2727,337.6103552340671,1.828987398503901
2024-02-11 15:00:00+00:00,2024,winter,8.231,250.0,22.33,6.085002198410563,7.4,44.0,345.60406179476206,21.64396882019225,0.6292,366.6188306149543,1.9059443579624733
2024-02-11 16:00:00+00:00,2024,winter,8.231,250.0,22.33,6.085002198410563,7.1,43.0,347.1378076311294,21.711361544516034,0.6149,368.23426917564547,1.9101388394155874
2024-02-11 17:00:00+00:00,2024,winter,8.746,250.0,22.33,6.465730680026581,5.1,1.0,371.0204640431499,22.155146643995685,0.0143,393.1613106871456,1.973732175161161
2024-02-11 18:00:00+00:00,2024,winter,6.688,230.0,22.33,3.105762679060791,4.6,0.0,237.515334102777,22.264608384483488,0.0,259.7799424872605,1.6043740984037171
2024-02-11 19:00:00+00:00,2024,winter,7.202,230.0,22.33,3.344453172038848,4.2,0.0,250.04903715459588,22.35175319257806,0.0,272.40079034717394,1.6428844365594635
2024-02-11 20:00:00+00:00,2024,winter,8.231,240.0,22.33,5.0300684090338,3.7,0.0,324.0568453287556,22.460155254046388,0.0,346.51700058280204,1.8529560013395128
2024-02-11 21:00:00+00:00,2024,winter,6.688,240.0,22.33,4.0871215550501825,4.0,0.0,283.839871998355,22.395184441940355,0.0,306.23505644029535,1.7419283462947626
2024-02-11 22:00:00+00:00,2024,winter,6.688,230.0,22.33,3.105762679060791,4.0,0.0,239.53961251842563,22.395184441940355,0.0,261.934796960366,1.611014435922068
2024-02-11 23:00:00+00:00,2024,winter,8.231,230.0,22.33,3.8222985363859707,3.8,0.0,273.0961665824624,22.4385217690164,0.0,295.5346883514788,1.7112247995985082
2024-02-12 00:00:00+00:00,2024,winter,7.717,280.0,22.33,7.538998891326309,6.1,0.0,402.12222866201824,21.93444598420321,0.0,424.05667464622144,2.049815559949748
2024-02-12 01:00:00+00:00,2024,winter,9.774,270.0,22.33,9.041056622499699,5.6,0.0,453.17081671925115,22.045093220020593,0.0,475.21590993927174,2.169942969536735
2024-02-12 02:00:00+00:00,2024,winter,10.803,290.0,22.33,10.79406856779371,5.7,0.0,504.89454243003746,22.02301134597912,0.0,526.9175537760166,2.28493666860397
2024-02-12 03:00:00+00:00,2024,winter,8.746,280.0,22.33,8.544263872429688,6.7,0.0,430.67993992051686,21.80088246721757,0.0,452.4808223877344,2.1174000663795995
2024-02-12 04:00:00+00:00,2024,winter,9.26,270.0,22.33,8.565601015382363,5.8,0.0,437.0281837620549,22.000905702430984,0.0,459.0290894644859,2.13266645537137
2024-02-12 05:00:00+00:00,2024,winter,6.688,250.0,22.33,4.944295310772669,4.0,0.0,319.28158764881323,22.395184441940355,0.0,341.67677209075356,1.8399692353204475
2024-02-12 06:00:00+00:00,2024,winter,6.688,240.0,22.33,4.0871215550501825,4.0,0.0,283.839871998355,22.395184441940355,0.0,306.23505644029535,1.7419283462947626
2024-02-12 07:00:00+00:00,2024,winter,6.173,230.0,22.33,2.866607807691726,4.2,0.0,227.32429841984805,22.35175319257806,0.0,249.6760516124261,1.5728643815258088
2024-02-12 08:00:00+00:00,2024,winter,6.173,230.0,22.33,2.866607807691726,4.4,0.0,226.68213938476373,22.308227885326158,0.0,248.99036727008988,1.5707031210590496
2024-02-12 09:00:00+00:00,2024,winter,6.173,220.0,22.33,1.8737166591131098,5.3,35.0,177.33473242811107,22.111196395526413,0.5005000000000001,198.94542882363749,1.4040087558405223
2024-02-12 10:00:00+00:00,2024,winter,8.231,230.0,22.33,3.8222985363859707,6.1,48.0,264.27423985297276,21.93444598420321,0.6864,285.52228583717596,1.6819877935159802
2024-02-12 11:00:00+00:00,2024,winter,7.717,230.0,22.33,3.583608043407913,6.8,56.0,251.37000302955897,21.77853818977298,0.8008,272.34774121933197,1.64272445569079
2024-02-12 12:00:00+00:00,2024,winter,7.717,230.0,22.33,3.583608043407913,6.9,47.0,251.0014253125068,21.756169954921255,0.6721,272.08549526742803,1.641933368547287
2024-02-12 13:00:00+00:00,2024,winter,9.26,230.0,22.33,4.300143900733093,6.8,53.0,281.3428399241027,21.77853818977298,0.7579,302.36347811387566,1.7308821531745444
2024-02-12 14:00:00+00:00,2024,winter,10.289,240.0,22.33,6.2877382894604255,7.6,61.0,351.6320689880561,21.598920064830704,0.8723,372.3586890528868,1.9208063381924678
2024-02-12 15:00:00+00:00,2024,winter,11.318,230.0,22.33,5.255834629427337,6.0,48.0,322.2290281572676,21.95662303860351,0.6864,343.49925119587107,1.844869840326207
2024-02-12 16:00:00+00:00,2024,winter,9.774,240.0,22.33,5.973015263017416,6.3,36.0,347.2189361142493,21.89002034508136,0.5148,368.5941564593307,1.9110720317538488
2024-02-12 17:00:00+00:00,2024,winter,8.746,240.0,22.33,5.344791435476809,6.5,1.0,323.22934933129477,21.845499218328904,0.0143,345.06054854962366,1.8490578040087657
2024-02-12 18:00:00+00:00,2024,winter,10.289,240.0,22.33,6.2877382894604255,5.6,0.0,362.0662550114406,22.045093220020593,0.0,384.1113482314612,1.9508838022912796
2024-02-12 19:00:00+00:00,2024,winter,10.289,240.0,22.33,6.2877382894604255,5.4,0.0,363.10967361377897,22.08918572775824,0.0,385.19885934153723,1.9536435596461332
2024-02-12 20:00:00+00:00,2024,winter,7.202,240.0,22.33,4.401233468820487,5.2,0.0,292.1079730270676,22.133183361931994,0.0,314.24115638899957,1.7645516129294119
2024-02-12 21:00:00+00:00,2024,winter,7.717,230.0,22.33,3.583608043407913,5.2,0.0,257.26724650239316,22.133183361931994,0.0,279.40042986432513,1.6638584198621682
2024-02-12 22:00:00+00:00,2024,winter,7.202,240.0,22.33,4.401233468820487,5.5,0.0,290.8524946329685,22.067151341600617,0.0,312.9196459745691,1.7608373793373506
2024-02-12 23:00:00+00:00,2024,winter,7.202,230.0,22.33,3.344453172038848,5.4,0.0,245.81091788078913,22.08918572775824,0.0,267.9001036085474,1.6292557957480946
2024-02-13 00:00:00+00:00,2024,winter,7.202,230.0,22.33,3.344453172038848,5.2,0.0,246.51727109309027,22.133183361931994,0.0,268.65045445502227,1.6315358595167573
2024-02-13 01:00:00+00:00,2024,winter,6.173,230.0,22.33,2.866607807691726,5.3,0.0,223.79242372688432,22.111196395526413,0.0,245.90362012241073,1.5609367119051325
2024-02-13 02:00:00+00:00,2024,winter,6.173,230.0,22.33,2.866607807691726,5.4,0.0,223.47134420934213,22.08918572775824,0.0,245.56052993710037,1.5598474050540407
2024-02-13 03:00:00+00:00,2024,winter,4.63,220.0,22.33,1.405363377886554,4.3,0.0,157.31492096660284,22.33000230466733,0.0,179.64492327127016,1.3341673494250272
2024-02-13 04:00:00+00:00,2024,winter,4.116,200.0,22.33,0.16733583169780986,4.3,0.0,58.35698726920508,22.33000230466733,0.0,80.68698957387241,0.8941380773471818
2024-02-13 05:00:00+00:00,2024,winter,4.63,200.0,22.33,0.1882324831780514,4.6,0.0,61.38486845792721,22.264608384483488,0.0,83.6494768424107,0.9104046104061746
2024-02-13 06:00:00+00:00,2024,winter,4.116,200.0,22.33,0.16733583169780986,4.3,0.0,58.35698726920508,22.33000230466733,0.0,80.68698957387241,0.8941380773471818
2024-02-13 07:00:00+00:00,2024,winter,3.601,190.0,22.33,0.7689645148357205,3.8,0.0,119.6171164911604,22.4385217690164,0.0,142.0556382601768,1.186402550576457
2024-02-13 08:00:00+00:00,2024,winter,3.601,200.0,22.33,0.14639852525359895,3.8,0.0,55.22059689834108,22.4385217690164,0.0,77.65911866735748,0.8772008878524492
2024-02-13 09:00:00+00:00,2024,winter,2.058,140.0,22.33,1.8226407301187648,3.0,89.0,180.8423723544995,22.610934563101228,1.2727,202.18060691760076,1.4153784592232388
2024-02-13 10:00:00+00:00,2024,winter,2.058,130.0,22.33,1.9609046754277273,4.4,192.0,183.47226469843866,22.308227885326158,2.7456,203.03489258376482,1.418365548290776
2024-02-13 11:00:00+00:00,2024,winter,3.087,200.0,22.33,0.1255018737733574,7.3,198.0,48.8698118058397,21.66645709898019,2.8314,67.70486890481989,0.8190544694864536
2024-02-13 12:00:00+00:00,2024,winter,3.087,200.0,22.33,0.1255018737733574,8.0,196.0,48.364510945218015,21.508533282404716,2.8028,67.07024422762272,0.8152067700241898
2024-02-13 13:00:00+00:00,2024,winter,2.058,170.0,22.33,1.1006078099079446,8.5,184.0,132.03936662429507,21.395006002479192,2.6312,150.80317262677426,1.2223851717096195
2024-02-13 14:00:00+00:00,2024,winter,2.058,190.0,22.33,0.43946930617381635,9.4,185.0,84.91600282709152,21.189127747259363,2.6455,103.45963057435088,1.0124842950505852
2024-02-13 15:00:00+00:00,2024,winter,3.087,120.0,22.33,3.059381286659193,7.9,225.01,224.2864792735695,21.531166179904194,3.217643,242.6000024534737,1.5504159739229626
2024-02-13 16:00:00+00:00,2024,winter,2.572,110.0,22.33,2.5698735866301416,6.8,129.01,204.67690811345562,21.77853818977298,1.8448429999999998,224.6106033032286,1.4918252754889898
2024-02-13 17:00:00+00:00,2024,winter,3.087,110.0,22.33,3.0844478079032847,6.4,6.0,230.45958207438147,21.867771726202193,0.0858,252.24155380058366,1.5809245743026272
2024-02-13 18:00:00+00:00,2024,winter,2.572,110.0,22.33,2.5698735866301416,5.9,0.0,207.37792302990883,21.97877627232493,0.0,229.35669930223375,1.507504262540818
2024-02-13 19:00:00+00:00,2024,winter,2.572,110.0,22.33,2.5698735866301416,5.7,0.0,207.97814856689845,22.02301134597912,0.0,230.00115991287757,1.5096207161117354
2024-02-13 20:00:00+00:00,2024,winter,2.572,110.0,22.33,2.5698735866301416,6.0,0.0,207.07781026141404,21.95662303860351,0.0,229.03443330001755,1.5064448033069118
2024-02-13 21:00:00+00:00,2024,winter,3.087,100.0,22.33,3.015794943310136,6.0,0.0,228.60115143624859,21.95662303860351,0.0,250.5577744748521,1.5756391936197647
2024-02-13 22:00:00+00:00,2024,winter,2.572,110.0,22.33,2.5698735866301416,6.0,0.0,207.07781026141404,21.95662303860351,0.0,229.03443330001755,1.5064448033069118
2024-02-13 23:00:00+00:00,2024,winter,3.087,110.0,22.33,3.0844478079032847,6.2,0.0,231.13147589967124,21.912245092054423,0.0,253.04372099172568,1.5834363713582114
2024-02-14 00:00:00+00:00,2024,winter,3.087,110.0,22.33,3.0844478079032847,6.3,0.0,230.7955289870264,21.89002034508136,0.0,252.68554933210774,1.5823153341244458
2024-02-14 01:00:00+00:00,2024,winter,3.601,100.0,22.33,3.5179389669127947,6.3,0.0,250.3351949139706,21.89002034508136,0.0,272.225215259052,1.642354893172012
2024-02-14 02:00:00+00:00,2024,winter,4.116,100.0,22.33,4.021059924413514,6.4,0.0,271.49733925542296,21.867771726202193,0.0,293.36511098162515,1.7049320128886214
2024-02-14 03:00:00+00:00,2024,winter,3.601,110.0,22.33,3.5980228559312364,6.4,0.0,253.47236790321543,21.867771726202193,0.0,275.34013962941765,1.6517244514823055
2024-02-14 04:00:00+00:00,2024,winter,3.601,110.0,22.33,3.5980228559312364,6.5,0.0,253.10287465554313,21.845499218328904,0.0,274.948373873872,1.6505489610162616
2024-02-14 05:00:00+00:00,2024,winter,4.116,110.0,22.33,4.112597077204379,6.9,0.0,273.2938793532457,21.756169954921255,0.0,295.05004930816693,1.709821129134794
2024-02-14 06:00:00+00:00,2024,winter,3.601,110.0,22.33,3.5980228559312364,7.1,0.0,250.8859151695092,21.711361544516034,0.0,272.5972767140252,1.643476847109884
2024-02-14 07:00:00+00:00,2024,winter,4.116,110.0,22.33,4.112597077204379,7.3,0.0,271.6886289605688,21.66645709898019,0.0,293.35508605954897,1.7049028820275318
2024-02-14 08:00:00+00:00,2024,winter,2.572,110.0,22.33,2.5698735866301416,8.0,0.0,201.07555489151798,21.508533282404716,0.0,222.5840881739227,1.4850801430490173
2024-02-14 09:00:00+00:00,2024,winter,2.572,130.0,22.33,2.4506544340136616,9.6,35.0,190.5956902956823,21.14310901764511,0.5005000000000001,211.23829931332742,1.446735588755548
2024-02-14 10:00:00+00:00,2024,winter,2.572,190.0,22.33,0.5492298617488124,10.7,84.0,92.34585424739544,20.888254901881265,1.2012,112.0329091492767,1.0535997053641053
2024-02-14 11:00:00+00:00,2024,winter,2.058,120.0,22.33,2.0395875244394617,11.1,216.0,169.1330933114967,20.794843004512877,3.0888,186.8391363160096,1.3606197145256471
2024-02-14 12:00:00+00:00,2024,winter,3.087,120.0,22.33,3.059381286659193,11.8,31.0,211.2504543977585,20.63042060186722,0.4433,231.43757499962572,1.5143273595201279
2024-02-14 13:00:00+00:00,2024,winter,2.572,160.0,22.33,1.7319840056961955,11.9,184.0,154.76466288257612,20.606832543192034,2.6312,172.74029542576815,1.3082768686690556
2024-02-14 14:00:00+00:00,2024,winter,3.601,210.0,22.33,0.48061570943712584,12.2,65.0,84.75366629919858,20.535919267950497,0.9295,104.36008556714908,1.016880799246459
2024-02-14 15:00:00+00:00,2024,winter,6.173,210.0,22.33,0.8238935779937179,12.2,145.0,108.95234563997371,20.535919267950497,2.0735,127.41476490792422,1.1236025403494636
2024-02-14 16:00:00+00:00,2024,winter,4.63,200.0,22.33,0.1882324831780514,12.4,112.0,54.58370405491822,20.488519327396272,1.6016,73.47062338231449,0.8532173854054181
2024-02-14 17:00:00+00:00,2024,winter,3.601,190.0,22.33,0.7689645148357205,12.3,9.0,105.3369832021876,20.512231751676453,0.1287,125.72051495386405,1.1161071990773752
2024-02-14 18:00:00+00:00,2024,winter,3.087,180.0,22.33,1.1728764660192548,12.2,0.0,128.44352109710218,20.535919267950497,0.0,148.97944036505268,1.2149712549513387
2024-02-14 19:00:00+00:00,2024,winter,3.601,200.0,22.33,0.14639852525359895,12.3,0.0,48.62825035851103,20.512231751676453,0.0,69.14048211018749,0.8276925297854649
2024-02-14 20:00:00+00:00,2024,winter,3.087,140.0,22.33,2.733961095178148,11.2,0.0,198.9378150880842,20.77142832603801,0.0,219.7092434141222,1.475458497992521
2024-02-14 21:00:00+00:00,2024,winter,3.087,130.0,22.33,2.9413570131415914,10.9,0.0,209.11228062261148,20.841598281761826,0.0,229.9538789043733,1.5094655428541173
2024-02-14 22:00:00+00:00,2024,winter,3.601,130.0,22.33,3.431106771727525,11.2,0.0,228.91699682848895,20.77142832603801,0.0,249.68842515452695,1.5729033553528917
2024-02-14 23:00:00+00:00,2024,winter,3.601,130.0,22.33,3.431106771727525,11.5,0.0,227.8405846176967,20.701035922616132,0.0,248.54162054031283,1.5692870707836772
2024-02-15 00:00:00+00:00,2024,winter,3.601,130.0,22.33,3.431106771727525,11.7,0.0,227.12297647716852,20.653983839718578,0.0,247.77696031688708,1.5668711861190945
2024-02-15 01:00:00+00:00,2024,winter,3.601,180.0,22.33,1.36816590674938,12.0,0.0,138.4401985746699,20.58321964626876,0.0,159.02341822093865,1.2552590928713552
2024-02-15 02:00:00+00:00,2024,winter,5.659,210.0,22.33,0.7552913911981936,11.7,0.0,105.45959112753143,20.653983839718578,0.0,126.11357496725,1.117850569097897
2024-02-15 03:00:00+00:00,2024,winter,3.601,190.0,22.33,0.7689645148357205,11.6,0.0,106.51299417892653,20.677522274164204,0.0,127.19051645309074,1.1226133414300463
2024-02-15 04:00:00+00:00,2024,winter,3.087,180.0,22.33,1.1728764660192548,11.6,0.0,129.67068849611908,20.677522274164204,0.0,150.3482107702833,1.2205398566925951
2024-02-15 05:00:00+00:00,2024,winter,3.601,200.0,22.33,0.14639852525359895,12.0,0.0,48.86092141285798,20.58321964626876,0.0,69.44414105912674,0.829508115088169
2024-02-15 06:00:00+00:00,2024,winter,2.572,190.0,22.33,0.5492298617488124,11.5,0.0,91.19691671399083,20.701035922616132,0.0,111.89795263660696,1.0529649231828337
2024-02-15 07:00:00+00:00,2024,winter,2.058,120.0,22.33,2.0395875244394617,10.8,0.0,169.92714539277137,20.864938915280412,0.0,190.79208430805178,1.3749376677380392
2024-02-15 08:00:00+00:00,2024,winter,1.029,70.0,22.33,0.7607176846269551,10.4,0.0,107.9850602405854,20.958055153716582,0.0,128.94311539430197,1.13032130438793
2024-02-15 09:00:00+00:00,2024,winter,1.029,230.0,22.33,0.47784536434712227,10.7,117.0,86.54458321181261,20.888254901881265,1.6731,105.75973811369387,1.0236771685487147
2024-02-15 10:00:00+00:00,2024,winter,1.543,220.0,22.33,0.4683532812265557,11.0,229.01,85.33913889589236,20.81823298396238,3.2748429999999997,102.88252887985473,1.0096565085007507
2024-02-15 11:00:00+00:00,2024,winter,1.543,250.0,22.33,1.1407068876378932,12.1,307.01,126.99153106027381,20.559581893667065,4.390243,143.16086995394087,1.1910088763791948
2024-02-15 12:00:00+00:00,2024,winter,3.601,260.0,22.33,3.0427799340066883,11.6,364.01,211.2075597653119,20.677522274164204,5.205343,226.67973903947612,1.4986809460311712
2024-02-15 13:00:00+00:00,2024,winter,4.116,260.0,22.33,3.477945628539719,11.5,89.0,229.75777324877936,20.701035922616132,1.2727,249.18610917139551,1.5713203979783597
2024-02-15 14:00:00+00:00,2024,winter,3.087,270.0,22.33,2.855508675430384,11.3,103.0,204.03789315731032,20.747988931156307,1.4729,223.3129820884666,1.4875097442633263
2024-02-15 15:00:00+00:00,2024,winter,4.116,270.0,22.33,3.807344900573845,10.6,83.0,246.41628437829544,20.911546258921337,1.1869,266.1409306372168,1.6238977100611076
2024-02-15 16:00:00+00:00,2024,winter,2.058,260.0,22.33,1.7389728142698595,10.5,85.0,158.49558021892665,20.93481300375153,1.2155,178.21489322267817,1.3288465437429848
2024-02-15 17:00:00+00:00,2024,winter,2.572,260.0,22.33,2.1732935268717584,10.1,4.0,176.93871337919094,21.02763420777673,0.0572,197.9091475869677,1.4003473308247036
2024-02-15 18:00:00+00:00,2024,winter,2.572,260.0,22.33,2.1732935268717584,9.5,0.0,178.57451042121735,21.166130593329157,0.0,199.7406410145465,1.4068119653029576
2024-02-15 19:00:00+00:00,2024,winter,2.058,210.0,22.33,0.2746756817610677,9.4,0.0,68.21424203546776,21.189127747259363,0.0,89.40336978272713,0.9411953612230879
2024-02-15 20:00:00+00:00,2024,winter,3.087,200.0,22.33,0.1255018737733574,9.0,0.0,47.642652572901326,21.280872490900176,0.0,68.9235250638015,0.826392894503928
2024-02-15 21:00:00+00:00,2024,winter,2.572,150.0,22.33,2.0358501888476677,8.8,0.0,175.07113206479025,21.32659878112227,0.0,196.39773084591252,1.3949899109392014
2024-02-15 22:00:00+00:00,2024,winter,2.058,170.0,22.33,1.1006078099079446,8.9,0.0,131.24514487016395,21.30374779510149,0.0,152.54889266526544,1.2294400699330421
2024-02-15 23:00:00+00:00,2024,winter,2.572,170.0,22.33,1.3754923649578397,9.3,0.0,144.73310637948055,21.212100496713223,0.0,165.94520687619377,1.282286854965588
2024-02-16 00:00:00+00:00,2024,winter,2.572,200.0,22.33,0.1045645673291465,9.0,0.0,43.75806745727226,21.280872490900176,0.0,65.03893994817244,0.8027670917116477
2024-02-16 01:00:00+00:00,2024,winter,1.543,160.0,22.33,1.0390557234794826,9.1,0.0,127.38553447386892,21.25797285127141,0.0,148.64350732514032,1.2136006653949458
2024-02-16 02:00:00+00:00,2024,winter,2.058,130.0,22.33,1.9609046754277273,8.8,0.0,172.0377326209156,21.32659878112227,0.0,193.36433140203786,1.3841750498690744
2024-02-16 03:00:00+00:00,2024,winter,2.058,130.0,22.33,1.9609046754277273,9.0,0.0,171.51798116284635,21.280872490900176,0.0,192.79885365374653,1.3821496161375577
2024-02-16 04:00:00+00:00,2024,winter,2.058,120.0,22.33,2.0395875244394617,8.6,0.0,175.75019398878536,21.372227867579472,0.0,197.12242185636484,1.3975612385016285
2024-02-16 05:00:00+00:00,2024,winter,2.058,150.0,22.33,1.628996768525855,8.0,0.0,159.70209987222893,21.508533282404716,0.0,181.21063315463365,1.339968757999904
2024-02-16 06:00:00+00:00,2024,winter,1.543,110.0,22.33,1.5417243173290467,8.4,0.0,154.72709149933985,21.417759888125,0.0,176.14485138746485,1.3211064428627322
2024-02-16 07:00:00+00:00,2024,winter,0.514,120.0,22.33,0.5094013545004292,8.4,0.0,92.35177217178433,21.417759888125,0.0,113.76953205990934,1.0617342314626272
2024-02-16 08:00:00+00:00,2024,winter,1.029,120.0,22.33,1.0197937622197308,8.4,1.0,127.62095344618238,21.417759888125,0.0143,149.02441333430738,1.2151546250248306
2024-02-16 09:00:00+00:00,2024,winter,2.058,240.0,22.33,1.257669880426626,9.1,77.0,139.24014867181953,21.25797285127141,1.1011,159.39702152309093,1.256732755763998
2024-02-16 10:00:00+00:00,2024,winter,3.601,250.0,22.33,2.6621422568918036,9.6,59.0,200.59941932472438,21.14310901764511,0.8437,220.89882834236948,1.4794474375925708
2024-02-16 11:00:00+00:00,2024,winter,4.63,260.0,22.33,3.9122663411416183,9.6,117.0,254.48225986229625,21.14310901764511,1.6731,273.95226887994136,1.6475563776166258
2024-02-16 12:00:00+00:00,2024,winter,5.144,260.0,22.33,4.346587053743517,9.9,125.0,270.3433516562163,21.073897587203227,1.7875,289.62974924341955,1.6940429534723267
2024-02-16 13:00:00+00:00,2024,winter,5.144,260.0,22.33,4.346587053743517,9.8,97.0,270.7586256218941,21.096992531874935,1.3871,290.4685181537691,1.6964941576599846
2024-02-16 14:00:00+00:00,2024,winter,4.116,270.0,22.33,3.807344900573845,10.3,74.0,247.56418632415705,20.981272726155126,1.0582,267.48725905031216,1.62799993821555
2024-02-16 15:00:00+00:00,2024,winter,3.087,290.0,22.33,3.0844478079032847,10.6,33.0,216.34981174329695,20.911546258921337,0.4719,236.78945800221828,1.531736338363569
2024-02-16 16:00:00+00:00,2024,winter,2.572,290.0,22.33,2.5698735866301416,10.1,83.0,194.77318675312713,21.02763420777673,1.1869,214.61392096090387,1.4582493058054449
2024-02-16 17:00:00+00:00,2024,winter,1.029,280.0,22.33,1.0052649811033785,9.5,5.0,124.67662522741223,21.166130593329157,0.07150000000000001,145.7712558207414,1.2018182134604076
2024-02-16 18:00:00+00:00,2024,winter,2.058,90.0,22.33,1.9036724502869222,9.6,0.0,167.628834401655,21.14310901764511,0.0,188.77194341930013,1.3676392534917565
2024-02-16 19:00:00+00:00,2024,winter,2.058,150.0,22.33,1.628996768525855,9.9,0.0,155.1732343534642,21.073897587203227,0.0,176.24713194066743,1.3214899450973623
2024-02-16 20:00:00+00:00,2024,winter,2.058,130.0,22.33,1.9609046754277273,10.0,0.0,168.9192238725002,21.050778151606515,0.0,189.97000202410672,1.371972313854153
2024-02-16 21:00:00+00:00,2024,winter,4.116,120.0,22.33,4.079175048878923,10.2,0.0,258.7424693541907,21.004465738399713,0.0,279.7469350925904,1.6648898373897674
2024-02-16 22:00:00+00:00,2024,winter,3.601,130.0,22.33,3.431106771727525,10.4,0.0,231.78742939060166,20.958055153716582,0.0,252.74548454431823,1.5825029799605892
2024-02-16 23:00:00+00:00,2024,winter,2.572,140.0,22.33,2.2778580942009055,11.1,0.0,177.9964505809943,20.794843004512877,0.0,198.79129358550716,1.403464764562526
2024-02-17 00:00:00+00:00,2024,winter,2.572,140.0,22.33,2.2778580942009055,10.7,0.0,179.1106693639739,20.888254901881265,0.0,199.99892426585515,1.4077212408994026
2024-02-17 01:00:00+00:00,2024,winter,2.572,140.0,22.33,2.2778580942009055,10.9,0.0,178.5535599724841,20.841598281761826,0.0,199.39515825424593,1.4055947878010597
2024-02-17 02:00:00+00:00,2024,winter,4.63,190.0,22.33,0.9886991679226287,10.6,0.0,121.63729958712105,20.911546258921337,0.0,142.54884584604238,1.1884603207950575
2024-02-17 03:00:00+00:00,2024,winter,4.63,200.0,22.33,0.1882324831780514,10.1,0.0,56.58917560965165,21.02763420777673,0.0,77.61680981742838,0.8769619048611709
2024-02-17 04:00:00+00:00,2024,winter,3.601,200.0,22.33,0.14639852525359895,9.9,0.0,50.48961879328657,21.073897587203227,0.0,71.5635163804898,0.8420709202678753
2024-02-17 05:00:00+00:00,2024,winter,2.572,170.0,22.33,1.3754923649578397,9.6,0.0,144.0722246151907,21.14310901764511,0.0,165.2153336328358,1.2794638200388138
2024-02-17 06:00:00+00:00,2024,winter,3.601,130.0,22.33,3.431106771727525,9.5,0.0,235.01666602297848,21.166130593329157,0.0,256.18279661630766,1.5932275769968631
2024-02-17 07:00:00+00:00,2024,winter,4.116,90.0,22.33,3.8073449005738444,9.9,0.0,249.0947222519725,21.073897587203227,0.0,270.16861983917573,1.6361393353865366
2024-02-17 08:00:00+00:00,2024,winter,4.116,140.0,22.33,3.6452814602375296,10.3,1.0,240.99780385806974,20.981272726155126,0.0143,261.96477658422486,1.6111066272335888
2024-02-17 09:00:00+00:00,2024,winter,5.144,140.0,22.33,4.555716188401811,9.9,121.0,278.3094864130022,21.073897587203227,1.7303,297.65308400020547,1.717346886767056
2024-02-17 10:00:00+00:00,2024,winter,6.688,140.0,22.33,5.9231395544384355,10.4,206.01,324.80943607990315,20.958055153716582,2.9459429999999998,342.82154823361975,1.8430490342562462
2024-02-17 11:00:00+00:00,2024,winter,5.144,140.0,22.33,4.555716188401811,10.8,179.0,274.4618898266474,20.864938915280412,2.5597,292.76712874192776,1.7031934981657826
2024-02-17 12:00:00+00:00,2024,winter,3.601,140.0,22.33,3.189178459260288,11.1,226.0,219.14591281529272,20.794843004512877,3.2318000000000002,236.7089558198056,1.5314759412130372
2024-02-17 13:00:00+00:00,2024,winter,3.601,140.0,22.33,3.189178459260288,12.4,83.0,214.68754526192998,20.488519327396272,1.1869,233.98916458932624,1.5226521751482591
2024-02-17 14:00:00+00:00,2024,winter,5.144,190.0,22.33,1.0984597234976248,12.9,72.0,123.19072420607984,20.369582974770935,1.0296,142.53070718085078,1.1883847054172996
2024-02-17 15:00:00+00:00,2024,winter,4.63,190.0,22.33,0.9886991679226287,12.4,75.0,118.23749928810213,20.488519327396272,1.0725,137.6535186154984,1.167875350841457
2024-02-17 16:00:00+00:00,2024,winter,4.63,200.0,22.33,0.1882324831780514,13.1,48.0,53.97334314695588,20.32183346628884,0.6864,73.60877661324471,0.8540191982426528
2024-02-17 17:00:00+00:00,2024,winter,5.144,230.0,22.33,2.388762443344604,12.7,5.0,178.7137395542688,20.41723243194018,0.07150000000000001,199.05947198620902,1.4044111140648998
2024-02-17 18:00:00+00:00,2024,winter,5.144,230.0,22.33,2.388762443344604,12.6,0.0,179.00059948934788,20.441019684992096,0.0,199.44161917433996,1.4057585365699734
2024-02-17 19:00:00+00:00,2024,winter,5.144,250.0,22.33,3.8028491445296972,11.4,0.0,243.1775860730603,20.724524802480246,0.0,263.90211087554053,1.6170530423774525
2024-02-17 20:00:00+00:00,2024,winter,5.144,240.0,22.33,3.1435635883938606,11.2,0.0,216.86358561780548,20.77142832603801,0.0,237.6350139438435,1.5344687543186541
2024-02-17 21:00:00+00:00,2024,winter,5.144,250.0,22.33,3.8028491445296972,11.2,0.0,243.94229546322714,20.77142832603801,0.0,264.71372378926515,1.619537701576117
2024-02-17 22:00:00+00:00,2024,winter,4.116,240.0,22.33,2.515339760853252,11.0,0.0,189.54298351697034,20.81823298396238,0.0,210.36121650093273,1.4437289682179404
2024-02-17 23:00:00+00:00,2024,winter,4.63,240.0,22.33,2.8294516746235563,11.2,0.0,203.20373830748147,20.77142832603801,0.0,223.97516663351948,1.4897135499515144
2024-02-18 00:00:00+00:00,2024,winter,3.601,230.0,22.33,1.672226586019424,11.1,0.0,154.18331747773416,20.794843004512877,0.0,174.97816048224703,1.3167240167652898
2024-02-18 01:00:00+00:00,2024,winter,2.572,230.0,22.33,1.194381221672302,11.3,0.0,131.39203978912798,20.747988931156307,0.0,152.14002872028428,1.227791382161677
2024-02-18 02:00:00+00:00,2024,winter,4.63,240.0,22.33,2.8294516746235563,11.1,0.0,203.52223946470323,20.794843004512877,0.0,224.3170824692161,1.4908501991969405
2024-02-18 03:00:00+00:00,2024,winter,4.63,240.0,22.33,2.8294516746235563,10.9,0.0,204.15924177914673,20.841598281761826,0.0,225.00084006090856,1.4931206560433972
2024-02-18 04:00:00+00:00,2024,winter,3.087,240.0,22.33,1.8865048206399393,11.0,0.0,163.34940783495466,20.81823298396238,0.0,184.16764081891705,1.3508573689788843
2024-02-18 05:00:00+00:00,2024,winter,5.144,240.0,22.33,3.1435635883938606,10.9,0.0,217.88332034641584,20.841598281761826,0.0,238.72491862817768,1.537983622374586
2024-02-18 06:00:00+00:00,2024,winter,4.63,240.0,22.33,2.8294516746235563,10.6,0.0,205.11474525081204,20.911546258921337,0.0,226.02629150973337,1.4965192703853025
2024-02-18 07:00:00+00:00,2024,winter,5.144,250.0,22.33,3.8028491445296972,10.6,0.0,246.23642363372775,20.911546258921337,0.0,267.1479698926491,1.6269671077185646
2024-02-18 08:00:00+00:00,2024,winter,5.144,250.0,22.33,3.8028491445296972,10.0,1.0,248.53055180422828,21.050778151606515,0.0143,269.5670299558348,1.6343167080675276
2024-02-18 09:00:00+00:00,2024,winter,4.63,240.0,22.33,2.8294516746235563,10.4,52.0,205.75174756525553,20.958055153716582,0.7436,225.9662027189721,1.4963203333279171
2024-02-18 10:00:00+00:00,2024,winter,5.659,250.0,22.33,4.1835776261457145,10.4,168.0,262.004097328136,20.958055153716582,2.4024,280.5597524818526,1.6673067894338294
2024-02-18 11:00:00+00:00,2024,winter,6.173,250.0,22.33,4.5635668291566525,10.4,167.0,276.4659505406871,20.958055153716582,2.3881,295.0359056944037,1.7097801473767331
2024-02-18 12:00:00+00:00,2024,winter,5.659,250.0,22.33,4.1835776261457145,11.4,50.0,257.94830634782437,20.724524802480246,0.715,277.9578311503046,1.6595574488142288
2024-02-18 13:00:00+00:00,2024,winter,5.659,250.0,22.33,4.1835776261457145,11.8,71.0,256.3259899556997,20.63042060186722,1.0153,275.9411105575669,1.6535260364654505
2024-02-18 14:00:00+00:00,2024,winter,5.659,260.0,22.33,4.781752748276548,11.9,167.0,277.9541752234908,20.606832543192034,2.3881,296.1729077666828,1.7130715335708386
2024-02-18 15:00:00+00:00,2024,winter,5.144,260.0,22.33,4.346587053743517,11.6,153.0,263.28369423969457,20.677522274164204,2.1879,281.77331651385873,1.670908874569107
2024-02-18 16:00:00+00:00,2024,winter,4.116,270.0,22.33,3.807344900573845,12.1,89.0,240.6767746489873,20.559581893667065,1.2727,259.9636565426544,1.60494129765924
2024-02-18 17:00:00+00:00,2024,winter,6.688,240.0,22.33,4.0871215550501825,11.4,11.0,254.25656139570955,20.724524802480246,0.1573,274.8237861981898,1.6501749610607654
2024-02-18 18:00:00+00:00,2024,winter,6.173,230.0,22.33,2.866607807691726,10.8,0.0,206.1330502620656,20.864938915280412,0.0,226.99798917734603,1.4997326238963864
2024-02-18 19:00:00+00:00,2024,winter,4.63,230.0,22.33,2.1500719503665464,9.7,0.0,177.14025938800913,21.120063002923622,0.0,198.26032239093274,1.4015891853524323
2024-02-18 20:00:00+00:00,2024,winter,4.63,210.0,22.33,0.6179535503176597,9.9,0.0,98.77508366387795,21.073897587203227,0.0,119.84898125108117,1.0897327603715248
2024-02-18 21:00:00+00:00,2024,winter,6.173,200.0,22.33,0.25096309258274546,9.7,0.0,65.10470492930087,21.120063002923622,0.0,86.2247679322245,0.9243125523547879
2024-02-18 22:00:00+00:00,2024,winter,5.659,200.0,22.33,0.23006644110250388,9.9,0.0,62.32834776371957,21.073897587203227,0.0,83.4022453509228,0.9090582347049432
2024-02-18 23:00:00+00:00,2024,winter,6.173,200.0,22.33,0.25096309258274546,10.2,0.0,64.60620029737666,21.004465738399713,0.0,85.61066603577638,0.9210151449729339
2024-02-19 00:00:00+00:00,2024,winter,7.717,240.0,22.33,4.715956495263495,10.2,0.0,283.00893118426353,21.004465738399713,0.0,304.0133969226632,1.7355982150671858
2024-02-19 01:00:00+00:00,2024,winter,7.202,240.0,22.33,4.401233468820487,9.5,0.0,274.11278271164656,21.166130593329157,0.0,295.27891330497573,1.710484136383601
2024-02-19 02:00:00+00:00,2024,winter,7.202,250.0,22.33,5.324284513783607,9.4,0.0,308.81067161872255,21.189127747259363,0.0,329.9997993659819,1.808254987846713
2024-02-19 03:00:00+00:00,2024,winter,7.717,250.0,22.33,5.705012995399625,9.4,0.0,322.2770997976149,21.189127747259363,0.0,343.46622754487424,1.8447811562870131
2024-02-19 04:00:00+00:00,2024,winter,8.231,250.0,22.33,6.085002198410563,9.2,0.0,336.40158677655836,21.235048858962156,0.0,357.6366356355205,1.8824516665749274
2024-02-19 05:00:00+00:00,2024,winter,7.717,250.0,22.33,5.705012995399625,8.9,0.0,324.73348013143817,21.30374779510149,0.0,346.0372279265397,1.8516727951022136
2024-02-19 06:00:00+00:00,2024,winter,7.202,250.0,22.33,5.324284513783607,8.4,0.0,313.51815136900797,21.417759888125,0.0,334.93591125713294,1.8217286605840488
2024-02-19 07:00:00+00:00,2024,winter,8.231,250.0,22.33,6.085002198410563,8.3,0.0,341.00282428566027,21.44048954173325,0.0,362.4433138273935,1.8950596300737168
2024-02-19 08:00:00+00:00,2024,winter,7.717,250.0,22.33,5.705012995399625,8.1,4.0,328.66368866555547,21.485876221672026,0.0572,350.09236488722746,1.8624908743104833
2024-02-19 09:00:00+00:00,2024,winter,7.202,240.0,22.33,4.401233468820487,8.5,37.0,278.29771069197704,21.395006002479192,0.5291,299.1636166944562,1.7216989763840111
2024-02-19 10:00:00+00:00,2024,winter,7.717,250.0,22.33,5.705012995399625,9.6,182.0,321.2945476640856,21.14310901764511,2.6026000000000002,339.8350566817307,1.835003608763401
2024-02-19 11:00:00+00:00,2024,winter,7.717,250.0,22.33,5.705012995399625,10.1,224.0,318.83816733026237,21.02763420777673,3.2032,336.6626015380391,1.826418389897812
2024-02-19 12:00:00+00:00,2024,winter,7.717,250.0,22.33,5.705012995399625,10.9,311.01,314.907958796145,20.841598281761826,4.447443,331.3021140779068,1.8118195328613969
2024-02-19 13:00:00+00:00,2024,winter,8.231,250.0,22.33,6.085002198410563,11.1,343.01,326.68786314623225,20.794843004512877,4.905043,342.57766315074514,1.8423933401494883
2024-02-19 14:00:00+00:00,2024,winter,7.717,250.0,22.33,5.705012995399625,11.6,188.0,311.46902632879244,20.677522274164204,2.6884,329.4581486029566,1.8067703734133307
2024-02-19 15:00:00+00:00,2024,winter,6.688,240.0,22.33,4.0871215550501825,12.0,103.0,251.85791459008965,20.58321964626876,1.4729,270.9682342363584,1.6385587762045908
2024-02-19 16:00:00+00:00,2024,winter,6.688,240.0,22.33,4.0871215550501825,11.4,113.0,254.25656139570955,20.724524802480246,1.6159000000000001,273.3651861981898,1.6457900652143707
2024-02-19 17:00:00+00:00,2024,winter,5.659,230.0,22.33,2.6279173147136685,10.5,6.0,196.26314236810498,20.93481300375153,0.0858,217.1121553718565,1.4667121958721705
2024-02-19 18:00:00+00:00,2024,winter,4.63,200.0,22.33,0.1882324831780514,10.5,0.0,56.240397947958876,20.93481300375153,0.0,77.1752109517104,0.874463620081843
2024-02-19 19:00:00+00:00,2024,winter,5.144,190.0,22.33,1.0984597234976248,9.9,0.0,129.14196692134936,21.073897587203227,0.0,150.21586450855258,1.2200025391870906
2024-02-19 20:00:00+00:00,2024,winter,5.144,190.0,22.33,1.0984597234976248,9.9,0.0,129.14196692134936,21.073897587203227,0.0,150.21586450855258,1.2200025391870906
2024-02-19 21:00:00+00:00,2024,winter,6.173,200.0,22.33,0.25096309258274546,9.5,0.0,65.30410678207055,21.166130593329157,0.0,86.4702373753997,0.9256273093633117
2024-02-19 22:00:00+00:00,2024,winter,7.202,200.0,22.33,0.2927970505071979,9.7,0.0,69.95427539048538,21.120063002923622,0.0,91.074338393409,0.9499502170311237
2024-02-19 23:00:00+00:00,2024,winter,5.659,210.0,22.33,0.7552913911981936,10.0,0.0,108.29183923048251,21.050778151606515,0.0,129.34261738208903,1.1320709766293864
2024-02-20 00:00:00+00:00,2024,winter,6.173,200.0,22.33,0.25096309258274546,10.6,0.0,64.20739659183731,20.911546258921337,0.0,85.11894285075864,0.9183663121485229
2024-02-20 01:00:00+00:00,2024,winter,5.659,210.0,22.33,0.7552913911981936,11.1,0.0,106.45920810504357,20.794843004512877,0.0,127.25405110955646,1.1228936923166284
2024-02-20 02:00:00+00:00,2024,winter,5.659,200.0,22.33,0.23006644110250388,11.5,0.0,60.79646824878945,20.701035922616132,0.0,81.49750417140558,0.898617740597576
2024-02-20 03:00:00+00:00,2024,winter,6.173,210.0,22.33,0.8238935779937179,11.2,0.0,110.68725560239368,20.77142832603801,0.0,131.4586839284317,1.1412938416825624
2024-02-20 04:00:00+00:00,2024,winter,4.63,200.0,22.33,0.1882324831780514,11.1,0.0,55.71723145541972,20.794843004512877,0.0,76.51207445993259,0.8706985522558902
2024-02-20 05:00:00+00:00,2024,winter,7.202,210.0,22.33,0.9612314188742517,11.0,0.0,119.305043205701,20.81823298396238,0.0,140.1232761896634,1.178305691008557
2024-02-20 06:00:00+00:00,2024,winter,8.746,210.0,22.33,1.1673049138397953,11.0,0.0,130.6077248494479,20.81823298396238,0.0,151.42595783341028,1.2249066671876194
2024-02-20 07:00:00+00:00,2024,winter,8.746,210.0,22.33,1.1673049138397953,11.1,0.0,130.40365027937062,20.794843004512877,0.0,151.1984932838835,1.2239863244694318
2024-02-20 08:00:00+00:00,2024,winter,7.717,220.0,22.33,2.342373474546552,11.1,2.0,181.09537482780286,20.794843004512877,0.0286,201.86161783231572,1.4142614665712632
2024-02-20 09:00:00+00:00,2024,winter,7.717,230.0,22.33,3.583608043407913,11.0,83.0,235.88973891336911,20.81823298396238,1.1869,255.5210718973315,1.5911685789493253
2024-02-20 10:00:00+00:00,2024,winter,7.202,230.0,22.33,3.344453172038848,10.8,122.0,226.739381148659,20.864938915280412,1.7446,245.85972006393942,1.5607973722086785
2024-02-20 11:00:00+00:00,2024,winter,7.202,240.0,22.33,4.401233468820487,11.2,182.0,266.99840514508475,20.77142832603801,2.6026000000000002,285.16723347112276,1.6809416763714586
2024-02-20 12:00:00+00:00,2024,winter,8.231,260.0,22.33,6.955046275148306,11.1,200.0,354.8144333311378,20.794843004512877,2.86,372.7492763356507,1.9218134932703153
2024-02-20 13:00:00+00:00,2024,winter,8.746,250.0,22.33,6.465730680026581,11.1,135.0,339.17321391069066,20.794843004512877,1.9305,358.03755691520354,1.8835065131146007
2024-02-20 14:00:00+00:00,2024,winter,10.803,260.0,22.33,9.128339802020065,11.5,127.0,417.1140912041909,20.701035922616132,1.8161,435.99902712680705,2.0784787748197733
2024-02-20 15:00:00+00:00,2024,winter,10.803,260.0,22.33,9.128339802020065,11.1,73.0,419.74158154248505,20.794843004512877,1.0439,439.4925245469979,2.086789198155596
2024-02-20 16:00:00+00:00,2024,winter,10.289,260.0,22.33,8.694019089418166,10.4,52.0,411.74643470335894,20.958055153716582,0.7436,431.96088985707553,2.06883115337497
2024-02-20 17:00:00+00:00,2024,winter,8.231,250.0,22.33,6.085002198410563,9.5,6.0,334.8678409401911,21.166130593329157,0.0858,355.9481715335203,1.8780027201689393
2024-02-20 18:00:00+00:00,2024,winter,4.116,280.0,22.33,4.021059924413514,8.7,0.0,262.3946587847601,21.34942546620337,0.0,283.7440842509635,1.6767419951335027
2024-02-20 19:00:00+00:00,2024,winter,3.087,240.0,22.33,1.8865048206399393,7.9,0.0,171.26164477696025,21.531166179904194,0.0,192.79281095686446,1.3821279563183728
2024-02-20 20:00:00+00:00,2024,winter,2.572,160.0,22.33,1.7319840056961955,7.0,0.0,166.78283797171437,21.733777745543822,0.0,188.5166157172582,1.3667140250396776
2024-02-20 21:00:00+00:00,2024,winter,3.087,150.0,22.33,2.443495152788783,7.2,0.0,197.233097242655,21.688921334707125,0.0,218.9220185773621,1.4728128198603165
2024-02-20 22:00:00+00:00,2024,winter,2.572,130.0,22.33,2.4506544340136616,6.7,0.0,199.04718114977214,21.80088246721757,0.0,220.84806361698972,1.4792774320320219
2024-02-20 23:00:00+00:00,2024,winter,3.087,120.0,22.33,3.059381286659193,6.7,0.0,228.29756385074216,21.80088246721757,0.0,250.09844631795974,1.574194282471701
2024-02-21 00:00:00+00:00,2024,winter,4.63,170.0,22.33,2.4761001748657843,7.2,0.0,198.85542943527787,21.688921334707125,0.0,220.544350769985,1.4782599222527033
2024-02-21 01:00:00+00:00,2024,winter,5.659,160.0,22.33,3.8107688523463334,7.6,0.0,258.0386093025068,21.598920064830704,0.0,279.6375293673375,1.6645642461682244
2024-02-21 02:00:00+00:00,2024,winter,5.144,110.0,22.33,5.139747173260283,7.5,0.0,310.9029073700064,21.62145648119416,0.0,332.5243638512006,1.8151585657738527
2024-02-21 03:00:00+00:00,2024,winter,4.63,80.0,22.33,3.9122663411416183,7.4,0.0,263.0428251787649,21.64396882019225,0.0,284.6867939989571,1.679525084502405
2024-02-21 04:00:00+00:00,2024,winter,4.63,130.0,22.33,4.411559109441389,7.5,0.0,282.89202034278986,21.62145648119416,0.0,304.51347682398404,1.7370250948733827
2024-02-21 05:00:00+00:00,2024,winter,5.659,100.0,22.33,5.528468929119552,7.8,0.0,323.78601721653206,21.553774931356237,0.0,345.3397921478883,1.8498058366891366
2024-02-21 06:00:00+00:00,2024,winter,4.63,130.0,22.33,4.411559109441389,8.3,0.0,279.53922602761605,21.44048954173325,0.0,300.9797155693493,1.7269169313887285
2024-02-21 07:00:00+00:00,2024,winter,4.63,160.0,22.33,3.1178405701296206,9.9,0.0,220.161667664938,21.073897587203227,0.0,241.2355652521412,1.546049881506773
2024-02-21 08:00:00+00:00,2024,winter,7.202,190.0,22.33,1.537929029671441,11.3,2.0,147.81984607446353,20.747988931156307,0.0286,168.53923500561982,1.292270240006383
2024-02-21 09:00:00+00:00,2024,winter,7.202,200.0,22.33,0.2927970505071979,11.9,96.0,67.59746978774314,20.606832543192034,1.3728,86.83150233093518,0.9275588882318734
2024-02-21 10:00:00+00:00,2024,winter,11.318,240.0,22.33,6.916573229673738,10.6,61.0,356.3670136576095,20.911546258921337,0.8723,376.40625991653087,1.931217786093456
2024-02-21 11:00:00+00:00,2024,winter,12.861,260.0,22.33,10.867312616289926,9.2,77.0,481.4025582113569,21.235048858962156,1.1011,501.5365070703191,2.2292260493066793
2024-02-21 12:00:00+00:00,2024,winter,10.803,260.0,22.33,9.128339802020065,10.0,129.0,426.9671799727939,21.050778151606515,1.8447,446.1732581244004,2.1025900370339046
2024-02-21 13:00:00+00:00,2024,winter,10.289,260.0,22.33,8.694019089418166,10.2,104.0,413.0211914671464,21.004465738399713,1.4872,432.53845720554614,2.0702137903244453
2024-02-21 14:00:00+00:00,2024,winter,8.746,260.0,22.33,7.390211969681338,10.3,177.0,372.9866149781032,20.981272726155126,2.5311,391.43678770425834,1.969398728461101
2024-02-21 15:00:00+00:00,2024,winter,8.746,260.0,22.33,7.390211969681338,9.8,191.0,375.86904631487374,21.096992531874935,2.7313,394.2347388467487,1.9764247284371002
2024-02-21 16:00:00+00:00,2024,winter,9.26,250.0,22.33,6.8457198830375185,6.7,104.0,375.5508313032163,21.80088246721757,1.4872,395.86451377043386,1.9805058062249306
2024-02-21 17:00:00+00:00,2024,winter,8.231,240.0,22.33,5.0300684090338,7.2,4.0,308.14942655385175,21.688921334707125,0.0572,329.78114788855885,1.8076558312116096
2024-02-21 18:00:00+00:00,2024,winter,6.688,230.0,22.33,3.105762679060791,7.0,0.0,229.4182204401823,21.733777745543822,0.0,251.15199818572611,1.5775064829213077
2024-02-21 19:00:00+00:00,2024,winter,4.63,200.0,22.33,0.1882324831780514,6.5,0.0,59.72817456488656,21.845499218328904,0.0,81.57367378321547,0.8990375778642262
2024-02-21 20:00:00+00:00,2024,winter,6.688,200.0,22.33,0.27190039902695634,7.4,0.0,69.9620753272536,21.64396882019225,0.0,91.60604414744586,0.9527191580176825
2024-02-21 21:00:00+00:00,2024,winter,10.289,200.0,22.33,0.4182989242805553,7.6,0.0,85.26164766140286,21.598920064830704,0.0,106.86056772623357,1.0289909908310169
2024-02-21 22:00:00+00:00,2024,winter,8.231,230.0,22.33,3.8222985363859707,7.0,0.0,260.82218156752026,21.733777745543822,0.0,282.5559593130641,1.6732277917793934
2024-02-21 23:00:00+00:00,2024,winter,7.202,230.0,22.33,3.344453172038848,4.4,0.0,249.34268394229474,22.308227885326158,0.0,271.6509118276209,1.6406215709316025
2024-02-22 00:00:00+00:00,2024,winter,4.63,220.0,22.33,1.405363377886554,5.3,0.0,155.08981600243592,22.111196395526413,0.0,177.20101239796233,1.3250611875014024
2024-02-22 01:00:00+00:00,2024,winter,5.144,230.0,22.33,2.388762443344604,6.0,0.0,197.9333552045674,21.95662303860351,0.0,219.8899782431709,1.4760652360550195
2024-02-22 02:00:00+00:00,2024,winter,5.659,210.0,22.33,0.7552913911981936,5.2,0.0,116.28877505057967,22.133183361931994,0.0,138.42195841251166,1.1711305996569379
2024-02-22 03:00:00+00:00,2024,winter,5.659,210.0,22.33,0.7552913911981936,5.1,0.0,116.45537788016505,22.155146643995685,0.0,138.61052452416072,1.1719280178863218
2024-02-22 04:00:00+00:00,2024,winter,5.144,230.0,22.33,2.388762443344604,4.8,0.0,201.3756744255164,22.220894554251082,0.0,223.59656897976748,1.4884539446883467
2024-02-22 05:00:00+00:00,2024,winter,4.116,240.0,22.33,2.515339760853252,3.9,0.0,210.5704082508842,22.41686483729278,0.0,232.987273088177,1.5193888428861253
2024-02-22 06:00:00+00:00,2024,winter,6.688,240.0,22.33,4.0871215550501825,3.5,0.0,285.8387443363716,22.50335195173534,0.0,308.3420962881069,1.7479107128172526
2024-02-22 07:00:00+00:00,2024,winter,6.173,250.0,22.33,4.5635668291566525,3.5,0.0,305.9955954126801,22.50335195173534,0.0,328.4989473644154,1.8041382945679734
2024-02-22 08:00:00+00:00,2024,winter,5.659,220.0,22.33,1.71770007677322,2.7,18.6,176.6463855272354,22.675204257553204,0.26598000000000005,199.0556097847886,1.40439748963182
2024-02-22 09:00:00+00:00,2024,winter,6.688,230.0,22.33,3.105762679060791,3.4,155.01,241.56389093407427,22.524915198234023,2.216643,261.8721631323083,1.610821811583665
2024-02-22 10:00:00+00:00,2024,winter,6.688,240.0,22.33,4.0871215550501825,5.1,279.01,279.44235285471854,22.155146643995685,3.989843,297.6076564987142,1.7172158319261794
2024-02-22 11:00:00+00:00,2024,winter,7.717,250.0,22.33,5.705012995399625,4.8,286.0,344.87579886878916,22.220894554251082,4.0898,363.0068934230402,1.8965324149820855
2024-02-22 12:00:00+00:00,2024,winter,8.231,240.0,22.33,5.0300684090338,5.3,140.0,316.7848824602282,22.111196395526413,2.0020000000000002,336.89407885575457,1.8270461724043456
2024-02-22 13:00:00+00:00,2024,winter,6.688,250.0,22.33,4.944295310772669,5.5,407.01,312.5362019942608,22.067151341600617,5.820243,328.7831103358614,1.8049184469574202
2024-02-22 14:00:00+00:00,2024,winter,7.202,240.0,22.33,4.401233468820487,6.4,187.0,287.08605945067103,21.867771726202193,2.6741,306.2797311768732,1.7420554012324687
2024-02-22 15:00:00+00:00,2024,winter,7.202,230.0,22.33,3.344453172038848,6.6,166.0,241.57279860698247,21.82320280436743,2.3738,261.0222014113499,1.6082055548088758
2024-02-22 16:00:00+00:00,2024,winter,8.746,240.0,22.33,5.344791435476809,6.7,171.0,322.28561400478003,21.80088246721757,2.4453,341.6411964719976,1.8398734434004838
2024-02-22 17:00:00+00:00,2024,winter,6.173,230.0,22.33,2.866607807691726,5.2,48.07,224.11350324442645,22.133183361931994,0.687401,245.55928560635846,1.5598434529357217
2024-02-22 18:00:00+00:00,2024,winter,6.688,220.0,22.33,2.030036775659886,4.7,0.0,185.66632662781757,22.242763269032263,0.0,207.90908989684982,1.4352897139167045
2024-02-22 19:00:00+00:00,2024,winter,7.717,230.0,22.33,3.583608043407913,3.6,0.0,263.1644899752274,22.481765309311722,0.0,285.6462552845391,1.682352900687932
2024-02-22 20:00:00+00:00,2024,winter,6.688,230.0,22.33,3.105762679060791,4.5,0.0,237.85271383871842,22.286429917588812,0.0,260.13914375630725,1.6054829102160217
2024-02-22 21:00:00+00:00,2024,winter,7.202,230.0,22.33,3.344453172038848,3.5,0.0,252.5212733976498,22.50335195173534,0.0,275.02462534938513,1.650777818650787
2024-02-22 22:00:00+00:00,2024,winter,6.173,230.0,22.33,2.866607807691726,3.7,0.0,228.92969600755885,22.460155254046388,0.0,251.38985126160523,1.578253293572437
2024-02-22 23:00:00+00:00,2024,winter,6.173,240.0,22.33,3.7723985286071735,4.6,0.0,267.8436289280901,22.264608384483488,0.0,290.1082373125736,1.6954417131597836
2024-02-23 00:00:00+00:00,2024,winter,6.688,240.0,22.33,4.0871215550501825,4.4,0.0,282.24077412794173,22.308227885326158,0.0,304.5490020132679,1.7371264144377645
2024-02-23 01:00:00+00:00,2024,winter,10.289,270.0,22.33,9.517437240525824,5.5,0.0,468.4564069441247,22.067151341600617,0.0,490.5235582857253,2.2046150548876784
2024-02-23 02:00:00+00:00,2024,winter,6.173,260.0,22.33,5.216073460878447,4.7,0.0,326.7628958053811,22.242763269032263,0.0,349.00565907441336,1.8595979909733573
2024-02-23 03:00:00+00:00,2024,winter,5.144,220.0,22.33,1.5613799602264435,3.7,0.0,166.62706244894204,22.460155254046388,0.0,189.08721770298843,1.368780846876184
2024-02-23 04:00:00+00:00,2024,winter,6.688,230.0,22.33,3.105762679060791,3.9,0.0,239.87699225436705,22.41686483729278,0.0,262.29385709165985,1.612118246798315
2024-02-23 05:00:00+00:00,2024,winter,6.688,230.0,22.33,3.105762679060791,4.1,0.0,239.2022327824842,22.3734805660179,0.0,261.5757133485021,1.6099097959769362
2024-02-23 06:00:00+00:00,2024,winter,7.717,230.0,22.33,3.583608043407913,3.8,0.0,262.4273345411232,22.4385217690164,0.0,284.8658563101396,1.6800531953503903
2024-02-23 07:00:00+00:00,2024,winter,7.202,230.0,22.33,3.344453172038848,3.7,0.0,251.81492018534865,22.460155254046388,0.0,274.27507543939504,1.6485267755414952
2024-02-23 08:00:00+00:00,2024,winter,7.202,250.0,22.33,5.324284513783607,2.3,10.0,342.233777845749,22.760571610756376,0.14300000000000002,364.8513494565054,1.9013444977608953
2024-02-23 09:00:00+00:00,2024,winter,4.116,230.0,22.33,1.911381457388489,3.9,124.0,182.58221630133832,22.41686483729278,1.7732,203.2258811386311,1.4190324974738304
2024-02-23 10:00:00+00:00,2024,winter,7.202,230.0,22.33,3.344453172038848,2.8,154.0,254.9935096407037,22.65380430937245,2.2022,275.4451139500762,1.652039284127749
2024-02-23 11:00:00+00:00,2024,winter,3.601,210.0,22.33,0.48061570943712584,4.0,225.0,95.82022782234235,22.395184441940355,3.2175000000000002,114.9979122642827,1.067450664230358
2024-02-23 12:00:00+00:00,2024,winter,4.63,220.0,22.33,1.405363377886554,7.3,214.0,150.63960607410203,21.66645709898019,3.0602,169.24586317308223,1.2949764330643512
2024-02-23 13:00:00+00:00,2024,winter,7.202,230.0,22.33,3.344453172038848,6.6,195.0,241.57279860698247,21.82320280436743,2.7885,260.6075014113499,1.606927525689805
2024-02-23 14:00:00+00:00,2024,winter,6.688,230.0,22.33,3.105762679060791,7.2,128.0,228.7434609682994,21.688921334707125,1.8304,248.6019823030065,1.5694776207264654
2024-02-23 15:00:00+00:00,2024,winter,8.231,230.0,22.33,3.8222985363859707,6.0,111.0,264.65780188468966,21.95662303860351,1.5873,285.0271249232932,1.6805286849667957
2024-02-23 16:00:00+00:00,2024,winter,7.717,240.0,22.33,4.715956495263495,5.2,48.0,304.84604007193815,22.133183361931994,0.6864,326.2928234338701,1.7980699986414195
2024-02-23 17:00:00+00:00,2024,winter,7.717,240.0,22.33,4.715956495263495,4.6,19.0,307.46649313845916,22.264608384483488,0.2717,329.45940152294264,1.806773808958283
2024-02-23 18:00:00+00:00,2024,winter,6.688,240.0,22.33,4.0871215550501825,4.6,0.0,281.4412251927351,22.264608384483488,0.0,303.7058335772186,1.7347200605565283
2024-02-23 19:00:00+00:00,2024,winter,6.173,230.0,22.33,2.866607807691726,4.4,0.0,226.68213938476373,22.308227885326158,0.0,248.99036727008988,1.5707031210590496
2024-02-23 20:00:00+00:00,2024,winter,5.659,230.0,22.33,2.6279173147136685,4.3,0.0,215.12874675077552,22.33000230466733,0.0,237.45874905544287,1.533899555501036
2024-02-23 21:00:00+00:00,2024,winter,5.144,230.0,22.33,2.388762443344604,3.5,0.0,205.10485358154446,22.50335195173534,0.0,227.6082055332798,1.5017470628142335
2024-02-23 22:00:00+00:00,2024,winter,4.116,230.0,22.33,1.911381457388489,2.9,0.0,185.1501799623979,22.63238108351313,0.0,207.78256104591105,1.4348529047395695
2024-02-23 23:00:00+00:00,2024,winter,2.572,230.0,22.33,1.194381221672302,2.3,0.0,149.95606424913035,22.760571610756376,0.0,172.71663585988674,1.3081872708058335
2024-02-24 00:00:00+00:00,2024,winter,1.543,240.0,22.33,0.9429468539836171,2.5,0.0,133.94609262882756,22.71793438834439,0.0,156.66402701717195,1.245912309675706
2024-02-24 01:00:00+00:00,2024,winter,4.116,230.0,22.33,1.911381457388489,4.0,0.0,182.32541993523236,22.395184441940355,0.0,204.72060437717272,1.4242414182638896
2024-02-24 02:00:00+00:00,2024,winter,1.543,280.0,22.33,1.507409004706038,4.0,0.0,163.22814450920797,22.395184441940355,0.0,185.62332895114832,1.3561855487305428
2024-02-24 03:00:00+00:00,2024,winter,1.029,190.0,22.33,0.21973465308690818,3.1,0.0,67.38055996517603,22.589464731256644,0.0,89.97002469643267,0.9441733840571327
2024-02-24 04:00:00+00:00,2024,winter,1.543,190.0,22.33,0.3294952086619041,2.2,0.0,82.4005407403502,22.781855423440206,0.0,105.1823961637904,1.0208792202231214
2024-02-24 05:00:00+00:00,2024,winter,1.029,150.0,22.33,0.8144983842629275,1.7,0.0,126.49105666282742,22.88792717494678,0.0,149.3789838377742,1.216599361492007
2024-02-24 06:00:00+00:00,2024,winter,2.058,220.0,22.33,0.6246733977733322,2.8,0.0,110.10131373010242,22.65380430937245,0.0,132.75511803947487,1.1469077050990775
2024-02-24 07:00:00+00:00,2024,winter,4.63,310.0,22.33,4.411559109441388,5.9,0.0,289.59760897313737,21.97877627232493,0.0,311.5763852454623,1.7570539679739776
2024-02-24 08:00:00+00:00,2024,winter,6.173,320.0,22.33,5.467036553461193,5.5,6.0,332.5634614582717,22.067151341600617,0.0858,354.5448127998723,1.8742969638947697
2024-02-24 09:00:00+00:00,2024,winter,4.116,350.0,22.33,2.2012156198158896,5.1,52.0,191.70742809593847,22.155146643995685,0.7436,213.11897473993417,1.4531615326110792
2024-02-24 10:00:00+00:00,2024,winter,1.543,360.0,22.33,0.5862482627365434,5.7,63.0,102.59831911264884,22.02301134597912,0.9009,123.72043045862796,1.107193544555904
2024-02-24 11:00:00+00:00,2024,winter,2.572,330.0,22.33,2.0358501888476668,6.4,108.0,181.4181217468974,21.867771726202193,1.5444,201.7414934730996,1.4138406026744383
2024-02-24 12:00:00+00:00,2024,winter,2.058,280.0,22.33,2.010529962206757,7.9,152.0,176.41935760410243,21.531166179904194,2.1736,195.77692378400664,1.3927834062275166
2024-02-24 13:00:00+00:00,2024,winter,2.058,270.0,22.33,1.9036724502869224,8.3,128.0,170.96090603349217,21.44048954173325,1.8304,190.57099557522542,1.374140802023385
2024-02-24 14:00:00+00:00,2024,winter,4.116,270.0,22.33,3.807344900573845,8.8,130.0,253.3036960534652,21.32659878112227,1.859,272.7712948345875,1.6440013371698399
2024-02-24 15:00:00+00:00,2024,winter,4.116,260.0,22.33,3.477945628539719,8.9,180.0,239.16517813770574,21.30374779510149,2.574,257.8949259328072,1.598542666836646
2024-02-24 16:00:00+00:00,2024,winter,3.601,270.0,22.33,3.33096428254772,8.6,62.0,233.9242951150399,21.372227867579472,0.8866,254.4099229826194,1.5877051629806374
2024-02-24 17:00:00+00:00,2024,winter,3.087,270.0,22.33,2.855508675430384,7.1,20.0,217.49094105779236,21.711361544516034,0.28600000000000003,238.91630260230838,1.5385999938231492
2024-02-24 18:00:00+00:00,2024,winter,2.058,240.0,22.33,1.257669880426626,6.4,0.0,144.94498025624912,21.867771726202193,0.0,166.81275198245132,1.2856343199546538
2024-02-24 19:00:00+00:00,2024,winter,1.543,230.0,22.33,0.7165358573251795,5.4,0.0,113.14389213905517,22.08918572775824,0.0,135.2330778668134,1.1575621028614282
2024-02-24 20:00:00+00:00,2024,winter,2.058,130.0,22.33,1.9609046754277273,4.2,0.0,183.9920161565079,22.35175319257806,0.0,206.34376934908596,1.4298764507617185
2024-02-24 21:00:00+00:00,2024,winter,3.087,120.0,22.33,3.059381286659193,4.4,0.0,235.9854759569897,22.308227885326158,0.0,258.29370384231584,1.5997780871664924
2024-02-24 22:00:00+00:00,2024,winter,2.572,120.0,22.33,2.548988878939891,3.7,0.0,212.904049653461,22.460155254046388,0.0,235.36420490750737,1.5271195640852886
2024-02-24 23:00:00+00:00,2024,winter,3.601,110.0,22.33,3.5980228559312364,3.9,0.0,262.7096990950236,22.41686483729278,0.0,285.1265639323164,1.6808218071292835
2024-02-25 00:00:00+00:00,2024,winter,3.601,110.0,22.33,3.5980228559312364,3.7,0.0,263.44868559036826,22.460155254046388,0.0,285.90884084441467,1.6831259899415865
2024-02-25 01:00:00+00:00,2024,winter,3.087,110.0,22.33,3.0844478079032847,3.7,0.0,239.53014871579302,22.460155254046388,0.0,261.99030396983943,1.6111851231649925
2024-02-25 02:00:00+00:00,2024,winter,3.087,100.0,22.33,3.015794943310136,3.6,0.0,236.55249583403116,22.481765309311722,0.0,259.03426114334286,1.6020698181556294
2024-02-25 03:00:00+00:00,2024,winter,3.087,80.0,22.33,2.6084592214047895,3.8,0.0,215.6573889043755,22.4385217690164,0.0,238.0959106733919,1.535956096249555
2024-02-25 04:00:00+00:00,2024,winter,4.63,110.0,22.33,4.626172125232331,3.4,0.0,309.0146661781913,22.524915198234023,0.0,331.5395813764253,1.8124687451695196
2024-02-25 05:00:00+00:00,2024,winter,4.116,110.0,22.33,4.112597077204379,3.5,0.0,286.93850769099953,22.50335195173534,0.0,309.44185964273487,1.75102507372765
2024-02-25 06:00:00+00:00,2024,winter,4.63,100.0,22.33,4.523203948016174,3.5,0.0,304.32019955819607,22.50335195173534,0.0,326.8235515099314,1.7995317201868595
2024-02-25 07:00:00+00:00,2024,winter,3.601,90.0,22.33,3.33096428254772,3.8,0.0,250.83448512335602,22.4385217690164,0.0,273.2730068923724,1.6455125599126823
2024-02-25 08:00:00+00:00,2024,winter,2.572,80.0,22.33,2.1732935268717584,4.1,22.8,193.29668379945514,22.3734805660179,0.32604,215.34412436547302,1.4607279763517669
2024-02-25 09:00:00+00:00,2024,winter,3.601,80.0,22.33,3.0427799340066883,4.6,174.01,234.52700642709715,22.264608384483488,2.488343,254.30327181158066,1.5873723371951862
2024-02-25 10:00:00+00:00,2024,winter,3.087,70.0,22.33,2.2821530538808656,5.3,260.01,194.3787788050083,22.111196395526413,3.718143,212.7718322005347,1.4519775465889173
2024-02-25 11:00:00+00:00,2024,winter,4.116,80.0,22.33,3.477945628539719,6.7,293.0,247.1252899667973,21.80088246721757,4.1899,264.73627243401484,1.61960667722674
2024-02-25 12:00:00+00:00,2024,winter,4.63,70.0,22.33,3.4228599415187584,7.2,287.0,242.90764332509323,21.688921334707125,4.1041,260.49246465980036,1.606572823454301
2024-02-25 13:00:00+00:00,2024,winter,4.63,70.0,22.33,3.4228599415187584,8.1,245.0,239.68320558183981,21.485876221672026,3.5035,257.6655818035119,1.5978317224116272
2024-02-25 14:00:00+00:00,2024,winter,4.116,50.0,22.33,1.9113814573884882,8.0,156.0,172.05356529099393,21.508533282404716,2.2308,191.33129857339867,1.3768792129598373
2024-02-25 15:00:00+00:00,2024,winter,4.63,50.0,22.33,2.1500719503665455,8.6,242.0,180.12424538076272,21.372227867579472,3.4606,198.0358732483422,1.40079559596306
2024-02-25 16:00:00+00:00,2024,winter,6.173,30.0,22.33,0.8238935779937167,7.8,202.01,116.5859494746215,21.553774931356237,2.888743,135.25098140597774,1.1576387252857903
2024-02-25 17:00:00+00:00,2024,winter,4.63,30.0,22.33,0.6179535503176589,7.8,60.0,101.96137668529332,21.553774931356237,0.858,122.65715161664954,1.102425553581097
2024-02-25 18:00:00+00:00,2024,winter,4.116,30.0,22.33,0.5493513635221347,6.9,0.0,97.81338942869777,21.756169954921255,0.0,119.56955938361904,1.0884616905395694
2024-02-25 19:00:00+00:00,2024,winter,5.659,20.0,22.33,0.2300664411025048,5.6,0.0,66.44527396009444,22.045093220020593,0.0,88.49036718011503,0.9363772041688048
2024-02-25 20:00:00+00:00,2024,winter,4.63,30.0,22.33,0.6179535503176589,5.4,0.0,105.60285442405377,22.08918572775824,0.0,127.69204015181202,1.1248244468470499
2024-02-25 21:00:00+00:00,2024,winter,2.572,350.0,22.33,1.3754923649578399,5.1,0.0,153.98545107953868,22.155146643995685,0.0,176.14059772353437,1.3210904912845094
2024-02-25 22:00:00+00:00,2024,winter,2.058,10.0,22.33,0.4394693061738171,4.6,0.0,91.12936888761048,22.264608384483488,0.0,113.39397727209396,1.0599803832571113
2024-02-25 23:00:00+00:00,2024,winter,2.572,10.0,22.33,0.5492298617488133,4.5,0.0,101.25012013128122,22.286429917588812,0.0,123.53655004887003,1.1063704512907016
2024-02-26 00:00:00+00:00,2024,winter,3.601,350.0,22.33,1.9257962699118123,5.1,0.0,180.13022636763017,22.155146643995685,0.0,202.28537301162586,1.4157451226499158
2024-02-26 01:00:00+00:00,2024,winter,4.116,350.0,22.33,2.2012156198158896,5.0,0.0,191.98168764972377,22.177086258732125,0.0,214.15877390845588,1.4567021784280536
2024-02-26 02:00:00+00:00,2024,winter,4.116,350.0,22.33,2.2012156198158896,5.1,0.0,191.70742809593847,22.155146643995685,0.0,213.86257473993416,1.4556944605083035
2024-02-26 03:00:00+00:00,2024,winter,2.058,360.0,22.33,0.7819176440128361,4.5,0.0,119.3666894429356,22.286429917588812,0.0,141.6531193605244,1.1847205046441658
2024-02-26 04:00:00+00:00,2024,winter,2.058,360.0,22.33,0.7819176440128361,4.5,0.0,119.3666894429356,22.286429917588812,0.0,141.6531193605244,1.1847205046441658
2024-02-26 05:00:00+00:00,2024,winter,4.116,360.0,22.33,1.5638352880256723,4.3,0.0,165.3458975426161,22.33000230466733,0.0,187.6758998472834,1.363663094802109
2024-02-26 06:00:00+00:00,2024,winter,4.63,360.0,22.33,1.7591247287557976,5.1,0.0,172.68968889411997,22.155146643995685,0.0,194.84483553811566,1.3894639498898391
2024-02-26 07:00:00+00:00,2024,winter,2.572,10.0,22.33,0.5492298617488133,4.0,0.0,101.9682060896591,22.395184441940355,0.0,124.36339053159946,1.1100667917024678
2024-02-26 08:00:00+00:00,2024,winter,1.543,340.0,22.33,1.0390557234794826,4.8,17.0,135.69748892360542,22.220894554251082,0.2431,157.6752834778565,1.24992698435548
2024-02-26 09:00:00+00:00,2024,winter,4.116,340.0,22.33,2.7717131288668506,5.4,174.0,218.8702233338158,22.08918572775824,2.4882,238.47120906157403,1.5371661440628952
2024-02-26 10:00:00+00:00,2024,winter,1.543,10.0,22.33,0.3294952086619047,6.6,309.01,77.42028827802139,21.82320280436743,4.418843,94.82464808238882,0.9693116971361253
2024-02-26 11:00:00+00:00,2024,winter,2.572,320.0,22.33,2.2778580942009055,6.8,338.01,189.97430249802522,21.77853818977298,4.833543,206.9192976877982,1.4318691481744854
2024-02-26 12:00:00+00:00,2024,winter,3.601,340.0,22.33,2.424912287912908,7.9,426.01,194.278022555852,21.531166179904194,6.091943,209.71724573575622,1.441517458217338
2024-02-26 13:00:00+00:00,2024,winter,3.087,310.0,22.33,2.941357013141591,8.7,428.01,216.28930117440157,21.34942546620337,6.120543,231.51818364060495,1.514591053182188
2024-02-26 14:00:00+00:00,2024,winter,3.601,320.0,22.33,3.1891784592602876,9.0,398.01,226.34789117072486,21.280872490900176,5.691543,241.93722066162505,1.548296661746521
2024-02-26 15:00:00+00:00,2024,winter,4.116,320.0,22.33,3.645281460237529,9.0,317.01,245.84010903605247,21.280872490900176,4.533243,262.5877385269526,1.6130211253426356
2024-02-26 16:00:00+00:00,2024,winter,5.144,280.0,22.33,5.025347971618833,8.4,209.01,302.51987215746726,21.417759888125,2.9888429999999997,320.94878904559226,1.783284786324062
2024-02-26 17:00:00+00:00,2024,winter,5.144,270.0,22.33,4.7582561148085185,7.6,70.0,295.99314341007164,21.598920064830704,1.0010000000000001,316.59106347490234,1.7711370157700153
2024-02-26 18:00:00+00:00,2024,winter,4.116,260.0,22.33,3.477945628539719,6.1,0.0,249.29622955654958,21.93444598420321,0.0,271.23067554075277,1.6393520821631908
2024-02-26 19:00:00+00:00,2024,winter,2.572,190.0,22.33,0.5492298617488124,5.1,0.0,100.38841698122772,22.155146643995685,0.0,122.54356362522341,1.1019149787512625
2024-02-26 20:00:00+00:00,2024,winter,2.572,180.0,22.33,0.9772070847429618,4.9,0.0,131.68392928133298,22.199002223149794,0.0,153.88293150448277,1.234804090142279
2024-02-26 21:00:00+00:00,2024,winter,2.572,200.0,22.33,0.1045645673291465,5.5,0.0,46.07857103455185,22.067151341600617,0.0,68.14572237615246,0.821716738307525
2024-02-26 22:00:00+00:00,2024,winter,3.087,210.0,22.33,0.4120135226416017,6.2,0.0,86.42078032525514,21.912245092054423,0.0,108.33302541730956,1.0360560944209818
2024-02-26 23:00:00+00:00,2024,winter,5.144,200.0,22.33,0.209129134658293,6.6,0.0,62.639787769026704,21.82320280436743,0.0,84.46299057339414,0.9148208643026767
2024-02-27 00:00:00+00:00,2024,winter,6.173,200.0,22.33,0.25096309258274546,6.6,0.0,68.19543364723093,21.82320280436743,0.0,90.01863645159835,0.9444284230405352
2024-02-27 01:00:00+00:00,2024,winter,7.202,200.0,22.33,0.2927970505071979,6.9,0.0,72.95384615761185,21.756169954921255,0.0,94.71001611253311,0.9687256274126086
2024-02-27 02:00:00+00:00,2024,winter,6.688,200.0,22.33,0.27190039902695634,7.8,0.0,69.54809855016927,21.553774931356237,0.0,91.1018734815255,0.950093808445796
2024-02-27 03:00:00+00:00,2024,winter,6.688,200.0,22.33,0.27190039902695634,7.7,0.0,69.65159274444035,21.57635955394056,0.0,91.22795229838091,0.9507510138532063
2024-02-27 04:00:00+00:00,2024,winter,7.202,210.0,22.33,0.9612314188742517,8.5,0.0,123.9653964559237,21.395006002479192,0.0,145.3604024584029,1.2001233681246053
2024-02-27 05:00:00+00:00,2024,winter,6.688,210.0,22.33,0.8926292320787275,8.2,0.0,120.30126595244651,21.46319498051422,0.0,141.76446093296073,1.1851860176314424
2024-02-27 06:00:00+00:00,2024,winter,8.231,230.0,22.33,3.8222985363859707,8.8,0.0,253.91806499661533,21.32659878112227,0.0,275.2446637777376,1.6514380539520221
2024-02-27 07:00:00+00:00,2024,winter,10.289,230.0,22.33,4.777989265080215,9.2,0.0,289.7066161773724,21.235048858962156,0.0,310.94166503633454,1.7552633858505102
2024-02-27 08:00:00+00:00,2024,winter,10.289,240.0,22.33,6.2877382894604255,8.5,27.59,346.9366852775331,21.395006002479192,0.394537,367.9371542800123,1.9093680729828635
2024-02-27 09:00:00+00:00,2024,winter,9.26,290.0,22.33,9.252344250464661,8.8,69.0,438.49091169118094,21.32659878112227,0.9867,458.8308104723032,2.132205799784137
2024-02-27 10:00:00+00:00,2024,winter,9.774,290.0,22.33,9.765919298492614,8.9,111.0,452.6923751402196,21.30374779510149,1.5873,472.4088229353211,2.163524581166882
2024-02-27 11:00:00+00:00,2024,winter,10.289,280.0,22.33,10.051672877135726,9.1,101.0,459.43885160959695,21.25797285127141,1.4443,479.25252446086836,2.179139527238112
2024-02-27 12:00:00+00:00,2024,winter,9.26,280.0,22.33,9.046407896032347,8.9,52.0,431.78021182414915,21.30374779510149,0.7436,452.34035961925065,2.117071390615081
2024-02-27 13:00:00+00:00,2024,winter,8.746,280.0,22.33,8.544263872429688,9.9,113.0,410.5016704074033,21.073897587203227,1.6159000000000001,429.95966799460655,2.064033269330654
2024-02-27 14:00:00+00:00,2024,winter,10.289,280.0,22.33,10.051672877135726,8.6,104.0,462.9247306051174,21.372227867579472,1.4872,482.8097584726969,2.187211866757802
2024-02-27 15:00:00+00:00,2024,winter,8.746,270.0,22.33,8.090145408265027,9.4,109.0,399.92619834785125,21.189127747259363,1.5587,419.55662609511063,2.0389103289134236
2024-02-27 16:00:00+00:00,2024,winter,8.746,280.0,22.33,8.544263872429688,8.4,86.0,419.96023424167527,21.417759888125,1.2298,440.14819412980023,2.0883452363055475
2024-02-27 17:00:00+00:00,2024,winter,6.688,280.0,22.33,6.533733910222931,8.7,35.0,354.1949016818833,21.34942546620337,0.5005000000000001,375.04382714808673,1.9277195185129719
2024-02-27 18:00:00+00:00,2024,winter,7.717,280.0,22.33,7.538998891326309,8.2,0.0,389.86596334721065,21.46319498051422,0.0,411.3291583277249,2.0188199242616767
2024-02-27 19:00:00+00:00,2024,winter,5.659,270.0,22.33,5.234636732834643,7.7,0.0,313.5060716437486,21.57635955394056,0.0,335.0824311976892,1.822127080671349
2024-02-27 20:00:00+00:00,2024,winter,4.116,230.0,22.33,1.911381457388489,6.9,0.0,174.87832531815948,21.756169954921255,0.0,196.63449527308074,1.3958305125679438
2024-02-27 21:00:00+00:00,2024,winter,4.63,230.0,22.33,2.1500719503665464,7.5,0.0,183.10823137351633,21.62145648119416,0.0,204.7296878547105,1.424273014793875
2024-02-27 22:00:00+00:00,2024,winter,4.63,230.0,22.33,2.1500719503665464,7.6,0.0,182.83695991962963,21.598920064830704,0.0,204.43587998446034,1.423250659737749
2024-02-27 23:00:00+00:00,2024,winter,3.601,220.0,22.33,1.093026678999888,7.3,0.0,133.9897584096383,21.66645709898019,0.0,155.65621550861852,1.2418983995136534
2024-02-28 00:00:00+00:00,2024,winter,3.601,200.0,22.33,0.14639852525359895,7.5,0.0,52.35098722806212,21.62145648119416,0.0,73.97244370925628,0.8561262568988394
2024-02-28 01:00:00+00:00,2024,winter,5.144,210.0,22.33,0.686555737113184,7.7,0.0,107.2474530913431,21.57635955394056,0.0,128.82381264528365,1.1297982766752177
2024-02-28 02:00:00+00:00,2024,winter,5.144,190.0,22.33,1.0984597234976248,7.5,0.0,133.90296109356504,21.62145648119416,0.0,155.52441757475918,1.2413725152592014
2024-02-28 03:00:00+00:00,2024,winter,4.116,200.0,22.33,0.16733583169780986,7.4,0.0,55.79819433378024,21.64396882019225,0.0,77.44216315397249,0.8759747171366904
2024-02-28 04:00:00+00:00,2024,winter,4.116,170.0,22.33,2.201215619815889,6.7,0.0,187.31927523537334,21.80088246721757,0.0,209.12015770259092,1.4394639162433784
2024-02-28 05:00:00+00:00,2024,winter,5.144,160.0,22.33,3.463968011392391,6.4,0.0,247.5938050390328,21.867771726202193,0.0,269.461576765235,1.6339970087896747
2024-02-28 06:00:00+00:00,2024,winter,5.659,140.0,22.33,5.011819189379053,5.8,0.0,313.80673001568664,22.000905702430984,0.0,335.80763571811764,1.8240977906743983
2024-02-28 07:00:00+00:00,2024,winter,6.173,180.0,22.33,2.345372991492342,7.8,0.0,190.5983973111822,21.553774931356237,0.0,212.15217224253843,1.449861692320767
2024-02-28 08:00:00+00:00,2024,winter,8.746,200.0,22.33,0.3555683148758613,8.5,30.57,77.98889882354791,21.395006002479192,0.437151,98.9467538260271,0.9901559673743968
2024-02-28 09:00:00+00:00,2024,winter,7.202,210.0,22.33,0.9612314188742517,9.6,101.0,121.91484102582572,21.14310901764511,1.4443,141.61365004347084,1.184555441682203
2024-02-28 10:00:00+00:00,2024,winter,6.173,230.0,22.33,2.866607807691726,11.8,205.0,202.92225508664404,20.63042060186722,2.9315,220.62117568851127,1.4785173700389418
2024-02-28 11:00:00+00:00,2024,winter,7.202,230.0,22.33,3.344453172038848,12.0,162.0,222.50126187485228,20.58321964626876,2.3166,240.76788152112104,1.5445504898917664
2024-02-28 12:00:00+00:00,2024,winter,6.688,230.0,22.33,3.105762679060791,12.9,148.0,209.51281601963706,20.369582974770935,2.1164,227.765998994408,1.5022675291354033
2024-02-28 13:00:00+00:00,2024,winter,6.173,230.0,22.33,2.866607807691726,12.5,100.0,200.67469846384893,20.464781977655118,1.43,219.70948044150404,1.475459293871577
2024-02-28 14:00:00+00:00,2024,winter,4.63,210.0,22.33,0.6179535503176597,12.0,80.0,95.58879064246254,20.58321964626876,1.1440000000000001,115.0280102887313,1.0675903452629658
2024-02-28 15:00:00+00:00,2024,winter,6.173,210.0,22.33,0.8238935779937179,11.9,93.0,109.47281862869971,20.606832543192034,1.3299,128.74975117189175,1.1294734665606323
2024-02-28 16:00:00+00:00,2024,winter,8.746,230.0,22.33,4.061453407755036,11.6,88.0,252.47211299393368,20.677522274164204,1.2584,271.8912352680979,1.641347120965152
2024-02-28 17:00:00+00:00,2024,winter,7.202,220.0,22.33,2.186053357999776,11.3,40.0,174.14152593482504,20.747988931156307,0.5720000000000001,194.31751486598134,1.3875824797778136
2024-02-28 18:00:00+00:00,2024,winter,8.231,230.0,22.33,3.8222985363859707,11.0,0.0,245.4797002988426,20.81823298396238,0.0,266.297933282805,1.6243766267124966
2024-02-28 19:00:00+00:00,2024,winter,8.231,230.0,22.33,3.8222985363859707,10.8,0.0,246.2468243622765,20.864938915280412,0.0,267.1117632775569,1.6268568524021683
2024-02-28 20:00:00+00:00,2024,winter,9.26,240.0,22.33,5.658903349247113,9.9,0.0,318.2207833592251,21.073897587203227,0.0,339.29468094642834,1.8335440978861643
2024-02-28 21:00:00+00:00,2024,winter,9.774,240.0,22.33,5.973015263017416,8.3,0.0,337.11067014294656,21.44048954173325,0.0,358.5511596846798,1.8848569684903782
2024-02-28 22:00:00+00:00,2024,winter,9.26,240.0,22.33,5.658903349247113,7.7,0.0,328.974788326818,21.57635955394056,0.0,350.55114788075855,1.8637108371930313
2024-02-28 23:00:00+00:00,2024,winter,9.26,240.0,22.33,5.658903349247113,7.3,0.0,330.93006195728947,21.66645709898019,0.0,352.59651905626964,1.8691400536470244
2024-02-29 00:00:00+00:00,2024,winter,10.289,240.0,22.33,6.2877382894604255,6.5,0.0,357.37087130091754,21.845499218328904,0.0,379.2163705192464,1.9384132619814847
2024-02-29 01:00:00+00:00,2024,winter,9.774,240.0,22.33,5.973015263017416,6.4,0.0,346.7135228156841,21.867771726202193,0.0,368.5812945418863,1.911038688489037
2024-02-29 02:00:00+00:00,2024,winter,9.26,240.0,22.33,5.658903349247113,5.6,0.0,339.23997488679305,22.045093220020593,0.0,361.28506810681364,1.8920292236557659
2024-02-29 03:00:00+00:00,2024,winter,8.746,240.0,22.33,5.344791435476809,5.7,0.0,327.0042906373537,22.02301134597912,0.0,349.0273019833328,1.859655649760481
2024-02-29 04:00:00+00:00,2024,winter,9.26,230.0,22.33,4.300143900733093,5.4,0.0,287.1182061395535,22.08918572775824,0.0,309.20739186731174,1.7503615617596036
2024-02-29 05:00:00+00:00,2024,winter,9.26,230.0,22.33,4.300143900733093,5.4,0.0,287.1182061395535,22.08918572775824,0.0,309.20739186731174,1.7503615617596036
2024-02-29 06:00:00+00:00,2024,winter,8.231,240.0,22.33,5.0300684090338,5.2,0.0,317.2393801395111,22.133183361931994,0.0,339.3725635014431,1.8337545239749065
2024-02-29 07:00:00+00:00,2024,winter,8.746,240.0,22.33,5.344791435476809,4.8,0.0,331.25109960667,22.220894554251082,0.0,353.47199416092104,1.8714590939579838
2024-02-29 08:00:00+00:00,2024,winter,7.717,230.0,22.33,3.583608043407913,4.9,30.57,258.3729796535496,22.199002223149794,0.437151,280.1348308766994,1.6660437017505656
2024-02-29 09:00:00+00:00,2024,winter,8.746,230.0,22.33,4.061453407755036,5.6,101.0,276.3653728987224,22.045093220020593,1.4443,296.966166118743,1.7153641126190542
2024-02-29 10:00:00+00:00,2024,winter,7.717,220.0,22.33,2.342373474546552,6.5,205.0,194.13197458066506,21.845499218328904,2.9315,213.04597379899397,1.4529126311579204
2024-02-29 11:00:00+00:00,2024,winter,7.717,220.0,22.33,2.342373474546552,7.1,162.0,192.4315485259439,21.711361544516034,2.3166,211.82631007045993,1.4487477828200843
2024-02-29 12:00:00+00:00,2024,winter,8.231,220.0,22.33,2.498390056886442,7.7,148.0,198.48518633145184,21.57635955394056,2.1164,217.9451458853924,1.4695231571284166
2024-02-29 13:00:00+00:00,2024,winter,9.26,230.0,22.33,4.300143900733093,4.2,100.0,292.0685200385113,22.35175319257806,1.43,312.99027323108936,1.7610360822605378
2024-02-29 14:00:00+00:00,2024,winter,8.231,240.0,22.33,5.0300684090338,3.8,80.0,323.6023476494727,22.4385217690164,1.1440000000000001,344.8968694184891,1.8486192026165533
2024-02-29 15:00:00+00:00,2024,winter,5.659,230.0,22.33,2.6279173147136685,4.9,93.0,213.30304310083966,22.199002223149794,1.3299,234.17214532398944,1.523247419730698
2024-02-29 16:00:00+00:00,2024,winter,6.173,220.0,22.33,1.8737166591131098,5.6,88.0,176.57145524405894,22.045093220020593,1.2584,197.35814846407953,1.3983966176928708
2024-02-29 17:00:00+00:00,2024,winter,6.173,220.0,22.33,1.8737166591131098,4.6,40.0,179.1157125242327,22.264608384483488,0.5720000000000001,200.80832090871618,1.410566892152709
2024-02-29 18:00:00+00:00,2024,winter,5.144,200.0,22.33,0.209129134658293,4.1,0.0,64.9292536962572,22.3734805660179,0.0,87.30273426227511,0.9300723996448876
2024-02-29 19:00:00+00:00,2024,winter,5.659,190.0,22.33,1.208433821009537,3.5,0.0,148.2869388713847,22.50335195173534,0.0,170.79029082312005,1.3008715710698655
2024-02-29 20:00:00+00:00,2024,winter,4.116,150.0,22.33,3.25799353705171,2.8,0.0,250.89929305437187,22.65380430937245,0.0,273.5530973637443,1.6463556258939476
2024-02-29 21:00:00+00:00,2024,winter,4.116,150.0,22.33,3.25799353705171,3.3,0.0,249.1617633240784,22.546455065718437,0.0,271.70821838979685,1.6407946118087744
2024-02-29 22:00:00+00:00,2024,winter,5.659,170.0,22.33,3.0264040798197565,3.4,0.0,237.73047606547118,22.524915198234023,0.0,260.2553912637052,1.6058415885340676
2024-02-29 23:00:00+00:00,2024,winter,4.63,140.0,22.33,4.10049882431967,3.7,0.0,285.61539347030345,22.460155254046388,0.0,308.07554872434986,1.7471550552555846
2024-12-01 00:00:00+00:00,2024,winter,6.173,210.0,22.33,0.8238935779937179,12.2,0.0,108.95234563997371,20.535919267950497,0.0,129.48826490792422,1.1327081871217304
2024-12-01 01:00:00+00:00,2024,winter,6.173,190.0,22.33,1.3181943765845328,11.7,0.0,136.70837968367837,20.653983839718578,0.0,157.36236352339694,1.2486860753956157
2024-12-01 02:00:00+00:00,2024,winter,6.173,190.0,22.33,1.3181943765845328,12.3,0.0,135.41256565824068,20.512231751676453,0.0,155.92479740991712,1.2429693740072705
2024-12-01 03:00:00+00:00,2024,winter,6.688,200.0,22.33,0.27190039902695634,12.3,0.0,64.89085980797043,20.512231751676453,0.0,85.40309155964688,0.9198979053188489
2024-12-01 04:00:00+00:00,2024,winter,7.717,200.0,22.33,0.31373435695140883,12.2,0.0,69.47660261493998,20.535919267950497,0.0,90.01252188289047,0.9443963470683975
2024-12-01 05:00:00+00:00,2024,winter,7.202,200.0,22.33,0.2927970505071979,11.8,0.0,67.70459731514052,20.63042060186722,0.0,88.33501791700773,0.9355549146225525
2024-12-01 06:00:00+00:00,2024,winter,6.688,200.0,22.33,0.27190039902695634,11.6,0.0,65.61531916786802,20.677522274164204,0.0,86.29284144203223,0.9246773476862639
2024-12-01 07:00:00+00:00,2024,winter,5.659,200.0,22.33,0.23006644110250388,11.5,0.0,60.79646824878945,20.701035922616132,0.0,81.49750417140558,0.898617740597576
2024-12-01 08:00:00+00:00,2024,winter,4.63,200.0,22.33,0.1882324831780514,11.2,0.0,55.63003703999652,20.77142832603801,0.0,76.40146536603453,0.8700689652905754
2024-12-01 09:00:00+00:00,2024,winter,2.058,210.0,22.33,0.2746756817610677,11.3,16.810000000000002,66.2385246594405,20.747988931156307,0.24038300000000004,86.74613059059682,0.9271027934504935
2024-12-01 10:00:00+00:00,2024,winter,2.572,210.0,22.33,0.343277868556592,11.9,49.0,72.79831118182004,20.606832543192034,0.7007,92.70444372501207,0.9584139137034681
2024-12-01 11:00:00+00:00,2024,winter,4.63,200.0,22.33,0.1882324831780514,11.4,99.0,55.45564820915015,20.724524802480246,1.4157,74.76447301163039,0.8606973623210403
2024-12-01 12:00:00+00:00,2024,winter,5.659,200.0,22.33,0.23006644110250388,12.0,172.01,60.31775590037378,20.58321964626876,2.459743,78.44123254664254,0.8816070172941827
2024-12-01 13:00:00+00:00,2024,winter,7.202,260.0,22.33,6.085559868013377,10.5,110.0,329.77403103819836,20.93481300375153,1.573,349.1358440419499,1.8599447892643513
2024-12-01 14:00:00+00:00,2024,winter,6.688,260.0,22.33,5.651239155411478,10.3,84.0,316.0007286719011,20.981272726155126,1.2012,335.78080139805616,1.8240249075761068
2024-12-01 15:00:00+00:00,2024,winter,6.688,240.0,22.33,4.0871215550501825,9.6,47.23,261.45250181256927,21.14310901764511,0.675389,281.92022183021436,1.6713443902776888
2024-12-01 16:00:00+00:00,2024,winter,5.659,230.0,22.33,2.6279173147136685,9.3,0.0,199.9145496679767,21.212100496713223,0.0,221.12665016468992,1.4802101477327074
2024-12-01 17:00:00+00:00,2024,winter,5.659,230.0,22.33,2.6279173147136685,9.4,0.0,199.6102657263207,21.189127747259363,0.0,220.79939347358007,1.4791144226520798
2024-12-01 18:00:00+00:00,2024,winter,6.173,230.0,22.33,2.866607807691726,8.9,0.0,212.23356109536658,21.30374779510149,0.0,233.53730889046807,1.521181270410295
2024-12-01 19:00:00+00:00,2024,winter,5.659,230.0,22.33,2.6279173147136685,9.7,0.0,198.69741390135277,21.120063002923622,0.0,219.8174769042764,1.475821874512327
2024-12-01 20:00:00+00:00,2024,winter,8.231,290.0,22.33,8.224194981163567,9.7,0.0,402.1609576342583,21.120063002923622,0.0,423.28102063718194,2.0479400142123714
2024-12-01 21:00:00+00:00,2024,winter,8.746,310.0,22.33,8.333368460296843,9.2,0.0,408.55640176710193,21.235048858962156,0.0,429.7914506260641,2.063629463767161
2024-12-01 22:00:00+00:00,2024,winter,8.746,310.0,22.33,8.333368460296843,8.8,0.0,411.0400273097591,21.32659878112227,0.0,432.36662609088137,2.0698025407887077
2024-12-01 23:00:00+00:00,2024,winter,8.231,310.0,22.33,7.842665881168913,8.4,0.0,398.3013780868682,21.417759888125,0.0,419.7191379749932,2.039305168429602
2024-12-02 00:00:00+00:00,2024,winter,10.803,330.0,22.33,8.551045719331782,7.7,0.0,424.5823656354957,21.57635955394056,0.0,446.15872518943627,2.1025557935505277
2024-12-02 01:00:00+00:00,2024,winter,9.26,330.0,22.33,7.329693914747042,7.9,0.0,384.86159354690295,21.531166179904194,0.0,406.3927597268071,2.0066693384875482
2024-12-02 02:00:00+00:00,2024,winter,8.746,340.0,22.33,5.889553698996472,7.8,0.0,336.69695796752416,21.553774931356237,0.0,358.2507328988804,1.8840671506756632
2024-12-02 03:00:00+00:00,2024,winter,10.803,330.0,22.33,8.551045719331782,7.1,0.0,428.36764675557447,21.711361544516034,0.0,450.0790083000905,2.111772901923558
2024-12-02 04:00:00+00:00,2024,winter,9.774,330.0,22.33,7.736547335068853,7.4,0.0,400.8924364564358,21.64396882019225,0.0,422.53640527662805,2.0461379031409814
2024-12-02 05:00:00+00:00,2024,winter,9.774,330.0,22.33,7.736547335068853,6.5,0.0,406.2297617938736,21.845499218328904,0.0,428.0752610122025,2.059505228661893
2024-12-02 06:00:00+00:00,2024,winter,8.746,340.0,22.33,5.889553698996472,6.0,0.0,345.7156264845114,21.95662303860351,0.0,367.67224952311494,1.9086806026461591
2024-12-02 07:00:00+00:00,2024,winter,8.231,350.0,22.33,4.401896444777597,5.2,0.0,292.1351651280155,22.133183361931994,0.0,314.26834848994747,1.7646279568879564
2024-12-02 08:00:00+00:00,2024,winter,7.202,350.0,22.33,3.8515925398236246,5.2,0.0,268.9924904592389,22.133183361931994,0.0,291.1256738211709,1.69841214675024
2024-12-02 09:00:00+00:00,2024,winter,5.144,360.0,22.33,1.954414169485923,4.9,15.81,181.8916467474879,22.199002223149794,0.226083,203.8645659706377,1.4212605689370073
2024-12-02 10:00:00+00:00,2024,winter,3.601,340.0,22.33,2.424912287912908,5.6,45.0,200.93732884316142,22.045093220020593,0.6435,222.33892206318203,1.4842620440588756
2024-12-02 11:00:00+00:00,2024,winter,3.601,360.0,22.33,1.3681659067493797,6.1,115.0,151.40523304436118,21.93444598420321,1.6445,171.6951790285644,1.3043131843350124
2024-12-02 12:00:00+00:00,2024,winter,3.601,310.0,22.33,3.4311067717275248,7.0,181.01,243.98676777958073,21.733777745543822,2.588443,263.1321025251246,1.6146922163624258
2024-12-02 13:00:00+00:00,2024,winter,5.144,300.0,22.33,5.097977757879782,6.6,112.0,313.4635382544809,21.82320280436743,1.6016,333.68514105884833,1.8183239866370813
2024-12-02 14:00:00+00:00,2024,winter,5.144,340.0,22.33,3.463968011392391,6.6,43.0,246.8719572109307,21.82320280436743,0.6149,268.08026001529817,1.6298035214414264
2024-12-02 15:00:00+00:00,2024,winter,6.173,330.0,22.33,4.88619876195826,6.4,31.55,306.2437814196683,21.867771726202193,0.45116500000000004,327.6603881458705,1.8018341113659488
2024-12-02 16:00:00+00:00,2024,winter,3.601,340.0,22.33,2.424912287912908,6.0,0.0,199.7791886192815,21.95662303860351,0.0,221.73581165788502,1.4822475929781542
2024-12-02 17:00:00+00:00,2024,winter,2.572,310.0,22.33,2.450654434013661,5.7,0.0,201.9614883408376,22.02301134597912,0.0,223.98449968681672,1.4897445878369433
2024-12-02 18:00:00+00:00,2024,winter,3.601,30.0,22.33,0.48061570943712517,4.8,0.0,94.740563283499,22.220894554251082,0.0,116.96145783775009,1.0765252487786865
2024-12-02 19:00:00+00:00,2024,winter,1.543,340.0,22.33,1.0390557234794826,2.9,0.0,139.37021298279132,22.63238108351313,0.0,162.00259406630445,1.2669626677338228
2024-12-02 20:00:00+00:00,2024,winter,1.029,140.0,22.33,0.9113203650593824,2.5,0.0,131.83348349578077,22.71793438834439,0.0,154.55141788412516,1.237483254055581
2024-12-02 21:00:00+00:00,2024,winter,1.543,130.0,22.33,1.4702020962997975,1.4,0.0,167.2462981967488,22.951292981693612,0.0,190.1975911784424,1.3727938976609617
2024-12-02 22:00:00+00:00,2024,winter,2.572,120.0,22.33,2.548988878939891,0.7,0.0,221.86214430928683,23.09834084048348,0.0,244.9604851497703,1.557940439820487
2024-12-02 23:00:00+00:00,2024,winter,2.572,130.0,22.33,2.4506544340136616,0.2,0.0,217.99017789169775,23.202686947793293,0.0,241.19286483949105,1.5459130445327636
2024-12-03 00:00:00+00:00,2024,winter,3.087,120.0,22.33,3.059381286659193,-0.2,0.0,251.3613001694848,23.285752593374767,0.0,274.6470527628596,1.6496442792083057
2024-12-03 01:00:00+00:00,2024,winter,3.087,120.0,22.33,3.059381286659193,0.3,0.0,249.6900149289962,23.181863475411053,0.0,272.87187840440725,1.64430441943192
2024-12-03 02:00:00+00:00,2024,winter,3.601,110.0,22.33,3.5980228559312364,0.2,0.0,276.38094925889965,23.202686947793293,0.0,299.5836362066929,1.7229071672886833
2024-12-03 03:00:00+00:00,2024,winter,4.116,100.0,22.33,4.021059924413514,0.6,0.0,294.4519247901381,23.11925584447969,0.0,317.5711806346178,1.7738764808411376
2024-12-03 04:00:00+00:00,2024,winter,4.116,110.0,22.33,4.112597077204379,0.5,0.0,298.97788563607645,23.140147940478464,0.0,322.1180335765549,1.7865301644952958
2024-12-03 05:00:00+00:00,2024,winter,3.601,100.0,22.33,3.5179389669127947,0.7,0.0,270.7409749942942,23.09834084048348,0.0,293.8393158347777,1.7063094101185543
2024-12-03 06:00:00+00:00,2024,winter,4.116,110.0,22.33,4.112597077204379,1.2,0.0,296.1686974488918,22.9934216144444,0.0,319.1621190633362,1.778314230155668
2024-12-03 07:00:00+00:00,2024,winter,4.116,110.0,22.33,4.112597077204379,2.2,0.0,292.15557146719954,22.781855423440206,0.0,314.93742689063976,1.766505407655659
2024-12-03 08:00:00+00:00,2024,winter,3.601,120.0,22.33,3.568782641159622,2.2,0.0,267.6380178543016,22.781855423440206,0.0,290.41987327774183,1.6963520954427966
2024-12-03 09:00:00+00:00,2024,winter,4.63,110.0,22.33,4.626172125232331,4.2,4.0,305.56198834379813,22.35175319257806,0.0572,327.85654153637614,1.802373363290692
2024-12-03 10:00:00+00:00,2024,winter,4.63,150.0,22.33,3.6648469573735225,5.5,31.0,259.73490724917497,22.067151341600617,0.4433,281.35875859077555,1.6696792629655204
2024-12-03 11:00:00+00:00,2024,winter,4.116,130.0,22.33,3.9218093508554546,6.7,51.0,266.1670872122848,21.80088246721757,0.7293000000000001,287.2386696795023,1.6870357550691708
2024-12-03 12:00:00+00:00,2024,winter,3.601,160.0,22.33,2.424912287912908,8.0,159.0,193.98848749988204,21.508533282404716,2.2737,213.22332078228678,1.4535172332222226
2024-12-03 13:00:00+00:00,2024,winter,2.572,120.0,22.33,2.548988878939891,7.2,80.0,202.45293922166417,21.688921334707125,1.1440000000000001,222.99786055637128,1.4864598459851122
2024-12-03 14:00:00+00:00,2024,winter,2.058,190.0,22.33,0.43946930617381635,6.8,22.0,88.2815761098726,21.77853818977298,0.3146,109.74551429964559,1.0427884754321177
2024-12-03 15:00:00+00:00,2024,winter,5.659,200.0,22.33,0.23006644110250388,7.3,15.0,64.81765197548104,21.66645709898019,0.2145,86.26960907446123,0.9245528652276064
2024-12-03 16:00:00+00:00,2024,winter,7.717,200.0,22.33,0.31373435695140883,9.2,0.0,72.79554859973011,21.235048858962156,0.0,94.03059745869227,0.9652447131641781
2024-12-03 17:00:00+00:00,2024,winter,7.202,230.0,22.33,3.344453172038848,8.2,0.0,235.9219729085735,21.46319498051422,0.0,257.3851678890877,1.596962036569353
2024-12-03 18:00:00+00:00,2024,winter,5.659,220.0,22.33,1.71770007677322,8.0,0.0,163.69720373893185,21.508533282404716,0.0,185.20573702133657,1.3546592022898805
2024-12-03 19:00:00+00:00,2024,winter,5.144,240.0,22.33,3.1435635883938606,7.6,0.0,229.10040236112997,21.598920064830704,0.0,250.69932242596067,1.576084194797547
2024-12-03 20:00:00+00:00,2024,winter,5.144,300.0,22.33,5.097977757879782,8.9,0.0,302.92309764066056,21.30374779510149,0.0,324.2268454357621,1.7923685678151702
2024-12-03 21:00:00+00:00,2024,winter,5.659,300.0,22.33,5.608370165599084,8.5,0.0,323.2672529009136,21.395006002479192,0.0,344.6622589033928,1.8479903490052434
2024-12-03 22:00:00+00:00,2024,winter,4.63,290.0,22.33,4.626172125232331,8.6,0.0,286.5722602546356,21.372227867579472,0.0,307.94448812221503,1.7467833809162296
2024-12-03 23:00:00+00:00,2024,winter,4.63,290.0,22.33,4.626172125232331,9.1,0.0,284.4143366081398,21.25797285127141,0.0,305.6723094594112,1.7403270997152418
2024-12-04 00:00:00+00:00,2024,winter,3.087,280.0,22.33,3.015794943310136,6.5,0.0,226.94462135337722,21.845499218328904,0.0,248.79012057170613,1.5700713870252558
2024-12-04 01:00:00+00:00,2024,winter,1.543,180.0,22.33,0.5862482627365435,4.3,0.0,104.6710124280559,22.33000230466733,0.0,127.00101473272323,1.1217767363747337
2024-12-04 02:00:00+00:00,2024,winter,2.572,150.0,22.33,2.0358501888476677,4.5,0.0,186.442821911899,22.286429917588812,0.0,208.7292518294878,1.4381179003667184
2024-12-04 03:00:00+00:00,2024,winter,2.572,130.0,22.33,2.4506544340136616,3.4,0.0,208.66439488028823,22.524915198234023,0.0,231.18931007852225,1.5135149261050795
2024-12-04 04:00:00+00:00,2024,winter,3.087,120.0,22.33,3.059381286659193,3.3,0.0,239.66230348606462,22.546455065718437,0.0,262.20875855178303,1.6118567080043453
2024-12-04 05:00:00+00:00,2024,winter,2.572,120.0,22.33,2.548988878939891,4.3,0.0,211.11243072229584,22.33000230466733,0.0,233.44243302696316,1.5208722447383556
2024-12-04 06:00:00+00:00,2024,winter,2.058,150.0,22.33,1.628996768525855,6.6,0.0,163.03915867552925,21.82320280436743,0.0,184.8623614798967,1.3534028355935597
2024-12-04 07:00:00+00:00,2024,winter,3.601,160.0,22.33,2.424912287912908,8.1,0.0,193.69895244391208,21.485876221672026,0.0,215.1848286655841,1.4601876069935458
2024-12-04 08:00:00+00:00,2024,winter,4.63,140.0,22.33,4.10049882431967,7.3,0.0,271.1944198869502,21.66645709898019,0.0,292.86087698593036,1.703466169862418
2024-12-04 09:00:00+00:00,2024,winter,5.144,120.0,22.33,5.097977757879782,7.7,12.0,308.42245796091464,21.57635955394056,0.1716,329.8272175148552,1.8077820893693575
2024-12-04 10:00:00+00:00,2024,winter,4.116,60.0,22.33,2.51533976085325,6.2,90.0,203.75870728074295,21.912245092054423,1.287,224.38395237279738,1.491072397121757
2024-12-04 11:00:00+00:00,2024,winter,5.144,150.0,22.33,4.071700377695335,7.9,178.01,267.62271805641996,21.531166179904194,2.545543,286.6083412363241,1.6851836878524427
2024-12-04 12:00:00+00:00,2024,winter,6.173,170.0,22.33,3.3012886348696515,7.6,200.01,236.13768571964306,21.598920064830704,2.860143,254.87646278447374,1.5891602720537863
2024-12-04 13:00:00+00:00,2024,winter,5.144,130.0,22.33,4.901308868027323,8.6,170.01,296.9887131799276,21.372227867579472,2.431143,315.929798047507,1.7692863572723685
2024-12-04 14:00:00+00:00,2024,winter,6.173,170.0,22.33,3.3012886348696515,10.0,119.0,227.7292221331869,21.050778151606515,1.7017,247.07830028479344,1.5646605627947918
2024-12-04 15:00:00+00:00,2024,winter,10.289,180.0,22.33,3.9092082795180145,11.8,44.5,245.8028804425324,20.63042060186722,0.63635,265.79695104439963,1.6228479499243373
2024-12-04 16:00:00+00:00,2024,winter,12.347,190.0,22.33,2.6366022951059818,11.3,0.0,194.22450179998097,20.747988931156307,0.0,214.97249073113727,1.4594669945138865
2024-12-04 17:00:00+00:00,2024,winter,11.832,180.0,22.33,4.4954565422545585,11.2,0.0,270.51658387417007,20.77142832603801,0.0,291.2880122002081,1.6988856176147842
2024-12-04 18:00:00+00:00,2024,winter,10.289,190.0,22.33,2.1971329889321654,11.4,0.0,174.27824279884345,20.724524802480246,0.0,195.00276760132368,1.3900269529036084
2024-12-04 19:00:00+00:00,2024,winter,7.717,190.0,22.33,1.6479031271833533,12.0,0.0,150.9773198150845,20.58321964626876,0.0,171.56053946135327,1.3038016772416257
2024-12-04 20:00:00+00:00,2024,winter,7.717,230.0,22.33,3.583608043407913,12.3,0.0,231.0982285916913,20.512231751676453,0.0,251.61046034336778,1.578945645819927
2024-12-04 21:00:00+00:00,2024,winter,6.173,230.0,22.33,2.866607807691726,11.1,0.0,205.16981170943913,20.794843004512877,0.0,225.964654713952,1.4963152079699504
2024-12-04 22:00:00+00:00,2024,winter,5.144,230.0,22.33,2.388762443344604,11.1,0.0,183.30349851553413,20.794843004512877,0.0,204.098341520047,1.4220752293273955
2024-12-04 23:00:00+00:00,2024,winter,6.688,220.0,22.33,2.030036775659886,10.4,0.0,170.612300144481,20.958055153716582,0.0,191.57035529819757,1.3777391075192837
2024-12-05 00:00:00+00:00,2024,winter,5.659,230.0,22.33,2.6279173147136685,10.3,0.0,196.87171025141694,20.981272726155126,0.0,217.85298297757208,1.469212414148291
2024-12-05 01:00:00+00:00,2024,winter,6.688,230.0,22.33,3.105762679060791,10.0,0.0,219.29682836193896,21.050778151606515,0.0,240.3476065135455,1.5432018476043439
2024-12-05 02:00:00+00:00,2024,winter,6.173,240.0,22.33,3.7723985286071735,10.1,0.0,246.91834541808305,21.02763420777673,0.0,267.94597962585976,1.6293952891012558
2024-12-05 03:00:00+00:00,2024,winter,7.202,240.0,22.33,4.401233468820487,10.2,0.0,271.18333312541523,21.004465738399713,0.0,292.1877988638149,1.7015075174047454
2024-12-05 04:00:00+00:00,2024,winter,6.688,230.0,22.33,3.105762679060791,9.6,0.0,220.64634730570475,21.14310901764511,0.0,241.78945632334987,1.5478237746597163
2024-12-05 05:00:00+00:00,2024,winter,6.173,230.0,22.33,2.866607807691726,9.6,0.0,209.98600447257152,21.14310901764511,0.0,231.12911349021664,1.5133178703538894
2024-12-05 06:00:00+00:00,2024,winter,5.659,230.0,22.33,2.6279173147136685,9.1,0.0,200.52311755128866,21.25797285127141,0.0,221.78109040256007,1.4823989237080621
2024-12-05 07:00:00+00:00,2024,winter,4.116,220.0,22.33,1.2493467955466644,9.1,0.0,138.80998139593032,21.25797285127141,0.0,160.06795424720173,1.2593748933200402
2024-12-05 08:00:00+00:00,2024,winter,3.601,180.0,22.33,1.36816590674938,9.0,0.0,145.0325889829875,21.280872490900176,0.0,166.31346147388768,1.2837088494777404
2024-12-05 09:00:00+00:00,2024,winter,4.63,180.0,22.33,1.7591247287557983,9.5,13.81,161.81937943583486,21.166130593329157,0.19748300000000002,182.788027029164,1.3457881701023886
2024-12-05 10:00:00+00:00,2024,winter,5.659,190.0,22.33,1.208433821009537,10.0,97.0,134.8063080648952,21.050778151606515,1.3871,154.46998621650172,1.2371572020411692
2024-12-05 11:00:00+00:00,2024,winter,6.688,190.0,22.33,1.428168474096445,9.7,83.0,146.3933676077988,21.120063002923622,1.1869,166.32653061072241,1.2837592862760756
2024-12-05 12:00:00+00:00,2024,winter,7.717,230.0,22.33,3.583608043407913,9.6,108.0,241.0498269520991,21.14310901764511,1.5444,260.6485359697442,1.6070540319599027
2024-12-05 13:00:00+00:00,2024,winter,6.688,240.0,22.33,4.0871215550501825,10.0,57.0,259.853403942156,21.050778151606515,0.8151,280.0890820937625,1.6659076555053727
2024-12-05 14:00:00+00:00,2024,winter,8.746,240.0,22.33,5.344791435476809,9.2,95.0,310.4889224233459,21.235048858962156,1.3585,330.3654712823081,1.8092565717765017
2024-12-05 15:00:00+00:00,2024,winter,13.376,280.0,22.33,13.067467820445861,7.6,45.75,552.6182345380242,21.598920064830704,0.6542250000000001,573.562929602855,2.3839292975157687
2024-12-05 16:00:00+00:00,2024,winter,11.832,290.0,22.33,11.822217837094804,7.6,0.0,519.4537158386919,21.598920064830704,0.0,541.0526359035226,2.315381678349078
2024-12-05 17:00:00+00:00,2024,winter,12.861,260.0,22.33,10.867312616289926,8.1,0.0,489.45032134254984,21.485876221672026,0.0,510.93619756422186,2.2500189178040597
2024-12-05 18:00:00+00:00,2024,winter,12.347,300.0,22.33,12.236534093417898,7.8,0.0,529.0554401490919,21.553774931356237,0.0,550.609215080448,2.335740394709824
2024-12-05 19:00:00+00:00,2024,winter,10.289,300.0,22.33,10.196946568978436,8.8,0.0,465.6413538438904,21.32659878112227,0.0,486.9679526250127,2.1966103440884504
2024-12-05 20:00:00+00:00,2024,winter,11.318,300.0,22.33,11.216740331198167,7.7,0.0,502.10167350473915,21.57635955394056,0.0,523.6780330586797,2.277901875523516
2024-12-05 21:00:00+00:00,2024,winter,10.803,300.0,22.33,10.706347923478868,8.8,0.0,479.8829835975573,21.32659878112227,0.0,501.20958237867956,2.2284993745464043
2024-12-05 22:00:00+00:00,2024,winter,9.774,300.0,22.33,9.686554161259135,9.0,0.0,449.73384807194435,21.280872490900176,0.0,471.0147205628445,2.160329887169288
2024-12-05 23:00:00+00:00,2024,winter,8.746,300.0,22.33,8.667751452258278,8.8,0.0,421.15618230667326,21.32659878112227,0.0,442.4827810877955,2.093876300366551
2024-12-06 00:00:00+00:00,2024,winter,8.231,300.0,22.33,8.157359044538975,7.8,0.0,411.7806334716098,21.553774931356237,0.0,433.33440840296606,2.072117704016924
2024-12-06 01:00:00+00:00,2024,winter,8.746,300.0,22.33,8.667751452258278,8.6,0.0,422.42855747980525,21.372227867579472,0.0,443.8007853473847,2.0969924508450917
2024-12-06 02:00:00+00:00,2024,winter,8.746,300.0,22.33,8.667751452258278,7.4,0.0,430.0628085185968,21.64396882019225,0.0,451.70677733878904,2.1155882055360027
2024-12-06 03:00:00+00:00,2024,winter,7.202,290.0,22.33,7.196045711862473,8.6,0.0,376.54000405755704,21.372227867579472,0.0,397.9122319251365,1.9856215548010556
2024-12-06 04:00:00+00:00,2024,winter,7.202,290.0,22.33,7.196045711862473,8.7,0.0,375.9729257381932,21.34942546620337,0.0,397.32235120439657,1.9841492272502428
2024-12-06 05:00:00+00:00,2024,winter,6.173,290.0,22.33,6.167896442561378,8.4,0.0,343.35070667961514,21.417759888125,0.0,364.7684665677401,1.901128522301862
2024-12-06 06:00:00+00:00,2024,winter,4.116,220.0,22.33,1.2493467955466644,6.5,0.0,144.28655122338736,21.845499218328904,0.0,166.13205044171627,1.2830085378950757
2024-12-06 07:00:00+00:00,2024,winter,3.601,210.0,22.33,0.48061570943712584,6.4,0.0,92.58123420581246,21.867771726202193,0.0,114.44900593201466,1.0649000470942969
2024-12-06 08:00:00+00:00,2024,winter,2.572,160.0,22.33,1.7319840056961955,5.8,0.0,169.72606452415639,22.000905702430984,0.0,191.72697022658735,1.3783021654848404
2024-12-06 09:00:00+00:00,2024,winter,2.058,130.0,22.33,1.9609046754277273,5.8,5.0,179.83400449195406,22.000905702430984,0.07150000000000001,201.76341019438505,1.4139173987473759
2024-12-06 10:00:00+00:00,2024,winter,4.116,140.0,22.33,3.6452814602375296,5.9,62.0,257.3871444604732,21.97877627232493,0.8866,278.47932073279816,1.661113505669925
2024-12-06 11:00:00+00:00,2024,winter,4.63,170.0,22.33,2.4761001748657843,6.2,124.0,201.78840037090143,21.912245092054423,1.7732,221.92744546295586,1.48288796630991
2024-12-06 12:00:00+00:00,2024,winter,5.144,130.0,22.33,4.901308868027323,5.7,74.0,309.95960577362916,22.02301134597912,1.0582,330.9244171196083,1.8107864668982896
2024-12-06 13:00:00+00:00,2024,winter,8.231,110.0,22.33,8.224194981163567,5.1,48.0,430.4908260127819,22.155146643995685,0.6864,451.9595726567776,2.1161801116296215
2024-12-06 14:00:00+00:00,2024,winter,8.746,130.0,22.33,8.333368460296844,6.0,12.0,428.4254061083593,21.95662303860351,0.1716,450.21042914696284,2.1120811930475534
2024-12-06 15:00:00+00:00,2024,winter,8.746,130.0,22.33,8.333368460296844,7.6,8.0,418.4909039377307,21.598920064830704,0.1144,439.9754240025614,2.0879353299487002
2024-12-06 16:00:00+00:00,2024,winter,8.231,160.0,22.33,5.542752858042529,9.1,0.0,318.02904686705466,21.25797285127141,0.0,339.28701971832606,1.8335233971801776
2024-12-06 17:00:00+00:00,2024,winter,7.717,160.0,22.33,5.196625416779758,10.0,0.0,301.4311948162586,21.050778151606515,0.0,322.4819729678651,1.7875391194209416
2024-12-06 18:00:00+00:00,2024,winter,6.173,160.0,22.33,4.156896293609104,11.1,0.0,258.14232812566433,20.794843004512877,0.0,278.9371711301772,1.6624784708136129
2024-12-06 19:00:00+00:00,2024,winter,5.144,160.0,22.33,3.463968011392391,12.3,0.0,226.2992941100198,20.512231751676453,0.0,246.81152586169623,1.5638156400500018
2024-12-06 20:00:00+00:00,2024,winter,7.717,200.0,22.33,0.31373435695140883,11.9,0.0,69.808497213419,20.606832543192034,0.0,90.41532975661104,0.9465070847758484
2024-12-06 21:00:00+00:00,2024,winter,5.144,200.0,22.33,0.209129134658293,10.9,0.0,58.701906374190216,20.841598281761826,0.0,79.54350465595203,0.8877796684150586
2024-12-06 22:00:00+00:00,2024,winter,3.601,190.0,22.33,0.7689645148357205,11.0,0.0,107.5210035875599,20.81823298396238,0.0,128.3392365715223,1.1276713833310141
2024-12-06 23:00:00+00:00,2024,winter,4.63,240.0,22.33,2.8294516746235563,10.9,0.0,204.15924177914673,20.841598281761826,0.0,225.00084006090856,1.4931206560433972
2024-12-07 00:00:00+00:00,2024,winter,20.063,330.0,22.33,15.880739634078823,5.9,0.0,639.1093346789404,21.97877627232493,0.0,661.0881109512653,2.559366654015955
2024-12-07 01:00:00+00:00,2024,winter,19.549,330.0,22.33,15.473886213757012,6.9,0.0,619.8384964024859,21.756169954921255,0.0,641.5946663574072,2.5213504066032524
2024-12-07 02:00:00+00:00,2024,winter,18.52,320.0,22.33,16.40199529727868,6.9,0.0,642.5578994764281,21.756169954921255,0.0,664.3140694313494,2.5656036159105837
2024-12-07 03:00:00+00:00,2024,winter,18.52,320.0,22.33,16.40199529727868,6.6,0.0,645.388551015972,21.82320280436743,0.0,667.2117538203394,2.5711930054449446
2024-12-07 04:00:00+00:00,2024,winter,19.549,310.0,22.33,18.626688775479415,7.6,0.0,687.9592880125657,21.598920064830704,0.0,709.5582080773964,2.6515318484222394
2024-12-07 05:00:00+00:00,2024,winter,19.549,320.0,22.33,17.313315662338063,7.2,0.0,661.4662525582665,21.688921334707125,0.0,683.1551738929737,2.6017317371345263
2024-12-07 06:00:00+00:00,2024,winter,18.006,320.0,22.33,15.94677793319654,7.2,0.0,628.6958301139555,21.688921334707125,0.0,650.3847514486627,2.5385633694186893
2024-12-07 07:00:00+00:00,2024,winter,18.006,310.0,22.33,17.15648667917962,7.5,0.0,654.8464880935088,21.62145648119416,0.0,676.467944574703,2.5889665820558907
2024-12-07 08:00:00+00:00,2024,winter,19.034,320.0,22.33,16.85721266136082,8.1,0.0,642.0054665336065,21.485876221672026,0.0,663.4913427552785,2.5640144244649847
2024-12-07 09:00:00+00:00,2024,winter,20.578,330.0,22.33,16.288384598019938,7.1,5.0,637.9246628415981,21.711361544516034,0.07150000000000001,659.5645243861142,2.5564157115548922
2024-12-07 10:00:00+00:00,2024,winter,17.491,330.0,22.33,13.844889445231157,7.9,9.0,570.1622129068146,21.531166179904194,0.1287,591.5646790867188,2.421051075010496
2024-12-07 11:00:00+00:00,2024,winter,18.006,330.0,22.33,14.252534409172274,8.5,19.0,575.2888635486071,21.395006002479192,0.2717,596.4121695510862,2.430950311846061
2024-12-07 12:00:00+00:00,2024,winter,16.977,330.0,22.33,13.438036024909346,7.6,30.0,562.251246095189,21.598920064830704,0.429,583.4211661600198,2.404329163673769
2024-12-07 13:00:00+00:00,2024,winter,16.462,330.0,22.33,13.03039106096823,7.7,68.0,550.8302382916962,21.57635955394056,0.9724,571.4341978456367,2.3795013061616856
2024-12-07 14:00:00+00:00,2024,winter,15.948,330.0,22.33,12.623537640646418,8.3,75.0,535.3215737147721,21.44048954173325,1.0725,555.6895632565053,2.346491329844966
2024-12-07 15:00:00+00:00,2024,winter,16.462,320.0,22.33,14.579354567159916,7.1,30.32,595.68826898098,21.711361544516034,0.433576,616.966054525496,2.472483879551693
2024-12-07 16:00:00+00:00,2024,winter,15.948,340.0,22.33,10.739378274822288,7.0,0.0,493.8704325123717,21.733777745543822,0.0,515.6042102579155,2.2602738539915492
2024-12-07 17:00:00+00:00,2024,winter,15.433,330.0,22.33,12.215892676705304,7.0,0.0,534.7954413596879,21.733777745543822,0.0,556.5292191052317,2.3482634537006852
2024-12-07 18:00:00+00:00,2024,winter,13.89,330.0,22.33,10.994540872120565,6.5,0.0,504.7740535666033,21.845499218328904,0.0,526.6195527849322,2.2842904482534627
2024-12-07 19:00:00+00:00,2024,winter,13.376,330.0,22.33,10.58768745179875,6.6,0.0,492.42738187550924,21.82320280436743,0.0,514.2505846798766,2.257304934067347
2024-12-07 20:00:00+00:00,2024,winter,11.832,330.0,22.33,9.36554410359471,6.8,0.0,455.14605410538104,21.77853818977298,0.0,476.924592295154,2.173840583530262
2024-12-07 21:00:00+00:00,2024,winter,11.318,340.0,22.33,7.621537704692667,7.0,0.0,399.5491822051542,21.733777745543822,0.0,421.282959950698,2.043100736599006
2024-12-07 22:00:00+00:00,2024,winter,11.318,340.0,22.33,7.621537704692667,6.3,0.0,403.6621884925602,21.89002034508136,0.0,425.55220883764156,2.0534269535848253
2024-12-07 23:00:00+00:00,2024,winter,9.26,350.0,22.33,4.952200349731569,6.3,0.0,309.24382311819164,21.89002034508136,0.0,331.133843463273,1.8113593566424284
2024-12-08 00:00:00+00:00,2024,winter,6.688,350.0,22.33,3.5767079847737295,5.8,0.0,254.75217042311328,22.000905702430984,0.0,276.7530761255443,1.6559570261604046
2024-12-08 01:00:00+00:00,2024,winter,6.688,350.0,22.33,3.5767079847737295,5.9,0.0,254.38403144851335,21.97877627232493,0.0,276.3628077208383,1.6547890252238837
2024-12-08 02:00:00+00:00,2024,winter,8.746,340.0,22.33,5.889553698996472,5.9,0.0,346.216663624344,21.97877627232493,0.0,368.1954398966689,1.9100381273479876
2024-12-08 03:00:00+00:00,2024,winter,8.231,340.0,22.33,5.542752858042529,6.1,0.0,332.5068486971178,21.93444598420321,0.0,354.441294681321,1.8740233202637326
2024-12-08 04:00:00+00:00,2024,winter,8.746,340.0,22.33,5.889553698996472,6.0,0.0,345.7156264845114,21.95662303860351,0.0,367.67224952311494,1.9086806026461591
2024-12-08 05:00:00+00:00,2024,winter,7.717,340.0,22.33,5.196625416779758,6.0,0.0,319.98080680495144,21.95662303860351,0.0,341.9374298435549,1.8406709377050137
2024-12-08 06:00:00+00:00,2024,winter,6.688,340.0,22.33,4.503697134563046,6.3,0.0,291.6228122151721,21.89002034508136,0.0,313.51283256025346,1.7625055561211276
2024-12-08 07:00:00+00:00,2024,winter,6.688,350.0,22.33,3.5767079847737295,6.5,0.0,252.17519760091415,21.845499218328904,0.0,274.020696819243,1.6477621285110229
2024-12-08 08:00:00+00:00,2024,winter,5.659,350.0,22.33,3.0264040798197573,6.7,0.0,226.77362451496768,21.80088246721757,0.0,248.57450698218526,1.5693908895341626
2024-12-08 09:00:00+00:00,2024,winter,6.688,360.0,22.33,2.5410423727686338,6.2,2.0,205.04293129196694,21.912245092054423,0.0286,226.92657638402136,1.4994966999550396
2024-12-08 10:00:00+00:00,2024,winter,5.144,350.0,22.33,2.7509847299156798,6.1,48.0,215.6661184725001,21.93444598420321,0.6864,236.91416445670333,1.5321396339032147
2024-12-08 11:00:00+00:00,2024,winter,1.029,360.0,22.33,0.39095882200641807,7.9,99.0,82.25012646099765,21.531166179904194,1.4157,102.36559264090184,1.0071167901116658
2024-12-08 12:00:00+00:00,2024,winter,2.058,340.0,22.33,1.3858565644334253,8.1,40.0,147.89307463780352,21.485876221672026,0.5720000000000001,168.80695085947553,1.29329618495722
2024-12-08 13:00:00+00:00,2024,winter,5.144,360.0,22.33,1.954414169485923,7.6,40.0,174.88583439059468,21.598920064830704,0.5720000000000001,195.9127544554254,1.3932664812984592
2024-12-08 14:00:00+00:00,2024,winter,4.63,360.0,22.33,1.7591247287557976,8.3,11.0,164.78400928809444,21.44048954173325,0.1573,186.0671988298277,1.3578060629310078
2024-12-08 15:00:00+00:00,2024,winter,5.144,360.0,22.33,1.954414169485923,8.1,5.0,173.58846173191074,21.485876221672026,0.07150000000000001,195.00283795358277,1.3900272036475563
2024-12-08 16:00:00+00:00,2024,winter,7.717,10.0,22.33,1.647903127183356,7.3,0.0,162.24070716636868,21.66645709898019,0.0,183.90716426534885,1.3499017418841002
2024-12-08 17:00:00+00:00,2024,winter,6.688,20.0,22.33,0.2719003990269574,6.5,0.0,70.8935230756935,21.845499218328904,0.0,92.73902229402239,0.9585926402593793
2024-12-08 18:00:00+00:00,2024,winter,3.087,30.0,22.33,0.41201352264160107,5.5,0.0,87.30006152042483,22.067151341600617,0.0,109.36721286202545,1.0409896368771205
2024-12-08 19:00:00+00:00,2024,winter,2.058,50.0,22.33,0.9556907286942441,4.9,0.0,130.32475398511866,22.199002223149794,0.0,152.52375620826845,1.2293387744071749
2024-12-08 20:00:00+00:00,2024,winter,1.029,200.0,22.33,0.041833957924452464,4.0,0.0,46.104078790915096,22.395184441940355,0.0,68.49926323285545,0.8238455191818942
2024-12-08 21:00:00+00:00,2024,winter,1.543,10.0,22.33,0.3294952086619047,3.7,0.0,80.70272740091995,22.460155254046388,0.0,103.16288265496634,1.0110312241329646
2024-12-08 22:00:00+00:00,2024,winter,1.029,160.0,22.33,0.6929282822167127,3.4,0.0,114.59212271318157,22.524915198234023,0.0,137.1170379114156,1.1655973333612157
2024-12-08 23:00:00+00:00,2024,winter,1.543,20.0,22.33,0.06273060940469427,2.9,0.0,46.818367335563075,22.63238108351313,0.0,69.4507484190762,0.8295475765045608
2024-12-09 00:00:00+00:00,2024,winter,2.058,70.0,22.33,1.5214353692539102,1.5,0.0,169.70649891845648,22.93019411058248,0.0,192.63669302903895,1.381568239772924
2024-12-09 01:00:00+00:00,2024,winter,1.029,140.0,22.33,0.9113203650593824,0.5,0.0,135.4702692473885,23.140147940478464,0.0,158.61041718786697,1.2536280112794214
2024-12-09 02:00:00+00:00,2024,winter,1.029,170.0,22.33,0.5503039049539723,0.4,0.0,107.23600754686744,23.16101714521317,0.0,130.3970246920806,1.1366759595083482
2024-12-09 03:00:00+00:00,2024,winter,1.029,170.0,22.33,0.5503039049539723,-0.1,0.0,107.95474754383036,23.26502038516591,0.0,131.21976792899628,1.1402562633572608
2024-12-09 04:00:00+00:00,2024,winter,1.543,130.0,22.33,1.4702020962997975,-0.7,0.0,172.018271378993,23.389072353492764,0.0,195.40734373248577,1.3914681640847832
2024-12-09 05:00:00+00:00,2024,winter,1.029,100.0,22.33,1.0052649811033785,-0.4,0.0,143.5208785060593,23.327148703572167,0.0,166.84802720963145,1.2857702467494294
2024-12-09 06:00:00+00:00,2024,winter,1.543,120.0,22.33,1.52919511672016,0.2,0.0,173.11803362221087,23.202686947793293,0.0,196.32072057000417,1.394716386671405
2024-12-09 07:00:00+00:00,2024,winter,2.058,120.0,22.33,2.0395875244394617,-0.5,0.0,199.83644045411586,23.34781263892353,0.0,223.1842530930394,1.4870809442071113
2024-12-09 08:00:00+00:00,2024,winter,2.058,120.0,22.33,2.0395875244394617,-0.4,0.0,199.57175642702433,23.327148703572167,0.0,222.8989051305965,1.4861300006933431
2024-12-09 09:00:00+00:00,2024,winter,1.029,120.0,22.33,1.0197937622197308,-1.6,2.0,146.78325876843198,23.573619789718926,0.0286,170.32827855815088,1.2991108573044488
2024-12-09 10:00:00+00:00,2024,winter,1.543,110.0,22.33,1.5417243173290467,0.6,16.0,172.84828239565897,23.11925584447969,0.2288,195.73873824013864,1.3926475710523958
2024-12-09 11:00:00+00:00,2024,winter,1.543,130.0,22.33,1.4702020962997975,2.4,35.0,164.97393001472776,22.739264604672254,0.5005000000000001,187.21269461940003,1.3619792182195303
2024-12-09 12:00:00+00:00,2024,winter,0.514,40.0,22.33,0.15601658233988938,4.6,39.0,56.2433568541062,22.264608384483488,0.5577,77.9502652385897,0.8788436769586957
2024-12-09 13:00:00+00:00,2024,winter,1.029,130.0,22.33,0.9804523377138636,4.4,21.0,132.82824781489796,22.308227885326158,0.3003,154.83617570022412,1.2386227481748835
2024-12-09 14:00:00+00:00,2024,winter,0.514,250.0,22.33,0.37998920301093786,5.9,23.0,83.58579030691669,21.97877627232493,0.3289,105.23566657924161,1.0211377034783344
2024-12-09 15:00:00+00:00,2024,winter,0.514,230.0,22.33,0.23869049297805722,6.1,32.05,67.10755075927182,21.93444598420321,0.458315,88.58368174347503,0.936870786744952
2024-12-09 16:00:00+00:00,2024,winter,1.029,170.0,22.33,0.5503039049539723,4.1,0.0,101.91733156934185,22.3734805660179,0.0,124.29081213535976,1.1097428272896257
2024-12-09 17:00:00+00:00,2024,winter,2.058,110.0,22.33,2.0562985386021895,2.6,0.0,192.36130734746925,22.696580944923255,0.0,215.0578882923925,1.4597568514772825
2024-12-09 18:00:00+00:00,2024,winter,3.601,90.0,22.33,3.33096428254772,3.2,0.0,252.94825887439552,22.567971571093167,0.0,275.5162304454887,1.6522525383402298
2024-12-09 19:00:00+00:00,2024,winter,3.601,80.0,22.33,3.0427799340066883,2.4,0.0,241.8559753779439,22.739264604672254,0.0,264.59523998261614,1.6191752147621365
2024-12-09 20:00:00+00:00,2024,winter,2.572,80.0,22.33,2.1732935268717584,0.9,0.0,202.02093469026266,23.056442041534606,0.0,225.07737673179727,1.4933745856900136
2024-12-09 21:00:00+00:00,2024,winter,1.543,120.0,22.33,1.52919511672016,0.0,0.0,173.580916065051,23.24426538596485,0.0,196.82518145101585,1.3965071514453424
2024-12-09 22:00:00+00:00,2024,winter,1.029,110.0,22.33,1.0281492693010947,-0.6,0.0,145.41893889966252,23.368453850008354,0.0,168.7873927496709,1.293221261616187
2024-12-09 23:00:00+00:00,2024,winter,1.029,110.0,22.33,1.0281492693010947,-1.3,0.0,146.7654105561409,23.512307447323515,0.0,170.2777180034644,1.2989180277835783
2024-12-10 00:00:00+00:00,2024,winter,1.543,120.0,22.33,1.52919511672016,-0.6,0.0,174.9695633935714,23.368453850008354,0.0,198.33801724357977,1.4018637879490468
2024-12-10 01:00:00+00:00,2024,winter,1.543,120.0,22.33,1.52919511672016,-0.8,0.0,175.43244583641155,23.409668166036784,0.0,198.84211400244834,1.4036441489442755
2024-12-10 02:00:00+00:00,2024,winter,1.029,100.0,22.33,1.0052649811033785,-1.6,0.0,145.80503041862255,23.573619789718926,0.0,169.37865020834147,1.2954843402087968
2024-12-10 03:00:00+00:00,2024,winter,2.058,100.0,22.33,2.010529962206757,-1.2,0.0,200.34508270391368,23.49182483979523,0.0,223.8369075437089,1.4892536814803872
2024-12-10 04:00:00+00:00,2024,winter,1.543,120.0,22.33,1.52919511672016,-1.3,0.0,176.58965194351188,23.512307447323515,0.0,200.1019593908354,1.4080838079940954
2024-12-10 05:00:00+00:00,2024,winter,1.543,90.0,22.33,1.4272918322607975,-2.1,0.0,172.79784971046516,23.675356422712575,0.0,196.47320613317774,1.3952579312221356
2024-12-10 06:00:00+00:00,2024,winter,2.572,110.0,22.33,2.5698735866301416,-1.7,0.0,230.18649343551388,23.594012132491258,0.0,253.78050556800514,1.5857399327624198
2024-12-10 07:00:00+00:00,2024,winter,2.058,110.0,22.33,2.0562985386021895,-1.9,0.0,204.31746595332024,23.634729260599165,0.0,227.9521952139194,1.5028814473516978
2024-12-10 08:00:00+00:00,2024,winter,1.543,80.0,22.33,1.3038071197368286,-2.3,0.0,166.09245876752647,23.715893751451286,0.0,189.80835251897776,1.3713884694515006
2024-12-10 09:00:00+00:00,2024,winter,1.543,90.0,22.33,1.4272918322607975,-2.6,1.0,173.91845833374964,23.77653159684697,0.0143,197.68068993059663,1.3995388476091348
2024-12-10 10:00:00+00:00,2024,winter,1.029,70.0,22.33,0.7607176846269551,-1.1,78.0,127.20840687784131,23.471319624534924,1.1154,149.56432650237625,1.2173538781623954
2024-12-10 11:00:00+00:00,2024,winter,1.543,80.0,22.33,1.3038071197368286,0.6,140.01,159.86130572191425,23.11925584447969,2.002143,180.97841856639394,1.339109923071345
2024-12-10 12:00:00+00:00,2024,winter,1.543,110.0,22.33,1.5417243173290467,2.0,121.0,169.5957609527299,22.824353535950085,1.7303,190.68981448867999,1.3745691160871187
2024-12-10 13:00:00+00:00,2024,winter,1.029,110.0,22.33,1.0281492693010947,3.1,15.0,138.30187442970552,22.589464731256644,0.2145,160.67683916096217,1.261767897392526
2024-12-10 14:00:00+00:00,2024,winter,2.058,120.0,22.33,2.0395875244394617,3.2,66.0,190.0431314517287,22.567971571093167,0.9438,211.66730302282184,1.4482039307511063
2024-12-10 15:00:00+00:00,2024,winter,1.543,120.0,22.33,1.52919511672016,2.9,8.0,166.86912064386902,22.63238108351313,0.1144,189.38710172738217,1.3698658300224646
2024-12-10 16:00:00+00:00,2024,winter,2.058,110.0,22.33,2.0562985386021895,2.8,0.0,191.8299225205425,22.65380430937245,0.0,214.48372682991496,1.4578069200024393
2024-12-10 17:00:00+00:00,2024,winter,2.572,100.0,22.33,2.5126739858094167,2.8,0.0,213.68810083936694,22.65380430937245,0.0,236.3419051487394,1.5302880956701348
2024-12-10 18:00:00+00:00,2024,winter,2.058,70.0,22.33,1.5214353692539102,2.6,0.0,167.16667376457482,22.696580944923255,0.0,189.86325470949808,1.371586792618615
2024-12-10 19:00:00+00:00,2024,winter,2.058,70.0,22.33,1.5214353692539102,2.5,0.0,167.39756696038222,22.71793438834439,0.0,190.1155013487266,1.3724976147826835
2024-12-10 20:00:00+00:00,2024,winter,1.543,60.0,22.33,0.9429468539836164,2.4,0.0,134.1308458600397,22.739264604672254,0.0,156.87011046471196,1.2467315070537803
2024-12-10 21:00:00+00:00,2024,winter,2.058,80.0,22.33,1.7389728142698595,2.2,0.0,178.89113550291256,22.781855423440206,0.0,201.67299092635278,1.413600543221745
2024-12-10 22:00:00+00:00,2024,winter,2.058,70.0,22.33,1.5214353692539102,2.1,0.0,168.32113974361192,22.803116059561038,0.0,191.12425580317296,1.376134039402446
2024-12-10 23:00:00+00:00,2024,winter,1.543,90.0,22.33,1.4272918322607975,2.0,0.0,163.60885899953254,22.824353535950085,0.0,186.43321253548262,1.3591408803277887
2024-12-11 00:00:00+00:00,2024,winter,1.543,90.0,22.33,1.4272918322607975,1.8,0.0,164.05710244884634,22.866759076827037,0.0,186.92386152567337,1.3609281770005486
2024-12-11 01:00:00+00:00,2024,winter,1.029,90.0,22.33,0.9518362251434611,1.8,0.0,135.83199518734435,22.866759076827037,0.0,158.69875426417138,1.2539770628117954
2024-12-11 02:00:00+00:00,2024,winter,1.543,90.0,22.33,1.4272918322607975,1.7,0.0,164.2812241735032,22.88792717494678,0.0,187.16915134845,1.3618208195622004
2024-12-11 03:00:00+00:00,2024,winter,1.543,90.0,22.33,1.4272918322607975,1.6,0.0,164.50534589816013,22.909072180598372,0.0,187.4144180787585,1.362712793446056
2024-12-11 04:00:00+00:00,2024,winter,2.058,20.0,22.33,0.08366791584890525,1.3,0.0,47.85733249141469,22.97236881072014,0.0,70.82970130213482,0.8377424817099195
2024-12-11 05:00:00+00:00,2024,winter,1.029,20.0,22.33,0.041833957924452624,1.2,0.0,47.92226781365541,22.9934216144444,0.0,70.91568942809981,0.8382508422907369
2024-12-11 06:00:00+00:00,2024,winter,1.029,40.0,22.33,0.3123366988866657,1.5,0.0,81.14516815064427,22.93019411058248,0.0,104.07536226122674,1.015492685148506
2024-12-11 07:00:00+00:00,2024,winter,2.058,60.0,22.33,1.257669880426625,1.8,0.0,154.6643229556477,22.866759076827037,0.0,177.53108203247473,1.3262946990324844
2024-12-11 08:00:00+00:00,2024,winter,1.543,60.0,22.33,0.9429468539836164,1.7,0.0,135.42411847852495,22.88792717494678,0.0,158.31204565347173,1.2524483189361495
2024-12-11 09:00:00+00:00,2024,winter,1.543,70.0,22.33,1.140706887637893,1.8,2.0,147.78664663930115,22.866759076827037,0.0286,170.62480571612818,1.300241186747862
2024-12-11 10:00:00+00:00,2024,winter,1.029,100.0,22.33,1.0052649811033785,2.0,42.0,138.9525746809327,22.824353535950085,0.6006,161.17632821688278,1.263727576894826
2024-12-11 11:00:00+00:00,2024,winter,1.029,120.0,22.33,1.0197937622197308,2.5,93.0,138.92671358630966,22.71793438834439,1.3299,160.31474797465404,1.2603453752548546
2024-12-11 12:00:00+00:00,2024,winter,2.572,120.0,22.33,2.548988878939891,2.9,124.0,215.29287489501453,22.63238108351313,1.7732,236.15205597852767,1.5296733458407274
2024-12-11 13:00:00+00:00,2024,winter,2.572,120.0,22.33,2.548988878939891,3.2,95.0,214.39706542943196,22.567971571093167,1.3585,235.60653700052512,1.5279055265746382
2024-12-11 14:00:00+00:00,2024,winter,2.058,100.0,22.33,2.010529962206757,3.3,69.0,188.513680182029,22.546455065718437,0.9867,210.07343524774743,1.44274109523223
2024-12-11 15:00:00+00:00,2024,winter,2.572,110.0,22.33,2.5698735866301416,3.2,12.0,215.48096777926852,22.567971571093167,0.1716,237.8773393503617,1.5352509328616886
2024-12-11 16:00:00+00:00,2024,winter,1.543,120.0,22.33,1.52919511672016,3.0,0.0,166.63767942244897,22.610934563101228,0.0,189.2486139855502,1.369364886934831
2024-12-11 17:00:00+00:00,2024,winter,2.572,120.0,22.33,2.548988878939891,3.0,0.0,214.99427173982036,22.610934563101228,0.0,237.6052063029216,1.5343725136021142
2024-12-11 18:00:00+00:00,2024,winter,1.543,90.0,22.33,1.4272918322607975,2.9,0.0,161.59176347762047,22.63238108351313,0.0,184.2241445611336,1.3510645786781452
2024-12-11 19:00:00+00:00,2024,winter,1.029,130.0,22.33,0.9804523377138636,2.8,0.0,135.83851972005147,22.65380430937245,0.0,158.4923240294239,1.253161230909928
2024-12-11 20:00:00+00:00,2024,winter,1.029,100.0,22.33,1.0052649811033785,2.8,0.0,137.42980673922386,22.65380430937245,0.0,160.0836110485963,1.2594364837256156
2024-12-11 21:00:00+00:00,2024,winter,0.514,120.0,22.33,0.5094013545004292,2.8,0.0,100.11708634839083,22.65380430937245,0.0,122.77089065776327,1.102936570546498
2024-12-11 22:00:00+00:00,2024,winter,1.029,120.0,22.33,1.0197937622197308,2.7,0.0,138.54346747986466,22.675204257553204,0.0,161.21867173741788,1.2638935664080988
2024-12-11 23:00:00+00:00,2024,winter,1.029,120.0,22.33,1.0197937622197308,2.8,0.0,138.35184442664217,22.65380430937245,0.0,161.00564873601462,1.2630582804110073
2024-12-12 00:00:00+00:00,2024,winter,1.029,140.0,22.33,0.9113203650593824,2.7,0.0,131.46980492062,22.675204257553204,0.0,154.1450091781732,1.2358551388539065
2024-12-12 01:00:00+00:00,2024,winter,1.543,70.0,22.33,1.140706887637893,2.9,0.0,145.5658090531914,22.63238108351313,0.0,168.19819013670454,1.2909621015349217
2024-12-12 02:00:00+00:00,2024,winter,1.543,70.0,22.33,1.140706887637893,3.0,0.0,145.36391472718145,22.610934563101228,0.0,167.9748492902827,1.2901047191092139
2024-12-12 03:00:00+00:00,2024,winter,1.029,90.0,22.33,0.9518362251434611,3.1,0.0,133.4196783329243,22.589464731256644,0.0,156.00914306418093,1.2433055132641289
2024-12-12 04:00:00+00:00,2024,winter,1.029,110.0,22.33,1.0281492693010947,2.9,0.0,138.68658061727075,22.63238108351313,0.0,161.3189617007839,1.264286623029131
2024-12-12 05:00:00+00:00,2024,winter,1.543,110.0,22.33,1.5417243173290467,2.9,0.0,167.5048543108469,22.63238108351313,0.0,190.13723539436003,1.3725760646541765
2024-12-12 06:00:00+00:00,2024,winter,2.058,100.0,22.33,2.010529962206757,3.0,0.0,189.30244035015465,22.610934563101228,0.0,211.9133749132559,1.4490454843652383
2024-12-12 07:00:00+00:00,2024,winter,2.572,100.0,22.33,2.5126739858094167,2.9,0.0,213.39213394069742,22.63238108351313,0.0,236.02451502421056,1.529260217217983
2024-12-12 08:00:00+00:00,2024,winter,2.058,100.0,22.33,2.010529962206757,3.0,0.0,189.30244035015465,22.610934563101228,0.0,211.9133749132559,1.4490454843652383
2024-12-12 09:00:00+00:00,2024,winter,2.572,110.0,22.33,2.5698735866301416,3.0,1.0,216.08119331625815,22.610934563101228,0.0143,238.6778278793594,1.5378319239829066
2024-12-12 10:00:00+00:00,2024,winter,1.543,120.0,22.33,1.52919511672016,3.2,31.0,166.17479697960883,22.567971571093167,0.4433,188.29946855070202,1.3659266578656817
2024-12-12 11:00:00+00:00,2024,winter,2.572,120.0,22.33,2.548988878939891,3.6,90.0,213.20265280865522,22.481765309311722,1.287,234.39741811796694,1.5239799229816575
2024-12-12 12:00:00+00:00,2024,winter,2.058,120.0,22.33,2.0395875244394617,4.1,23.0,187.66097520790484,22.3734805660179,0.3289,209.70555577392273,1.4414772814573262
2024-12-12 13:00:00+00:00,2024,winter,1.543,130.0,22.33,1.4702020962997975,4.4,27.0,160.42919365068568,22.308227885326158,0.3861,182.35132153601182,1.3441795731180228
2024-12-12 14:00:00+00:00,2024,winter,3.087,210.0,22.33,0.4120135226416017,4.6,11.0,88.43056591421457,22.264608384483488,0.1573,110.53787429869804,1.0465461590106335
2024-12-12 15:00:00+00:00,2024,winter,3.087,210.0,22.33,0.4120135226416017,4.3,10.0,88.80740071214446,22.33000230466733,0.14300000000000002,110.99440301681179,1.0487050845439723
2024-12-12 16:00:00+00:00,2024,winter,2.572,210.0,22.33,0.343277868556592,3.7,0.0,82.25863054300743,22.460155254046388,0.0,104.71878579705381,1.0186268810130725
2024-12-12 17:00:00+00:00,2024,winter,2.572,210.0,22.33,0.343277868556592,3.3,0.0,82.72010953623608,22.546455065718437,0.0,105.26656460195451,1.0212875995231112
2024-12-12 18:00:00+00:00,2024,winter,2.572,210.0,22.33,0.343277868556592,3.1,0.0,82.95084903285041,22.589464731256644,0.0,105.54031376410705,1.0226146832920522
2024-12-12 19:00:00+00:00,2024,winter,1.543,150.0,22.33,1.2213518045847398,3.0,0.0,150.0656519151339,22.610934563101228,0.0,172.67658647823515,1.3080355913554738
2024-12-12 20:00:00+00:00,2024,winter,1.543,140.0,22.33,1.366537729141523,2.8,0.0,158.5688496915121,22.65380430937245,0.0,181.22265400088455,1.3400132015599213
2024-12-12 21:00:00+00:00,2024,winter,2.058,130.0,22.33,1.9609046754277273,3.2,0.0,186.59077344685406,22.567971571093167,0.0,209.15874501794724,1.4395967166548806
2024-12-12 22:00:00+00:00,2024,winter,1.543,140.0,22.33,1.366537729141523,3.5,0.0,157.0314785726193,22.50335195173534,0.0,179.53483052435465,1.3337584743613546
2024-12-12 23:00:00+00:00,2024,winter,1.029,120.0,22.33,1.0197937622197308,3.5,0.0,137.01048305408472,22.50335195173534,0.0,159.51383500582006,1.2571931672649395
2024-12-13 00:00:00+00:00,2024,winter,1.029,170.0,22.33,0.5503039049539723,3.2,0.0,103.2110635638751,22.567971571093167,0.0,125.77903513496827,1.1163669307391406
2024-12-13 01:00:00+00:00,2024,winter,1.543,100.0,22.33,1.5074090047060378,3.6,0.0,164.14773968954154,22.481765309311722,0.0,186.62950499885326,1.3598562006302115
2024-12-13 02:00:00+00:00,2024,winter,1.543,120.0,22.33,1.52919511672016,3.7,0.0,165.0175908725085,22.460155254046388,0.0,187.47774612655488,1.362943006929445
2024-12-13 03:00:00+00:00,2024,winter,1.029,50.0,22.33,0.47784536434712205,3.7,0.0,95.96623301714212,22.460155254046388,0.0,118.4263882711885,1.0832459551675737
2024-12-13 04:00:00+00:00,2024,winter,2.058,60.0,22.33,1.257669880426625,4.1,0.0,149.8046516059484,22.3734805660179,0.0,172.1781321719663,1.306146316192198
2024-12-13 05:00:00+00:00,2024,winter,2.572,90.0,22.33,2.379128057404259,3.9,0.0,203.4486525058352,22.41686483729278,0.0,225.865517343128,1.4959869331126099
2024-12-13 06:00:00+00:00,2024,winter,2.572,110.0,22.33,2.5698735866301416,3.9,0.0,213.3801783998049,22.41686483729278,0.0,235.79704323709768,1.5285231170708047
2024-12-13 07:00:00+00:00,2024,winter,2.572,110.0,22.33,2.5698735866301416,3.9,0.0,213.3801783998049,22.41686483729278,0.0,235.79704323709768,1.5285231170708047
2024-12-13 08:00:00+00:00,2024,winter,1.543,100.0,22.33,1.5074090047060378,4.0,0.0,163.22814450920797,22.395184441940355,0.0,185.62332895114832,1.3561855487305428
2024-12-13 09:00:00+00:00,2024,winter,1.543,110.0,22.33,1.5417243173290467,3.9,1.0,165.18162470875473,22.41686483729278,0.0143,187.58418954604753,1.3633298681189352
2024-12-13 10:00:00+00:00,2024,winter,1.029,110.0,22.33,1.0281492693010947,4.4,46.0,135.8012842105314,22.308227885326158,0.6578,157.45171209585754,1.249040520014637
2024-12-13 11:00:00+00:00,2024,winter,1.029,60.0,22.33,0.6288349402133125,5.0,45.0,107.07722949378802,22.177086258732125,0.6435,128.61081575252015,1.1288638878011106
2024-12-13 12:00:00+00:00,2024,winter,1.543,50.0,22.33,0.7165358573251791,5.5,151.01,112.98132907563696,22.067151341600617,2.159443,132.88903741723757,1.147486042314874
2024-12-13 13:00:00+00:00,2024,winter,0.514,10.0,22.33,0.10976055557499612,5.9,111.0,46.860511164272985,21.97877627232493,1.5873,67.25198743659791,0.8163105237383101
2024-12-13 14:00:00+00:00,2024,winter,1.029,200.0,22.33,0.041833957924452464,5.9,84.0,44.87030766834131,21.97877627232493,1.2012,65.64788394066625,0.8065163940548712
2024-12-13 15:00:00+00:00,2024,winter,0.514,340.0,22.33,0.34612744126277,5.7,17.0,80.25982815387525,22.02301134597912,0.2431,102.03973949985436,1.0055125706699068
2024-12-13 16:00:00+00:00,2024,winter,1.029,50.0,22.33,0.47784536434712205,5.6,0.0,93.40892806998126,22.045093220020593,0.0,115.45402129000185,1.0695654507666736
2024-12-13 17:00:00+00:00,2024,winter,1.543,110.0,22.33,1.5417243173290467,6.2,0.0,159.83819662394268,21.912245092054423,0.0,181.7504417159971,1.3419630911032587
2024-12-13 18:00:00+00:00,2024,winter,3.087,320.0,22.33,2.7339610951781474,6.3,0.0,214.21673819046057,21.89002034508136,0.0,236.10675853554193,1.5295266318645857
2024-12-13 19:00:00+00:00,2024,winter,1.029,300.0,22.33,1.0197937622197308,5.6,0.0,132.9863989364123,22.045093220020593,0.0,155.03149215643288,1.2394037257462116
2024-12-13 20:00:00+00:00,2024,winter,4.116,310.0,22.33,3.921809350855454,6.8,0.0,265.77738430274997,21.77853818977298,0.0,287.55592249252294,1.6879671567071144
2024-12-13 21:00:00+00:00,2024,winter,4.63,290.0,22.33,4.626172125232331,6.5,0.0,295.6355395699177,21.845499218328904,0.0,317.48103878824656,1.7736247076018978
2024-12-13 22:00:00+00:00,2024,winter,5.659,300.0,22.33,5.608370165599084,6.4,0.0,333.4756924662056,21.867771726202193,0.0,355.3434641924078,1.8764068069746878
2024-12-13 23:00:00+00:00,2024,winter,4.63,300.0,22.33,4.588576403379353,6.5,0.0,294.1484474181723,21.845499218328904,0.0,315.99394663650116,1.7694659722743642
2024-12-14 00:00:00+00:00,2024,winter,6.173,300.0,22.33,6.117771520099513,6.5,0.0,351.3696185278969,21.845499218328904,0.0,373.21511774622576,1.9230140063609373
2024-12-14 01:00:00+00:00,2024,winter,5.659,290.0,22.33,5.654321394533426,6.6,0.0,334.18445926271147,21.82320280436743,0.0,356.0076620670789,1.8781596513249583
2024-12-14 02:00:00+00:00,2024,winter,6.173,300.0,22.33,6.117771520099513,6.6,0.0,350.856670179681,21.82320280436743,0.0,372.6798729840484,1.921634570713979
2024-12-14 03:00:00+00:00,2024,winter,6.173,300.0,22.33,6.117771520099513,6.6,0.0,350.856670179681,21.82320280436743,0.0,372.6798729840484,1.921634570713979
2024-12-14 04:00:00+00:00,2024,winter,4.63,290.0,22.33,4.626172125232331,6.3,0.0,296.49870902851603,21.89002034508136,0.0,318.3887293735974,1.7761583288282528
2024-12-14 05:00:00+00:00,2024,winter,4.116,280.0,22.33,4.021059924413514,6.5,0.0,271.1015705393072,21.845499218328904,0.0,292.9470697576361,1.7037168275647239
2024-12-14 06:00:00+00:00,2024,winter,4.116,290.0,22.33,4.112597077204379,6.3,0.0,275.7017549422611,21.89002034508136,0.0,297.5917752873425,1.7171700134957173
2024-12-14 07:00:00+00:00,2024,winter,5.144,300.0,22.33,5.097977757879782,6.9,0.0,312.08869817441735,21.756169954921255,0.0,333.8448681293386,1.8187591286018212
2024-12-14 08:00:00+00:00,2024,winter,5.144,290.0,22.33,5.139747173260283,7.4,0.0,311.3635042698138,21.64396882019225,0.0,333.00747309000604,1.8164766670777268
2024-12-14 09:00:00+00:00,2024,winter,4.63,280.0,22.33,4.523203948016174,7.4,1.0,287.7209159459308,21.64396882019225,0.0143,309.35058476612306,1.7507668081116412
2024-12-14 10:00:00+00:00,2024,winter,6.173,280.0,22.33,6.030612952722212,8.0,19.0,340.64121070403235,21.508533282404716,0.2717,361.87804398643704,1.8935812774432075
2024-12-14 11:00:00+00:00,2024,winter,5.659,250.0,22.33,4.1835776261457145,8.1,39.0,271.332416582853,21.485876221672026,0.5577,292.260592804525,1.7017194559668278
2024-12-14 12:00:00+00:00,2024,winter,6.173,250.0,22.33,4.5635668291566525,7.7,112.0,288.0210289688583,21.57635955394056,1.6016,307.9957885227988,1.7469288729754893
2024-12-14 13:00:00+00:00,2024,winter,6.688,240.0,22.33,4.0871215550501825,8.1,62.0,267.44911882661904,21.485876221672026,0.8866,288.04839504829107,1.6894119572217472
2024-12-14 14:00:00+00:00,2024,winter,7.717,240.0,22.33,4.715956495263495,8.5,19.0,290.4335482060729,21.395006002479192,0.2717,311.55685420855207,1.7569988970101116
2024-12-14 15:00:00+00:00,2024,winter,7.202,240.0,22.33,4.401233468820487,8.9,11.0,276.6237394998448,21.30374779510149,0.1573,297.7701872949463,1.7176846746371826
2024-12-14 16:00:00+00:00,2024,winter,8.231,240.0,22.33,5.0300684090338,9.3,0.0,298.6049752889095,21.212100496713223,0.0,319.8170757856227,1.780137945860785
2024-12-14 17:00:00+00:00,2024,winter,8.746,240.0,22.33,5.344791435476809,9.8,0.0,307.65771644380175,21.096992531874935,0.0,328.7547089756767,1.8048404878950473
2024-12-14 18:00:00+00:00,2024,winter,9.26,240.0,22.33,5.658903349247113,10.2,0.0,316.75432813637156,21.004465738399713,0.0,337.75879387477124,1.8293894338141068
2024-12-14 19:00:00+00:00,2024,winter,9.774,250.0,22.33,7.225709086048456,10.4,0.0,367.2650951911393,20.958055153716582,0.0,388.2231503448559,1.961297833214639
2024-12-14 20:00:00+00:00,2024,winter,10.289,260.0,22.33,8.694019089418166,10.6,0.0,410.4716779395715,20.911546258921337,0.0,431.3832241984929,2.067447356185739
2024-12-14 21:00:00+00:00,2024,winter,9.774,260.0,22.33,8.258853394885135,10.3,0.0,399.5026785590733,20.981272726155126,0.0,420.4839512852284,2.0411623363846028
2024-12-14 22:00:00+00:00,2024,winter,8.746,260.0,22.33,7.390211969681338,10.2,0.0,373.5631012454573,21.004465738399713,0.0,394.567566983857,1.9772588393324528
2024-12-14 23:00:00+00:00,2024,winter,8.746,260.0,22.33,7.390211969681338,10.3,0.0,372.9866149781032,20.981272726155126,0.0,393.9678877042583,1.9757557101795686
2024-12-15 00:00:00+00:00,2024,winter,8.746,260.0,22.33,7.390211969681338,10.5,0.0,371.833642443395,20.93481300375153,0.0,392.7684554471465,1.9727458308796064
2024-12-15 01:00:00+00:00,2024,winter,9.774,250.0,22.33,7.225709086048456,10.5,0.0,366.69657337195804,20.93481300375153,0.0,387.63138637570955,1.9598024715795428
2024-12-15 02:00:00+00:00,2024,winter,8.231,250.0,22.33,6.085002198410563,10.4,0.0,330.2666034310892,20.958055153716582,0.0,351.2246585848058,1.865500343330853
2024-12-15 03:00:00+00:00,2024,winter,7.202,250.0,22.33,5.324284513783607,10.6,0.0,303.16169591838013,20.911546258921337,0.0,324.0732421773015,1.7919439480287311
2024-12-15 04:00:00+00:00,2024,winter,7.717,250.0,22.33,5.705012995399625,10.3,0.0,317.855615196733,20.981272726155126,0.0,338.83688792288814,1.8323067265551338
2024-12-15 05:00:00+00:00,2024,winter,6.688,250.0,22.33,4.944295310772669,10.3,0.0,290.9509678996932,20.981272726155126,0.0,311.9322406258483,1.7580570585659987
2024-12-15 06:00:00+00:00,2024,winter,8.231,240.0,22.33,5.0300684090338,10.4,0.0,293.6055008167968,20.958055153716582,0.0,314.5635559705134,1.7654565625989638
2024-12-15 07:00:00+00:00,2024,winter,7.717,240.0,22.33,4.715956495263495,10.4,0.0,282.1354468287565,20.958055153716582,0.0,303.09350198247313,1.7329704072112249
2024-12-15 08:00:00+00:00,2024,winter,7.202,240.0,22.33,4.401233468820487,10.5,0.0,269.9278547313161,20.93481300375153,0.0,290.8626677350676,1.6976447914397275
2024-12-15 09:00:00+00:00,2024,winter,7.717,230.0,22.33,3.583608043407913,10.6,3.0,237.3640497815777,20.911546258921337,0.0429,258.2326960404991,1.5995891458434395
2024-12-15 10:00:00+00:00,2024,winter,9.26,240.0,22.33,5.658903349247113,10.9,46.0,313.33259928304653,20.841598281761826,0.6578,333.51639756480836,1.8178641682250047
2024-12-15 11:00:00+00:00,2024,winter,9.26,240.0,22.33,5.658903349247113,11.4,102.0,310.8885072449573,20.724524802480246,1.4586000000000001,330.1544320474375,1.8086785980578521
2024-12-15 12:00:00+00:00,2024,winter,8.231,240.0,22.33,5.0300684090338,11.8,32.0,287.2425333068353,20.63042060186722,0.4576,307.4153539087025,1.7452820060397682
2024-12-15 13:00:00+00:00,2024,winter,8.746,240.0,22.33,5.344791435476809,11.9,54.0,297.7484955153971,20.606832543192034,0.7722,317.5831280585891,1.7739098482503302
2024-12-15 14:00:00+00:00,2024,winter,8.231,230.0,22.33,3.8222985363859707,11.8,25.0,242.41120404510707,20.63042060186722,0.3575,262.6841246469743,1.6133171379900855
2024-12-15 15:00:00+00:00,2024,winter,8.746,240.0,22.33,5.344791435476809,11.4,20.0,300.10783383168393,20.724524802480246,0.28600000000000003,320.54635863416416,1.7821664254569198
2024-12-15 16:00:00+00:00,2024,winter,8.746,240.0,22.33,5.344791435476809,10.9,0.0,302.4671721479707,20.841598281761826,0.0,323.30877042973253,1.7898291493161038
2024-12-15 17:00:00+00:00,2024,winter,8.746,250.0,22.33,6.465730680026581,10.8,0.0,340.76557641731364,20.864938915280412,0.0,361.63051533259403,1.8929335512113283
2024-12-15 18:00:00+00:00,2024,winter,9.26,250.0,22.33,6.8457198830375185,10.6,0.0,354.10649393743967,20.911546258921337,0.0,375.018040196361,1.9276532451056052
2024-12-15 19:00:00+00:00,2024,winter,9.26,240.0,22.33,5.658903349247113,10.6,0.0,314.7990545059002,20.911546258921337,0.0,335.71060076482155,1.8238342260416855
2024-12-15 20:00:00+00:00,2024,winter,7.717,230.0,22.33,3.583608043407913,10.5,0.0,237.73262749862982,20.93481300375153,0.0,258.66744050238134,1.600935063868015
2024-12-15 21:00:00+00:00,2024,winter,8.746,240.0,22.33,5.344791435476809,10.2,0.0,305.77024579077226,21.004465738399713,0.0,326.77471152917195,1.7993972556142634
2024-12-15 22:00:00+00:00,2024,winter,9.26,240.0,22.33,5.658903349247113,10.3,0.0,316.2655097287537,20.981272726155126,0.0,337.24678245490884,1.8280023144501707
2024-12-15 23:00:00+00:00,2024,winter,8.746,240.0,22.33,5.344791435476809,10.1,0.0,306.24211345402966,21.02763420777673,0.0,327.2697476618064,1.8007597073635522
2024-12-16 00:00:00+00:00,2024,winter,6.688,220.0,22.33,2.030036775659886,10.3,0.0,170.87640587225886,20.981272726155126,0.0,191.857678598414,1.3787719088320056
2024-12-16 01:00:00+00:00,2024,winter,8.231,220.0,22.33,2.498390056886442,10.5,0.0,190.22725881691895,20.93481300375153,0.0,211.16207182067046,1.4464745305629036
2024-12-16 02:00:00+00:00,2024,winter,8.746,230.0,22.33,4.061453407755036,10.4,0.0,257.2507649748914,20.958055153716582,0.0,278.208820128608,1.6603065492083986
2024-12-16 03:00:00+00:00,2024,winter,8.746,230.0,22.33,4.061453407755036,10.3,0.0,257.6489859733046,20.981272726155126,0.0,278.6302586994597,1.6615636129341633
2024-12-16 04:00:00+00:00,2024,winter,9.774,230.0,22.33,4.5388343937111495,10.2,0.0,276.3920908688396,21.004465738399713,0.0,297.3965566072393,1.7166066937307225
2024-12-16 05:00:00+00:00,2024,winter,8.746,240.0,22.33,5.344791435476809,9.9,0.0,307.18584878054435,21.073897587203227,0.0,328.2597463677476,1.8034813209759297
2024-12-16 06:00:00+00:00,2024,winter,7.202,220.0,22.33,2.186053357999776,10.6,0.0,176.055169076966,20.911546258921337,0.0,196.96671533588733,1.3970091643519325
2024-12-16 07:00:00+00:00,2024,winter,8.231,230.0,22.33,3.8222985363859707,11.2,0.0,244.7125762354087,20.77142832603801,0.0,265.48400456144674,1.621892306654276
2024-12-16 08:00:00+00:00,2024,winter,8.231,230.0,22.33,3.8222985363859707,10.9,0.0,245.8632623305595,20.841598281761826,0.0,266.70486061232134,1.6256172501549253
2024-12-16 09:00:00+00:00,2024,winter,8.746,230.0,22.33,4.061453407755036,11.0,1.0,254.86143898441256,20.81823298396238,0.0143,275.6653719683749,1.6526996737424637
2024-12-16 10:00:00+00:00,2024,winter,8.746,230.0,22.33,4.061453407755036,11.4,39.0,253.26855499075998,20.724524802480246,0.5577,273.4353797932402,1.646001351274593
2024-12-16 11:00:00+00:00,2024,winter,9.26,230.0,22.33,4.300143900733093,11.4,23.0,262.3666366447644,20.724524802480246,0.3289,282.76226144724467,1.6738385158991456
2024-12-16 12:00:00+00:00,2024,winter,9.26,230.0,22.33,4.300143900733093,11.3,60.0,262.7791628030109,20.747988931156307,0.858,282.6691517341672,1.6735629072391822
2024-12-16 13:00:00+00:00,2024,winter,8.746,230.0,22.33,4.061453407755036,11.1,22.0,254.46321798599942,20.794843004512877,0.3146,274.94346099051234,1.6505342146283588
2024-12-16 14:00:00+00:00,2024,winter,8.231,230.0,22.33,3.8222985363859707,11.4,22.0,243.94545217197484,20.724524802480246,0.3146,264.3553769744551,1.6184411344795657
2024-12-16 15:00:00+00:00,2024,winter,7.717,230.0,22.33,3.583608043407913,11.5,16.0,234.0468503281084,20.701035922616132,0.2288,254.51908625072454,1.5880457560168992
2024-12-16 16:00:00+00:00,2024,winter,8.231,230.0,22.33,3.8222985363859707,11.1,0.0,245.09613826712567,20.794843004512877,0.0,265.89098127163857,1.623134979680252
2024-12-16 17:00:00+00:00,2024,winter,7.717,230.0,22.33,3.583608043407913,11.2,0.0,235.15258347926482,20.77142832603801,0.0,255.92401180530283,1.5924226687864516
2024-12-16 18:00:00+00:00,2024,winter,8.231,230.0,22.33,3.8222985363859707,10.6,0.0,247.0139484257104,20.911546258921337,0.0,267.92549468463176,1.629333002843484
2024-12-16 19:00:00+00:00,2024,winter,7.717,220.0,22.33,2.342373474546552,10.3,0.0,183.3626095674311,20.981272726155126,0.0,204.3438822935862,1.4229303869263465
2024-12-16 20:00:00+00:00,2024,winter,5.144,220.0,22.33,1.5613799602264435,9.7,0.0,152.60514976039153,21.120063002923622,0.0,173.72521276331514,1.3120012835592767
2024-12-16 21:00:00+00:00,2024,winter,4.116,200.0,22.33,0.16733583169780986,9.3,0.0,54.2299018894876,21.212100496713223,0.0,75.44200238620083,0.8645884654528522
2024-12-16 22:00:00+00:00,2024,winter,5.144,200.0,22.33,0.209129134658293,9.3,0.0,60.16716456761775,21.212100496713223,0.0,81.37926506433098,0.8979656327407216
2024-12-16 23:00:00+00:00,2024,winter,5.659,200.0,22.33,0.23006644110250388,9.3,0.0,62.90280258181838,21.212100496713223,0.0,84.1149030785316,0.9129338457185745
2024-12-17 00:00:00+00:00,2024,winter,5.144,190.0,22.33,1.0984597234976248,10.3,0.0,128.3484678926468,20.981272726155126,0.0,149.3297406188019,1.2163988171940388
2024-12-17 01:00:00+00:00,2024,winter,5.144,180.0,22.33,1.9544141694859236,9.9,0.0,168.91792016064855,21.073897587203227,0.0,189.99181774785177,1.37205108868551
2024-12-17 02:00:00+00:00,2024,winter,3.601,160.0,22.33,2.424912287912908,9.8,0.0,188.77685649242252,21.096992531874935,0.0,209.87384902429747,1.4420555738267165
2024-12-17 03:00:00+00:00,2024,winter,2.058,140.0,22.33,1.8226407301187648,9.5,0.0,164.51632485027386,21.166130593329157,0.0,185.68245544360303,1.3564015240355987
2024-12-17 04:00:00+00:00,2024,winter,4.116,160.0,22.33,2.7717131288668506,9.9,0.0,204.71913130792254,21.073897587203227,0.0,225.79302889512576,1.4957468555779538
2024-12-17 05:00:00+00:00,2024,winter,5.144,140.0,22.33,4.555716188401811,9.4,0.0,280.44704007208827,21.189127747259363,0.0,301.63616781934763,1.7287991529949525
2024-12-17 06:00:00+00:00,2024,winter,5.659,140.0,22.33,5.011819189379053,9.1,0.0,298.84195820858025,21.25797285127141,0.0,320.09993105985166,1.7809249740747486
2024-12-17 07:00:00+00:00,2024,winter,4.116,140.0,22.33,3.6452814602375296,9.6,0.0,243.6051989539067,21.14310901764511,0.0,264.7483079715518,1.6196434923847784
2024-12-17 08:00:00+00:00,2024,winter,5.144,140.0,22.33,4.555716188401811,9.9,0.0,278.3094864130022,21.073897587203227,0.0,299.38338400020547,1.7223312452512505
2024-12-17 09:00:00+00:00,2024,winter,4.116,110.0,22.33,4.112597077204379,9.9,0.0,261.2545014081688,21.073897587203227,0.0,282.328398995372,1.6725538775885502
2024-12-17 10:00:00+00:00,2024,winter,6.173,170.0,22.33,3.3012886348696515,10.4,16.0,226.3278115354442,20.958055153716582,0.2288,247.05706668916076,1.5645933288785014
2024-12-17 11:00:00+00:00,2024,winter,9.774,170.0,22.33,5.227084904781463,10.5,18.0,300.194771857114,20.93481300375153,0.2574,320.8721848608655,1.7830719560623727
2024-12-17 12:00:00+00:00,2024,winter,8.746,170.0,22.33,4.677315794681674,11.0,46.0,278.0974042526795,20.81823298396238,0.6578,298.2578372366419,1.719090601434653
2024-12-17 13:00:00+00:00,2024,winter,9.774,170.0,22.33,5.227084904781463,11.2,14.0,296.93684410052515,20.77142832603801,0.2002,317.50807242656316,1.7737002184235728
2024-12-17 14:00:00+00:00,2024,winter,8.746,170.0,22.33,4.677315794681674,11.5,12.0,275.92476828195544,20.701035922616132,0.1716,296.45420420457157,1.7138848533289628
2024-12-17 15:00:00+00:00,2024,winter,6.688,150.0,22.33,5.293843725899378,12.1,4.0,295.0531127233376,20.559581893667065,0.0572,315.5554946170047,1.7682379499576109
2024-12-17 16:00:00+00:00,2024,winter,5.659,160.0,22.33,3.8107688523463334,12.2,0.0,240.42766564091136,20.535919267950497,0.0,260.96358490886183,1.6080249711702372
2024-12-17 17:00:00+00:00,2024,winter,6.173,150.0,22.33,4.886198761958263,12.2,0.0,280.35145004599394,20.535919267950497,0.0,300.8873693139444,1.7266519857162
2024-12-17 18:00:00+00:00,2024,winter,8.746,160.0,22.33,5.889553698996472,12.4,0.0,313.64924953522336,20.488519327396272,0.0,334.1377688626196,1.8195568031194795
2024-12-17 19:00:00+00:00,2024,winter,8.746,160.0,22.33,5.889553698996472,12.3,0.0,314.150286675056,20.512231751676453,0.0,334.66251842673245,1.8209850120040616
2024-12-17 20:00:00+00:00,2024,winter,7.202,170.0,22.33,3.851592539823624,12.4,0.0,241.24541407948934,20.488519327396272,0.0,261.7339334068856,1.610396617769348
2024-12-17 21:00:00+00:00,2024,winter,8.746,190.0,22.33,1.8676377802702615,13.8,0.0,155.47293507259258,20.15392026101056,0.0,175.62685533360315,1.3191624979579302
2024-12-17 22:00:00+00:00,2024,winter,9.774,200.0,22.33,0.3973616178363444,13.8,0.0,75.58803555538424,20.15392026101056,0.0,95.74195581639479,0.9739888412500347
2024-12-17 23:00:00+00:00,2024,winter,11.318,200.0,22.33,0.46013288220500775,13.8,0.0,80.93493570900571,20.15392026101056,0.0,101.08885597001627,1.0008165411543388
2024-12-18 00:00:00+00:00,2024,winter,10.803,200.0,22.33,0.43919557576079693,13.5,0.0,79.58564193001976,20.22603373546297,0.0,99.81167566548274,0.9944741693227519
2024-12-18 01:00:00+00:00,2024,winter,11.318,200.0,22.33,0.46013288220500775,13.7,0.0,81.0671823359812,20.17798323291303,0.0,101.24516556889424,1.0015900032940033
2024-12-18 02:00:00+00:00,2024,winter,11.318,200.0,22.33,0.46013288220500775,13.8,0.0,80.93493570900571,20.15392026101056,0.0,101.08885597001627,1.0008165411543388
2024-12-18 03:00:00+00:00,2024,winter,9.26,210.0,22.33,1.2359071006353195,12.5,0.0,130.9864623446489,20.464781977655118,0.0,151.45124432230403,1.2250089359674365
2024-12-18 04:00:00+00:00,2024,winter,10.803,250.0,22.33,7.986426770675412,10.4,0.0,390.7017681139651,20.958055153716582,0.0,411.6598232676817,2.0196312196063055
2024-12-18 05:00:00+00:00,2024,winter,12.347,280.0,22.33,12.062202839342483,10.1,0.0,506.4369184573282,21.02763420777673,0.0,527.464552665105,2.2861223698639597
2024-12-18 06:00:00+00:00,2024,winter,11.832,280.0,22.33,11.559081881841765,10.0,0.0,494.0364427033004,21.050778151606515,0.0,515.087220854907,2.2591403967065413
2024-12-18 07:00:00+00:00,2024,winter,11.318,280.0,22.33,11.056937858239104,9.5,0.0,484.3581970834825,21.166130593329157,0.0,505.52432767681165,2.238071020997715
2024-12-18 08:00:00+00:00,2024,winter,10.803,280.0,22.33,10.553816900738386,9.4,0.0,471.3352812665571,21.189127747259363,0.0,492.52440901381647,2.2091068030184635
2024-12-18 09:00:00+00:00,2024,winter,10.803,280.0,22.33,10.553816900738386,9.0,0.0,474.20927688403617,21.280872490900176,0.0,495.4901493749363,2.2157478993627184
2024-12-18 10:00:00+00:00,2024,winter,10.289,280.0,22.33,10.051672877135726,8.9,16.0,460.83320320780507,21.30374779510149,0.2288,481.9081510029066,2.185168693413599
2024-12-18 11:00:00+00:00,2024,winter,8.746,280.0,22.33,8.544263872429688,8.5,91.0,419.32966331939053,21.395006002479192,1.3013000000000001,439.4233693218697,2.086625011000916
2024-12-18 12:00:00+00:00,2024,winter,7.202,280.0,22.33,7.03587793382559,8.5,94.0,371.89758435528654,21.395006002479192,1.3442,391.94839035776573,1.9706852971337756
2024-12-18 13:00:00+00:00,2024,winter,7.202,270.0,22.33,6.66192856509544,7.8,58.0,363.3398733705495,21.553774931356237,0.8294,384.06424830190576,1.9507641894406744
2024-12-18 14:00:00+00:00,2024,winter,7.717,290.0,22.33,7.710619933135615,8.1,43.0,395.918967454013,21.485876221672026,0.6149,416.78994367568504,2.032176615940773
2024-12-18 15:00:00+00:00,2024,winter,5.659,290.0,22.33,5.654321394533426,8.0,13.0,327.3444264707846,21.508533282404716,0.1859,348.6670597531893,1.858695696990077
2024-12-18 16:00:00+00:00,2024,winter,5.659,300.0,22.33,5.608370165599084,7.9,0.0,326.1839499195684,21.531166179904194,0.0,347.7151160994726,1.8561566229979716
2024-12-18 17:00:00+00:00,2024,winter,5.659,300.0,22.33,5.608370165599084,7.6,0.0,327.6422984288959,21.598920064830704,0.0,349.2412184937266,1.860225447752797
2024-12-18 18:00:00+00:00,2024,winter,6.173,300.0,22.33,6.117771520099513,6.9,0.0,349.3178251350332,21.756169954921255,0.0,371.07399508995445,1.917489938576783
2024-12-18 19:00:00+00:00,2024,winter,5.659,300.0,22.33,5.608370165599084,6.9,0.0,331.04511161732654,21.756169954921255,0.0,352.8012815722478,1.869682705446047
2024-12-18 20:00:00+00:00,2024,winter,5.144,300.0,22.33,5.097977757879782,5.5,0.0,318.50461854804706,22.067151341600617,0.0,340.57176988964767,1.836991543051368
2024-12-18 21:00:00+00:00,2024,winter,4.63,300.0,22.33,4.588576403379353,6.6,0.0,293.71903362632094,21.82320280436743,0.0,315.5422364306884,1.7682008029662803
2024-12-18 22:00:00+00:00,2024,winter,8.746,300.0,22.33,8.667751452258278,6.1,0.0,438.3332471439545,21.93444598420321,0.0,460.2676931281577,2.135541816681456
2024-12-18 23:00:00+00:00,2024,winter,6.688,300.0,22.33,6.6281639278188145,6.2,0.0,370.8245395503084,21.912245092054423,0.0,392.7367846423628,1.9726662932961192
2024-12-19 00:00:00+00:00,2024,winter,8.231,300.0,22.33,8.157359044538975,5.8,0.0,424.0360094677887,22.000905702430984,0.0,446.0369151702197,2.1022687546219383
2024-12-19 01:00:00+00:00,2024,winter,8.231,300.0,22.33,8.157359044538975,5.8,0.0,424.0360094677887,22.000905702430984,0.0,446.0369151702197,2.1022687546219383
2024-12-19 02:00:00+00:00,2024,winter,8.746,300.0,22.33,8.667751452258278,4.3,0.0,449.78462370214197,22.33000230466733,0.0,472.1146260068093,2.162850798858624
2024-12-19 03:00:00+00:00,2024,winter,8.746,320.0,22.33,7.7457802845572,5.7,0.0,411.27708905702235,22.02301134597912,0.0,433.30010040300147,2.0720356754266667
2024-12-19 04:00:00+00:00,2024,winter,9.26,300.0,22.33,9.177152806758706,5.5,0.0,458.03359272588983,22.067151341600617,0.0,480.10074406749044,2.181067082800635
2024-12-19 05:00:00+00:00,2024,winter,9.26,310.0,22.33,8.823118218882776,6.4,0.0,441.2427447915222,21.867771726202193,0.0,463.1105165177244,2.1421267050922226
2024-12-19 06:00:00+00:00,2024,winter,11.318,310.0,22.33,10.784022894310503,5.0,0.0,509.70111097569804,22.177086258732125,0.0,531.8781972344302,2.2956671930027093
2024-12-19 07:00:00+00:00,2024,winter,10.289,320.0,22.33,9.112318013698722,6.2,0.0,451.4379692781523,21.912245092054423,0.0,473.35021437020674,2.1656791872537333
2024-12-19 08:00:00+00:00,2024,winter,10.289,320.0,22.33,9.112318013698722,5.5,0.0,456.0310881516219,22.067151341600617,0.0,478.0982394932225,2.176513704464395
2024-12-19 09:00:00+00:00,2024,winter,7.717,340.0,22.33,5.196625416779758,6.1,0.0,319.51706650523414,21.93444598420321,0.0,341.45151248943733,1.8393626107186072
2024-12-19 10:00:00+00:00,2024,winter,8.231,300.0,22.33,8.157359044538975,6.1,42.0,422.1977030683619,21.93444598420321,0.6006,443.5315490525651,2.096356273363663
2024-12-19 11:00:00+00:00,2024,winter,8.746,310.0,22.33,8.333368460296843,6.1,87.0,427.8044997226949,21.93444598420321,1.2441,448.4948457068981,2.108053176612231
2024-12-19 12:00:00+00:00,2024,winter,8.231,320.0,22.33,7.289677283579958,6.7,134.0,390.4212428265568,21.80088246721757,1.9162000000000001,410.30592529377435,2.0163073264051112
2024-12-19 13:00:00+00:00,2024,winter,7.717,310.0,22.33,7.352916122582979,7.6,158.01,387.3387455586356,21.598920064830704,2.259543,406.67812262346627,2.0073737414004618
2024-12-19 14:00:00+00:00,2024,winter,7.202,320.0,22.33,6.378356918520575,7.1,42.0,357.3870639849305,21.711361544516034,0.6006,378.4978255294465,1.9365759236385067
2024-12-19 15:00:00+00:00,2024,winter,8.231,300.0,22.33,8.157359044538975,6.4,16.0,420.35939666893495,21.867771726202193,0.2288,441.99836839513716,2.0927298399209087
2024-12-19 16:00:00+00:00,2024,winter,7.202,290.0,22.33,7.196045711862473,6.9,0.0,386.1803354867414,21.756169954921255,0.0,407.93650544166263,2.0104770477008578
2024-12-19 17:00:00+00:00,2024,winter,8.231,280.0,22.33,8.041142914928969,6.8,0.0,414.21876387447145,21.77853818977298,0.0,435.9973020642444,2.078474662987814
2024-12-19 18:00:00+00:00,2024,winter,5.659,300.0,22.33,5.608370165599084,7.1,0.0,330.072879277775,21.711361544516034,0.0,351.784240822291,1.866985838963885
2024-12-19 19:00:00+00:00,2024,winter,6.688,300.0,22.33,6.6281639278188145,6.9,0.0,367.0516154560465,21.756169954921255,0.0,388.8077854109677,1.9627740616701645
2024-12-19 20:00:00+00:00,2024,winter,6.173,270.0,22.33,5.71009233995198,7.1,0.0,333.75995989440804,21.711361544516034,0.0,355.47132143892406,1.876744354523536
2024-12-19 21:00:00+00:00,2024,winter,4.63,220.0,22.33,1.405363377886554,5.7,0.0,154.1997740167691,22.02301134597912,0.0,176.22278536274823,1.321398667387615
2024-12-19 22:00:00+00:00,2024,winter,6.173,230.0,22.33,2.866607807691726,6.2,0.0,220.9027080690049,21.912245092054423,0.0,242.81495316105932,1.551102678827673
2024-12-19 23:00:00+00:00,2024,winter,6.173,230.0,22.33,2.866607807691726,6.0,0.0,221.5448671040892,21.95662303860351,0.0,243.50149014269272,1.5532939312207106
2024-12-20 00:00:00+00:00,2024,winter,4.63,210.0,22.33,0.6179535503176597,6.2,0.0,104.3890285111337,21.912245092054423,0.0,126.30127360318812,1.1186821251579953
2024-12-20 01:00:00+00:00,2024,winter,4.63,190.0,22.33,0.9886991679226287,5.9,0.0,130.51455592344817,21.97877627232493,0.0,152.4933321957731,1.2292161597913578
2024-12-20 02:00:00+00:00,2024,winter,6.173,200.0,22.33,0.25096309258274546,6.2,0.0,68.59423735277028,21.912245092054423,0.0,90.5064824448247,0.946984077622687
2024-12-20 03:00:00+00:00,2024,winter,6.173,200.0,22.33,0.25096309258274546,7.4,0.0,67.39782623615218,21.64396882019225,0.0,89.04179505634443,0.939290191229797
2024-12-20 04:00:00+00:00,2024,winter,5.144,190.0,22.33,1.0984597234976248,7.5,0.0,133.90296109356504,21.62145648119416,0.0,155.52441757475918,1.2413725152592014
2024-12-20 05:00:00+00:00,2024,winter,6.688,200.0,22.33,0.27190039902695634,7.9,0.0,69.44460435589818,21.531166179904194,0.0,90.97577053580237,0.9494360222108308
2024-12-20 06:00:00+00:00,2024,winter,7.202,200.0,22.33,0.2927970505071979,8.3,0.0,71.45406077404861,21.44048954173325,0.0,92.89455031578186,0.9593961076599009
2024-12-20 07:00:00+00:00,2024,winter,7.717,200.0,22.33,0.31373435695140883,9.0,0.0,73.01681166538279,21.280872490900176,0.0,94.29768415628297,0.966614592869118
2024-12-20 08:00:00+00:00,2024,winter,9.774,220.0,22.33,2.9667433381129973,8.7,0.0,217.44106099443735,21.34942546620337,0.0,238.79048646064072,1.5381948180254572
2024-12-20 09:00:00+00:00,2024,winter,9.26,220.0,22.33,2.810726755773108,9.6,0.0,207.4467643751927,21.14310901764511,0.0,228.58987339283783,1.5049820750931635
2024-12-20 10:00:00+00:00,2024,winter,9.774,280.0,22.33,9.548551919635006,9.6,12.0,441.7109209343243,21.14310901764511,0.1716,462.68242995196937,2.1411364148203895
2024-12-20 11:00:00+00:00,2024,winter,8.746,280.0,22.33,8.544263872429688,9.8,24.0,411.13224132968816,21.096992531874935,0.3432,431.8860338615631,2.0686518881579117
2024-12-20 12:00:00+00:00,2024,winter,9.774,290.0,22.33,9.765919298492614,9.7,51.0,447.2134961672669,21.120063002923622,0.7293000000000001,467.6042591701905,2.152494562004267
2024-12-20 13:00:00+00:00,2024,winter,10.803,280.0,22.33,10.553816900738386,9.8,43.0,468.46128564907815,21.096992531874935,0.6149,488.9433781809531,2.201061200113732
2024-12-20 14:00:00+00:00,2024,winter,10.289,280.0,22.33,10.051672877135726,9.4,20.0,457.3473242122846,21.189127747259363,0.28600000000000003,478.25045195954397,2.1768601459771584
2024-12-20 15:00:00+00:00,2024,winter,9.774,280.0,22.33,9.548551919635006,9.2,5.0,444.4125167810173,21.235048858962156,0.07150000000000001,465.57606563997945,2.1478213584465706
2024-12-20 16:00:00+00:00,2024,winter,8.746,280.0,22.33,8.544263872429688,8.2,0.0,421.2213760862449,21.46319498051422,0.0,442.68457106675913,2.094353691930397
2024-12-20 17:00:00+00:00,2024,winter,7.202,270.0,22.33,6.66192856509544,9.2,0.0,355.77029267532976,21.235048858962156,0.0,377.0053415342919,1.9327540212953034
2024-12-20 18:00:00+00:00,2024,winter,7.202,270.0,22.33,6.66192856509544,8.8,0.0,357.93303001682114,21.32659878112227,0.0,379.2596287979434,1.9385238189569363
2024-12-20 19:00:00+00:00,2024,winter,5.659,230.0,22.33,2.6279173147136685,7.4,0.0,205.69594455944022,21.64396882019225,0.0,227.33991337963246,1.5008617130220494
2024-12-20 20:00:00+00:00,2024,winter,6.688,230.0,22.33,3.105762679060791,7.6,0.0,227.39394202453366,21.598920064830704,0.0,248.99286208936437,1.5707109900594614
2024-12-20 21:00:00+00:00,2024,winter,7.202,230.0,22.33,3.344453172038848,8.0,0.0,236.62832612087462,21.508533282404716,0.0,258.13685940327935,1.59929229445134
2024-12-20 22:00:00+00:00,2024,winter,7.717,230.0,22.33,3.583608043407913,8.4,0.0,245.47275955672472,21.417759888125,0.0,266.8905194448497,1.6261829648072266
2024-12-20 23:00:00+00:00,2024,winter,7.717,230.0,22.33,3.583608043407913,8.5,0.0,245.1041818396726,21.395006002479192,0.0,266.4991878421518,1.6249903217858876
2024-12-21 00:00:00+00:00,2024,winter,8.746,220.0,22.33,2.6547101734332186,9.0,0.0,202.09032258379642,21.280872490900176,0.0,223.3711950746966,1.487703612844058
2024-12-21 01:00:00+00:00,2024,winter,8.746,220.0,22.33,2.6547101734332186,8.7,0.0,203.0089149591773,21.34942546620337,0.0,224.35834042538067,1.490987296656124
2024-12-21 02:00:00+00:00,2024,winter,9.26,220.0,22.33,2.810726755773108,9.2,0.0,208.71555192488805,21.235048858962156,0.0,229.9506007838502,1.5094547836800745
2024-12-21 03:00:00+00:00,2024,winter,12.861,220.0,22.33,3.9037534347729963,10.1,0.0,252.1969397014973,21.02763420777673,0.0,273.22457390927406,1.6453667339226603
2024-12-21 04:00:00+00:00,2024,winter,12.861,230.0,22.33,5.972370486752517,11.1,0.0,322.9375520949276,20.794843004512877,0.0,343.73239509944045,1.8454958201432554
2024-12-21 05:00:00+00:00,2024,winter,13.376,230.0,22.33,6.211525358121582,11.5,0.0,328.79806770477325,20.701035922616132,0.0,349.4991036273894,1.8609121306764018
2024-12-21 06:00:00+00:00,2024,winter,13.89,250.0,22.33,10.268579824556278,11.0,0.0,452.1186228277733,20.81823298396238,0.0,472.9368558117357,2.1647333785041685
2024-12-21 07:00:00+00:00,2024,winter,13.376,270.0,22.33,12.372945915956208,9.7,0.0,517.6313498962485,21.120063002923622,0.0,538.7514128991721,2.310452502481472
2024-12-21 08:00:00+00:00,2024,winter,13.89,260.0,22.33,11.736799023424854,9.1,0.0,505.62217727787504,21.25797285127141,0.0,526.8801501291465,2.284855568173349
2024-12-21 09:00:00+00:00,2024,winter,13.89,260.0,22.33,11.736799023424854,9.0,0.0,506.38943399605085,21.280872490900176,0.0,527.6703064869511,2.286568212669862
2024-12-21 10:00:00+00:00,2024,winter,13.89,260.0,22.33,11.736799023424854,9.4,14.0,503.3204071233475,21.189127747259363,0.2002,524.3093348706068,2.279274484603767
2024-12-21 11:00:00+00:00,2024,winter,14.404,260.0,22.33,12.171119736026753,8.8,18.0,519.4589879601671,21.32659878112227,0.2574,540.5281867412893,2.314259241914391
2024-12-21 12:00:00+00:00,2024,winter,15.433,260.0,22.33,13.040606143161684,8.2,51.0,547.0027309425986,21.46319498051422,0.7293000000000001,567.7366259231129,2.371790307787368
2024-12-21 13:00:00+00:00,2024,winter,14.919,260.0,22.33,12.606285430559785,8.6,44.0,532.4636128227912,21.372227867579472,0.6292,553.2066406903707,2.341243184726699
2024-12-21 14:00:00+00:00,2024,winter,15.433,270.0,22.33,14.275693355334342,8.6,27.0,575.0004182684384,21.372227867579472,0.3861,595.9865461360178,2.4300827456832543
2024-12-21 15:00:00+00:00,2024,winter,14.919,260.0,22.33,12.606285430559785,7.3,18.0,542.8883522304662,21.66645709898019,0.2574,564.2974093294465,2.3645955177872406
2024-12-21 16:00:00+00:00,2024,winter,14.919,280.0,22.33,14.5748768251519,7.7,0.0,590.312382616288,21.57635955394056,0.0,611.8887421702285,2.462289228616191
2024-12-21 17:00:00+00:00,2024,winter,14.919,270.0,22.33,13.800237748217008,5.8,0.0,586.8336361538367,22.000905702430984,0.0,608.8345418562676,2.4561363679693984
2024-12-21 18:00:00+00:00,2024,winter,14.919,270.0,22.33,13.800237748217008,6.2,0.0,583.4415342107509,21.912245092054423,0.0,605.3537793028053,2.4491053265782012
2024-12-21 19:00:00+00:00,2024,winter,14.919,270.0,22.33,13.800237748217008,7.3,0.0,574.1132538672651,21.66645709898019,0.0,595.7797109662454,2.4296610329811665
2024-12-21 20:00:00+00:00,2024,winter,16.462,280.0,22.33,16.082285829857938,5.9,0.0,644.1099059324645,21.97877627232493,0.0,666.0886822047894,2.569028137973287
2024-12-21 21:00:00+00:00,2024,winter,15.948,270.0,22.33,14.752073973360469,6.6,0.0,604.4582522976435,21.82320280436743,0.0,626.2814551020109,2.4910796261630628
2024-12-21 22:00:00+00:00,2024,winter,16.977,280.0,22.33,16.585406787358657,5.4,0.0,661.2398088612921,22.08918572775824,0.0,683.3289945890504,2.6020627059071075
2024-12-21 23:00:00+00:00,2024,winter,17.491,290.0,22.33,17.47653923162823,4.3,0.0,693.7705787405301,22.33000230466733,0.0,716.1005810451975,2.6637278221475476
2024-12-22 00:00:00+00:00,2024,winter,16.977,290.0,22.33,16.962964183600278,5.6,0.0,668.5756480703213,22.045093220020593,0.0,690.6207412903419,2.6159090626385453
2024-12-22 01:00:00+00:00,2024,winter,16.462,290.0,22.33,16.448389962327134,5.6,0.0,655.968119490123,22.045093220020593,0.0,678.0132127101435,2.5919219072214372
2024-12-22 02:00:00+00:00,2024,winter,14.919,290.0,22.33,14.906665644998089,5.4,0.0,619.0381294742939,22.08918572775824,0.0,641.1273152020522,2.520431936772963
2024-12-22 03:00:00+00:00,2024,winter,15.433,290.0,22.33,15.42024069302604,5.3,0.0,633.0414033418965,22.111196395526413,0.0,655.152599737423,2.547851243890357
2024-12-22 04:00:00+00:00,2024,winter,15.948,280.0,22.33,15.580141806255279,5.5,0.0,635.2620893904906,22.067151341600617,0.0,657.3292407320912,2.5520801509252493
2024-12-22 05:00:00+00:00,2024,winter,15.948,290.0,22.33,15.934814914299183,5.3,0.0,646.0144667548943,22.111196395526413,0.0,668.1256631504208,2.5729533410096153
2024-12-22 06:00:00+00:00,2024,winter,15.433,300.0,22.33,15.294924326858219,4.7,0.0,635.2791203013985,22.242763269032263,0.0,657.5218835704308,2.5524540913478324
2024-12-22 07:00:00+00:00,2024,winter,14.404,300.0,22.33,14.275130564638488,5.5,0.0,601.8306541961058,22.067151341600617,0.0,623.8978055377064,2.4863345378946247
2024-12-22 08:00:00+00:00,2024,winter,15.433,300.0,22.33,15.294924326858219,6.0,0.0,623.531426753862,21.95662303860351,0.0,645.4880497924655,2.528988980428144
2024-12-22 09:00:00+00:00,2024,winter,17.491,300.0,22.33,17.33451185129768,7.5,0.0,659.0375448330434,21.62145648119416,0.0,680.6590013142376,2.5969741688999903
2024-12-22 10:00:00+00:00,2024,winter,15.948,310.0,22.33,15.195582003751893,8.1,10.0,602.1246932400196,21.485876221672026,0.14300000000000002,623.4675694616916,2.4854771095739485
2024-12-22 11:00:00+00:00,2024,winter,15.948,310.0,22.33,15.195582003751893,8.1,33.0,602.1246932400196,21.485876221672026,0.4719,623.1386694616916,2.4848214369287493
2024-12-22 12:00:00+00:00,2024,winter,15.948,310.0,22.33,15.195582003751893,8.0,19.0,603.0247301506922,21.508533282404716,0.2717,624.261563433097,2.487059249554233
2024-12-22 13:00:00+00:00,2024,winter,15.433,310.0,22.33,14.704879424623963,8.0,35.0,590.9149733782962,21.508533282404716,0.5005000000000001,611.9230066607009,2.4623581691758956
2024-12-22 14:00:00+00:00,2024,winter,13.376,310.0,22.33,12.74492756973823,7.7,21.0,543.341109167341,21.57635955394056,0.3003,564.6171687212815,2.3652653724872676
2024-12-22 15:00:00+00:00,2024,winter,12.347,320.0,22.33,10.934958743817488,6.8,8.0,500.878485597547,21.77853818977298,0.1144,522.5426237873199,2.275431126167675
2024-12-22 16:00:00+00:00,2024,winter,11.832,310.0,22.33,11.273772652896438,7.0,0.0,508.91673025804687,21.733777745543822,0.0,530.6505080035907,2.293016215642291
2024-12-22 17:00:00+00:00,2024,winter,11.318,310.0,22.33,10.784022894310503,7.6,0.0,490.7693554251722,21.598920064830704,0.0,512.3682754900029,2.2531699450366505
2024-12-22 18:00:00+00:00,2024,winter,10.803,320.0,22.33,9.567535377780864,7.7,0.0,455.10176176951387,21.57635955394056,0.0,476.67812132345443,2.173278798868334
2024-12-22 19:00:00+00:00,2024,winter,11.318,300.0,22.33,11.216740331198167,5.8,0.0,516.2769064862995,22.000905702430984,0.0,538.2778121887304,2.3094367533780407
2024-12-22 20:00:00+00:00,2024,winter,11.318,300.0,22.33,11.216740331198167,6.8,0.0,508.81625754863614,21.77853818977298,0.0,530.5947957384092,2.2928958421772965
2024-12-22 21:00:00+00:00,2024,winter,10.289,300.0,22.33,10.196946568978436,6.5,0.0,481.8192256541766,21.845499218328904,0.0,503.6647248725055,2.2339507863736
2024-12-22 22:00:00+00:00,2024,winter,8.746,320.0,22.33,7.7457802845572,6.5,0.0,406.52930159316065,21.845499218328904,0.0,428.37480081148954,2.0602256579406295
2024-12-22 23:00:00+00:00,2024,winter,9.26,300.0,22.33,9.177152806758706,6.4,0.0,452.10222246037466,21.867771726202193,0.0,473.96999418657686,2.1670965365330814
2024-12-23 00:00:00+00:00,2024,winter,8.231,300.0,22.33,8.157359044538975,6.8,0.0,417.9083214696992,21.77853818977298,0.0,439.6868596594722,2.0872505161197257
2024-12-23 01:00:00+00:00,2024,winter,7.202,300.0,22.33,7.137565282319244,6.8,0.0,384.80201493892054,21.77853818977298,0.0,406.5805531286935,2.0071329241794404
2024-12-23 02:00:00+00:00,2024,winter,7.202,300.0,22.33,7.137565282319244,7.0,0.0,383.67356328220814,21.733777745543822,0.0,405.40734102775195,2.004234982067862
2024-12-23 03:00:00+00:00,2024,winter,7.717,300.0,22.33,7.647957690038545,7.3,0.0,398.6380762282002,21.66645709898019,0.0,420.30453332718037,2.0407268141111055
2024-12-23 04:00:00+00:00,2024,winter,5.659,280.0,22.33,5.528468929119552,7.9,0.0,323.3041927861503,21.531166179904194,0.0,344.83535896605446,1.8484543497519315
2024-12-23 05:00:00+00:00,2024,winter,5.144,270.0,22.33,4.7582561148085185,7.8,0.0,295.11482547710403,21.553774931356237,0.0,316.6686004084603,1.7713538887990365
2024-12-23 06:00:00+00:00,2024,winter,5.144,230.0,22.33,2.388762443344604,6.4,0.0,196.78591546425102,21.867771726202193,0.0,218.6536871904532,1.4719099342515622
2024-12-23 07:00:00+00:00,2024,winter,3.601,230.0,22.33,1.672226586019424,6.3,0.0,165.765162922071,21.89002034508136,0.0,187.65518326715235,1.3635878288370957
2024-12-23 08:00:00+00:00,2024,winter,1.543,140.0,22.33,1.366537729141523,6.6,0.0,150.22312076037989,21.82320280436743,0.0,172.04632356474733,1.305646269275256
2024-12-23 09:00:00+00:00,2024,winter,1.029,290.0,22.33,1.0281492693010947,7.4,0.0,130.03069139705272,21.64396882019225,0.0,151.67466021724496,1.225912149440601
2024-12-23 10:00:00+00:00,2024,winter,2.058,130.0,22.33,1.9609046754277273,9.1,10.0,171.25810543381175,21.25797285127141,0.14300000000000002,192.37307828508315,1.3806226088137887
2024-12-23 11:00:00+00:00,2024,winter,5.144,230.0,22.33,2.388762443344604,11.0,50.0,183.59035845061322,20.81823298396238,0.715,203.6935914345756,1.42066446157642
2024-12-23 12:00:00+00:00,2024,winter,8.231,240.0,22.33,5.0300684090338,11.3,29.0,289.5150217032501,20.747988931156307,0.4147,309.84831063440646,1.7521746795468736
2024-12-23 13:00:00+00:00,2024,winter,8.746,240.0,22.33,5.344791435476809,11.4,21.0,300.10783383168393,20.724524802480246,0.3003,320.5320586341642,1.7821266726045888
2024-12-23 14:00:00+00:00,2024,winter,8.231,250.0,22.33,6.085002198410563,11.1,19.0,326.68786314623225,20.794843004512877,0.2717,347.2110061507451,1.8548106268580475
2024-12-23 15:00:00+00:00,2024,winter,9.26,250.0,22.33,6.8457198830375185,10.8,24.8,353.0067843289383,20.864938915280412,0.35464,373.51708324421867,1.923791797030772
2024-12-23 16:00:00+00:00,2024,winter,9.26,260.0,22.33,7.824532682283237,11.0,0.0,382.2049221530445,20.81823298396238,0.0,403.0231551370069,1.998332875079746
2024-12-23 17:00:00+00:00,2024,winter,9.774,250.0,22.33,7.225709086048456,11.1,0.0,363.28544245687004,20.794843004512877,0.0,384.0802854613829,1.9508049175089193
2024-12-23 18:00:00+00:00,2024,winter,8.231,260.0,22.33,6.955046275148306,11.3,0.0,353.7039030233721,20.747988931156307,0.0,374.45189195452843,1.926197648873142
2024-12-23 19:00:00+00:00,2024,winter,8.231,260.0,22.33,6.955046275148306,11.0,0.0,355.36969848502065,20.81823298396238,0.0,376.18793146898304,1.9306576188152818
2024-12-23 20:00:00+00:00,2024,winter,8.746,250.0,22.33,6.465730680026581,11.5,0.0,337.05006390186,20.701035922616132,0.0,357.75109982447617,1.8827528886025469
2024-12-23 21:00:00+00:00,2024,winter,8.746,240.0,22.33,5.344791435476809,11.8,0.0,298.22036317865445,20.63042060186722,0.0,318.8507837805217,1.777446666282523
2024-12-23 22:00:00+00:00,2024,winter,9.26,240.0,22.33,5.658903349247113,11.9,0.0,308.444415206868,20.606832543192034,0.0,329.05124775006,1.8056542930458712
2024-12-23 23:00:00+00:00,2024,winter,9.26,240.0,22.33,5.658903349247113,12.1,0.0,307.46677839163226,20.559581893667065,0.0,328.02636028529935,1.802840087492812
2024-12-24 00:00:00+00:00,2024,winter,8.231,240.0,22.33,5.0300684090338,12.1,0.0,285.8790402689864,20.559581893667065,0.0,306.4386221626535,1.7425072120807426
2024-12-24 01:00:00+00:00,2024,winter,9.26,240.0,22.33,5.658903349247113,11.9,0.0,308.444415206868,20.606832543192034,0.0,329.05124775006,1.8056542930458712
2024-12-24 02:00:00+00:00,2024,winter,8.746,240.0,22.33,5.344791435476809,11.8,0.0,298.22036317865445,20.63042060186722,0.0,318.8507837805217,1.777446666282523
2024-12-24 03:00:00+00:00,2024,winter,7.717,240.0,22.33,4.715956495263495,11.8,0.0,276.0210563402076,20.63042060186722,0.0,296.65147694207485,1.7144550029909467
2024-12-24 04:00:00+00:00,2024,winter,7.717,240.0,22.33,4.715956495263495,11.9,0.0,275.5843141624541,20.606832543192034,0.0,296.19114670564613,1.7131242799992075
2024-12-24 05:00:00+00:00,2024,winter,7.717,230.0,22.33,3.583608043407913,12.3,0.0,231.0982285916913,20.512231751676453,0.0,251.61046034336778,1.578945645819927
2024-12-24 06:00:00+00:00,2024,winter,8.231,230.0,22.33,3.8222985363859707,13.2,0.0,237.04133560106987,20.297921149072955,0.0,257.33925675014285,1.5968196009807218
2024-12-24 07:00:00+00:00,2024,winter,8.746,240.0,22.33,5.344791435476809,13.1,0.0,292.0860835563087,20.32183346628884,0.0,312.4079170225976,1.759397009311637
2024-12-24 08:00:00+00:00,2024,winter,8.231,230.0,22.33,3.8222985363859707,13.2,0.0,237.04133560106987,20.297921149072955,0.0,257.33925675014285,1.5968196009807218
2024-12-24 09:00:00+00:00,2024,winter,8.746,230.0,22.33,4.061453407755036,13.3,0.0,245.70235602091023,20.273983766537576,0.0,265.9763397874478,1.623395494862938
2024-12-24 10:00:00+00:00,2024,winter,8.746,230.0,22.33,4.061453407755036,13.3,30.0,245.70235602091023,20.273983766537576,0.429,265.5473397874478,1.6220857585915507
2024-12-24 11:00:00+00:00,2024,winter,8.746,230.0,22.33,4.061453407755036,13.9,118.0,243.31303003043138,20.12983211863795,1.6874,261.75546214906933,1.610462847432885
2024-12-24 12:00:00+00:00,2024,winter,7.717,220.0,22.33,2.342373474546552,14.6,109.0,171.17622284192947,19.960508874188154,1.5587,189.57803171611764,1.370556168959249
2024-12-24 13:00:00+00:00,2024,winter,5.659,220.0,22.33,1.71770007677322,13.7,63.0,149.7707252118884,20.17798323291303,0.9009,169.0478084448014,1.2942185082381865
2024-12-24 14:00:00+00:00,2024,winter,6.173,190.0,22.33,1.3181943765845328,13.6,21.0,132.60496860312563,20.20202105188573,0.3003,152.50668965501137,1.2292699944245642
2024-12-24 15:00:00+00:00,2024,winter,7.202,190.0,22.33,1.537929029671441,13.1,8.0,143.64283315556187,20.32183346628884,0.1144,163.85026662185072,1.274167167314895
2024-12-24 16:00:00+00:00,2024,winter,6.173,180.0,22.33,2.345372991492342,12.1,0.0,178.40236891180592,20.559581893667065,0.0,198.96195080547298,1.4040670545551568
2024-12-24 17:00:00+00:00,2024,winter,5.659,190.0,22.33,1.208433821009537,11.9,0.0,130.86581598299827,20.606832543192034,0.0,151.4726485261903,1.22509549654605
2024-12-24 18:00:00+00:00,2024,winter,5.659,200.0,22.33,0.23006644110250388,12.4,0.0,59.93478602164125,20.488519327396272,0.0,80.42330534903752,0.8926758648764516
2024-12-24 19:00:00+00:00,2024,winter,4.116,200.0,22.33,0.16733583169780986,12.3,0.0,51.75365066165712,20.512231751676453,0.0,72.26588241333357,0.8461931177953689
2024-12-24 20:00:00+00:00,2024,winter,4.116,190.0,22.33,0.8789386123476327,11.8,0.0,113.00112305539353,20.63042060186722,0.0,133.63154365726075,1.150687317361564
2024-12-24 21:00:00+00:00,2024,winter,5.659,190.0,22.33,1.208433821009537,11.9,0.0,130.86581598299827,20.606832543192034,0.0,151.4726485261903,1.22509549654605
2024-12-24 22:00:00+00:00,2024,winter,5.659,190.0,22.33,1.208433821009537,11.8,0.0,131.0732103030981,20.63042060186722,0.0,151.70363090496534,1.2260292218053939
2024-12-24 23:00:00+00:00,2024,winter,5.659,200.0,22.33,0.23006644110250388,11.6,0.0,60.700725779106314,20.677522274164204,0.0,81.37824805327051,0.8979600217055708
2024-12-25 00:00:00+00:00,2024,winter,5.659,200.0,22.33,0.23006644110250388,11.6,0.0,60.700725779106314,20.677522274164204,0.0,81.37824805327051,0.8979600217055708
2024-12-25 01:00:00+00:00,2024,winter,5.659,200.0,22.33,0.23006644110250388,11.4,0.0,60.89221071847258,20.724524802480246,0.0,81.61673552095283,0.8992748419886062
2024-12-25 02:00:00+00:00,2024,winter,5.659,200.0,22.33,0.23006644110250388,11.3,0.0,60.98795318815572,20.747988931156307,0.0,81.73594211931203,0.899931327327088
2024-12-25 03:00:00+00:00,2024,winter,6.173,190.0,22.33,1.3181943765845328,11.2,0.0,137.78822470487646,20.77142832603801,0.0,158.55965303091446,1.2534273798735445
2024-12-25 04:00:00+00:00,2024,winter,6.688,200.0,22.33,0.27190039902695634,11.3,0.0,65.92580175068129,20.747988931156307,0.0,86.6737906818376,0.9267161449682689
2024-12-25 05:00:00+00:00,2024,winter,6.688,200.0,22.33,0.27190039902695634,11.5,0.0,65.71881336213912,20.701035922616132,0.0,86.41984928475524,0.9253575784663824
2024-12-25 06:00:00+00:00,2024,winter,6.173,210.0,22.33,0.8238935779937179,11.6,0.0,109.9932916174257,20.677522274164204,0.0,130.6708138915899,1.1378686493515615
2024-12-25 07:00:00+00:00,2024,winter,6.173,200.0,22.33,0.25096309258274546,11.3,0.0,63.50949010714342,20.747988931156307,0.0,84.25747903829972,0.9137072360715536
2024-12-25 08:00:00+00:00,2024,winter,5.659,200.0,22.33,0.23006644110250388,11.3,0.0,60.98795318815572,20.747988931156307,0.0,81.73594211931203,0.899931327327088
2024-12-25 09:00:00+00:00,2024,winter,6.173,190.0,22.33,1.3181943765845328,11.5,0.0,137.14031769215762,20.701035922616132,0.0,157.84135361477377,1.2505850485518015
2024-12-25 10:00:00+00:00,2024,winter,6.173,200.0,22.33,0.25096309258274546,11.2,16.0,63.609191033528255,20.77142832603801,0.2288,84.15181935956626,0.9131341575789131
2024-12-25 11:00:00+00:00,2024,winter,5.659,200.0,22.33,0.23006644110250388,11.6,40.0,60.700725779106314,20.677522274164204,0.5720000000000001,80.80624805327051,0.8947986186253263
2024-12-25 12:00:00+00:00,2024,winter,5.144,190.0,22.33,1.0984597234976248,12.3,139.0,124.38097274913375,20.512231751676453,1.9877,142.90550450081022,1.1899461618526996
2024-12-25 13:00:00+00:00,2024,winter,6.173,200.0,22.33,0.25096309258274546,12.3,61.0,62.512480843295016,20.512231751676453,0.8723,82.15241259497148,0.9022211315806139
2024-12-25 14:00:00+00:00,2024,winter,6.688,200.0,22.33,0.27190039902695634,11.9,44.0,65.30483658505477,20.606832543192034,0.6292,85.28246912824682,0.9192480486951351
2024-12-25 15:00:00+00:00,2024,winter,7.202,220.0,22.33,2.186053357999776,12.1,34.75,171.95450520094968,20.559581893667065,0.496925,192.01716209461674,1.3793448483369177
2024-12-25 16:00:00+00:00,2024,winter,5.659,200.0,22.33,0.23006644110250388,11.9,0.0,60.41349837005692,20.606832543192034,0.0,81.02033091324896,0.8959831454559533
2024-12-25 17:00:00+00:00,2024,winter,5.144,190.0,22.33,1.0984597234976248,11.6,0.0,125.7695960493633,20.677522274164204,0.0,146.4471183235275,1.2046010821758513
2024-12-25 18:00:00+00:00,2024,winter,6.688,190.0,22.33,1.428168474096445,11.8,0.0,141.68546451474555,20.63042060186722,0.0,162.31588511661278,1.2681871430307456
2024-12-25 19:00:00+00:00,2024,winter,6.173,200.0,22.33,0.25096309258274546,11.7,0.0,63.11068640160405,20.653983839718578,0.0,83.76467024132262,0.9110312522294801
2024-12-25 20:00:00+00:00,2024,winter,6.688,200.0,22.33,0.27190039902695634,11.8,0.0,65.40833077932587,20.63042060186722,0.0,86.03875138119308,0.9233149836200024
2024-12-25 21:00:00+00:00,2024,winter,5.659,200.0,22.33,0.23006644110250388,11.8,0.0,60.50924083974005,20.63042060186722,0.0,81.13966144160727,0.8966427255971304
2024-12-25 22:00:00+00:00,2024,winter,6.173,200.0,22.33,0.25096309258274546,11.5,0.0,63.31008825437373,20.701035922616132,0.0,84.01112417698987,0.9123704942241189
2024-12-25 23:00:00+00:00,2024,winter,5.144,190.0,22.33,1.0984597234976248,11.7,0.0,125.57122129218764,20.653983839718578,0.0,146.22520513190622,1.2036880624530863
2024-12-26 00:00:00+00:00,2024,winter,4.63,200.0,22.33,0.1882324831780514,11.4,0.0,55.45564820915015,20.724524802480246,0.0,76.18017301163039,0.8688079997377998
2024-12-26 01:00:00+00:00,2024,winter,4.116,190.0,22.33,0.8789386123476327,11.2,0.0,114.07391852743841,20.77142832603801,0.0,134.84534685347643,1.1559014703272603
2024-12-26 02:00:00+00:00,2024,winter,3.087,190.0,22.33,0.6592039592607246,11.0,0.0,100.0746786368691,20.81823298396238,0.0,120.89291162083147,1.094468464415064
2024-12-26 03:00:00+00:00,2024,winter,3.087,190.0,22.33,0.6592039592607246,10.7,0.0,100.54377869297942,20.888254901881265,0.0,121.43203359486068,1.0969061409488317
2024-12-26 04:00:00+00:00,2024,winter,2.572,170.0,22.33,1.3754923649578397,9.6,0.0,144.0722246151907,21.14310901764511,0.0,165.2153336328358,1.2794638200388138
2024-12-26 05:00:00+00:00,2024,winter,1.543,40.0,22.33,0.46835328122655506,9.2,0.0,87.73930217733927,21.235048858962156,0.0,108.97435103630143,1.039118267002223
2024-12-26 06:00:00+00:00,2024,winter,1.029,180.0,22.33,0.3909588220064182,10.1,0.0,79.55340100326006,21.02763420777673,0.0,100.58103521103679,0.9982995708108982
2024-12-26 07:00:00+00:00,2024,winter,2.058,160.0,22.33,1.3858565644334253,10.4,0.0,142.8085593662497,20.958055153716582,0.0,163.76661451996628,1.2738418691888411
2024-12-26 08:00:00+00:00,2024,winter,2.572,200.0,22.33,0.1045645673291465,10.4,0.0,42.82986602636042,20.958055153716582,0.0,63.78792118007701,0.7950090239615903
2024-12-26 09:00:00+00:00,2024,winter,3.087,180.0,22.33,1.1728764660192548,10.8,0.0,131.3069116948083,20.864938915280412,0.0,152.1718506100887,1.2279197790063021
2024-12-26 10:00:00+00:00,2024,winter,2.572,190.0,22.33,0.5492298617488124,10.7,66.0,92.34585424739544,20.888254901881265,0.9438,112.29030914927671,1.0548093542687151
2024-12-26 11:00:00+00:00,2024,winter,3.601,180.0,22.33,1.36816590674938,10.6,96.0,141.5166474318848,20.911546258921337,1.3728,161.0553936908061,1.2632533851330723
2024-12-26 12:00:00+00:00,2024,winter,3.087,120.0,22.33,3.059381286659193,10.1,91.0,216.93282421541974,21.02763420777673,1.3013000000000001,236.6591584231965,1.531314841422867
2024-12-26 13:00:00+00:00,2024,winter,2.058,150.0,22.33,1.628996768525855,10.2,63.0,154.4581503241856,21.004465738399713,0.9009,174.5617160625853,1.3151561953376978
2024-12-26 14:00:00+00:00,2024,winter,1.029,150.0,22.33,0.8144983842629275,10.3,34.0,111.6503597010223,20.981272726155126,0.4862,132.1454324271774,1.14427105415182
2024-12-26 15:00:00+00:00,2024,winter,2.058,160.0,22.33,1.3858565644334253,9.8,18.0,144.13495465448116,21.096992531874935,0.2574,164.97454718635612,1.2785311285309202
2024-12-26 16:00:00+00:00,2024,winter,2.572,160.0,22.33,1.7319840056961955,9.4,0.0,160.89638486683032,21.189127747259363,0.0,182.08551261408968,1.3431995275112136
2024-12-26 17:00:00+00:00,2024,winter,2.058,150.0,22.33,1.628996768525855,9.2,0.0,156.84176375511439,21.235048858962156,0.0,178.07681261407654,1.3283316499215592
2024-12-26 18:00:00+00:00,2024,winter,2.572,150.0,22.33,2.0358501888476677,9.1,0.0,174.27775835452687,21.25797285127141,0.0,195.53573120579827,1.3919252035801122
2024-12-26 19:00:00+00:00,2024,winter,3.087,160.0,22.33,2.078784846650138,9.4,0.0,175.17982419884643,21.189127747259363,0.0,196.3689519461058,1.3948877006297713
2024-12-26 20:00:00+00:00,2024,winter,3.087,160.0,22.33,2.078784846650138,9.5,0.0,174.91278178390917,21.166130593329157,0.0,196.07891237723834,1.393857186071535
2024-12-26 21:00:00+00:00,2024,winter,2.572,140.0,22.33,2.2778580942009055,9.6,0.0,182.17477101716787,21.14310901764511,0.0,203.317880034813,1.4193536540394442
2024-12-26 22:00:00+00:00,2024,winter,4.116,160.0,22.33,2.7717131288668506,9.7,0.0,205.34806873129557,21.120063002923622,0.0,226.46813173421918,1.497981267525276
2024-12-26 23:00:00+00:00,2024,winter,3.087,170.0,22.33,1.6509117148619172,9.9,0.0,156.1425624915982,21.073897587203227,0.0,177.21646007880142,1.3251189430298698
2024-12-27 00:00:00+00:00,2024,winter,1.543,150.0,22.33,1.2213518045847398,9.7,0.0,136.1012093063645,21.120063002923622,0.0,157.2212723092881,1.2481261634234626
2024-12-27 01:00:00+00:00,2024,winter,1.543,130.0,22.33,1.4702020962997975,9.8,0.0,148.15840546777207,21.096992531874935,0.0,169.25539799964702,1.295012910179845
2024-12-27 02:00:00+00:00,2024,winter,2.572,180.0,22.33,0.9772070847429618,10.1,0.0,121.91564922052086,21.02763420777673,0.0,142.9432834282976,1.1901034403256663
2024-12-27 03:00:00+00:00,2024,winter,2.058,170.0,22.33,1.1006078099079446,10.1,0.0,128.8624796077707,21.02763420777673,0.0,149.89011381554744,1.2186790026805687
2024-12-27 04:00:00+00:00,2024,winter,2.572,150.0,22.33,2.0358501888476677,9.7,0.0,172.69101093400005,21.120063002923622,0.0,193.81107393692366,1.3857731034312601
2024-12-27 05:00:00+00:00,2024,winter,2.058,110.0,22.33,2.0562985386021895,9.7,0.0,173.497145991571,21.120063002923622,0.0,194.6172089944946,1.3886520954151182
2024-12-27 06:00:00+00:00,2024,winter,2.058,140.0,22.33,1.8226407301187648,9.6,0.0,164.2651548886704,21.14310901764511,0.0,185.4082639063155,1.355399675966434
2024-12-27 07:00:00+00:00,2024,winter,2.572,140.0,22.33,2.2778580942009055,9.7,0.0,181.89621632142294,21.120063002923622,0.0,203.01627932434656,1.4183005323453455
2024-12-27 08:00:00+00:00,2024,winter,3.087,140.0,22.33,2.733961095178148,9.8,0.0,203.30322168876316,21.096992531874935,0.0,224.4002142206381,1.4911264276192038
2024-12-27 09:00:00+00:00,2024,winter,2.058,190.0,22.33,0.43946930617381635,10.3,0.0,83.75099669074424,20.981272726155126,0.0,104.73226941689937,1.0186924582417833
2024-12-27 10:00:00+00:00,2024,winter,1.543,150.0,22.33,1.2213518045847398,10.3,78.00999999999999,134.85066220707174,20.981272726155126,1.115543,154.71639193322687,1.2381435461929953
2024-12-27 11:00:00+00:00,2024,winter,2.058,130.0,22.33,1.9609046754277273,10.4,91.0,167.87972095636172,20.958055153716582,1.3013000000000001,187.5364761100783,1.363156470538134
2024-12-27 12:00:00+00:00,2024,winter,2.572,170.0,22.33,1.3754923649578397,10.6,26.0,141.86928540089113,20.911546258921337,0.3718,162.40903165981246,1.268550971580746
2024-12-27 13:00:00+00:00,2024,winter,2.572,190.0,22.33,0.5492298617488124,11.6,30.0,91.05329952231526,20.677522274164204,0.429,111.30182179647946,1.0501563681533066
2024-12-27 14:00:00+00:00,2024,winter,4.116,200.0,22.33,0.16733583169780986,11.2,31.0,52.661609445194955,20.77142832603801,0.4433,72.98973777123297,0.8504205291053325
2024-12-27 15:00:00+00:00,2024,winter,3.087,190.0,22.33,0.6592039592607246,10.7,37.24,100.54377869297942,20.888254901881265,0.532532,120.89950159486068,1.0944982942056287
2024-12-27 16:00:00+00:00,2024,winter,2.572,200.0,22.33,0.1045645673291465,10.6,0.0,42.697265821944455,20.911546258921337,0.0,63.60881208086579,0.7938920926985791
2024-12-27 17:00:00+00:00,2024,winter,3.601,200.0,22.33,0.14639852525359895,10.5,0.0,50.02427668459269,20.93481300375153,0.0,70.95908968834422,0.8385073069781213
2024-12-27 18:00:00+00:00,2024,winter,3.087,200.0,22.33,0.1255018737733574,10.3,0.0,46.70423668888964,20.981272726155126,0.0,67.68550941504476,0.818937361141487
2024-12-27 19:00:00+00:00,2024,winter,3.087,190.0,22.33,0.6592039592607246,10.1,0.0,101.48197880520007,21.02763420777673,0.0,122.5096130129768,1.101762325773921
2024-12-27 20:00:00+00:00,2024,winter,3.087,190.0,22.33,0.6592039592607246,10.2,0.0,101.32561211982996,21.004465738399713,0.0,122.33007785822967,1.100954725506133
2024-12-27 21:00:00+00:00,2024,winter,3.601,190.0,22.33,0.7689645148357205,10.2,0.0,108.86501613240439,21.004465738399713,0.0,129.8694818708041,1.13437432354303
2024-12-27 22:00:00+00:00,2024,winter,4.63,190.0,22.33,0.9886991679226287,10.2,0.0,122.39281076468079,21.004465738399713,0.0,143.3972765030805,1.1919918480390093
2024-12-27 23:00:00+00:00,2024,winter,5.144,200.0,22.33,0.209129134658293,10.3,0.0,59.25137819672555,20.981272726155126,0.0,80.23265092288068,0.8916171320255645
2024-12-28 00:00:00+00:00,2024,winter,6.173,200.0,22.33,0.25096309258274546,10.0,0.0,64.80560215014634,21.050778151606515,0.0,85.85638030175286,0.9223359173762217
2024-12-28 01:00:00+00:00,2024,winter,5.659,200.0,22.33,0.23006644110250388,10.3,0.0,61.945377884987046,20.981272726155126,0.0,82.92665061114218,0.9064626125647742
2024-12-28 02:00:00+00:00,2024,winter,4.63,190.0,22.33,0.9886991679226287,10.2,0.0,122.39281076468079,21.004465738399713,0.0,143.3972765030805,1.1919918480390093
2024-12-28 03:00:00+00:00,2024,winter,4.116,190.0,22.33,0.8789386123476327,9.9,0.0,116.39830871686897,21.073897587203227,0.0,137.4722063040722,1.1671059554970566
2024-12-28 04:00:00+00:00,2024,winter,3.601,190.0,22.33,0.7689645148357205,10.0,0.0,109.20101926861552,21.050778151606515,0.0,130.25179742022203,1.136042807267064
2024-12-28 05:00:00+00:00,2024,winter,3.601,190.0,22.33,0.7689645148357205,10.0,0.0,109.20101926861552,21.050778151606515,0.0,130.25179742022203,1.136042807267064
2024-12-28 06:00:00+00:00,2024,winter,3.601,180.0,22.33,1.36816590674938,9.9,0.0,143.05487186049223,21.073897587203227,0.0,164.12876944769545,1.2752495839015907
2024-12-28 07:00:00+00:00,2024,winter,4.116,190.0,22.33,0.8789386123476327,10.0,0.0,116.21950947152816,21.050778151606515,0.0,137.27028762313466,1.1662485200222186
2024-12-28 08:00:00+00:00,2024,winter,5.144,190.0,22.33,1.0984597234976248,9.7,0.0,129.53871643570068,21.120063002923622,0.0,150.6587794386243,1.2217998181004313
2024-12-28 09:00:00+00:00,2024,winter,5.659,200.0,22.33,0.23006644110250388,9.6,0.0,62.615575172768985,21.14310901764511,0.0,83.7586841904141,0.9109986992636953
2024-12-28 10:00:00+00:00,2024,winter,4.63,190.0,22.33,0.9886991679226287,10.2,58.0,122.39281076468079,21.004465738399713,0.8294,142.5678765030805,1.1885396494834832
2024-12-28 11:00:00+00:00,2024,winter,5.144,200.0,22.33,0.209129134658293,10.0,65.0,59.52611410799321,21.050778151606515,0.9295,79.64739225959973,0.8883592205004354
2024-12-28 12:00:00+00:00,2024,winter,5.144,210.0,22.33,0.686555737113184,9.2,158.01,104.85709380996101,21.235048858962156,2.259543,123.83259966892318,1.107695340776664
2024-12-28 13:00:00+00:00,2024,winter,4.116,280.0,22.33,4.021059924413514,8.6,136.0,262.7904275008759,21.372227867579472,1.9448,282.2178553684554,1.672226407390469
2024-12-28 14:00:00+00:00,2024,winter,3.601,250.0,22.33,2.6621422568918036,9.2,91.0,201.82632708817832,21.235048858962156,1.3013000000000001,221.76007594714048,1.4823286910655775
2024-12-28 15:00:00+00:00,2024,winter,3.087,240.0,22.33,1.8865048206399393,9.0,42.85,168.454076829797,21.280872490900176,0.612755,189.1221943206972,1.368907436899684
2024-12-28 16:00:00+00:00,2024,winter,4.116,260.0,22.33,3.477945628539719,8.7,0.0,239.88882466762317,21.34942546620337,0.0,261.23825013382657,1.608870975004925
2024-12-28 17:00:00+00:00,2024,winter,3.087,250.0,22.33,2.282153053880866,8.6,0.0,185.1757663221313,21.372227867579472,0.0,206.54799418971078,1.4305838723439788
2024-12-28 18:00:00+00:00,2024,winter,4.116,240.0,22.33,2.515339760853252,8.5,0.0,196.94700631060198,21.395006002479192,0.0,218.34201231308117,1.4708605100409338
2024-12-28 19:00:00+00:00,2024,winter,5.659,240.0,22.33,3.458286614836869,8.2,0.0,240.85272012990367,21.46319498051422,0.0,262.3159151104179,1.6121860321962125
2024-12-28 20:00:00+00:00,2024,winter,5.659,230.0,22.33,2.6279173147136685,7.8,0.0,204.47880879281635,21.553774931356237,0.0,226.03258372417258,1.4965401006050196
2024-12-28 21:00:00+00:00,2024,winter,5.659,230.0,22.33,2.6279173147136685,8.0,0.0,203.8702409095044,21.508533282404716,0.0,225.37877419190912,1.494374128012503
2024-12-28 22:00:00+00:00,2024,winter,6.688,230.0,22.33,3.105762679060791,8.4,0.0,224.69490413700206,21.417759888125,0.0,246.11266402512706,1.561600051028031
2024-12-28 23:00:00+00:00,2024,winter,7.202,230.0,22.33,3.344453172038848,8.8,0.0,233.80291327167018,21.32659878112227,0.0,255.12951205279245,1.589948960181304
2024-12-29 00:00:00+00:00,2024,winter,6.688,220.0,22.33,2.030036775659886,8.9,0.0,174.57388606114853,21.30374779510149,0.0,195.87763385625001,1.3931415926791602
2024-12-29 01:00:00+00:00,2024,winter,9.26,240.0,22.33,5.658903349247113,9.5,0.0,320.1760569896966,21.166130593329157,0.0,341.34218758302575,1.8390681263827018
2024-12-29 02:00:00+00:00,2024,winter,9.26,230.0,22.33,4.300143900733093,9.9,0.0,268.55452901846166,21.073897587203227,0.0,289.6284266056649,1.6940390854171077
2024-12-29 03:00:00+00:00,2024,winter,9.26,230.0,22.33,4.300143900733093,9.8,0.0,268.9670551767082,21.096992531874935,0.0,290.06404770858313,1.6953125824742625
2024-12-29 04:00:00+00:00,2024,winter,8.746,230.0,22.33,4.061453407755036,10.0,0.0,258.843648968544,21.050778151606515,0.0,279.8944271201505,1.6653286726170693
2024-12-29 05:00:00+00:00,2024,winter,8.231,230.0,22.33,3.8222985363859707,9.8,0.0,250.0824446794459,21.096992531874935,0.0,271.1794372113208,1.6391972294179054
2024-12-29 06:00:00+00:00,2024,winter,7.717,230.0,22.33,3.583608043407913,9.7,0.0,240.68124923504692,21.120063002923622,0.0,261.80131223797054,1.610603888675894
2024-12-29 07:00:00+00:00,2024,winter,7.717,230.0,22.33,3.583608043407913,9.4,0.0,241.78698238620333,21.189127747259363,0.0,262.9761101334627,1.6142135270658902
2024-12-29 08:00:00+00:00,2024,winter,8.231,230.0,22.33,3.8222985363859707,9.7,0.0,250.46600671116283,21.120063002923622,0.0,271.5860697140865,1.6404257539574836
2024-12-29 09:00:00+00:00,2024,winter,8.231,240.0,22.33,5.0300684090338,9.4,0.0,298.1504776096265,21.189127747259363,0.0,319.33960535688584,1.778808622370164
2024-12-29 10:00:00+00:00,2024,winter,9.774,240.0,22.33,5.973015263017416,9.4,7.0,331.55112385872997,21.189127747259363,0.1001,352.64015160598933,1.869255699745365
2024-12-29 11:00:00+00:00,2024,winter,9.774,240.0,22.33,5.973015263017416,9.7,13.0,330.0348839630346,21.120063002923622,0.1859,350.9690469659582,1.8648213899301664
2024-12-29 12:00:00+00:00,2024,winter,9.774,240.0,22.33,5.973015263017416,10.1,16.0,328.01323076877406,21.02763420777673,0.2288,348.8120649765508,1.8590821581722168
2024-12-29 13:00:00+00:00,2024,winter,9.26,250.0,22.33,6.8457198830375185,10.0,17.0,357.4056227629438,21.050778151606515,0.2431,378.21330091455025,1.9358479047823438
2024-12-29 14:00:00+00:00,2024,winter,9.26,240.0,22.33,5.658903349247113,10.5,12.0,315.287872913518,20.93481300375153,0.1716,336.0510859172695,1.8247588782537363
2024-12-29 15:00:00+00:00,2024,winter,9.26,240.0,22.33,5.658903349247113,10.7,5.0,314.31023609828225,20.888254901881265,0.07150000000000001,335.1269910001635,1.822248231343696
2024-12-29 16:00:00+00:00,2024,winter,9.26,240.0,22.33,5.658903349247113,10.5,0.0,315.287872913518,20.93481300375153,0.0,336.22268591726953,1.8252247131715418
2024-12-29 17:00:00+00:00,2024,winter,9.26,240.0,22.33,5.658903349247113,9.5,0.0,320.1760569896966,21.166130593329157,0.0,341.34218758302575,1.8390681263827018
2024-12-29 18:00:00+00:00,2024,winter,7.717,240.0,22.33,4.715956495263495,9.8,0.0,284.7558998952775,21.096992531874935,0.0,305.8528924271524,1.740841093002201
2024-12-29 19:00:00+00:00,2024,winter,8.231,230.0,22.33,3.8222985363859707,9.9,0.0,249.69888264772894,21.073897587203227,0.0,270.77278023493216,1.6379677094253284
2024-12-29 20:00:00+00:00,2024,winter,8.231,230.0,22.33,3.8222985363859707,9.6,0.0,250.8495687428798,21.14310901764511,0.0,271.9926777605249,1.6416532853310877
2024-12-29 21:00:00+00:00,2024,winter,8.231,230.0,22.33,3.8222985363859707,9.8,0.0,250.0824446794459,21.096992531874935,0.0,271.1794372113208,1.6391972294179054
2024-12-29 22:00:00+00:00,2024,winter,7.717,230.0,22.33,3.583608043407913,9.9,0.0,239.94409380094262,21.073897587203227,0.0,261.01799138814584,1.6081925853948436
2024-12-29 23:00:00+00:00,2024,winter,8.231,230.0,22.33,3.8222985363859707,10.7,0.0,246.6303863939934,20.888254901881265,0.0,267.51864129587466,1.6280954358396185
2024-12-30 00:00:00+00:00,2024,winter,9.774,230.0,22.33,4.5388343937111495,10.3,0.0,275.9655598644124,20.981272726155126,0.0,296.9468325905675,1.7153082736313556
2024-12-30 01:00:00+00:00,2024,winter,10.803,230.0,22.33,5.016679758058273,10.8,0.0,291.3072913557991,20.864938915280412,0.0,312.1722302710795,1.7587332220308909
2024-12-30 02:00:00+00:00,2024,winter,12.347,230.0,22.33,5.73367999377446,10.9,0.0,315.88492973104775,20.841598281761826,0.0,336.7265280128096,1.8265917844872308
2024-12-30 03:00:00+00:00,2024,winter,12.347,230.0,22.33,5.73367999377446,10.5,0.0,317.8561305406019,20.93481300375153,0.0,338.7909435443534,1.832182497094357
2024-12-30 04:00:00+00:00,2024,winter,12.347,230.0,22.33,5.73367999377446,10.8,0.0,316.37772993343634,20.864938915280412,0.0,337.24266884871673,1.8279911657825456
2024-12-30 05:00:00+00:00,2024,winter,12.347,230.0,22.33,5.73367999377446,10.8,0.0,316.37772993343634,20.864938915280412,0.0,337.24266884871673,1.8279911657825456
2024-12-30 06:00:00+00:00,2024,winter,12.347,230.0,22.33,5.73367999377446,10.8,0.0,316.37772993343634,20.864938915280412,0.0,337.24266884871673,1.8279911657825456
2024-12-30 07:00:00+00:00,2024,winter,12.861,230.0,22.33,5.972370486752517,11.1,0.0,322.9375520949276,20.794843004512877,0.0,343.73239509944045,1.8454958201432554
2024-12-30 08:00:00+00:00,2024,winter,12.347,230.0,22.33,5.73367999377446,11.1,0.0,314.89932932627073,20.794843004512877,0.0,335.6941723307836,1.8237895996480211
2024-12-30 09:00:00+00:00,2024,winter,12.347,220.0,22.33,3.747736852433106,10.8,0.0,243.26707332131218,20.864938915280412,0.0,264.1320122365926,1.6177572462260186
2024-12-30 10:00:00+00:00,2024,winter,10.803,220.0,22.33,3.2790800369996638,10.8,15.0,223.9900773679413,20.864938915280412,0.2145,244.64051628322173,1.5569226117282653
2024-12-30 11:00:00+00:00,2024,winter,10.803,220.0,22.33,3.2790800369996638,11.0,54.0,223.2922889649259,20.81823298396238,0.7722,243.33832194888828,1.5527734197494447
2024-12-30 12:00:00+00:00,2024,winter,9.774,220.0,22.33,2.9667433381129973,11.4,148.0,208.58599516208469,20.724524802480246,2.1164,227.19411996456495,1.5003803834473157
2024-12-30 13:00:00+00:00,2024,winter,10.803,230.0,22.33,5.016679758058273,11.5,166.01,288.13104363073586,20.701035922616132,2.3739429999999997,306.458136553352,1.7425626937053418
2024-12-30 14:00:00+00:00,2024,winter,11.318,230.0,22.33,5.255834629427337,11.6,96.0,296.07710703146034,20.677522274164204,1.3728,315.3818293056246,1.7677513099505877
2024-12-30 15:00:00+00:00,2024,winter,10.289,230.0,22.33,4.777989265080215,11.4,20.0,280.02037673071254,20.724524802480246,0.28600000000000003,300.4589015331928,1.7254221595682278
2024-12-30 16:00:00+00:00,2024,winter,8.746,230.0,22.33,4.061453407755036,11.6,0.0,252.47211299393368,20.677522274164204,0.0,273.1496352680979,1.6451410770549384
2024-12-30 17:00:00+00:00,2024,winter,8.231,230.0,22.33,3.8222985363859707,12.2,0.0,240.8769559182393,20.535919267950497,0.0,261.4128751861898,1.6094086111351344
2024-12-30 18:00:00+00:00,2024,winter,7.717,200.0,22.33,0.31373435695140883,10.9,0.0,70.91481254168237,20.841598281761826,0.0,91.75641082344418,0.9535007575023016
2024-12-30 19:00:00+00:00,2024,winter,8.231,200.0,22.33,0.3346310084316504,10.7,0.0,73.30604917822117,20.888254901881265,0.0,94.19430408010244,0.9660845899611695
2024-12-30 20:00:00+00:00,2024,winter,9.26,200.0,22.33,0.3764649663561028,10.9,0.0,77.20166696677822,20.841598281761826,0.0,98.04326524854005,0.985625014626079
2024-12-30 21:00:00+00:00,2024,winter,10.803,200.0,22.33,0.43919557576079693,10.9,0.0,82.95023817421571,20.841598281761826,0.0,103.79183645597755,1.0141085211545073
2024-12-30 22:00:00+00:00,2024,winter,9.26,190.0,22.33,1.9773983358452574,11.2,0.0,166.44914143363405,20.77142832603801,0.0,187.22056975967206,1.3620078638854125
2024-12-30 23:00:00+00:00,2024,winter,10.803,200.0,22.33,0.43919557576079693,11.2,0.0,82.56201553065463,20.77142832603801,0.0,103.33344385669264,1.0118666577660531
2024-12-31 00:00:00+00:00,2024,winter,11.318,200.0,22.33,0.46013288220500775,11.6,0.0,83.8443615024667,20.677522274164204,0.0,104.5218837766309,1.0176687718228201
2024-12-31 01:00:00+00:00,2024,winter,11.318,200.0,22.33,0.46013288220500775,11.2,0.0,84.37334801036869,20.77142832603801,0.0,105.1447763364067,1.0206966386500824
2024-12-31 02:00:00+00:00,2024,winter,11.318,200.0,22.33,0.46013288220500775,11.1,0.0,84.50559463734419,20.794843004512877,0.0,105.30043764185706,1.021451903037886
2024-12-31 03:00:00+00:00,2024,winter,11.318,200.0,22.33,0.46013288220500775,11.0,0.0,84.63784126431969,20.81823298396238,0.0,105.45607424828206,1.0222064896873004
2024-12-31 04:00:00+00:00,2024,winter,11.832,200.0,22.33,0.48102953368524937,11.4,0.0,85.86776266330764,20.724524802480246,0.0,106.59228746578789,1.0276985053987766
2024-12-31 05:00:00+00:00,2024,winter,12.861,200.0,22.33,0.5228634916097018,10.9,0.0,89.97212668886364,20.841598281761826,0.0,110.81372497062546,1.047851189428464
2024-12-31 06:00:00+00:00,2024,winter,13.376,200.0,22.33,0.5438007980539127,10.9,0.0,91.63344097592513,20.841598281761826,0.0,112.47503925768694,1.0556766373589088
2024-12-31 07:00:00+00:00,2024,winter,11.832,200.0,22.33,0.48102953368524937,11.3,0.0,86.00277486875311,20.747988931156307,0.0,106.75076379990941,1.0284621882375413
2024-12-31 08:00:00+00:00,2024,winter,11.832,210.0,22.33,1.5791849691919115,11.3,0.0,149.6546484830334,20.747988931156307,0.0,170.4026374141897,1.2993943975871287
2024-12-31 09:00:00+00:00,2024,winter,10.289,220.0,22.33,3.123063454659774,11.1,0.0,216.3270374580529,20.794843004512877,0.0,237.12188046256577,1.5328111433495946
2024-12-31 10:00:00+00:00,2024,winter,11.318,230.0,22.33,5.255834629427337,11.6,78.00999999999999,296.07710703146034,20.677522274164204,1.115543,315.6390863056246,1.7684721404741726
2024-12-31 11:00:00+00:00,2024,winter,12.861,230.0,22.33,5.972370486752517,11.8,141.01,319.399895029725,20.63042060186722,2.0164429999999998,338.0138726315922,1.8300800898706775
2024-12-31 12:00:00+00:00,2024,winter,11.832,240.0,22.33,7.230685143444044,11.0,131.0,364.00879722466226,20.81823298396238,1.8733,382.9537302086247,1.94794183978519
2024-12-31 13:00:00+00:00,2024,winter,11.832,240.0,22.33,7.230685143444044,10.8,152.01,365.14632471598935,20.864938915280412,2.173743,383.83752063126974,1.9501882994465858
2024-12-31 14:00:00+00:00,2024,winter,11.832,240.0,22.33,7.230685143444044,10.2,51.0,368.5589071899705,21.004465738399713,0.7293000000000001,388.8340729283702,1.9628404126887813
2024-12-31 15:00:00+00:00,2024,winter,11.318,240.0,22.33,6.916573229673738,9.9,53.53,360.2405681538878,21.073897587203227,0.765479,380.548986741091,1.941816194640858
2024-12-31 16:00:00+00:00,2024,winter,11.318,240.0,22.33,6.916573229673738,9.2,0.0,364.1141226501662,21.235048858962156,0.0,385.3491715091284,1.9540246975298434
2024-12-31 17:00:00+00:00,2024,winter,10.803,240.0,22.33,6.601850203230731,9.1,0.0,354.321740954409,21.25797285127141,0.0,375.5797138056804,1.9290962514973087
2024-12-31 18:00:00+00:00,2024,winter,10.289,240.0,22.33,6.2877382894604255,8.9,0.0,344.84984807285616,21.30374779510149,0.0,366.1535958679577,1.904734664198526
2024-12-31 19:00:00+00:00,2024,winter,10.289,240.0,22.33,6.2877382894604255,8.6,0.0,346.4149759763639,21.372227867579472,0.0,367.78720384394336,1.908978957954949
2024-12-31 20:00:00+00:00,2024,winter,9.774,240.0,22.33,5.973015263017416,8.4,0.0,336.60525684438136,21.417759888125,0.0,358.02301673250633,1.8834682673966083
2024-12-31 21:00:00+00:00,2024,winter,10.289,240.0,22.33,6.2877382894604255,8.4,0.0,347.45839457870227,21.417759888125,0.0,368.87615446682724,1.9118029378986698
2024-12-31 22:00:00+00:00,2024,winter,10.289,240.0,22.33,6.2877382894604255,8.1,0.0,349.02352248221,21.485876221672026,0.0,370.509398703882,1.9160306339369209
2024-12-31 23:00:00+00:00,2024,winter,10.803,240.0,22.33,6.601850203230731,7.8,0.0,361.3113959353002,21.553774931356237,0.0,382.86517086665646,1.947716592701328
