method,group_id,target_line,node_id,node_name,shift_factor_signed,abs_shift_factor,membership_threshold,screening_mode,target_line_flow_change_10MW_MW,target_line_relief_magnitude_10MW_MW,multi_line_flag,materially_affected_other_lines,other_line_impacts_10MW_MW,worst_case_material_other_line_impact_ratio,worst_case_adverse_tradeoff_ratio,has_adverse_tradeoff,membership_reason
A,A_3581-89516-1,3581-89516-1,14013,SRAHNAKILLY,0.0653602327133331,0.0653602327133331,0.05,directional,-0.6536023271333311,0.6536023271333311,True,3691-4041-1,3691-4041-1: -5.55 MW (relieves),8.492575181552372,,False,"shift_factor_signed=0.065360, abs=0.065360 >= tau=0.05 (line overloaded bus0->bus1; node's cut lowers flow (relief)); estimated relief for a 10 MW reduction = 0.654 MW (linear shift-factor estimate; signed flow change = -0.654 MW); MULTI-LINE FLAG: also materially affects 1 other binding line(s) — no adverse (worsening) effect among them; see materially_affected_other_lines / other_line_impacts_10MW_MW columns; requires manual cross-line validation before acceptance."
A,A_3581-89516-1,3581-89516-1,51911,CROAGHONAGH,0.3803544681261853,0.3803544681261853,0.05,directional,-3.8035446812618527,3.8035446812618527,False,,,,,False,"shift_factor_signed=0.380354, abs=0.380354 >= tau=0.05 (line overloaded bus0->bus1; node's cut lowers flow (relief)); estimated relief for a 10 MW reduction = 3.804 MW (linear shift-factor estimate; signed flow change = -3.804 MW)"
A,A_3581-89516-1,3581-89516-1,4091,MULREAVY,0.3802362906094056,0.3802362906094056,0.05,directional,-3.8023629060940562,3.8023629060940562,False,,,,,False,"shift_factor_signed=0.380236, abs=0.380236 >= tau=0.05 (line overloaded bus0->bus1; node's cut lowers flow (relief)); estimated relief for a 10 MW reduction = 3.802 MW (linear shift-factor estimate; signed flow change = -3.802 MW)"
A,A_3581-89516-1,3581-89516-1,1341,BINBANE,0.3606598067865062,0.3606598067865062,0.05,directional,-3.606598067865062,3.606598067865062,False,,,,,False,"shift_factor_signed=0.360660, abs=0.360660 >= tau=0.05 (line overloaded bus0->bus1; node's cut lowers flow (relief)); estimated relief for a 10 MW reduction = 3.607 MW (linear shift-factor estimate; signed flow change = -3.607 MW)"
A,A_3581-89516-1,3581-89516-1,4071,MEENTYCAT,0.4824355175198956,0.4824355175198956,0.05,directional,-4.824355175198956,4.824355175198956,False,,,,,False,"shift_factor_signed=0.482436, abs=0.482436 >= tau=0.05 (line overloaded bus0->bus1; node's cut lowers flow (relief)); estimated relief for a 10 MW reduction = 4.824 MW (linear shift-factor estimate; signed flow change = -4.824 MW)"
A,A_3581-89516-1,3581-89516-1,2671,GARVAGH,0.1192446433905286,0.1192446433905286,0.05,directional,-1.192446433905286,1.192446433905286,True,3691-4041-1,3691-4041-1: +0.70 MW (worsens),0.5890289925763795,0.5890289925763795,True,"shift_factor_signed=0.119245, abs=0.119245 >= tau=0.05 (line overloaded bus0->bus1; node's cut lowers flow (relief)); estimated relief for a 10 MW reduction = 1.192 MW (linear shift-factor estimate; signed flow change = -1.192 MW); MULTI-LINE FLAG: also materially affects 1 other binding line(s) — worst-case ADVERSE ratio 0.59x; see materially_affected_other_lines / other_line_impacts_10MW_MW columns; requires manual cross-line validation before acceptance."
A,A_3581-89516-1,3581-89516-1,1631,CORDERRY,0.1192446433905448,0.1192446433905448,0.05,directional,-1.192446433905448,1.192446433905448,True,3691-4041-1,3691-4041-1: +0.70 MW (worsens),0.5890289925763172,0.5890289925763172,True,"shift_factor_signed=0.119245, abs=0.119245 >= tau=0.05 (line overloaded bus0->bus1; node's cut lowers flow (relief)); estimated relief for a 10 MW reduction = 1.192 MW (linear shift-factor estimate; signed flow change = -1.192 MW); MULTI-LINE FLAG: also materially affects 1 other binding line(s) — worst-case ADVERSE ratio 0.59x; see materially_affected_other_lines / other_line_impacts_10MW_MW columns; requires manual cross-line validation before acceptance."
A,A_3581-89516-1,3581-89516-1,4371,GLENREE,0.0925339542190041,0.0925339542190041,0.05,directional,-0.925339542190041,0.925339542190041,True,3691-4041-1,3691-4041-1: +2.17 MW (worsens),2.347796648232794,2.347796648232794,True,"shift_factor_signed=0.092534, abs=0.092534 >= tau=0.05 (line overloaded bus0->bus1; node's cut lowers flow (relief)); estimated relief for a 10 MW reduction = 0.925 MW (linear shift-factor estimate; signed flow change = -0.925 MW); MULTI-LINE FLAG: also materially affects 1 other binding line(s) — worst-case ADVERSE ratio 2.35x; see materially_affected_other_lines / other_line_impacts_10MW_MW columns; requires manual cross-line validation before acceptance."
A,A_3581-89516-1,3581-89516-1,2601,FIRLOUGH,0.089957233091155,0.089957233091155,0.05,directional,-0.89957233091155,0.89957233091155,True,3691-4041-1,3691-4041-1: +2.27 MW (worsens),2.5217583447647494,2.5217583447647494,True,"shift_factor_signed=0.089957, abs=0.089957 >= tau=0.05 (line overloaded bus0->bus1; node's cut lowers flow (relief)); estimated relief for a 10 MW reduction = 0.900 MW (linear shift-factor estimate; signed flow change = -0.900 MW); MULTI-LINE FLAG: also materially affects 1 other binding line(s) — worst-case ADVERSE ratio 2.52x; see materially_affected_other_lines / other_line_impacts_10MW_MW columns; requires manual cross-line validation before acceptance."
A,A_3581-89516-1,3581-89516-1,4991,SORNE HILL,0.5134304236063483,0.5134304236063483,0.05,directional,-5.134304236063483,5.134304236063483,False,,,,,False,"shift_factor_signed=0.513430, abs=0.513430 >= tau=0.05 (line overloaded bus0->bus1; node's cut lowers flow (relief)); estimated relief for a 10 MW reduction = 5.134 MW (linear shift-factor estimate; signed flow change = -5.134 MW)"
A,A_3581-89516-1,3581-89516-1,3581,LETTERKENNY,0.5134304236063757,0.5134304236063757,0.05,directional,-5.134304236063757,5.134304236063757,False,,,,,False,"shift_factor_signed=0.513430, abs=0.513430 >= tau=0.05 (line overloaded bus0->bus1; node's cut lowers flow (relief)); estimated relief for a 10 MW reduction = 5.134 MW (linear shift-factor estimate; signed flow change = -5.134 MW)"
A,A_3581-89516-1,3581-89516-1,17010,CATH FALL,0.2862246174224683,0.2862246174224683,0.05,directional,-2.862246174224683,2.862246174224683,True,3691-4041-1,3691-4041-1: +0.52 MW (worsens),0.18049590779430022,0.18049590779430022,True,"shift_factor_signed=0.286225, abs=0.286225 >= tau=0.05 (line overloaded bus0->bus1; node's cut lowers flow (relief)); estimated relief for a 10 MW reduction = 2.862 MW (linear shift-factor estimate; signed flow change = -2.862 MW); MULTI-LINE FLAG: also materially affects 1 other binding line(s) — worst-case ADVERSE ratio 0.18x; see materially_affected_other_lines / other_line_impacts_10MW_MW columns; requires manual cross-line validation before acceptance."
A,A_3581-89516-1,3581-89516-1,14016,CROAGHAUN,0.0653602327133321,0.0653602327133321,0.05,directional,-0.6536023271333211,0.6536023271333211,True,3691-4041-1,3691-4041-1: -5.55 MW (relieves),8.4925751815525,,False,"shift_factor_signed=0.065360, abs=0.065360 >= tau=0.05 (line overloaded bus0->bus1; node's cut lowers flow (relief)); estimated relief for a 10 MW reduction = 0.654 MW (linear shift-factor estimate; signed flow change = -0.654 MW); MULTI-LINE FLAG: also materially affects 1 other binding line(s) — no adverse (worsening) effect among them; see materially_affected_other_lines / other_line_impacts_10MW_MW columns; requires manual cross-line validation before acceptance."
A,A_3581-89516-1,3581-89516-1,1401,BELLACORICK,0.0653602327133329,0.0653602327133329,0.05,directional,-0.653602327133329,0.653602327133329,True,3691-4041-1,3691-4041-1: -5.55 MW (relieves),8.492575181552402,,False,"shift_factor_signed=0.065360, abs=0.065360 >= tau=0.05 (line overloaded bus0->bus1; node's cut lowers flow (relief)); estimated relief for a 10 MW reduction = 0.654 MW (linear shift-factor estimate; signed flow change = -0.654 MW); MULTI-LINE FLAG: also materially affects 1 other binding line(s) — no adverse (worsening) effect among them; see materially_affected_other_lines / other_line_impacts_10MW_MW columns; requires manual cross-line validation before acceptance."
A,A_3581-89516-1,3581-89516-1,5361,TRILLICK,0.5134304236063498,0.5134304236063498,0.05,directional,-5.134304236063498,5.134304236063498,False,,,,,False,"shift_factor_signed=0.513430, abs=0.513430 >= tau=0.05 (line overloaded bus0->bus1; node's cut lowers flow (relief)); estimated relief for a 10 MW reduction = 5.134 MW (linear shift-factor estimate; signed flow change = -5.134 MW)"
A,A_3581-89516-1,3581-89516-1,2661,AGHALEAGUE,0.1192446433905287,0.1192446433905287,0.05,directional,-1.1924464339052872,1.1924464339052872,True,3691-4041-1,3691-4041-1: +0.70 MW (worsens),0.589028992576379,0.589028992576379,True,"shift_factor_signed=0.119245, abs=0.119245 >= tau=0.05 (line overloaded bus0->bus1; node's cut lowers flow (relief)); estimated relief for a 10 MW reduction = 1.192 MW (linear shift-factor estimate; signed flow change = -1.192 MW); MULTI-LINE FLAG: also materially affects 1 other binding line(s) — worst-case ADVERSE ratio 0.59x; see materially_affected_other_lines / other_line_impacts_10MW_MW columns; requires manual cross-line validation before acceptance."
A,A_3581-89516-1,3581-89516-1,1931,CUNGHILL,0.1121120545733514,0.1121120545733514,0.05,directional,-1.121120545733514,1.121120545733514,True,3691-4041-1,3691-4041-1: +1.44 MW (worsens),1.2872237046251949,1.2872237046251949,True,"shift_factor_signed=0.112112, abs=0.112112 >= tau=0.05 (line overloaded bus0->bus1; node's cut lowers flow (relief)); estimated relief for a 10 MW reduction = 1.121 MW (linear shift-factor estimate; signed flow change = -1.121 MW); MULTI-LINE FLAG: also materially affects 1 other binding line(s) — worst-case ADVERSE ratio 1.29x; see materially_affected_other_lines / other_line_impacts_10MW_MW columns; requires manual cross-line validation before acceptance."
A,A_3581-89516-1,3581-89516-1,14010,BELLACORICK,0.0653602327133328,0.0653602327133328,0.05,directional,-0.653602327133328,0.653602327133328,True,3691-4041-1,3691-4041-1: -5.55 MW (relieves),8.492575181552416,,False,"shift_factor_signed=0.065360, abs=0.065360 >= tau=0.05 (line overloaded bus0->bus1; node's cut lowers flow (relief)); estimated relief for a 10 MW reduction = 0.654 MW (linear shift-factor estimate; signed flow change = -0.654 MW); MULTI-LINE FLAG: also materially affects 1 other binding line(s) — no adverse (worsening) effect among them; see materially_affected_other_lines / other_line_impacts_10MW_MW columns; requires manual cross-line validation before acceptance."
A,A_3581-89516-1,3581-89516-1,3591,LENALEA,0.4861881108167804,0.4861881108167804,0.05,directional,-4.861881108167804,4.861881108167804,False,,,,,False,"shift_factor_signed=0.486188, abs=0.486188 >= tau=0.05 (line overloaded bus0->bus1; node's cut lowers flow (relief)); estimated relief for a 10 MW reduction = 4.862 MW (linear shift-factor estimate; signed flow change = -4.862 MW)"
A,A_3581-89516-1,3581-89516-1,5191,TIEVEBRACK,0.4123400766371538,0.4123400766371538,0.05,directional,-4.123400766371538,4.123400766371538,False,,,,,False,"shift_factor_signed=0.412340, abs=0.412340 >= tau=0.05 (line overloaded bus0->bus1; node's cut lowers flow (relief)); estimated relief for a 10 MW reduction = 4.123 MW (linear shift-factor estimate; signed flow change = -4.123 MW)"
A,A_3581-89516-1,3581-89516-1,1571,ARDNAGAPPARY,0.4123400766368638,0.4123400766368638,0.05,directional,-4.123400766368638,4.123400766368638,False,,,,,False,"shift_factor_signed=0.412340, abs=0.412340 >= tau=0.05 (line overloaded bus0->bus1; node's cut lowers flow (relief)); estimated relief for a 10 MW reduction = 4.123 MW (linear shift-factor estimate; signed flow change = -4.123 MW)"
A,A_3581-89516-1,3581-89516-1,5241,TAWNAGHMORE,0.0802349827852074,0.0802349827852074,0.05,directional,-0.802349827852074,0.802349827852074,True,3691-4041-1,3691-4041-1: +2.63 MW (worsens),3.2787487437991194,3.2787487437991194,True,"shift_factor_signed=0.080235, abs=0.080235 >= tau=0.05 (line overloaded bus0->bus1; node's cut lowers flow (relief)); estimated relief for a 10 MW reduction = 0.802 MW (linear shift-factor estimate; signed flow change = -0.802 MW); MULTI-LINE FLAG: also materially affects 1 other binding line(s) — worst-case ADVERSE ratio 3.28x; see materially_affected_other_lines / other_line_impacts_10MW_MW columns; requires manual cross-line validation before acceptance."
A,A_3581-89516-1,3581-89516-1,4981,SLIGO,0.127853871883767,0.127853871883767,0.05,directional,-1.27853871883767,1.27853871883767,True,3691-4041-1,3691-4041-1: +0.86 MW (worsens),0.6700433441757176,0.6700433441757176,True,"shift_factor_signed=0.127854, abs=0.127854 >= tau=0.05 (line overloaded bus0->bus1; node's cut lowers flow (relief)); estimated relief for a 10 MW reduction = 1.279 MW (linear shift-factor estimate; signed flow change = -1.279 MW); MULTI-LINE FLAG: also materially affects 1 other binding line(s) — worst-case ADVERSE ratio 0.67x; see materially_affected_other_lines / other_line_impacts_10MW_MW columns; requires manual cross-line validation before acceptance."
A,A_3581-89516-1,3581-89516-1,1061,ARIGNA,0.1000230025142818,0.1000230025142818,0.05,directional,-1.000230025142818,1.000230025142818,True,3691-4041-1,3691-4041-1: +0.68 MW (worsens),0.6768558092124987,0.6768558092124987,True,"shift_factor_signed=0.100023, abs=0.100023 >= tau=0.05 (line overloaded bus0->bus1; node's cut lowers flow (relief)); estimated relief for a 10 MW reduction = 1.000 MW (linear shift-factor estimate; signed flow change = -1.000 MW); MULTI-LINE FLAG: also materially affects 1 other binding line(s) — worst-case ADVERSE ratio 0.68x; see materially_affected_other_lines / other_line_impacts_10MW_MW columns; requires manual cross-line validation before acceptance."
A,A_3581-89516-1,3581-89516-1,5341,TONROE,0.0765628319232908,0.0765628319232908,0.05,directional,-0.7656283192329081,0.7656283192329081,True,3691-4041-1,3691-4041-1: +1.87 MW (worsens),2.4381626094534443,2.4381626094534443,True,"shift_factor_signed=0.076563, abs=0.076563 >= tau=0.05 (line overloaded bus0->bus1; node's cut lowers flow (relief)); estimated relief for a 10 MW reduction = 0.766 MW (linear shift-factor estimate; signed flow change = -0.766 MW); MULTI-LINE FLAG: also materially affects 1 other binding line(s) — worst-case ADVERSE ratio 2.44x; see materially_affected_other_lines / other_line_impacts_10MW_MW columns; requires manual cross-line validation before acceptance."
A,A_3581-89516-1,3581-89516-1,2821,GORTAWEE,0.0697756997244761,0.0697756997244761,0.05,directional,-0.697756997244761,0.697756997244761,False,,,,,False,"shift_factor_signed=0.069776, abs=0.069776 >= tau=0.05 (line overloaded bus0->bus1; node's cut lowers flow (relief)); estimated relief for a 10 MW reduction = 0.698 MW (linear shift-factor estimate; signed flow change = -0.698 MW)"
A,A_3581-89516-1,3581-89516-1,4041,MOY,0.0802349827852046,0.0802349827852046,0.05,directional,-0.802349827852046,0.802349827852046,True,3691-4041-1,3691-4041-1: +2.63 MW (worsens),3.27874874379924,3.27874874379924,True,"shift_factor_signed=0.080235, abs=0.080235 >= tau=0.05 (line overloaded bus0->bus1; node's cut lowers flow (relief)); estimated relief for a 10 MW reduction = 0.802 MW (linear shift-factor estimate; signed flow change = -0.802 MW); MULTI-LINE FLAG: also materially affects 1 other binding line(s) — worst-case ADVERSE ratio 3.28x; see materially_affected_other_lines / other_line_impacts_10MW_MW columns; requires manual cross-line validation before acceptance."
A,A_3581-89516-1,3581-89516-1,1861,CARRICK ON S,0.0720630741115685,0.0720630741115685,0.05,directional,-0.7206307411156849,0.7206307411156849,True,3691-4041-1,3691-4041-1: +0.64 MW (worsens),0.8882528152524715,0.8882528152524715,True,"shift_factor_signed=0.072063, abs=0.072063 >= tau=0.05 (line overloaded bus0->bus1; node's cut lowers flow (relief)); estimated relief for a 10 MW reduction = 0.721 MW (linear shift-factor estimate; signed flow change = -0.721 MW); MULTI-LINE FLAG: also materially affects 1 other binding line(s) — worst-case ADVERSE ratio 0.89x; see materially_affected_other_lines / other_line_impacts_10MW_MW columns; requires manual cross-line validation before acceptance."
A,A_2781-4951-1,2781-4951-1,20900,BUFFY,-0.8112009327694993,0.8112009327694993,0.05,directional,8.112009327694993,8.112009327694993,True,3691-4041-1,3691-4041-1: -0.51 MW (relieves),0.0634363573371789,,False,"shift_factor_signed=-0.811201, abs=0.811201 >= tau=0.05 (line overloaded bus1->bus0; node's cut raises flow back toward rating (relief)); estimated relief for a 10 MW reduction = 8.112 MW (linear shift-factor estimate; signed flow change = +8.112 MW); MULTI-LINE FLAG: also materially affects 1 other binding line(s) — no adverse (worsening) effect among them; see materially_affected_other_lines / other_line_impacts_10MW_MW columns; requires manual cross-line validation before acceptance."
A,A_2781-4951-1,2781-4951-1,2331,FERRY VIEW,-0.8112009327695032,0.8112009327695032,0.05,directional,8.112009327695032,8.112009327695032,True,3691-4041-1,3691-4041-1: -0.51 MW (relieves),0.06343635733717984,,False,"shift_factor_signed=-0.811201, abs=0.811201 >= tau=0.05 (line overloaded bus1->bus0; node's cut raises flow back toward rating (relief)); estimated relief for a 10 MW reduction = 8.112 MW (linear shift-factor estimate; signed flow change = +8.112 MW); MULTI-LINE FLAG: also materially affects 1 other binding line(s) — no adverse (worsening) effect among them; see materially_affected_other_lines / other_line_impacts_10MW_MW columns; requires manual cross-line validation before acceptance."
A,A_2781-4951-1,2781-4951-1,4951,SALTHILL,-0.8112009327691578,0.8112009327691578,0.05,directional,8.112009327691577,8.112009327691577,True,3691-4041-1,3691-4041-1: -0.51 MW (relieves),0.06343635733722348,,False,"shift_factor_signed=-0.811201, abs=0.811201 >= tau=0.05 (line overloaded bus1->bus0; node's cut raises flow back toward rating (relief)); estimated relief for a 10 MW reduction = 8.112 MW (linear shift-factor estimate; signed flow change = +8.112 MW); MULTI-LINE FLAG: also materially affects 1 other binding line(s) — no adverse (worsening) effect among them; see materially_affected_other_lines / other_line_impacts_10MW_MW columns; requires manual cross-line validation before acceptance."
A,A_2781-4951-1,2781-4951-1,2171,KNOCKALOUGH,-0.8112009327695482,0.8112009327695482,0.05,directional,8.112009327695482,8.112009327695482,True,3691-4041-1,3691-4041-1: -0.51 MW (relieves),0.06343635733717964,,False,"shift_factor_signed=-0.811201, abs=0.811201 >= tau=0.05 (line overloaded bus1->bus0; node's cut raises flow back toward rating (relief)); estimated relief for a 10 MW reduction = 8.112 MW (linear shift-factor estimate; signed flow change = +8.112 MW); MULTI-LINE FLAG: also materially affects 1 other binding line(s) — no adverse (worsening) effect among them; see materially_affected_other_lines / other_line_impacts_10MW_MW columns; requires manual cross-line validation before acceptance."
A,A_2781-4951-1,2781-4951-1,1831,SCREEB,-0.811200932769837,0.811200932769837,0.05,directional,8.11200932769837,8.11200932769837,True,3691-4041-1,3691-4041-1: -0.51 MW (relieves),0.06343635733708754,,False,"shift_factor_signed=-0.811201, abs=0.811201 >= tau=0.05 (line overloaded bus1->bus0; node's cut raises flow back toward rating (relief)); estimated relief for a 10 MW reduction = 8.112 MW (linear shift-factor estimate; signed flow change = +8.112 MW); MULTI-LINE FLAG: also materially affects 1 other binding line(s) — no adverse (worsening) effect among them; see materially_affected_other_lines / other_line_impacts_10MW_MW columns; requires manual cross-line validation before acceptance."
A,A_1122-11260-1,1122-11260-1,11261,ARKLOW_OFF,-0.99999999999999,0.99999999999999,0.05,directional,9.9999999999999,9.9999999999999,True,1122-1742-1; 3082-3122-1,1122-1742-1: -5.62 MW (relieves); 3082-3122-1: +3.73 MW (relieves),0.5621179599668037,,False,"shift_factor_signed=-1.000000, abs=1.000000 >= tau=0.05 (line overloaded bus1->bus0; node's cut raises flow back toward rating (relief)); estimated relief for a 10 MW reduction = 10.000 MW (linear shift-factor estimate; signed flow change = +10.000 MW); MULTI-LINE FLAG: also materially affects 2 other binding line(s) — no adverse (worsening) effect among them; see materially_affected_other_lines / other_line_impacts_10MW_MW columns; requires manual cross-line validation before acceptance."
A,A_1122-1742-1,1122-1742-1,11261,ARKLOW_OFF,0.562117959966798,0.562117959966798,0.05,directional,-5.621179599667981,5.621179599667981,True,1122-11260-1; 3082-3122-1,1122-11260-1: +10.00 MW (relieves); 3082-3122-1: +3.73 MW (relieves),1.7789860335703485,,False,"shift_factor_signed=0.562118, abs=0.562118 >= tau=0.05 (line overloaded bus0->bus1; node's cut lowers flow (relief)); estimated relief for a 10 MW reduction = 5.621 MW (linear shift-factor estimate; signed flow change = -5.621 MW); MULTI-LINE FLAG: also materially affects 2 other binding line(s) — no adverse (worsening) effect among them; see materially_affected_other_lines / other_line_impacts_10MW_MW columns; requires manual cross-line validation before acceptance."
A,A_1122-1742-1,1122-1742-1,2742,GREAT ISLAND,0.2234760922663672,0.2234760922663672,0.05,directional,-2.2347609226636718,2.2347609226636718,True,3082-3122-1,3082-3122-1: +1.74 MW (relieves),0.7784656012369122,,False,"shift_factor_signed=0.223476, abs=0.223476 >= tau=0.05 (line overloaded bus0->bus1; node's cut lowers flow (relief)); estimated relief for a 10 MW reduction = 2.235 MW (linear shift-factor estimate; signed flow change = -2.235 MW); MULTI-LINE FLAG: also materially affects 1 other binding line(s) — no adverse (worsening) effect among them; see materially_affected_other_lines / other_line_impacts_10MW_MW columns; requires manual cross-line validation before acceptance."
A,A_1122-1742-1,1122-1742-1,32060,KNOCKRAHA OF,0.0874530600966738,0.0874530600966738,0.05,directional,-0.874530600966738,0.874530600966738,True,3082-3122-1,3082-3122-1: +0.76 MW (relieves),0.8682973221344455,,False,"shift_factor_signed=0.087453, abs=0.087453 >= tau=0.05 (line overloaded bus0->bus1; node's cut lowers flow (relief)); estimated relief for a 10 MW reduction = 0.875 MW (linear shift-factor estimate; signed flow change = -0.875 MW); MULTI-LINE FLAG: also materially affects 1 other binding line(s) — no adverse (worsening) effect among them; see materially_affected_other_lines / other_line_impacts_10MW_MW columns; requires manual cross-line validation before acceptance."
A,A_1122-1742-1,1122-1742-1,1551,BOGGERAGH,0.0679955624576745,0.0679955624576745,0.05,directional,-0.6799556245767451,0.6799556245767451,True,3082-3122-1,3082-3122-1: +0.63 MW (relieves),0.9239093671459975,,False,"shift_factor_signed=0.067996, abs=0.067996 >= tau=0.05 (line overloaded bus0->bus1; node's cut lowers flow (relief)); estimated relief for a 10 MW reduction = 0.680 MW (linear shift-factor estimate; signed flow change = -0.680 MW); MULTI-LINE FLAG: also materially affects 1 other binding line(s) — no adverse (worsening) effect among them; see materially_affected_other_lines / other_line_impacts_10MW_MW columns; requires manual cross-line validation before acceptance."
A,A_1122-1742-1,1122-1742-1,1121,ARKLOW,0.4679860224142666,0.4679860224142666,0.05,directional,-4.679860224142666,4.679860224142666,True,3082-3122-1,3082-3122-1: +3.73 MW (relieves),0.797889640173135,,False,"shift_factor_signed=0.467986, abs=0.467986 >= tau=0.05 (line overloaded bus0->bus1; node's cut lowers flow (relief)); estimated relief for a 10 MW reduction = 4.680 MW (linear shift-factor estimate; signed flow change = -4.680 MW); MULTI-LINE FLAG: also materially affects 1 other binding line(s) — no adverse (worsening) effect among them; see materially_affected_other_lines / other_line_impacts_10MW_MW columns; requires manual cross-line validation before acceptance."
A,A_1122-1742-1,1122-1742-1,6201,COOMATAGGART,0.0521448338467407,0.0521448338467407,0.05,directional,-0.521448338467407,0.521448338467407,True,3082-3122-1,3082-3122-1: +0.52 MW (relieves),1.0038561574260412,,False,"shift_factor_signed=0.052145, abs=0.052145 >= tau=0.05 (line overloaded bus0->bus1; node's cut lowers flow (relief)); estimated relief for a 10 MW reduction = 0.521 MW (linear shift-factor estimate; signed flow change = -0.521 MW); MULTI-LINE FLAG: also materially affects 1 other binding line(s) — no adverse (worsening) effect among them; see materially_affected_other_lines / other_line_impacts_10MW_MW columns; requires manual cross-line validation before acceptance."
A,A_1122-1742-1,1122-1742-1,5351,TIMONEY,0.0501143503123361,0.0501143503123361,0.05,directional,-0.5011435031233611,0.5011435031233611,False,,,,,False,"shift_factor_signed=0.050114, abs=0.050114 >= tau=0.05 (line overloaded bus0->bus1; node's cut lowers flow (relief)); estimated relief for a 10 MW reduction = 0.501 MW (linear shift-factor estimate; signed flow change = -0.501 MW)"
A,A_1122-1742-1,1122-1742-1,5291,TULLABEG,0.3965947484870475,0.3965947484870475,0.05,directional,-3.965947484870475,3.965947484870475,True,3082-3122-1,3082-3122-1: +3.01 MW (relieves),0.7587166431091503,,False,"shift_factor_signed=0.396595, abs=0.396595 >= tau=0.05 (line overloaded bus0->bus1; node's cut lowers flow (relief)); estimated relief for a 10 MW reduction = 3.966 MW (linear shift-factor estimate; signed flow change = -3.966 MW); MULTI-LINE FLAG: also materially affects 1 other binding line(s) — no adverse (worsening) effect among them; see materially_affected_other_lines / other_line_impacts_10MW_MW columns; requires manual cross-line validation before acceptance."
A,A_1122-1742-1,1122-1742-1,3531,LYSAGHTSTOWN,0.0882332950684911,0.0882332950684911,0.05,directional,-0.882332950684911,0.882332950684911,True,3082-3122-1,3082-3122-1: +0.76 MW (relieves),0.866702802164865,,False,"shift_factor_signed=0.088233, abs=0.088233 >= tau=0.05 (line overloaded bus0->bus1; node's cut lowers flow (relief)); estimated relief for a 10 MW reduction = 0.882 MW (linear shift-factor estimate; signed flow change = -0.882 MW); MULTI-LINE FLAG: also materially affects 1 other binding line(s) — no adverse (worsening) effect among them; see materially_affected_other_lines / other_line_impacts_10MW_MW columns; requires manual cross-line validation before acceptance."
A,A_1122-1742-1,1122-1742-1,18810,BALLYNADRIDE,0.057658072231807,0.057658072231807,0.05,directional,-0.57658072231807,0.57658072231807,True,3082-3122-1,3082-3122-1: +0.54 MW (relieves),0.929721191744785,,False,"shift_factor_signed=0.057658, abs=0.057658 >= tau=0.05 (line overloaded bus0->bus1; node's cut lowers flow (relief)); estimated relief for a 10 MW reduction = 0.577 MW (linear shift-factor estimate; signed flow change = -0.577 MW); MULTI-LINE FLAG: also materially affects 1 other binding line(s) — no adverse (worsening) effect among them; see materially_affected_other_lines / other_line_impacts_10MW_MW columns; requires manual cross-line validation before acceptance."
A,A_1122-1742-1,1122-1742-1,5274,CAUTEEN,0.0668562909709464,0.0668562909709464,0.05,directional,-0.6685629097094641,0.6685629097094641,True,3082-3122-1,3082-3122-1: +0.59 MW (relieves),0.8884683931792761,,False,"shift_factor_signed=0.066856, abs=0.066856 >= tau=0.05 (line overloaded bus0->bus1; node's cut lowers flow (relief)); estimated relief for a 10 MW reduction = 0.669 MW (linear shift-factor estimate; signed flow change = -0.669 MW); MULTI-LINE FLAG: also materially affects 1 other binding line(s) — no adverse (worsening) effect among them; see materially_affected_other_lines / other_line_impacts_10MW_MW columns; requires manual cross-line validation before acceptance."
A,A_1122-1742-1,1122-1742-1,2211,DENNISTOWN,0.3074733296830334,0.3074733296830334,0.05,directional,-3.0747332968303343,3.0747332968303343,True,3082-3122-1,3082-3122-1: +2.32 MW (relieves),0.7536258445569998,,False,"shift_factor_signed=0.307473, abs=0.307473 >= tau=0.05 (line overloaded bus0->bus1; node's cut lowers flow (relief)); estimated relief for a 10 MW reduction = 3.075 MW (linear shift-factor estimate; signed flow change = -3.075 MW); MULTI-LINE FLAG: also materially affects 1 other binding line(s) — no adverse (worsening) effect among them; see materially_affected_other_lines / other_line_impacts_10MW_MW columns; requires manual cross-line validation before acceptance."
A,A_1122-1742-1,1122-1742-1,4791,RATHNASKILLO,0.1604981326369159,0.1604981326369159,0.05,directional,-1.604981326369159,1.604981326369159,True,3082-3122-1,3082-3122-1: +1.29 MW (relieves),0.800922562970501,,False,"shift_factor_signed=0.160498, abs=0.160498 >= tau=0.05 (line overloaded bus0->bus1; node's cut lowers flow (relief)); estimated relief for a 10 MW reduction = 1.605 MW (linear shift-factor estimate; signed flow change = -1.605 MW); MULTI-LINE FLAG: also materially affects 1 other binding line(s) — no adverse (worsening) effect among them; see materially_affected_other_lines / other_line_impacts_10MW_MW columns; requires manual cross-line validation before acceptance."
A,A_1122-1742-1,1122-1742-1,5451,ROSSPILE,0.2644923631961426,0.2644923631961426,0.05,directional,-2.644923631961426,2.644923631961426,True,3082-3122-1,3082-3122-1: +2.02 MW (relieves),0.7641922133294141,,False,"shift_factor_signed=0.264492, abs=0.264492 >= tau=0.05 (line overloaded bus0->bus1; node's cut lowers flow (relief)); estimated relief for a 10 MW reduction = 2.645 MW (linear shift-factor estimate; signed flow change = -2.645 MW); MULTI-LINE FLAG: also materially affects 1 other binding line(s) — no adverse (worsening) effect among them; see materially_affected_other_lines / other_line_impacts_10MW_MW columns; requires manual cross-line validation before acceptance."
A,A_1122-1742-1,1122-1742-1,1431,BALLYRAGGET,0.0633280645187703,0.0633280645187703,0.05,directional,-0.6332806451877029,0.6332806451877029,True,3082-3122-1,3082-3122-1: +0.65 MW (relieves),1.0325304633879473,,False,"shift_factor_signed=0.063328, abs=0.063328 >= tau=0.05 (line overloaded bus0->bus1; node's cut lowers flow (relief)); estimated relief for a 10 MW reduction = 0.633 MW (linear shift-factor estimate; signed flow change = -0.633 MW); MULTI-LINE FLAG: also materially affects 1 other binding line(s) — no adverse (worsening) effect among them; see materially_affected_other_lines / other_line_impacts_10MW_MW columns; requires manual cross-line validation before acceptance."
A,A_1122-1742-1,1122-1742-1,33410,BENDINSTOWN,0.0754354594781691,0.0754354594781691,0.05,directional,-0.754354594781691,0.754354594781691,True,3082-3122-1,3082-3122-1: +0.87 MW (relieves),1.1467849308925064,,False,"shift_factor_signed=0.075435, abs=0.075435 >= tau=0.05 (line overloaded bus0->bus1; node's cut lowers flow (relief)); estimated relief for a 10 MW reduction = 0.754 MW (linear shift-factor estimate; signed flow change = -0.754 MW); MULTI-LINE FLAG: also materially affects 1 other binding line(s) — no adverse (worsening) effect among them; see materially_affected_other_lines / other_line_impacts_10MW_MW columns; requires manual cross-line validation before acceptance."
A,A_1122-1742-1,1122-1742-1,1971,COOMAGEARLAH,0.0521448338467889,0.0521448338467889,0.05,directional,-0.521448338467889,0.521448338467889,True,3082-3122-1,3082-3122-1: +0.52 MW (relieves),1.0038561574259075,,False,"shift_factor_signed=0.052145, abs=0.052145 >= tau=0.05 (line overloaded bus0->bus1; node's cut lowers flow (relief)); estimated relief for a 10 MW reduction = 0.521 MW (linear shift-factor estimate; signed flow change = -0.521 MW); MULTI-LINE FLAG: also materially affects 1 other binding line(s) — no adverse (worsening) effect among them; see materially_affected_other_lines / other_line_impacts_10MW_MW columns; requires manual cross-line validation before acceptance."
A,A_1122-1742-1,1122-1742-1,2771,GARROW,0.0521448338467446,0.0521448338467446,0.05,directional,-0.521448338467446,0.521448338467446,True,3082-3122-1,3082-3122-1: +0.52 MW (relieves),1.0038561574260603,,False,"shift_factor_signed=0.052145, abs=0.052145 >= tau=0.05 (line overloaded bus0->bus1; node's cut lowers flow (relief)); estimated relief for a 10 MW reduction = 0.521 MW (linear shift-factor estimate; signed flow change = -0.521 MW); MULTI-LINE FLAG: also materially affects 1 other binding line(s) — no adverse (worsening) effect among them; see materially_affected_other_lines / other_line_impacts_10MW_MW columns; requires manual cross-line validation before acceptance."
A,A_1122-1742-1,1122-1742-1,1881,CHARLEVILLE,0.0576580722318102,0.0576580722318102,0.05,directional,-0.576580722318102,0.576580722318102,True,3082-3122-1,3082-3122-1: +0.54 MW (relieves),0.9297211917447369,,False,"shift_factor_signed=0.057658, abs=0.057658 >= tau=0.05 (line overloaded bus0->bus1; node's cut lowers flow (relief)); estimated relief for a 10 MW reduction = 0.577 MW (linear shift-factor estimate; signed flow change = -0.577 MW); MULTI-LINE FLAG: also materially affects 1 other binding line(s) — no adverse (worsening) effect among them; see materially_affected_other_lines / other_line_impacts_10MW_MW columns; requires manual cross-line validation before acceptance."
A,A_1122-1742-1,1122-1742-1,1901,CARLOW,0.0725107589887596,0.0725107589887596,0.05,directional,-0.7251075898875959,0.7251075898875959,True,3082-3122-1,3082-3122-1: +0.84 MW (relieves),1.1523970935495766,,False,"shift_factor_signed=0.072511, abs=0.072511 >= tau=0.05 (line overloaded bus0->bus1; node's cut lowers flow (relief)); estimated relief for a 10 MW reduction = 0.725 MW (linear shift-factor estimate; signed flow change = -0.725 MW); MULTI-LINE FLAG: also materially affects 1 other binding line(s) — no adverse (worsening) effect among them; see materially_affected_other_lines / other_line_impacts_10MW_MW columns; requires manual cross-line validation before acceptance."
A,A_1122-1742-1,1122-1742-1,3621,LISHEEN,0.0684490910831294,0.0684490910831294,0.05,directional,-0.684490910831294,0.684490910831294,True,3082-3122-1,3082-3122-1: +0.58 MW (relieves),0.8420521185925831,,False,"shift_factor_signed=0.068449, abs=0.068449 >= tau=0.05 (line overloaded bus0->bus1; node's cut lowers flow (relief)); estimated relief for a 10 MW reduction = 0.684 MW (linear shift-factor estimate; signed flow change = -0.684 MW); MULTI-LINE FLAG: also materially affects 1 other binding line(s) — no adverse (worsening) effect among them; see materially_affected_other_lines / other_line_impacts_10MW_MW columns; requires manual cross-line validation before acceptance."
A,A_1122-1742-1,1122-1742-1,3891,CARRIGDANGAN,0.0722570685535605,0.0722570685535605,0.05,directional,-0.722570685535605,0.722570685535605,True,3082-3122-1,3082-3122-1: +0.66 MW (relieves),0.9088486243115608,,False,"shift_factor_signed=0.072257, abs=0.072257 >= tau=0.05 (line overloaded bus0->bus1; node's cut lowers flow (relief)); estimated relief for a 10 MW reduction = 0.723 MW (linear shift-factor estimate; signed flow change = -0.723 MW); MULTI-LINE FLAG: also materially affects 1 other binding line(s) — no adverse (worsening) effect among them; see materially_affected_other_lines / other_line_impacts_10MW_MW columns; requires manual cross-line validation before acceptance."
A,A_1122-1742-1,1122-1742-1,1281,BALLYLICKEY,0.0722570685535379,0.0722570685535379,0.05,directional,-0.7225706855353791,0.7225706855353791,True,3082-3122-1,3082-3122-1: +0.66 MW (relieves),0.9088486243109122,,False,"shift_factor_signed=0.072257, abs=0.072257 >= tau=0.05 (line overloaded bus0->bus1; node's cut lowers flow (relief)); estimated relief for a 10 MW reduction = 0.723 MW (linear shift-factor estimate; signed flow change = -0.723 MW); MULTI-LINE FLAG: also materially affects 1 other binding line(s) — no adverse (worsening) effect among them; see materially_affected_other_lines / other_line_impacts_10MW_MW columns; requires manual cross-line validation before acceptance."
A,A_1122-1742-1,1122-1742-1,36411,CRORY,0.3813751688678808,0.3813751688678808,0.05,directional,-3.813751688678808,3.813751688678808,True,3082-3122-1,3082-3122-1: +2.78 MW (relieves),0.7297844196800871,,False,"shift_factor_signed=0.381375, abs=0.381375 >= tau=0.05 (line overloaded bus0->bus1; node's cut lowers flow (relief)); estimated relief for a 10 MW reduction = 3.814 MW (linear shift-factor estimate; signed flow change = -3.814 MW); MULTI-LINE FLAG: also materially affects 1 other binding line(s) — no adverse (worsening) effect among them; see materially_affected_other_lines / other_line_impacts_10MW_MW columns; requires manual cross-line validation before acceptance."
A,A_1122-1742-1,1122-1742-1,5271,CAUTEEN,0.0668280859911992,0.0668280859911992,0.05,directional,-0.668280859911992,0.668280859911992,True,3082-3122-1,3082-3122-1: +0.59 MW (relieves),0.8885415880027655,,False,"shift_factor_signed=0.066828, abs=0.066828 >= tau=0.05 (line overloaded bus0->bus1; node's cut lowers flow (relief)); estimated relief for a 10 MW reduction = 0.668 MW (linear shift-factor estimate; signed flow change = -0.668 MW); MULTI-LINE FLAG: also materially affects 1 other binding line(s) — no adverse (worsening) effect among them; see materially_affected_other_lines / other_line_impacts_10MW_MW columns; requires manual cross-line validation before acceptance."
A,A_1122-1742-1,1122-1742-1,36210,LISHEEN,0.0684490910831292,0.0684490910831292,0.05,directional,-0.684490910831292,0.684490910831292,True,3082-3122-1,3082-3122-1: +0.58 MW (relieves),0.8420521185925827,,False,"shift_factor_signed=0.068449, abs=0.068449 >= tau=0.05 (line overloaded bus0->bus1; node's cut lowers flow (relief)); estimated relief for a 10 MW reduction = 0.684 MW (linear shift-factor estimate; signed flow change = -0.684 MW); MULTI-LINE FLAG: also materially affects 1 other binding line(s) — no adverse (worsening) effect among them; see materially_affected_other_lines / other_line_impacts_10MW_MW columns; requires manual cross-line validation before acceptance."
A,A_1122-1742-1,1122-1742-1,3261,KILKENNY,0.0967380978449909,0.0967380978449909,0.05,directional,-0.967380978449909,0.967380978449909,True,3082-3122-1,3082-3122-1: +0.92 MW (relieves),0.949607271460341,,False,"shift_factor_signed=0.096738, abs=0.096738 >= tau=0.05 (line overloaded bus0->bus1; node's cut lowers flow (relief)); estimated relief for a 10 MW reduction = 0.967 MW (linear shift-factor estimate; signed flow change = -0.967 MW); MULTI-LINE FLAG: also materially affects 1 other binding line(s) — no adverse (worsening) effect among them; see materially_affected_other_lines / other_line_impacts_10MW_MW columns; requires manual cross-line validation before acceptance."
A,A_1122-1742-1,1122-1742-1,2061,CASTLETREASU,0.0830789727158344,0.0830789727158344,0.05,directional,-0.8307897271583441,0.8307897271583441,True,3082-3122-1,3082-3122-1: +0.73 MW (relieves),0.8776669996047033,,False,"shift_factor_signed=0.083079, abs=0.083079 >= tau=0.05 (line overloaded bus0->bus1; node's cut lowers flow (relief)); estimated relief for a 10 MW reduction = 0.831 MW (linear shift-factor estimate; signed flow change = -0.831 MW); MULTI-LINE FLAG: also materially affects 1 other binding line(s) — no adverse (worsening) effect among them; see materially_affected_other_lines / other_line_impacts_10MW_MW columns; requires manual cross-line validation before acceptance."
A,A_1122-1742-1,1122-1742-1,2641,GRAHOMICK,0.3074733296830361,0.3074733296830361,0.05,directional,-3.074733296830361,3.074733296830361,True,3082-3122-1,3082-3122-1: +2.32 MW (relieves),0.7536258445569995,,False,"shift_factor_signed=0.307473, abs=0.307473 >= tau=0.05 (line overloaded bus0->bus1; node's cut lowers flow (relief)); estimated relief for a 10 MW reduction = 3.075 MW (linear shift-factor estimate; signed flow change = -3.075 MW); MULTI-LINE FLAG: also materially affects 1 other binding line(s) — no adverse (worsening) effect among them; see materially_affected_other_lines / other_line_impacts_10MW_MW columns; requires manual cross-line validation before acceptance."
A,A_1122-1742-1,1122-1742-1,1751,COOMNACLOHY,0.0521448338467449,0.0521448338467449,0.05,directional,-0.521448338467449,0.521448338467449,True,3082-3122-1,3082-3122-1: +0.52 MW (relieves),1.003856157426016,,False,"shift_factor_signed=0.052145, abs=0.052145 >= tau=0.05 (line overloaded bus0->bus1; node's cut lowers flow (relief)); estimated relief for a 10 MW reduction = 0.521 MW (linear shift-factor estimate; signed flow change = -0.521 MW); MULTI-LINE FLAG: also materially affects 1 other binding line(s) — no adverse (worsening) effect among them; see materially_affected_other_lines / other_line_impacts_10MW_MW columns; requires manual cross-line validation before acceptance."
A,A_1122-1742-1,1122-1742-1,2141,DUNGARVAN,0.1435508355252557,0.1435508355252557,0.05,directional,-1.435508355252557,1.435508355252557,True,3082-3122-1,3082-3122-1: +1.16 MW (relieves),0.8103892998132655,,False,"shift_factor_signed=0.143551, abs=0.143551 >= tau=0.05 (line overloaded bus0->bus1; node's cut lowers flow (relief)); estimated relief for a 10 MW reduction = 1.436 MW (linear shift-factor estimate; signed flow change = -1.436 MW); MULTI-LINE FLAG: also materially affects 1 other binding line(s) — no adverse (worsening) effect among them; see materially_affected_other_lines / other_line_impacts_10MW_MW columns; requires manual cross-line validation before acceptance."
A,A_1122-1742-1,1122-1742-1,5501,WEXFORD,0.3074733296830351,0.3074733296830351,0.05,directional,-3.0747332968303507,3.0747332968303507,True,3082-3122-1,3082-3122-1: +2.32 MW (relieves),0.7536258445570049,,False,"shift_factor_signed=0.307473, abs=0.307473 >= tau=0.05 (line overloaded bus0->bus1; node's cut lowers flow (relief)); estimated relief for a 10 MW reduction = 3.075 MW (linear shift-factor estimate; signed flow change = -3.075 MW); MULTI-LINE FLAG: also materially affects 1 other binding line(s) — no adverse (worsening) effect among them; see materially_affected_other_lines / other_line_impacts_10MW_MW columns; requires manual cross-line validation before acceptance."
A,A_1122-1742-1,1122-1742-1,1461,BARRYMORE,0.0906845220453704,0.0906845220453704,0.05,directional,-0.9068452204537041,0.9068452204537041,True,3082-3122-1,3082-3122-1: +0.78 MW (relieves),0.8565293128965757,,False,"shift_factor_signed=0.090685, abs=0.090685 >= tau=0.05 (line overloaded bus0->bus1; node's cut lowers flow (relief)); estimated relief for a 10 MW reduction = 0.907 MW (linear shift-factor estimate; signed flow change = -0.907 MW); MULTI-LINE FLAG: also materially affects 1 other binding line(s) — no adverse (worsening) effect among them; see materially_affected_other_lines / other_line_impacts_10MW_MW columns; requires manual cross-line validation before acceptance."
A,A_1122-1742-1,1122-1742-1,1441,BANDON,0.0776028663586905,0.0776028663586905,0.05,directional,-0.776028663586905,0.776028663586905,True,3082-3122-1,3082-3122-1: +0.69 MW (relieves),0.8923586335845861,,False,"shift_factor_signed=0.077603, abs=0.077603 >= tau=0.05 (line overloaded bus0->bus1; node's cut lowers flow (relief)); estimated relief for a 10 MW reduction = 0.776 MW (linear shift-factor estimate; signed flow change = -0.776 MW); MULTI-LINE FLAG: also materially affects 1 other binding line(s) — no adverse (worsening) effect among them; see materially_affected_other_lines / other_line_impacts_10MW_MW columns; requires manual cross-line validation before acceptance."
A,A_1122-1742-1,1122-1742-1,3111,BALLYNABRANN,0.0885754074592863,0.0885754074592863,0.05,directional,-0.8857540745928629,0.8857540745928629,True,3082-3122-1,3082-3122-1: +0.77 MW (relieves),0.8660302574880143,,False,"shift_factor_signed=0.088575, abs=0.088575 >= tau=0.05 (line overloaded bus0->bus1; node's cut lowers flow (relief)); estimated relief for a 10 MW reduction = 0.886 MW (linear shift-factor estimate; signed flow change = -0.886 MW); MULTI-LINE FLAG: also materially affects 1 other binding line(s) — no adverse (worsening) effect among them; see materially_affected_other_lines / other_line_impacts_10MW_MW columns; requires manual cross-line validation before acceptance."
A,A_1122-1742-1,1122-1742-1,1231,BALLYWATER,0.3726918923276544,0.3726918923276544,0.05,directional,-3.7269189232765436,3.7269189232765436,True,3082-3122-1,3082-3122-1: +2.77 MW (relieves),0.7422473710719402,,False,"shift_factor_signed=0.372692, abs=0.372692 >= tau=0.05 (line overloaded bus0->bus1; node's cut lowers flow (relief)); estimated relief for a 10 MW reduction = 3.727 MW (linear shift-factor estimate; signed flow change = -3.727 MW); MULTI-LINE FLAG: also materially affects 1 other binding line(s) — no adverse (worsening) effect among them; see materially_affected_other_lines / other_line_impacts_10MW_MW columns; requires manual cross-line validation before acceptance."
A,A_1122-1742-1,1122-1742-1,5301,THURLES,0.0684490910831507,0.0684490910831507,0.05,directional,-0.6844909108315069,0.6844909108315069,True,3082-3122-1,3082-3122-1: +0.58 MW (relieves),0.8420521185928924,,False,"shift_factor_signed=0.068449, abs=0.068449 >= tau=0.05 (line overloaded bus0->bus1; node's cut lowers flow (relief)); estimated relief for a 10 MW reduction = 0.684 MW (linear shift-factor estimate; signed flow change = -0.684 MW); MULTI-LINE FLAG: also materially affects 1 other binding line(s) — no adverse (worsening) effect among them; see materially_affected_other_lines / other_line_impacts_10MW_MW columns; requires manual cross-line validation before acceptance."
A,A_1122-1742-1,1122-1742-1,3881,MACROOM,0.0696026273727706,0.0696026273727706,0.05,directional,-0.6960262737277061,0.6960262737277061,True,3082-3122-1,3082-3122-1: +0.64 MW (relieves),0.9179380006661269,,False,"shift_factor_signed=0.069603, abs=0.069603 >= tau=0.05 (line overloaded bus0->bus1; node's cut lowers flow (relief)); estimated relief for a 10 MW reduction = 0.696 MW (linear shift-factor estimate; signed flow change = -0.696 MW); MULTI-LINE FLAG: also materially affects 1 other binding line(s) — no adverse (worsening) effect among them; see materially_affected_other_lines / other_line_impacts_10MW_MW columns; requires manual cross-line validation before acceptance."
A,A_1122-1742-1,1122-1742-1,1991,CASTLEDOCKRE,0.3813751688678697,0.3813751688678697,0.05,directional,-3.813751688678697,3.813751688678697,True,3082-3122-1,3082-3122-1: +2.78 MW (relieves),0.729784419680079,,False,"shift_factor_signed=0.381375, abs=0.381375 >= tau=0.05 (line overloaded bus0->bus1; node's cut lowers flow (relief)); estimated relief for a 10 MW reduction = 3.814 MW (linear shift-factor estimate; signed flow change = -3.814 MW); MULTI-LINE FLAG: also materially affects 1 other binding line(s) — no adverse (worsening) effect among them; see materially_affected_other_lines / other_line_impacts_10MW_MW columns; requires manual cross-line validation before acceptance."
A,A_1122-1742-1,1122-1742-1,1481,BUTLERSTOWN,0.1912637491163903,0.1912637491163903,0.05,directional,-1.912637491163903,1.912637491163903,True,3082-3122-1,3082-3122-1: +1.51 MW (relieves),0.7888084596416316,,False,"shift_factor_signed=0.191264, abs=0.191264 >= tau=0.05 (line overloaded bus0->bus1; node's cut lowers flow (relief)); estimated relief for a 10 MW reduction = 1.913 MW (linear shift-factor estimate; signed flow change = -1.913 MW); MULTI-LINE FLAG: also materially affects 1 other binding line(s) — no adverse (worsening) effect among them; see materially_affected_other_lines / other_line_impacts_10MW_MW columns; requires manual cross-line validation before acceptance."
A,A_1122-1742-1,1122-1742-1,2731,GLANLEE,0.0521448338467892,0.0521448338467892,0.05,directional,-0.5214483384678921,0.5214483384678921,True,3082-3122-1,3082-3122-1: +0.52 MW (relieves),1.003856157425909,,False,"shift_factor_signed=0.052145, abs=0.052145 >= tau=0.05 (line overloaded bus0->bus1; node's cut lowers flow (relief)); estimated relief for a 10 MW reduction = 0.521 MW (linear shift-factor estimate; signed flow change = -0.521 MW); MULTI-LINE FLAG: also materially affects 1 other binding line(s) — no adverse (worsening) effect among them; see materially_affected_other_lines / other_line_impacts_10MW_MW columns; requires manual cross-line validation before acceptance."
A,A_1122-1742-1,1122-1742-1,2391,KILL HILL,0.0830914187821197,0.0830914187821197,0.05,directional,-0.830914187821197,0.830914187821197,True,3082-3122-1,3082-3122-1: +0.70 MW (relieves),0.8385791612268011,,False,"shift_factor_signed=0.083091, abs=0.083091 >= tau=0.05 (line overloaded bus0->bus1; node's cut lowers flow (relief)); estimated relief for a 10 MW reduction = 0.831 MW (linear shift-factor estimate; signed flow change = -0.831 MW); MULTI-LINE FLAG: also materially affects 1 other binding line(s) — no adverse (worsening) effect among them; see materially_affected_other_lines / other_line_impacts_10MW_MW columns; requires manual cross-line validation before acceptance."
A,A_1122-1742-1,1122-1742-1,3101,IKERRIN,0.050750973255771,0.050750973255771,0.05,directional,-0.50750973255771,0.50750973255771,False,,,,,False,"shift_factor_signed=0.050751, abs=0.050751 >= tau=0.05 (line overloaded bus0->bus1; node's cut lowers flow (relief)); estimated relief for a 10 MW reduction = 0.508 MW (linear shift-factor estimate; signed flow change = -0.508 MW)"
A,A_1122-1742-1,1122-1742-1,1721,CAHIR,0.095484345414308,0.095484345414308,0.05,directional,-0.95484345414308,0.95484345414308,True,3082-3122-1,3082-3122-1: +0.80 MW (relieves),0.8364719953789196,,False,"shift_factor_signed=0.095484, abs=0.095484 >= tau=0.05 (line overloaded bus0->bus1; node's cut lowers flow (relief)); estimated relief for a 10 MW reduction = 0.955 MW (linear shift-factor estimate; signed flow change = -0.955 MW); MULTI-LINE FLAG: also materially affects 1 other binding line(s) — no adverse (worsening) effect among them; see materially_affected_other_lines / other_line_impacts_10MW_MW columns; requires manual cross-line validation before acceptance."
A,A_1122-1742-1,1122-1742-1,68090,KNOCKNAMONA,0.1340644002894562,0.1340644002894562,0.05,directional,-1.340644002894562,1.340644002894562,True,3082-3122-1,3082-3122-1: +1.09 MW (relieves),0.8167332449944533,,False,"shift_factor_signed=0.134064, abs=0.134064 >= tau=0.05 (line overloaded bus0->bus1; node's cut lowers flow (relief)); estimated relief for a 10 MW reduction = 1.341 MW (linear shift-factor estimate; signed flow change = -1.341 MW); MULTI-LINE FLAG: also materially affects 1 other binding line(s) — no adverse (worsening) effect among them; see materially_affected_other_lines / other_line_impacts_10MW_MW columns; requires manual cross-line validation before acceptance."
A,A_1122-1742-1,1122-1742-1,5441,WATERFORD,0.194690998592369,0.194690998592369,0.05,directional,-1.94690998592369,1.94690998592369,True,3082-3122-1,3082-3122-1: +1.53 MW (relieves),0.787880519523048,,False,"shift_factor_signed=0.194691, abs=0.194691 >= tau=0.05 (line overloaded bus0->bus1; node's cut lowers flow (relief)); estimated relief for a 10 MW reduction = 1.947 MW (linear shift-factor estimate; signed flow change = -1.947 MW); MULTI-LINE FLAG: also materially affects 1 other binding line(s) — no adverse (worsening) effect among them; see materially_affected_other_lines / other_line_impacts_10MW_MW columns; requires manual cross-line validation before acceptance."
A,A_1122-1742-1,1122-1742-1,2221,DUNMANWAY,0.0722570685535625,0.0722570685535625,0.05,directional,-0.722570685535625,0.722570685535625,True,3082-3122-1,3082-3122-1: +0.66 MW (relieves),0.9088486243115246,,False,"shift_factor_signed=0.072257, abs=0.072257 >= tau=0.05 (line overloaded bus0->bus1; node's cut lowers flow (relief)); estimated relief for a 10 MW reduction = 0.723 MW (linear shift-factor estimate; signed flow change = -0.723 MW); MULTI-LINE FLAG: also materially affects 1 other binding line(s) — no adverse (worsening) effect among them; see materially_affected_other_lines / other_line_impacts_10MW_MW columns; requires manual cross-line validation before acceptance."
A,A_1122-1742-1,1122-1742-1,2881,GLENLARA,0.057658072231853,0.057658072231853,0.05,directional,-0.57658072231853,0.57658072231853,True,3082-3122-1,3082-3122-1: +0.54 MW (relieves),0.9297211917450631,,False,"shift_factor_signed=0.057658, abs=0.057658 >= tau=0.05 (line overloaded bus0->bus1; node's cut lowers flow (relief)); estimated relief for a 10 MW reduction = 0.577 MW (linear shift-factor estimate; signed flow change = -0.577 MW); MULTI-LINE FLAG: also materially affects 1 other binding line(s) — no adverse (worsening) effect among them; see materially_affected_other_lines / other_line_impacts_10MW_MW columns; requires manual cross-line validation before acceptance."
A,A_1122-1742-1,1122-1742-1,2225,DUNMANWAY,0.0722600140380674,0.0722600140380674,0.05,directional,-0.7226001403806739,0.7226001403806739,True,3082-3122-1,3082-3122-1: +0.66 MW (relieves),0.9088389092553855,,False,"shift_factor_signed=0.072260, abs=0.072260 >= tau=0.05 (line overloaded bus0->bus1; node's cut lowers flow (relief)); estimated relief for a 10 MW reduction = 0.723 MW (linear shift-factor estimate; signed flow change = -0.723 MW); MULTI-LINE FLAG: also materially affects 1 other binding line(s) — no adverse (worsening) effect among them; see materially_affected_other_lines / other_line_impacts_10MW_MW columns; requires manual cross-line validation before acceptance."
A,A_1122-1742-1,1122-1742-1,3641,LODGEWOOD,0.3813751688678811,0.3813751688678811,0.05,directional,-3.8137516886788108,3.8137516886788108,True,3082-3122-1,3082-3122-1: +2.78 MW (relieves),0.7297844196800866,,False,"shift_factor_signed=0.381375, abs=0.381375 >= tau=0.05 (line overloaded bus0->bus1; node's cut lowers flow (relief)); estimated relief for a 10 MW reduction = 3.814 MW (linear shift-factor estimate; signed flow change = -3.814 MW); MULTI-LINE FLAG: also materially affects 1 other binding line(s) — no adverse (worsening) effect among them; see materially_affected_other_lines / other_line_impacts_10MW_MW columns; requires manual cross-line validation before acceptance."
A,A_1122-1742-1,1122-1742-1,6931,WOODHOUSE,0.1340644002894566,0.1340644002894566,0.05,directional,-1.340644002894566,1.340644002894566,True,3082-3122-1,3082-3122-1: +1.09 MW (relieves),0.8167332449944553,,False,"shift_factor_signed=0.134064, abs=0.134064 >= tau=0.05 (line overloaded bus0->bus1; node's cut lowers flow (relief)); estimated relief for a 10 MW reduction = 1.341 MW (linear shift-factor estimate; signed flow change = -1.341 MW); MULTI-LINE FLAG: also materially affects 1 other binding line(s) — no adverse (worsening) effect among them; see materially_affected_other_lines / other_line_impacts_10MW_MW columns; requires manual cross-line validation before acceptance."
A,A_1122-1742-1,1122-1742-1,1301,BALLYBEG,0.2747967735477286,0.2747967735477286,0.05,directional,-2.747967735477286,2.747967735477286,True,3082-3122-1,3082-3122-1: +4.16 MW (relieves),1.5132790284353734,,False,"shift_factor_signed=0.274797, abs=0.274797 >= tau=0.05 (line overloaded bus0->bus1; node's cut lowers flow (relief)); estimated relief for a 10 MW reduction = 2.748 MW (linear shift-factor estimate; signed flow change = -2.748 MW); MULTI-LINE FLAG: also materially affects 1 other binding line(s) — no adverse (worsening) effect among them; see materially_affected_other_lines / other_line_impacts_10MW_MW columns; requires manual cross-line validation before acceptance."
A,A_1122-1742-1,1122-1742-1,2741,GREAT ISLAND,0.2086786337090742,0.2086786337090742,0.05,directional,-2.086786337090742,2.086786337090742,True,3082-3122-1,3082-3122-1: +1.64 MW (relieves),0.7844093709141542,,False,"shift_factor_signed=0.208679, abs=0.208679 >= tau=0.05 (line overloaded bus0->bus1; node's cut lowers flow (relief)); estimated relief for a 10 MW reduction = 2.087 MW (linear shift-factor estimate; signed flow change = -2.087 MW); MULTI-LINE FLAG: also materially affects 1 other binding line(s) — no adverse (worsening) effect among them; see materially_affected_other_lines / other_line_impacts_10MW_MW columns; requires manual cross-line validation before acceptance."
A,A_1122-1742-1,1122-1742-1,3801,MIDLETON,0.0880915713653578,0.0880915713653578,0.05,directional,-0.8809157136535779,0.8809157136535779,True,3082-3122-1,3082-3122-1: +0.76 MW (relieves),0.8669794833658295,,False,"shift_factor_signed=0.088092, abs=0.088092 >= tau=0.05 (line overloaded bus0->bus1; node's cut lowers flow (relief)); estimated relief for a 10 MW reduction = 0.881 MW (linear shift-factor estimate; signed flow change = -0.881 MW); MULTI-LINE FLAG: also materially affects 1 other binding line(s) — no adverse (worsening) effect among them; see materially_affected_other_lines / other_line_impacts_10MW_MW columns; requires manual cross-line validation before acceptance."
A,A_1122-1742-1,1122-1742-1,2161,DOON,0.1224489160085836,0.1224489160085836,0.05,directional,-1.2244891600858359,1.2244891600858359,True,3082-3122-1,3082-3122-1: +1.00 MW (relieves),0.8156422279357906,,False,"shift_factor_signed=0.122449, abs=0.122449 >= tau=0.05 (line overloaded bus0->bus1; node's cut lowers flow (relief)); estimated relief for a 10 MW reduction = 1.224 MW (linear shift-factor estimate; signed flow change = -1.224 MW); MULTI-LINE FLAG: also materially affects 1 other binding line(s) — no adverse (worsening) effect among them; see materially_affected_other_lines / other_line_impacts_10MW_MW columns; requires manual cross-line validation before acceptance."
A,A_1122-1742-1,1122-1742-1,1841,CRANE,0.3726918923276482,0.3726918923276482,0.05,directional,-3.7269189232764823,3.7269189232764823,True,3082-3122-1,3082-3122-1: +2.77 MW (relieves),0.7422473710719466,,False,"shift_factor_signed=0.372692, abs=0.372692 >= tau=0.05 (line overloaded bus0->bus1; node's cut lowers flow (relief)); estimated relief for a 10 MW reduction = 3.727 MW (linear shift-factor estimate; signed flow change = -3.727 MW); MULTI-LINE FLAG: also materially affects 1 other binding line(s) — no adverse (worsening) effect among them; see materially_affected_other_lines / other_line_impacts_10MW_MW columns; requires manual cross-line validation before acceptance."
A,A_1122-1742-1,1122-1742-1,3221,KILBARRY,0.0832888574919301,0.0832888574919301,0.05,directional,-0.832888574919301,0.832888574919301,True,3082-3122-1,3082-3122-1: +0.73 MW (relieves),0.8771414023572137,,False,"shift_factor_signed=0.083289, abs=0.083289 >= tau=0.05 (line overloaded bus0->bus1; node's cut lowers flow (relief)); estimated relief for a 10 MW reduction = 0.833 MW (linear shift-factor estimate; signed flow change = -0.833 MW); MULTI-LINE FLAG: also materially affects 1 other binding line(s) — no adverse (worsening) effect among them; see materially_affected_other_lines / other_line_impacts_10MW_MW columns; requires manual cross-line validation before acceptance."
A,A_1122-1742-1,1122-1742-1,1621,COOLROE,0.0777739412670957,0.0777739412670957,0.05,directional,-0.777739412670957,0.777739412670957,True,3082-3122-1,3082-3122-1: +0.69 MW (relieves),0.8918533631898851,,False,"shift_factor_signed=0.077774, abs=0.077774 >= tau=0.05 (line overloaded bus0->bus1; node's cut lowers flow (relief)); estimated relief for a 10 MW reduction = 0.778 MW (linear shift-factor estimate; signed flow change = -0.778 MW); MULTI-LINE FLAG: also materially affects 1 other binding line(s) — no adverse (worsening) effect among them; see materially_affected_other_lines / other_line_impacts_10MW_MW columns; requires manual cross-line validation before acceptance."
A,A_1122-1742-1,1122-1742-1,1381,BARNAHELY,0.0853530344277373,0.0853530344277373,0.05,directional,-0.853530344277373,0.853530344277373,True,3082-3122-1,3082-3122-1: +0.74 MW (relieves),0.872447878212511,,False,"shift_factor_signed=0.085353, abs=0.085353 >= tau=0.05 (line overloaded bus0->bus1; node's cut lowers flow (relief)); estimated relief for a 10 MW reduction = 0.854 MW (linear shift-factor estimate; signed flow change = -0.854 MW); MULTI-LINE FLAG: also materially affects 1 other binding line(s) — no adverse (worsening) effect among them; see materially_affected_other_lines / other_line_impacts_10MW_MW columns; requires manual cross-line validation before acceptance."
A,A_1122-1742-1,1122-1742-1,5381,TIPPERARY,0.0789280223027241,0.0789280223027241,0.05,directional,-0.789280223027241,0.789280223027241,True,3082-3122-1,3082-3122-1: +0.68 MW (relieves),0.8619436041226093,,False,"shift_factor_signed=0.078928, abs=0.078928 >= tau=0.05 (line overloaded bus0->bus1; node's cut lowers flow (relief)); estimated relief for a 10 MW reduction = 0.789 MW (linear shift-factor estimate; signed flow change = -0.789 MW); MULTI-LINE FLAG: also materially affects 1 other binding line(s) — no adverse (worsening) effect among them; see materially_affected_other_lines / other_line_impacts_10MW_MW columns; requires manual cross-line validation before acceptance."
A,A_1122-1742-1,1122-1742-1,1541,BANOGE,0.415738186384618,0.415738186384618,0.05,directional,-4.15738186384618,4.15738186384618,True,3082-3122-1,3082-3122-1: +3.20 MW (relieves),0.7705409193395404,,False,"shift_factor_signed=0.415738, abs=0.415738 >= tau=0.05 (line overloaded bus0->bus1; node's cut lowers flow (relief)); estimated relief for a 10 MW reduction = 4.157 MW (linear shift-factor estimate; signed flow change = -4.157 MW); MULTI-LINE FLAG: also materially affects 1 other binding line(s) — no adverse (worsening) effect among them; see materially_affected_other_lines / other_line_impacts_10MW_MW columns; requires manual cross-line validation before acceptance."
A,A_1122-1742-1,1122-1742-1,1361,BALLYDINE,0.1418676282956797,0.1418676282956797,0.05,directional,-1.418676282956797,1.418676282956797,True,3082-3122-1,3082-3122-1: +1.14 MW (relieves),0.8055459753624761,,False,"shift_factor_signed=0.141868, abs=0.141868 >= tau=0.05 (line overloaded bus0->bus1; node's cut lowers flow (relief)); estimated relief for a 10 MW reduction = 1.419 MW (linear shift-factor estimate; signed flow change = -1.419 MW); MULTI-LINE FLAG: also materially affects 1 other binding line(s) — no adverse (worsening) effect among them; see materially_affected_other_lines / other_line_impacts_10MW_MW columns; requires manual cross-line validation before acceptance."
A,A_1122-1742-1,1122-1742-1,1921,COW CROSS,0.0863150793773722,0.0863150793773722,0.05,directional,-0.8631507937737221,0.8631507937737221,True,3082-3122-1,3082-3122-1: +0.75 MW (relieves),0.8704888493469582,,False,"shift_factor_signed=0.086315, abs=0.086315 >= tau=0.05 (line overloaded bus0->bus1; node's cut lowers flow (relief)); estimated relief for a 10 MW reduction = 0.863 MW (linear shift-factor estimate; signed flow change = -0.863 MW); MULTI-LINE FLAG: also materially affects 1 other binding line(s) — no adverse (worsening) effect among them; see materially_affected_other_lines / other_line_impacts_10MW_MW columns; requires manual cross-line validation before acceptance."
A,A_1122-1742-1,1122-1742-1,4021,MALLOW,0.0681337169018986,0.0681337169018986,0.05,directional,-0.681337169018986,0.681337169018986,True,3082-3122-1,3082-3122-1: +0.62 MW (relieves),0.9035385325325873,,False,"shift_factor_signed=0.068134, abs=0.068134 >= tau=0.05 (line overloaded bus0->bus1; node's cut lowers flow (relief)); estimated relief for a 10 MW reduction = 0.681 MW (linear shift-factor estimate; signed flow change = -0.681 MW); MULTI-LINE FLAG: also materially affects 1 other binding line(s) — no adverse (worsening) effect among them; see materially_affected_other_lines / other_line_impacts_10MW_MW columns; requires manual cross-line validation before acceptance."
A,A_1122-1742-1,1122-1742-1,5181,TRABEG,0.082970122364402,0.082970122364402,0.05,directional,-0.82970122364402,0.82970122364402,True,3082-3122-1,3082-3122-1: +0.73 MW (relieves),0.8774278711030342,,False,"shift_factor_signed=0.082970, abs=0.082970 >= tau=0.05 (line overloaded bus0->bus1; node's cut lowers flow (relief)); estimated relief for a 10 MW reduction = 0.830 MW (linear shift-factor estimate; signed flow change = -0.830 MW); MULTI-LINE FLAG: also materially affects 1 other binding line(s) — no adverse (worsening) effect among them; see materially_affected_other_lines / other_line_impacts_10MW_MW columns; requires manual cross-line validation before acceptance."
A,A_3082-3122-1,3082-3122-1,17420,DUBLIN ARRAY,-0.4955640019734594,0.4955640019734594,0.05,directional,4.955640019734594,4.955640019734594,True,1122-1742-1,1122-1742-1: +0.88 MW (worsens),0.17770989856631741,0.17770989856631741,True,"shift_factor_signed=-0.495564, abs=0.495564 >= tau=0.05 (line overloaded bus1->bus0; node's cut raises flow back toward rating (relief)); estimated relief for a 10 MW reduction = 4.956 MW (linear shift-factor estimate; signed flow change = +4.956 MW); MULTI-LINE FLAG: also materially affects 1 other binding line(s) — worst-case ADVERSE ratio 0.18x; see materially_affected_other_lines / other_line_impacts_10MW_MW columns; requires manual cross-line validation before acceptance."
A,A_3082-3122-1,3082-3122-1,11261,ARKLOW_OFF,-0.3733293389238302,0.3733293389238302,0.05,directional,3.733293389238302,3.733293389238302,True,1122-11260-1; 1122-1742-1,1122-11260-1: +10.00 MW (relieves); 1122-1742-1: -5.62 MW (relieves),2.6786000877472387,,False,"shift_factor_signed=-0.373329, abs=0.373329 >= tau=0.05 (line overloaded bus1->bus0; node's cut raises flow back toward rating (relief)); estimated relief for a 10 MW reduction = 3.733 MW (linear shift-factor estimate; signed flow change = +3.733 MW); MULTI-LINE FLAG: also materially affects 2 other binding line(s) — no adverse (worsening) effect among them; see materially_affected_other_lines / other_line_impacts_10MW_MW columns; requires manual cross-line validation before acceptance."
A,A_3082-3122-1,3082-3122-1,2742,GREAT ISLAND,-0.1739684505282132,0.1739684505282132,0.05,directional,1.739684505282132,1.739684505282132,True,1122-1742-1,1122-1742-1: -2.23 MW (relieves),1.2845782760485362,,False,"shift_factor_signed=-0.173968, abs=0.173968 >= tau=0.05 (line overloaded bus1->bus0; node's cut raises flow back toward rating (relief)); estimated relief for a 10 MW reduction = 1.740 MW (linear shift-factor estimate; signed flow change = +1.740 MW); MULTI-LINE FLAG: also materially affects 1 other binding line(s) — no adverse (worsening) effect among them; see materially_affected_other_lines / other_line_impacts_10MW_MW columns; requires manual cross-line validation before acceptance."
A,A_3082-3122-1,3082-3122-1,32060,KNOCKRAHA OF,-0.0759352578944046,0.0759352578944046,0.05,directional,0.759352578944046,0.759352578944046,True,1122-1742-1,1122-1742-1: -0.87 MW (relieves),1.151679239942608,,False,"shift_factor_signed=-0.075935, abs=0.075935 >= tau=0.05 (line overloaded bus1->bus0; node's cut raises flow back toward rating (relief)); estimated relief for a 10 MW reduction = 0.759 MW (linear shift-factor estimate; signed flow change = +0.759 MW); MULTI-LINE FLAG: also materially affects 1 other binding line(s) — no adverse (worsening) effect among them; see materially_affected_other_lines / other_line_impacts_10MW_MW columns; requires manual cross-line validation before acceptance."
A,A_3082-3122-1,3082-3122-1,1551,BOGGERAGH,-0.0628217370790062,0.0628217370790062,0.05,directional,0.628217370790062,0.628217370790062,True,1122-1742-1,1122-1742-1: -0.68 MW (relieves),1.0823572479723311,,False,"shift_factor_signed=-0.062822, abs=0.062822 >= tau=0.05 (line overloaded bus1->bus0; node's cut raises flow back toward rating (relief)); estimated relief for a 10 MW reduction = 0.628 MW (linear shift-factor estimate; signed flow change = +0.628 MW); MULTI-LINE FLAG: also materially affects 1 other binding line(s) — no adverse (worsening) effect among them; see materially_affected_other_lines / other_line_impacts_10MW_MW columns; requires manual cross-line validation before acceptance."
A,A_3082-3122-1,3082-3122-1,1121,ARKLOW,-0.3734011990301759,0.3734011990301759,0.05,directional,3.7340119903017586,3.7340119903017586,True,1122-1742-1,1122-1742-1: -4.68 MW (relieves),1.2533061587101304,,False,"shift_factor_signed=-0.373401, abs=0.373401 >= tau=0.05 (line overloaded bus1->bus0; node's cut raises flow back toward rating (relief)); estimated relief for a 10 MW reduction = 3.734 MW (linear shift-factor estimate; signed flow change = +3.734 MW); MULTI-LINE FLAG: also materially affects 1 other binding line(s) — no adverse (worsening) effect among them; see materially_affected_other_lines / other_line_impacts_10MW_MW columns; requires manual cross-line validation before acceptance."
A,A_3082-3122-1,3082-3122-1,6201,COOMATAGGART,-0.0523459125350085,0.0523459125350085,0.05,directional,0.523459125350085,0.523459125350085,True,1122-1742-1,1122-1742-1: -0.52 MW (relieves),0.9961586554034507,,False,"shift_factor_signed=-0.052346, abs=0.052346 >= tau=0.05 (line overloaded bus1->bus0; node's cut raises flow back toward rating (relief)); estimated relief for a 10 MW reduction = 0.523 MW (linear shift-factor estimate; signed flow change = +0.523 MW); MULTI-LINE FLAG: also materially affects 1 other binding line(s) — no adverse (worsening) effect among them; see materially_affected_other_lines / other_line_impacts_10MW_MW columns; requires manual cross-line validation before acceptance."
A,A_3082-3122-1,3082-3122-1,5291,TULLABEG,-0.3009030362468105,0.3009030362468105,0.05,directional,3.0090303624681045,3.0090303624681045,True,1122-1742-1,1122-1742-1: -3.97 MW (relieves),1.31801511022889,,False,"shift_factor_signed=-0.300903, abs=0.300903 >= tau=0.05 (line overloaded bus1->bus0; node's cut raises flow back toward rating (relief)); estimated relief for a 10 MW reduction = 3.009 MW (linear shift-factor estimate; signed flow change = +3.009 MW); MULTI-LINE FLAG: also materially affects 1 other binding line(s) — no adverse (worsening) effect among them; see materially_affected_other_lines / other_line_impacts_10MW_MW columns; requires manual cross-line validation before acceptance."
A,A_3082-3122-1,3082-3122-1,3531,LYSAGHTSTOWN,-0.0764720440801006,0.0764720440801006,0.05,directional,0.764720440801006,0.764720440801006,True,1122-1742-1,1122-1742-1: -0.88 MW (relieves),1.1537980464608895,,False,"shift_factor_signed=-0.076472, abs=0.076472 >= tau=0.05 (line overloaded bus1->bus0; node's cut raises flow back toward rating (relief)); estimated relief for a 10 MW reduction = 0.765 MW (linear shift-factor estimate; signed flow change = +0.765 MW); MULTI-LINE FLAG: also materially affects 1 other binding line(s) — no adverse (worsening) effect among them; see materially_affected_other_lines / other_line_impacts_10MW_MW columns; requires manual cross-line validation before acceptance."
A,A_3082-3122-1,3082-3122-1,18810,BALLYNADRIDE,-0.0536059316290625,0.0536059316290625,0.05,directional,0.536059316290625,0.536059316290625,True,1122-1742-1,1122-1742-1: -0.58 MW (relieves),1.075591272823764,,False,"shift_factor_signed=-0.053606, abs=0.053606 >= tau=0.05 (line overloaded bus1->bus0; node's cut raises flow back toward rating (relief)); estimated relief for a 10 MW reduction = 0.536 MW (linear shift-factor estimate; signed flow change = +0.536 MW); MULTI-LINE FLAG: also materially affects 1 other binding line(s) — no adverse (worsening) effect among them; see materially_affected_other_lines / other_line_impacts_10MW_MW columns; requires manual cross-line validation before acceptance."
A,A_3082-3122-1,3082-3122-1,5274,CAUTEEN,-0.0593997014128829,0.0593997014128829,0.05,directional,0.593997014128829,0.593997014128829,True,1122-1742-1,1122-1742-1: -0.67 MW (relieves),1.125532441758138,,False,"shift_factor_signed=-0.059400, abs=0.059400 >= tau=0.05 (line overloaded bus1->bus0; node's cut raises flow back toward rating (relief)); estimated relief for a 10 MW reduction = 0.594 MW (linear shift-factor estimate; signed flow change = +0.594 MW); MULTI-LINE FLAG: also materially affects 1 other binding line(s) — no adverse (worsening) effect among them; see materially_affected_other_lines / other_line_impacts_10MW_MW columns; requires manual cross-line validation before acceptance."
A,A_3082-3122-1,3082-3122-1,2211,DENNISTOWN,-0.2317198477611289,0.2317198477611289,0.05,directional,2.317198477611289,2.317198477611289,True,1122-1742-1,1122-1742-1: -3.07 MW (relieves),1.3269184001881267,,False,"shift_factor_signed=-0.231720, abs=0.231720 >= tau=0.05 (line overloaded bus1->bus0; node's cut raises flow back toward rating (relief)); estimated relief for a 10 MW reduction = 2.317 MW (linear shift-factor estimate; signed flow change = +2.317 MW); MULTI-LINE FLAG: also materially affects 1 other binding line(s) — no adverse (worsening) effect among them; see materially_affected_other_lines / other_line_impacts_10MW_MW columns; requires manual cross-line validation before acceptance."
A,A_3082-3122-1,3082-3122-1,4791,RATHNASKILLO,-0.1285465757435381,0.1285465757435381,0.05,directional,1.285465757435381,1.285465757435381,True,1122-1742-1,1122-1742-1: -1.60 MW (relieves),1.248560155792279,,False,"shift_factor_signed=-0.128547, abs=0.128547 >= tau=0.05 (line overloaded bus1->bus0; node's cut raises flow back toward rating (relief)); estimated relief for a 10 MW reduction = 1.285 MW (linear shift-factor estimate; signed flow change = +1.285 MW); MULTI-LINE FLAG: also materially affects 1 other binding line(s) — no adverse (worsening) effect among them; see materially_affected_other_lines / other_line_impacts_10MW_MW columns; requires manual cross-line validation before acceptance."
A,A_3082-3122-1,3082-3122-1,5451,ROSSPILE,-0.2021230044395875,0.2021230044395875,0.05,directional,2.021230044395875,2.021230044395875,True,1122-1742-1,1122-1742-1: -2.64 MW (relieves),1.308571302556492,,False,"shift_factor_signed=-0.202123, abs=0.202123 >= tau=0.05 (line overloaded bus1->bus0; node's cut raises flow back toward rating (relief)); estimated relief for a 10 MW reduction = 2.021 MW (linear shift-factor estimate; signed flow change = +2.021 MW); MULTI-LINE FLAG: also materially affects 1 other binding line(s) — no adverse (worsening) effect among them; see materially_affected_other_lines / other_line_impacts_10MW_MW columns; requires manual cross-line validation before acceptance."
A,A_3082-3122-1,3082-3122-1,1431,BALLYRAGGET,-0.0653881558030277,0.0653881558030277,0.05,directional,0.653881558030277,0.653881558030277,True,1122-1742-1,1122-1742-1: -0.63 MW (relieves),0.9684944274852598,,False,"shift_factor_signed=-0.065388, abs=0.065388 >= tau=0.05 (line overloaded bus1->bus0; node's cut raises flow back toward rating (relief)); estimated relief for a 10 MW reduction = 0.654 MW (linear shift-factor estimate; signed flow change = +0.654 MW); MULTI-LINE FLAG: also materially affects 1 other binding line(s) — no adverse (worsening) effect among them; see materially_affected_other_lines / other_line_impacts_10MW_MW columns; requires manual cross-line validation before acceptance."
A,A_3082-3122-1,3082-3122-1,33410,BENDINSTOWN,-0.0865082481845166,0.0865082481845166,0.05,directional,0.8650824818451661,0.8650824818451661,True,1122-1742-1,1122-1742-1: -0.75 MW (relieves),0.8720030871191616,,False,"shift_factor_signed=-0.086508, abs=0.086508 >= tau=0.05 (line overloaded bus1->bus0; node's cut raises flow back toward rating (relief)); estimated relief for a 10 MW reduction = 0.865 MW (linear shift-factor estimate; signed flow change = +0.865 MW); MULTI-LINE FLAG: also materially affects 1 other binding line(s) — no adverse (worsening) effect among them; see materially_affected_other_lines / other_line_impacts_10MW_MW columns; requires manual cross-line validation before acceptance."
A,A_3082-3122-1,3082-3122-1,1971,COOMAGEARLAH,-0.0523459125350499,0.0523459125350499,0.05,directional,0.523459125350499,0.523459125350499,True,1122-1742-1,1122-1742-1: -0.52 MW (relieves),0.9961586554035835,,False,"shift_factor_signed=-0.052346, abs=0.052346 >= tau=0.05 (line overloaded bus1->bus0; node's cut raises flow back toward rating (relief)); estimated relief for a 10 MW reduction = 0.523 MW (linear shift-factor estimate; signed flow change = +0.523 MW); MULTI-LINE FLAG: also materially affects 1 other binding line(s) — no adverse (worsening) effect among them; see materially_affected_other_lines / other_line_impacts_10MW_MW columns; requires manual cross-line validation before acceptance."
A,A_3082-3122-1,3082-3122-1,2771,GARROW,-0.0523459125350134,0.0523459125350134,0.05,directional,0.5234591253501341,0.5234591253501341,True,1122-1742-1,1122-1742-1: -0.52 MW (relieves),0.9961586554034317,,False,"shift_factor_signed=-0.052346, abs=0.052346 >= tau=0.05 (line overloaded bus1->bus0; node's cut raises flow back toward rating (relief)); estimated relief for a 10 MW reduction = 0.523 MW (linear shift-factor estimate; signed flow change = +0.523 MW); MULTI-LINE FLAG: also materially affects 1 other binding line(s) — no adverse (worsening) effect among them; see materially_affected_other_lines / other_line_impacts_10MW_MW columns; requires manual cross-line validation before acceptance."
A,A_3082-3122-1,3082-3122-1,1881,CHARLEVILLE,-0.0536059316290627,0.0536059316290627,0.05,directional,0.536059316290627,0.536059316290627,True,1122-1742-1,1122-1742-1: -0.58 MW (relieves),1.0755912728238197,,False,"shift_factor_signed=-0.053606, abs=0.053606 >= tau=0.05 (line overloaded bus1->bus0; node's cut raises flow back toward rating (relief)); estimated relief for a 10 MW reduction = 0.536 MW (linear shift-factor estimate; signed flow change = +0.536 MW); MULTI-LINE FLAG: also materially affects 1 other binding line(s) — no adverse (worsening) effect among them; see materially_affected_other_lines / other_line_impacts_10MW_MW columns; requires manual cross-line validation before acceptance."
A,A_3082-3122-1,3082-3122-1,1901,CARLOW,-0.0835611879097204,0.0835611879097204,0.05,directional,0.835611879097204,0.835611879097204,True,1122-1742-1,1122-1742-1: -0.73 MW (relieves),0.8677564405510881,,False,"shift_factor_signed=-0.083561, abs=0.083561 >= tau=0.05 (line overloaded bus1->bus0; node's cut raises flow back toward rating (relief)); estimated relief for a 10 MW reduction = 0.836 MW (linear shift-factor estimate; signed flow change = +0.836 MW); MULTI-LINE FLAG: also materially affects 1 other binding line(s) — no adverse (worsening) effect among them; see materially_affected_other_lines / other_line_impacts_10MW_MW columns; requires manual cross-line validation before acceptance."
A,A_3082-3122-1,3082-3122-1,3621,LISHEEN,-0.0576377021622858,0.0576377021622858,0.05,directional,0.576377021622858,0.576377021622858,True,1122-1742-1,1122-1742-1: -0.68 MW (relieves),1.1875749468707626,,False,"shift_factor_signed=-0.057638, abs=0.057638 >= tau=0.05 (line overloaded bus1->bus0; node's cut raises flow back toward rating (relief)); estimated relief for a 10 MW reduction = 0.576 MW (linear shift-factor estimate; signed flow change = +0.576 MW); MULTI-LINE FLAG: also materially affects 1 other binding line(s) — no adverse (worsening) effect among them; see materially_affected_other_lines / other_line_impacts_10MW_MW columns; requires manual cross-line validation before acceptance."
A,A_3082-3122-1,3082-3122-1,3891,CARRIGDANGAN,-0.0656707373516896,0.0656707373516896,0.05,directional,0.656707373516896,0.656707373516896,True,1122-1742-1,1122-1742-1: -0.72 MW (relieves),1.100293242736088,,False,"shift_factor_signed=-0.065671, abs=0.065671 >= tau=0.05 (line overloaded bus1->bus0; node's cut raises flow back toward rating (relief)); estimated relief for a 10 MW reduction = 0.657 MW (linear shift-factor estimate; signed flow change = +0.657 MW); MULTI-LINE FLAG: also materially affects 1 other binding line(s) — no adverse (worsening) effect among them; see materially_affected_other_lines / other_line_impacts_10MW_MW columns; requires manual cross-line validation before acceptance."
A,A_3082-3122-1,3082-3122-1,1281,BALLYLICKEY,-0.0656707373516222,0.0656707373516222,0.05,directional,0.656707373516222,0.656707373516222,True,1122-1742-1,1122-1742-1: -0.72 MW (relieves),1.1002932427368735,,False,"shift_factor_signed=-0.065671, abs=0.065671 >= tau=0.05 (line overloaded bus1->bus0; node's cut raises flow back toward rating (relief)); estimated relief for a 10 MW reduction = 0.657 MW (linear shift-factor estimate; signed flow change = +0.657 MW); MULTI-LINE FLAG: also materially affects 1 other binding line(s) — no adverse (worsening) effect among them; see materially_affected_other_lines / other_line_impacts_10MW_MW columns; requires manual cross-line validation before acceptance."
A,A_3082-3122-1,3082-3122-1,36411,CRORY,-0.2783216562926416,0.2783216562926416,0.05,directional,2.783216562926416,2.783216562926416,True,1122-1742-1,1122-1742-1: -3.81 MW (relieves),1.370267674991426,,False,"shift_factor_signed=-0.278322, abs=0.278322 >= tau=0.05 (line overloaded bus1->bus0; node's cut raises flow back toward rating (relief)); estimated relief for a 10 MW reduction = 2.783 MW (linear shift-factor estimate; signed flow change = +2.783 MW); MULTI-LINE FLAG: also materially affects 1 other binding line(s) — no adverse (worsening) effect among them; see materially_affected_other_lines / other_line_impacts_10MW_MW columns; requires manual cross-line validation before acceptance."
A,A_3082-3122-1,3082-3122-1,5271,CAUTEEN,-0.0593795336498055,0.0593795336498055,0.05,directional,0.593795336498055,0.593795336498055,True,1122-1742-1,1122-1742-1: -0.67 MW (relieves),1.1254397244902932,,False,"shift_factor_signed=-0.059380, abs=0.059380 >= tau=0.05 (line overloaded bus1->bus0; node's cut raises flow back toward rating (relief)); estimated relief for a 10 MW reduction = 0.594 MW (linear shift-factor estimate; signed flow change = +0.594 MW); MULTI-LINE FLAG: also materially affects 1 other binding line(s) — no adverse (worsening) effect among them; see materially_affected_other_lines / other_line_impacts_10MW_MW columns; requires manual cross-line validation before acceptance."
A,A_3082-3122-1,3082-3122-1,36210,LISHEEN,-0.0576377021622856,0.0576377021622856,0.05,directional,0.576377021622856,0.576377021622856,True,1122-1742-1,1122-1742-1: -0.68 MW (relieves),1.1875749468707633,,False,"shift_factor_signed=-0.057638, abs=0.057638 >= tau=0.05 (line overloaded bus1->bus0; node's cut raises flow back toward rating (relief)); estimated relief for a 10 MW reduction = 0.576 MW (linear shift-factor estimate; signed flow change = +0.576 MW); MULTI-LINE FLAG: also materially affects 1 other binding line(s) — no adverse (worsening) effect among them; see materially_affected_other_lines / other_line_impacts_10MW_MW columns; requires manual cross-line validation before acceptance."
A,A_3082-3122-1,3082-3122-1,3261,KILKENNY,-0.0918632011408453,0.0918632011408453,0.05,directional,0.918632011408453,0.918632011408453,True,1122-1742-1,1122-1742-1: -0.97 MW (relieves),1.053066915191333,,False,"shift_factor_signed=-0.091863, abs=0.091863 >= tau=0.05 (line overloaded bus1->bus0; node's cut raises flow back toward rating (relief)); estimated relief for a 10 MW reduction = 0.919 MW (linear shift-factor estimate; signed flow change = +0.919 MW); MULTI-LINE FLAG: also materially affects 1 other binding line(s) — no adverse (worsening) effect among them; see materially_affected_other_lines / other_line_impacts_10MW_MW columns; requires manual cross-line validation before acceptance."
A,A_3082-3122-1,3082-3122-1,2061,CASTLETREASU,-0.0729156727137474,0.0729156727137474,0.05,directional,0.7291567271374739,0.7291567271374739,True,1122-1742-1,1122-1742-1: -0.83 MW (relieves),1.1393843000254025,,False,"shift_factor_signed=-0.072916, abs=0.072916 >= tau=0.05 (line overloaded bus1->bus0; node's cut raises flow back toward rating (relief)); estimated relief for a 10 MW reduction = 0.729 MW (linear shift-factor estimate; signed flow change = +0.729 MW); MULTI-LINE FLAG: also materially affects 1 other binding line(s) — no adverse (worsening) effect among them; see materially_affected_other_lines / other_line_impacts_10MW_MW columns; requires manual cross-line validation before acceptance."
A,A_3082-3122-1,3082-3122-1,2641,GRAHOMICK,-0.2317198477611308,0.2317198477611308,0.05,directional,2.317198477611308,2.317198477611308,True,1122-1742-1,1122-1742-1: -3.07 MW (relieves),1.3269184001881271,,False,"shift_factor_signed=-0.231720, abs=0.231720 >= tau=0.05 (line overloaded bus1->bus0; node's cut raises flow back toward rating (relief)); estimated relief for a 10 MW reduction = 2.317 MW (linear shift-factor estimate; signed flow change = +2.317 MW); MULTI-LINE FLAG: also materially affects 1 other binding line(s) — no adverse (worsening) effect among them; see materially_affected_other_lines / other_line_impacts_10MW_MW columns; requires manual cross-line validation before acceptance."
A,A_3082-3122-1,3082-3122-1,1751,COOMNACLOHY,-0.0523459125350114,0.0523459125350114,0.05,directional,0.523459125350114,0.523459125350114,True,1122-1742-1,1122-1742-1: -0.52 MW (relieves),0.9961586554034757,,False,"shift_factor_signed=-0.052346, abs=0.052346 >= tau=0.05 (line overloaded bus1->bus0; node's cut raises flow back toward rating (relief)); estimated relief for a 10 MW reduction = 0.523 MW (linear shift-factor estimate; signed flow change = +0.523 MW); MULTI-LINE FLAG: also materially affects 1 other binding line(s) — no adverse (worsening) effect among them; see materially_affected_other_lines / other_line_impacts_10MW_MW columns; requires manual cross-line validation before acceptance."
A,A_3082-3122-1,3082-3122-1,2141,DUNGARVAN,-0.1163320610889212,0.1163320610889212,0.05,directional,1.163320610889212,1.163320610889212,True,1122-1742-1,1122-1742-1: -1.44 MW (relieves),1.233974831886879,,False,"shift_factor_signed=-0.116332, abs=0.116332 >= tau=0.05 (line overloaded bus1->bus0; node's cut raises flow back toward rating (relief)); estimated relief for a 10 MW reduction = 1.163 MW (linear shift-factor estimate; signed flow change = +1.163 MW); MULTI-LINE FLAG: also materially affects 1 other binding line(s) — no adverse (worsening) effect among them; see materially_affected_other_lines / other_line_impacts_10MW_MW columns; requires manual cross-line validation before acceptance."
A,A_3082-3122-1,3082-3122-1,5501,WEXFORD,-0.2317198477611317,0.2317198477611317,0.05,directional,2.317198477611317,2.317198477611317,True,1122-1742-1,1122-1742-1: -3.07 MW (relieves),1.3269184001881178,,False,"shift_factor_signed=-0.231720, abs=0.231720 >= tau=0.05 (line overloaded bus1->bus0; node's cut raises flow back toward rating (relief)); estimated relief for a 10 MW reduction = 2.317 MW (linear shift-factor estimate; signed flow change = +2.317 MW); MULTI-LINE FLAG: also materially affects 1 other binding line(s) — no adverse (worsening) effect among them; see materially_affected_other_lines / other_line_impacts_10MW_MW columns; requires manual cross-line validation before acceptance."
A,A_3082-3122-1,3082-3122-1,1461,BARRYMORE,-0.0776739513578755,0.0776739513578755,0.05,directional,0.7767395135787549,0.7767395135787549,True,1122-1742-1,1122-1742-1: -0.91 MW (relieves),1.1675023667529147,,False,"shift_factor_signed=-0.077674, abs=0.077674 >= tau=0.05 (line overloaded bus1->bus0; node's cut raises flow back toward rating (relief)); estimated relief for a 10 MW reduction = 0.777 MW (linear shift-factor estimate; signed flow change = +0.777 MW); MULTI-LINE FLAG: also materially affects 1 other binding line(s) — no adverse (worsening) effect among them; see materially_affected_other_lines / other_line_impacts_10MW_MW columns; requires manual cross-line validation before acceptance."
A,A_3082-3122-1,3082-3122-1,1441,BANDON,-0.0692495877860883,0.0692495877860883,0.05,directional,0.6924958778608831,0.6924958778608831,True,1122-1742-1,1122-1742-1: -0.78 MW (relieves),1.1206256793672973,,False,"shift_factor_signed=-0.069250, abs=0.069250 >= tau=0.05 (line overloaded bus1->bus0; node's cut raises flow back toward rating (relief)); estimated relief for a 10 MW reduction = 0.692 MW (linear shift-factor estimate; signed flow change = +0.692 MW); MULTI-LINE FLAG: also materially affects 1 other binding line(s) — no adverse (worsening) effect among them; see materially_affected_other_lines / other_line_impacts_10MW_MW columns; requires manual cross-line validation before acceptance."
A,A_3082-3122-1,3082-3122-1,3111,BALLYNABRANN,-0.0767089829290715,0.0767089829290715,0.05,directional,0.7670898292907149,0.7670898292907149,True,1122-1742-1,1122-1742-1: -0.89 MW (relieves),1.1546940668107544,,False,"shift_factor_signed=-0.076709, abs=0.076709 >= tau=0.05 (line overloaded bus1->bus0; node's cut raises flow back toward rating (relief)); estimated relief for a 10 MW reduction = 0.767 MW (linear shift-factor estimate; signed flow change = +0.767 MW); MULTI-LINE FLAG: also materially affects 1 other binding line(s) — no adverse (worsening) effect among them; see materially_affected_other_lines / other_line_impacts_10MW_MW columns; requires manual cross-line validation before acceptance."
A,A_3082-3122-1,3082-3122-1,1231,BALLYWATER,-0.276629577300028,0.276629577300028,0.05,directional,2.76629577300028,2.76629577300028,True,1122-1742-1,1122-1742-1: -3.73 MW (relieves),1.3472597397762665,,False,"shift_factor_signed=-0.276630, abs=0.276630 >= tau=0.05 (line overloaded bus1->bus0; node's cut raises flow back toward rating (relief)); estimated relief for a 10 MW reduction = 2.766 MW (linear shift-factor estimate; signed flow change = +2.766 MW); MULTI-LINE FLAG: also materially affects 1 other binding line(s) — no adverse (worsening) effect among them; see materially_affected_other_lines / other_line_impacts_10MW_MW columns; requires manual cross-line validation before acceptance."
A,A_3082-3122-1,3082-3122-1,5301,THURLES,-0.0576377021623249,0.0576377021623249,0.05,directional,0.576377021623249,0.576377021623249,True,1122-1742-1,1122-1742-1: -0.68 MW (relieves),1.1875749468703265,,False,"shift_factor_signed=-0.057638, abs=0.057638 >= tau=0.05 (line overloaded bus1->bus0; node's cut raises flow back toward rating (relief)); estimated relief for a 10 MW reduction = 0.576 MW (linear shift-factor estimate; signed flow change = +0.576 MW); MULTI-LINE FLAG: also materially affects 1 other binding line(s) — no adverse (worsening) effect among them; see materially_affected_other_lines / other_line_impacts_10MW_MW columns; requires manual cross-line validation before acceptance."
A,A_3082-3122-1,3082-3122-1,3881,MACROOM,-0.0638908966116705,0.0638908966116705,0.05,directional,0.6389089661167049,0.6389089661167049,True,1122-1742-1,1122-1742-1: -0.70 MW (relieves),1.0893981938587602,,False,"shift_factor_signed=-0.063891, abs=0.063891 >= tau=0.05 (line overloaded bus1->bus0; node's cut raises flow back toward rating (relief)); estimated relief for a 10 MW reduction = 0.639 MW (linear shift-factor estimate; signed flow change = +0.639 MW); MULTI-LINE FLAG: also materially affects 1 other binding line(s) — no adverse (worsening) effect among them; see materially_affected_other_lines / other_line_impacts_10MW_MW columns; requires manual cross-line validation before acceptance."
A,A_3082-3122-1,3082-3122-1,1991,CASTLEDOCKRE,-0.2783216562926304,0.2783216562926304,0.05,directional,2.783216562926304,2.783216562926304,True,1122-1742-1,1122-1742-1: -3.81 MW (relieves),1.3702676749914413,,False,"shift_factor_signed=-0.278322, abs=0.278322 >= tau=0.05 (line overloaded bus1->bus0; node's cut raises flow back toward rating (relief)); estimated relief for a 10 MW reduction = 2.783 MW (linear shift-factor estimate; signed flow change = +2.783 MW); MULTI-LINE FLAG: also materially affects 1 other binding line(s) — no adverse (worsening) effect among them; see materially_affected_other_lines / other_line_impacts_10MW_MW columns; requires manual cross-line validation before acceptance."
A,A_3082-3122-1,3082-3122-1,1481,BUTLERSTOWN,-0.1508704633257833,0.1508704633257833,0.05,directional,1.508704633257833,1.508704633257833,True,1122-1742-1,1122-1742-1: -1.91 MW (relieves),1.2677348826283077,,False,"shift_factor_signed=-0.150870, abs=0.150870 >= tau=0.05 (line overloaded bus1->bus0; node's cut raises flow back toward rating (relief)); estimated relief for a 10 MW reduction = 1.509 MW (linear shift-factor estimate; signed flow change = +1.509 MW); MULTI-LINE FLAG: also materially affects 1 other binding line(s) — no adverse (worsening) effect among them; see materially_affected_other_lines / other_line_impacts_10MW_MW columns; requires manual cross-line validation before acceptance."
A,A_3082-3122-1,3082-3122-1,2731,GLANLEE,-0.0523459125350503,0.0523459125350503,0.05,directional,0.523459125350503,0.523459125350503,True,1122-1742-1,1122-1742-1: -0.52 MW (relieves),0.9961586554035818,,False,"shift_factor_signed=-0.052346, abs=0.052346 >= tau=0.05 (line overloaded bus1->bus0; node's cut raises flow back toward rating (relief)); estimated relief for a 10 MW reduction = 0.523 MW (linear shift-factor estimate; signed flow change = +0.523 MW); MULTI-LINE FLAG: also materially affects 1 other binding line(s) — no adverse (worsening) effect among them; see materially_affected_other_lines / other_line_impacts_10MW_MW columns; requires manual cross-line validation before acceptance."
A,A_3082-3122-1,3082-3122-1,2391,KILL HILL,-0.0696787322674548,0.0696787322674548,0.05,directional,0.696787322674548,0.696787322674548,True,1122-1742-1,1122-1742-1: -0.83 MW (relieves),1.192493262695734,,False,"shift_factor_signed=-0.069679, abs=0.069679 >= tau=0.05 (line overloaded bus1->bus0; node's cut raises flow back toward rating (relief)); estimated relief for a 10 MW reduction = 0.697 MW (linear shift-factor estimate; signed flow change = +0.697 MW); MULTI-LINE FLAG: also materially affects 1 other binding line(s) — no adverse (worsening) effect among them; see materially_affected_other_lines / other_line_impacts_10MW_MW columns; requires manual cross-line validation before acceptance."
A,A_3082-3122-1,3082-3122-1,1721,CAHIR,-0.0798699809361562,0.0798699809361562,0.05,directional,0.798699809361562,0.798699809361562,True,1122-1742-1,1122-1742-1: -0.95 MW (relieves),1.1954972856527046,,False,"shift_factor_signed=-0.079870, abs=0.079870 >= tau=0.05 (line overloaded bus1->bus0; node's cut raises flow back toward rating (relief)); estimated relief for a 10 MW reduction = 0.799 MW (linear shift-factor estimate; signed flow change = +0.799 MW); MULTI-LINE FLAG: also materially affects 1 other binding line(s) — no adverse (worsening) effect among them; see materially_affected_other_lines / other_line_impacts_10MW_MW columns; requires manual cross-line validation before acceptance."
A,A_3082-3122-1,3082-3122-1,68090,KNOCKNAMONA,-0.1094948526866429,0.1094948526866429,0.05,directional,1.094948526866429,1.094948526866429,True,1122-1742-1,1122-1742-1: -1.34 MW (relieves),1.2243899781584027,,False,"shift_factor_signed=-0.109495, abs=0.109495 >= tau=0.05 (line overloaded bus1->bus0; node's cut raises flow back toward rating (relief)); estimated relief for a 10 MW reduction = 1.095 MW (linear shift-factor estimate; signed flow change = +1.095 MW); MULTI-LINE FLAG: also materially affects 1 other binding line(s) — no adverse (worsening) effect among them; see materially_affected_other_lines / other_line_impacts_10MW_MW columns; requires manual cross-line validation before acceptance."
A,A_3082-3122-1,3082-3122-1,5441,WATERFORD,-0.1533932451174167,0.1533932451174167,0.05,directional,1.533932451174167,1.533932451174167,True,1122-1742-1,1122-1742-1: -1.95 MW (relieves),1.269227979650215,,False,"shift_factor_signed=-0.153393, abs=0.153393 >= tau=0.05 (line overloaded bus1->bus0; node's cut raises flow back toward rating (relief)); estimated relief for a 10 MW reduction = 1.534 MW (linear shift-factor estimate; signed flow change = +1.534 MW); MULTI-LINE FLAG: also materially affects 1 other binding line(s) — no adverse (worsening) effect among them; see materially_affected_other_lines / other_line_impacts_10MW_MW columns; requires manual cross-line validation before acceptance."
A,A_3082-3122-1,3082-3122-1,2221,DUNMANWAY,-0.0656707373516888,0.0656707373516888,0.05,directional,0.656707373516888,0.656707373516888,True,1122-1742-1,1122-1742-1: -0.72 MW (relieves),1.100293242736132,,False,"shift_factor_signed=-0.065671, abs=0.065671 >= tau=0.05 (line overloaded bus1->bus0; node's cut raises flow back toward rating (relief)); estimated relief for a 10 MW reduction = 0.657 MW (linear shift-factor estimate; signed flow change = +0.657 MW); MULTI-LINE FLAG: also materially affects 1 other binding line(s) — no adverse (worsening) effect among them; see materially_affected_other_lines / other_line_impacts_10MW_MW columns; requires manual cross-line validation before acceptance."
A,A_3082-3122-1,3082-3122-1,2881,GLENLARA,-0.0536059316291213,0.0536059316291213,0.05,directional,0.536059316291213,0.536059316291213,True,1122-1742-1,1122-1742-1: -0.58 MW (relieves),1.0755912728234422,,False,"shift_factor_signed=-0.053606, abs=0.053606 >= tau=0.05 (line overloaded bus1->bus0; node's cut raises flow back toward rating (relief)); estimated relief for a 10 MW reduction = 0.536 MW (linear shift-factor estimate; signed flow change = +0.536 MW); MULTI-LINE FLAG: also materially affects 1 other binding line(s) — no adverse (worsening) effect among them; see materially_affected_other_lines / other_line_impacts_10MW_MW columns; requires manual cross-line validation before acceptance."
A,A_3082-3122-1,3082-3122-1,2225,DUNMANWAY,-0.065672712341136,0.065672712341136,0.05,directional,0.6567271234113601,0.6567271234113601,True,1122-1742-1,1122-1742-1: -0.72 MW (relieves),1.1003050043481337,,False,"shift_factor_signed=-0.065673, abs=0.065673 >= tau=0.05 (line overloaded bus1->bus0; node's cut raises flow back toward rating (relief)); estimated relief for a 10 MW reduction = 0.657 MW (linear shift-factor estimate; signed flow change = +0.657 MW); MULTI-LINE FLAG: also materially affects 1 other binding line(s) — no adverse (worsening) effect among them; see materially_affected_other_lines / other_line_impacts_10MW_MW columns; requires manual cross-line validation before acceptance."
A,A_3082-3122-1,3082-3122-1,3641,LODGEWOOD,-0.2783216562926416,0.2783216562926416,0.05,directional,2.783216562926416,2.783216562926416,True,1122-1742-1,1122-1742-1: -3.81 MW (relieves),1.3702676749914269,,False,"shift_factor_signed=-0.278322, abs=0.278322 >= tau=0.05 (line overloaded bus1->bus0; node's cut raises flow back toward rating (relief)); estimated relief for a 10 MW reduction = 2.783 MW (linear shift-factor estimate; signed flow change = +2.783 MW); MULTI-LINE FLAG: also materially affects 1 other binding line(s) — no adverse (worsening) effect among them; see materially_affected_other_lines / other_line_impacts_10MW_MW columns; requires manual cross-line validation before acceptance."
A,A_3082-3122-1,3082-3122-1,6931,WOODHOUSE,-0.1094948526866435,0.1094948526866435,0.05,directional,1.094948526866435,1.094948526866435,True,1122-1742-1,1122-1742-1: -1.34 MW (relieves),1.2243899781583996,,False,"shift_factor_signed=-0.109495, abs=0.109495 >= tau=0.05 (line overloaded bus1->bus0; node's cut raises flow back toward rating (relief)); estimated relief for a 10 MW reduction = 1.095 MW (linear shift-factor estimate; signed flow change = +1.095 MW); MULTI-LINE FLAG: also materially affects 1 other binding line(s) — no adverse (worsening) effect among them; see materially_affected_other_lines / other_line_impacts_10MW_MW columns; requires manual cross-line validation before acceptance."
A,A_3082-3122-1,3082-3122-1,1301,BALLYBEG,-0.415844194491482,0.415844194491482,0.05,directional,4.15844194491482,4.15844194491482,True,1122-1742-1,1122-1742-1: -2.75 MW (relieves),0.6608166644811905,,False,"shift_factor_signed=-0.415844, abs=0.415844 >= tau=0.05 (line overloaded bus1->bus0; node's cut raises flow back toward rating (relief)); estimated relief for a 10 MW reduction = 4.158 MW (linear shift-factor estimate; signed flow change = +4.158 MW); MULTI-LINE FLAG: also materially affects 1 other binding line(s) — no adverse (worsening) effect among them; see materially_affected_other_lines / other_line_impacts_10MW_MW columns; requires manual cross-line validation before acceptance."
A,A_3082-3122-1,3082-3122-1,2741,GREAT ISLAND,-0.1636894757909601,0.1636894757909601,0.05,directional,1.6368947579096012,1.6368947579096012,True,1122-1742-1,1122-1742-1: -2.09 MW (relieves),1.274844535366266,,False,"shift_factor_signed=-0.163689, abs=0.163689 >= tau=0.05 (line overloaded bus1->bus0; node's cut raises flow back toward rating (relief)); estimated relief for a 10 MW reduction = 1.637 MW (linear shift-factor estimate; signed flow change = +1.637 MW); MULTI-LINE FLAG: also materially affects 1 other binding line(s) — no adverse (worsening) effect among them; see materially_affected_other_lines / other_line_impacts_10MW_MW columns; requires manual cross-line validation before acceptance."
A,A_3082-3122-1,3082-3122-1,3801,MIDLETON,-0.076373585031222,0.076373585031222,0.05,directional,0.76373585031222,0.76373585031222,True,1122-1742-1,1122-1742-1: -0.88 MW (relieves),1.153429832177518,,False,"shift_factor_signed=-0.076374, abs=0.076374 >= tau=0.05 (line overloaded bus1->bus0; node's cut raises flow back toward rating (relief)); estimated relief for a 10 MW reduction = 0.764 MW (linear shift-factor estimate; signed flow change = +0.764 MW); MULTI-LINE FLAG: also materially affects 1 other binding line(s) — no adverse (worsening) effect among them; see materially_affected_other_lines / other_line_impacts_10MW_MW columns; requires manual cross-line validation before acceptance."
A,A_3082-3122-1,3082-3122-1,2161,DOON,-0.0998745066615636,0.0998745066615636,0.05,directional,0.998745066615636,0.998745066615636,True,1122-1742-1,1122-1742-1: -1.22 MW (relieves),1.226027743230973,,False,"shift_factor_signed=-0.099875, abs=0.099875 >= tau=0.05 (line overloaded bus1->bus0; node's cut raises flow back toward rating (relief)); estimated relief for a 10 MW reduction = 0.999 MW (linear shift-factor estimate; signed flow change = +0.999 MW); MULTI-LINE FLAG: also materially affects 1 other binding line(s) — no adverse (worsening) effect among them; see materially_affected_other_lines / other_line_impacts_10MW_MW columns; requires manual cross-line validation before acceptance."
A,A_3082-3122-1,3082-3122-1,1841,CRANE,-0.2766295773000259,0.2766295773000259,0.05,directional,2.766295773000259,2.766295773000259,True,1122-1742-1,1122-1742-1: -3.73 MW (relieves),1.3472597397762547,,False,"shift_factor_signed=-0.276630, abs=0.276630 >= tau=0.05 (line overloaded bus1->bus0; node's cut raises flow back toward rating (relief)); estimated relief for a 10 MW reduction = 2.766 MW (linear shift-factor estimate; signed flow change = +2.766 MW); MULTI-LINE FLAG: also materially affects 1 other binding line(s) — no adverse (worsening) effect among them; see materially_affected_other_lines / other_line_impacts_10MW_MW columns; requires manual cross-line validation before acceptance."
A,A_3082-3122-1,3082-3122-1,3221,KILBARRY,-0.0730561052612017,0.0730561052612017,0.05,directional,0.730561052612017,0.730561052612017,True,1122-1742-1,1122-1742-1: -0.83 MW (relieves),1.1400670374384545,,False,"shift_factor_signed=-0.073056, abs=0.073056 >= tau=0.05 (line overloaded bus1->bus0; node's cut raises flow back toward rating (relief)); estimated relief for a 10 MW reduction = 0.731 MW (linear shift-factor estimate; signed flow change = +0.731 MW); MULTI-LINE FLAG: also materially affects 1 other binding line(s) — no adverse (worsening) effect among them; see materially_affected_other_lines / other_line_impacts_10MW_MW columns; requires manual cross-line validation before acceptance."
A,A_3082-3122-1,3082-3122-1,1621,COOLROE,-0.0693629510875919,0.0693629510875919,0.05,directional,0.693629510875919,0.693629510875919,True,1122-1742-1,1122-1742-1: -0.78 MW (relieves),1.1212605583762196,,False,"shift_factor_signed=-0.069363, abs=0.069363 >= tau=0.05 (line overloaded bus1->bus0; node's cut raises flow back toward rating (relief)); estimated relief for a 10 MW reduction = 0.694 MW (linear shift-factor estimate; signed flow change = +0.694 MW); MULTI-LINE FLAG: also materially affects 1 other binding line(s) — no adverse (worsening) effect among them; see materially_affected_other_lines / other_line_impacts_10MW_MW columns; requires manual cross-line validation before acceptance."
A,A_3082-3122-1,3082-3122-1,1381,BARNAHELY,-0.0744660737854788,0.0744660737854788,0.05,directional,0.744660737854788,0.744660737854788,True,1122-1742-1,1122-1742-1: -0.85 MW (relieves),1.1462002773722373,,False,"shift_factor_signed=-0.074466, abs=0.074466 >= tau=0.05 (line overloaded bus1->bus0; node's cut raises flow back toward rating (relief)); estimated relief for a 10 MW reduction = 0.745 MW (linear shift-factor estimate; signed flow change = +0.745 MW); MULTI-LINE FLAG: also materially affects 1 other binding line(s) — no adverse (worsening) effect among them; see materially_affected_other_lines / other_line_impacts_10MW_MW columns; requires manual cross-line validation before acceptance."
A,A_3082-3122-1,3082-3122-1,5381,TIPPERARY,-0.0680315040098797,0.0680315040098797,0.05,directional,0.680315040098797,0.680315040098797,True,1122-1742-1,1122-1742-1: -0.79 MW (relieves),1.1601687108264134,,False,"shift_factor_signed=-0.068032, abs=0.068032 >= tau=0.05 (line overloaded bus1->bus0; node's cut raises flow back toward rating (relief)); estimated relief for a 10 MW reduction = 0.680 MW (linear shift-factor estimate; signed flow change = +0.680 MW); MULTI-LINE FLAG: also materially affects 1 other binding line(s) — no adverse (worsening) effect among them; see materially_affected_other_lines / other_line_impacts_10MW_MW columns; requires manual cross-line validation before acceptance."
A,A_3082-3122-1,3082-3122-1,1541,BANOGE,-0.3203432843413568,0.3203432843413568,0.05,directional,3.2034328434135677,3.2034328434135677,True,1122-1742-1,1122-1742-1: -4.16 MW (relieves),1.297789611039914,,False,"shift_factor_signed=-0.320343, abs=0.320343 >= tau=0.05 (line overloaded bus1->bus0; node's cut raises flow back toward rating (relief)); estimated relief for a 10 MW reduction = 3.203 MW (linear shift-factor estimate; signed flow change = +3.203 MW); MULTI-LINE FLAG: also materially affects 1 other binding line(s) — no adverse (worsening) effect among them; see materially_affected_other_lines / other_line_impacts_10MW_MW columns; requires manual cross-line validation before acceptance."
A,A_3082-3122-1,3082-3122-1,1361,BALLYDINE,-0.1142808970078045,0.1142808970078045,0.05,directional,1.142808970078045,1.142808970078045,True,1122-1742-1,1122-1742-1: -1.42 MW (relieves),1.2413940738143772,,False,"shift_factor_signed=-0.114281, abs=0.114281 >= tau=0.05 (line overloaded bus1->bus0; node's cut raises flow back toward rating (relief)); estimated relief for a 10 MW reduction = 1.143 MW (linear shift-factor estimate; signed flow change = +1.143 MW); MULTI-LINE FLAG: also materially affects 1 other binding line(s) — no adverse (worsening) effect among them; see materially_affected_other_lines / other_line_impacts_10MW_MW columns; requires manual cross-line validation before acceptance."
A,A_3082-3122-1,3082-3122-1,1221,ATHY,-0.0567998042090667,0.0567998042090667,0.05,directional,0.567998042090667,0.567998042090667,False,,,,,False,"shift_factor_signed=-0.056800, abs=0.056800 >= tau=0.05 (line overloaded bus1->bus0; node's cut raises flow back toward rating (relief)); estimated relief for a 10 MW reduction = 0.568 MW (linear shift-factor estimate; signed flow change = +0.568 MW)"
A,A_3082-3122-1,3082-3122-1,1921,COW CROSS,-0.0751363141285001,0.0751363141285001,0.05,directional,0.7513631412850009,0.7513631412850009,True,1122-1742-1,1122-1742-1: -0.86 MW (relieves),1.1487797928143493,,False,"shift_factor_signed=-0.075136, abs=0.075136 >= tau=0.05 (line overloaded bus1->bus0; node's cut raises flow back toward rating (relief)); estimated relief for a 10 MW reduction = 0.751 MW (linear shift-factor estimate; signed flow change = +0.751 MW); MULTI-LINE FLAG: also materially affects 1 other binding line(s) — no adverse (worsening) effect among them; see materially_affected_other_lines / other_line_impacts_10MW_MW columns; requires manual cross-line validation before acceptance."
A,A_3082-3122-1,3082-3122-1,4021,MALLOW,-0.0615614385855322,0.0615614385855322,0.05,directional,0.615614385855322,0.615614385855322,True,1122-1742-1,1122-1742-1: -0.68 MW (relieves),1.1067596610374042,,False,"shift_factor_signed=-0.061561, abs=0.061561 >= tau=0.05 (line overloaded bus1->bus0; node's cut raises flow back toward rating (relief)); estimated relief for a 10 MW reduction = 0.616 MW (linear shift-factor estimate; signed flow change = +0.616 MW); MULTI-LINE FLAG: also materially affects 1 other binding line(s) — no adverse (worsening) effect among them; see materially_affected_other_lines / other_line_impacts_10MW_MW columns; requires manual cross-line validation before acceptance."
A,A_3082-3122-1,3082-3122-1,5181,TRABEG,-0.0728002978313555,0.0728002978313555,0.05,directional,0.728002978313555,0.728002978313555,True,1122-1742-1,1122-1742-1: -0.83 MW (relieves),1.1396948204333623,,False,"shift_factor_signed=-0.072800, abs=0.072800 >= tau=0.05 (line overloaded bus1->bus0; node's cut raises flow back toward rating (relief)); estimated relief for a 10 MW reduction = 0.728 MW (linear shift-factor estimate; signed flow change = +0.728 MW); MULTI-LINE FLAG: also materially affects 1 other binding line(s) — no adverse (worsening) effect among them; see materially_affected_other_lines / other_line_impacts_10MW_MW columns; requires manual cross-line validation before acceptance."
A,A_3691-4041-1,3691-4041-1,2111,UGGOOL,0.0514596322434311,0.0514596322434311,0.05,directional,-0.514596322434311,0.514596322434311,True,2781-4951-1,2781-4951-1: -1.57 MW (worsens),3.05789044290784,3.05789044290784,True,"shift_factor_signed=0.051460, abs=0.051460 >= tau=0.05 (line overloaded bus0->bus1; node's cut lowers flow (relief)); estimated relief for a 10 MW reduction = 0.515 MW (linear shift-factor estimate; signed flow change = -0.515 MW); MULTI-LINE FLAG: also materially affects 1 other binding line(s) — worst-case ADVERSE ratio 3.06x; see materially_affected_other_lines / other_line_impacts_10MW_MW columns; requires manual cross-line validation before acceptance."
A,A_3691-4041-1,3691-4041-1,14013,SRAHNAKILLY,0.5550766902017402,0.5550766902017402,0.05,directional,-5.550766902017402,5.550766902017402,True,3581-89516-1,3581-89516-1: -0.65 MW (relieves),0.11774991432188986,,False,"shift_factor_signed=0.555077, abs=0.555077 >= tau=0.05 (line overloaded bus0->bus1; node's cut lowers flow (relief)); estimated relief for a 10 MW reduction = 5.551 MW (linear shift-factor estimate; signed flow change = -5.551 MW); MULTI-LINE FLAG: also materially affects 1 other binding line(s) — no adverse (worsening) effect among them; see materially_affected_other_lines / other_line_impacts_10MW_MW columns; requires manual cross-line validation before acceptance."
A,A_3691-4041-1,3691-4041-1,20900,BUFFY,0.0514596322434188,0.0514596322434188,0.05,directional,-0.514596322434188,0.514596322434188,True,2781-4951-1,2781-4951-1: +8.11 MW (relieves),15.76383074275165,,False,"shift_factor_signed=0.051460, abs=0.051460 >= tau=0.05 (line overloaded bus0->bus1; node's cut lowers flow (relief)); estimated relief for a 10 MW reduction = 0.515 MW (linear shift-factor estimate; signed flow change = -0.515 MW); MULTI-LINE FLAG: also materially affects 1 other binding line(s) — no adverse (worsening) effect among them; see materially_affected_other_lines / other_line_impacts_10MW_MW columns; requires manual cross-line validation before acceptance."
A,A_3691-4041-1,3691-4041-1,16410,BALLYMONEEN,0.0514596322434354,0.0514596322434354,0.05,directional,-0.514596322434354,0.514596322434354,False,,,,,False,"shift_factor_signed=0.051460, abs=0.051460 >= tau=0.05 (line overloaded bus0->bus1; node's cut lowers flow (relief)); estimated relief for a 10 MW reduction = 0.515 MW (linear shift-factor estimate; signed flow change = -0.515 MW)"
A,A_3691-4041-1,3691-4041-1,1821,CLOON,0.0977269972459994,0.0977269972459994,0.05,directional,-0.977269972459994,0.977269972459994,False,,,,,False,"shift_factor_signed=0.097727, abs=0.097727 >= tau=0.05 (line overloaded bus0->bus1; node's cut lowers flow (relief)); estimated relief for a 10 MW reduction = 0.977 MW (linear shift-factor estimate; signed flow change = -0.977 MW)"
A,A_3691-4041-1,3691-4041-1,1661,CASTLEBAR,0.3026451208566685,0.3026451208566685,0.05,directional,-3.026451208566685,3.026451208566685,False,,,,,False,"shift_factor_signed=0.302645, abs=0.302645 >= tau=0.05 (line overloaded bus0->bus1; node's cut lowers flow (relief)); estimated relief for a 10 MW reduction = 3.026 MW (linear shift-factor estimate; signed flow change = -3.026 MW)"
A,A_3691-4041-1,3691-4041-1,14016,CROAGHAUN,0.5550766902017401,0.5550766902017401,0.05,directional,-5.550766902017401,5.550766902017401,True,3581-89516-1,3581-89516-1: -0.65 MW (relieves),0.1177499143218881,,False,"shift_factor_signed=0.555077, abs=0.555077 >= tau=0.05 (line overloaded bus0->bus1; node's cut lowers flow (relief)); estimated relief for a 10 MW reduction = 5.551 MW (linear shift-factor estimate; signed flow change = -5.551 MW); MULTI-LINE FLAG: also materially affects 1 other binding line(s) — no adverse (worsening) effect among them; see materially_affected_other_lines / other_line_impacts_10MW_MW columns; requires manual cross-line validation before acceptance."
A,A_3691-4041-1,3691-4041-1,2331,FERRY VIEW,0.0514596322434198,0.0514596322434198,0.05,directional,-0.5145963224341981,0.5145963224341981,True,2781-4951-1,2781-4951-1: +8.11 MW (relieves),15.763830742751418,,False,"shift_factor_signed=0.051460, abs=0.051460 >= tau=0.05 (line overloaded bus0->bus1; node's cut lowers flow (relief)); estimated relief for a 10 MW reduction = 0.515 MW (linear shift-factor estimate; signed flow change = -0.515 MW); MULTI-LINE FLAG: also materially affects 1 other binding line(s) — no adverse (worsening) effect among them; see materially_affected_other_lines / other_line_impacts_10MW_MW columns; requires manual cross-line validation before acceptance."
A,A_3691-4041-1,3691-4041-1,1401,BELLACORICK,0.5550766902017404,0.5550766902017404,0.05,directional,-5.550766902017404,5.550766902017404,True,3581-89516-1,3581-89516-1: -0.65 MW (relieves),0.11774991432188944,,False,"shift_factor_signed=0.555077, abs=0.555077 >= tau=0.05 (line overloaded bus0->bus1; node's cut lowers flow (relief)); estimated relief for a 10 MW reduction = 5.551 MW (linear shift-factor estimate; signed flow change = -5.551 MW); MULTI-LINE FLAG: also materially affects 1 other binding line(s) — no adverse (worsening) effect among them; see materially_affected_other_lines / other_line_impacts_10MW_MW columns; requires manual cross-line validation before acceptance."
A,A_3691-4041-1,3691-4041-1,4951,SALTHILL,0.0514596322434333,0.0514596322434333,0.05,directional,-0.514596322434333,0.514596322434333,True,2781-4951-1,2781-4951-1: +8.11 MW (relieves),15.763830742740572,,False,"shift_factor_signed=0.051460, abs=0.051460 >= tau=0.05 (line overloaded bus0->bus1; node's cut lowers flow (relief)); estimated relief for a 10 MW reduction = 0.515 MW (linear shift-factor estimate; signed flow change = -0.515 MW); MULTI-LINE FLAG: also materially affects 1 other binding line(s) — no adverse (worsening) effect among them; see materially_affected_other_lines / other_line_impacts_10MW_MW columns; requires manual cross-line validation before acceptance."
A,A_3691-4041-1,3691-4041-1,2281,DALTON_A1,0.2238931880346537,0.2238931880346537,0.05,directional,-2.238931880346537,2.238931880346537,False,,,,,False,"shift_factor_signed=0.223893, abs=0.223893 >= tau=0.05 (line overloaded bus0->bus1; node's cut lowers flow (relief)); estimated relief for a 10 MW reduction = 2.239 MW (linear shift-factor estimate; signed flow change = -2.239 MW)"
A,A_3691-4041-1,3691-4041-1,14010,BELLACORICK,0.5550766902017404,0.5550766902017404,0.05,directional,-5.550766902017404,5.550766902017404,True,3581-89516-1,3581-89516-1: -0.65 MW (relieves),0.11774991432188926,,False,"shift_factor_signed=0.555077, abs=0.555077 >= tau=0.05 (line overloaded bus0->bus1; node's cut lowers flow (relief)); estimated relief for a 10 MW reduction = 5.551 MW (linear shift-factor estimate; signed flow change = -5.551 MW); MULTI-LINE FLAG: also materially affects 1 other binding line(s) — no adverse (worsening) effect among them; see materially_affected_other_lines / other_line_impacts_10MW_MW columns; requires manual cross-line validation before acceptance."
A,A_3691-4041-1,3691-4041-1,2171,KNOCKALOUGH,0.0514596322434225,0.0514596322434225,0.05,directional,-0.514596322434225,0.514596322434225,True,2781-4951-1,2781-4951-1: +8.11 MW (relieves),15.763830742751464,,False,"shift_factor_signed=0.051460, abs=0.051460 >= tau=0.05 (line overloaded bus0->bus1; node's cut lowers flow (relief)); estimated relief for a 10 MW reduction = 0.515 MW (linear shift-factor estimate; signed flow change = -0.515 MW); MULTI-LINE FLAG: also materially affects 1 other binding line(s) — no adverse (worsening) effect among them; see materially_affected_other_lines / other_line_impacts_10MW_MW columns; requires manual cross-line validation before acceptance."
A,A_3691-4041-1,3691-4041-1,1831,SCREEB,0.0514596322433661,0.0514596322433661,0.05,directional,-0.514596322433661,0.514596322433661,True,2781-4951-1,2781-4951-1: +8.11 MW (relieves),15.763830742774354,,False,"shift_factor_signed=0.051460, abs=0.051460 >= tau=0.05 (line overloaded bus0->bus1; node's cut lowers flow (relief)); estimated relief for a 10 MW reduction = 0.515 MW (linear shift-factor estimate; signed flow change = -0.515 MW); MULTI-LINE FLAG: also materially affects 1 other binding line(s) — no adverse (worsening) effect among them; see materially_affected_other_lines / other_line_impacts_10MW_MW columns; requires manual cross-line validation before acceptance."
A,A_3691-4041-1,3691-4041-1,22811,DALTON_A2,0.223805879905139,0.223805879905139,0.05,directional,-2.23805879905139,2.23805879905139,False,,,,,False,"shift_factor_signed=0.223806, abs=0.223806 >= tau=0.05 (line overloaded bus0->bus1; node's cut lowers flow (relief)); estimated relief for a 10 MW reduction = 2.238 MW (linear shift-factor estimate; signed flow change = -2.238 MW)"
