observed_at_utc,global_solar_radiation_wm2,solar_elevation_deg,source_observed_at_utc,source_year
2024-01-01 00:00:00+00:00,0.0,0.0,2023-01-01 00:00:00+00:00,2023
2024-01-01 01:00:00+00:00,0.0,0.0,2023-01-01 01:00:00+00:00,2023
2024-01-01 02:00:00+00:00,0.0,0.0,2023-01-01 02:00:00+00:00,2023
2024-01-01 03:00:00+00:00,0.0,0.0,2023-01-01 03:00:00+00:00,2023
2024-01-01 04:00:00+00:00,0.0,0.0,2023-01-01 04:00:00+00:00,2023
2024-01-01 05:00:00+00:00,0.0,0.0,2023-01-01 05:00:00+00:00,2023
2024-01-01 06:00:00+00:00,0.0,0.0,2023-01-01 06:00:00+00:00,2023
2024-01-01 07:00:00+00:00,0.0,0.0,2023-01-01 07:00:00+00:00,2023
2024-01-01 08:00:00+00:00,0.0,0.0,2023-01-01 08:00:00+00:00,2023
2024-01-01 09:00:00+00:00,0.0,0.0,2023-01-01 09:00:00+00:00,2023
2024-01-01 10:00:00+00:00,46.0,6.48,2023-01-01 10:00:00+00:00,2023
2024-01-01 11:00:00+00:00,76.0,10.37,2023-01-01 11:00:00+00:00,2023
2024-01-01 12:00:00+00:00,60.0,12.32,2023-01-01 12:00:00+00:00,2023
2024-01-01 13:00:00+00:00,50.0,12.14,2023-01-01 13:00:00+00:00,2023
2024-01-01 14:00:00+00:00,66.0,9.87,2023-01-01 14:00:00+00:00,2023
2024-01-01 15:00:00+00:00,37.03,5.68,2023-01-01 15:00:00+00:00,2023
2024-01-01 16:00:00+00:00,0.0,0.0,2023-01-01 16:00:00+00:00,2023
2024-01-01 17:00:00+00:00,0.0,0.0,2023-01-01 17:00:00+00:00,2023
2024-01-01 18:00:00+00:00,0.0,0.0,2023-01-01 18:00:00+00:00,2023
2024-01-01 19:00:00+00:00,0.0,0.0,2023-01-01 19:00:00+00:00,2023
2024-01-01 20:00:00+00:00,0.0,0.0,2023-01-01 20:00:00+00:00,2023
2024-01-01 21:00:00+00:00,0.0,0.0,2023-01-01 21:00:00+00:00,2023
2024-01-01 22:00:00+00:00,0.0,0.0,2023-01-01 22:00:00+00:00,2023
2024-01-01 23:00:00+00:00,0.0,0.0,2023-01-01 23:00:00+00:00,2023
2024-01-02 00:00:00+00:00,0.0,0.0,2023-01-02 00:00:00+00:00,2023
2024-01-02 01:00:00+00:00,0.0,0.0,2023-01-02 01:00:00+00:00,2023
2024-01-02 02:00:00+00:00,0.0,0.0,2023-01-02 02:00:00+00:00,2023
2024-01-02 03:00:00+00:00,0.0,0.0,2023-01-02 03:00:00+00:00,2023
2024-01-02 04:00:00+00:00,0.0,0.0,2023-01-02 04:00:00+00:00,2023
2024-01-02 05:00:00+00:00,0.0,0.0,2023-01-02 05:00:00+00:00,2023
2024-01-02 06:00:00+00:00,0.0,0.0,2023-01-02 06:00:00+00:00,2023
2024-01-02 07:00:00+00:00,0.0,0.0,2023-01-02 07:00:00+00:00,2023
2024-01-02 08:00:00+00:00,0.0,0.0,2023-01-02 08:00:00+00:00,2023
2024-01-02 09:00:00+00:00,0.0,0.0,2023-01-02 09:00:00+00:00,2023
2024-01-02 10:00:00+00:00,73.0,6.52,2023-01-02 10:00:00+00:00,2023
2024-01-02 11:00:00+00:00,150.01,10.43,2023-01-02 11:00:00+00:00,2023
2024-01-02 12:00:00+00:00,186.01,12.39,2023-01-02 12:00:00+00:00,2023
2024-01-02 13:00:00+00:00,177.01,12.24,2023-01-02 13:00:00+00:00,2023
2024-01-02 14:00:00+00:00,128.01,9.98,2023-01-02 14:00:00+00:00,2023
2024-01-02 15:00:00+00:00,69.00999999999999,5.8,2023-01-02 15:00:00+00:00,2023
2024-01-02 16:00:00+00:00,0.0,0.0,2023-01-02 16:00:00+00:00,2023
2024-01-02 17:00:00+00:00,0.0,0.0,2023-01-02 17:00:00+00:00,2023
2024-01-02 18:00:00+00:00,0.0,0.0,2023-01-02 18:00:00+00:00,2023
2024-01-02 19:00:00+00:00,0.0,0.0,2023-01-02 19:00:00+00:00,2023
2024-01-02 20:00:00+00:00,0.0,0.0,2023-01-02 20:00:00+00:00,2023
2024-01-02 21:00:00+00:00,0.0,0.0,2023-01-02 21:00:00+00:00,2023
2024-01-02 22:00:00+00:00,0.0,0.0,2023-01-02 22:00:00+00:00,2023
2024-01-02 23:00:00+00:00,0.0,0.0,2023-01-02 23:00:00+00:00,2023
2024-01-03 00:00:00+00:00,0.0,0.0,2023-01-03 00:00:00+00:00,2023
2024-01-03 01:00:00+00:00,0.0,0.0,2023-01-03 01:00:00+00:00,2023
2024-01-03 02:00:00+00:00,0.0,0.0,2023-01-03 02:00:00+00:00,2023
2024-01-03 03:00:00+00:00,0.0,0.0,2023-01-03 03:00:00+00:00,2023
2024-01-03 04:00:00+00:00,0.0,0.0,2023-01-03 04:00:00+00:00,2023
2024-01-03 05:00:00+00:00,0.0,0.0,2023-01-03 05:00:00+00:00,2023
2024-01-03 06:00:00+00:00,0.0,0.0,2023-01-03 06:00:00+00:00,2023
2024-01-03 07:00:00+00:00,0.0,0.0,2023-01-03 07:00:00+00:00,2023
2024-01-03 08:00:00+00:00,0.0,0.0,2023-01-03 08:00:00+00:00,2023
2024-01-03 09:00:00+00:00,0.0,0.0,2023-01-03 09:00:00+00:00,2023
2024-01-03 10:00:00+00:00,21.0,6.57,2023-01-03 10:00:00+00:00,2023
2024-01-03 11:00:00+00:00,43.0,10.5,2023-01-03 11:00:00+00:00,2023
2024-01-03 12:00:00+00:00,86.0,12.48,2023-01-03 12:00:00+00:00,2023
2024-01-03 13:00:00+00:00,59.0,12.34,2023-01-03 13:00:00+00:00,2023
2024-01-03 14:00:00+00:00,68.0,10.09,2023-01-03 14:00:00+00:00,2023
2024-01-03 15:00:00+00:00,35.0,5.93,2023-01-03 15:00:00+00:00,2023
2024-01-03 16:00:00+00:00,0.0,0.0,2023-01-03 16:00:00+00:00,2023
2024-01-03 17:00:00+00:00,0.0,0.0,2023-01-03 17:00:00+00:00,2023
2024-01-03 18:00:00+00:00,0.0,0.0,2023-01-03 18:00:00+00:00,2023
2024-01-03 19:00:00+00:00,0.0,0.0,2023-01-03 19:00:00+00:00,2023
2024-01-03 20:00:00+00:00,0.0,0.0,2023-01-03 20:00:00+00:00,2023
2024-01-03 21:00:00+00:00,0.0,0.0,2023-01-03 21:00:00+00:00,2023
2024-01-03 22:00:00+00:00,0.0,0.0,2023-01-03 22:00:00+00:00,2023
2024-01-03 23:00:00+00:00,0.0,0.0,2023-01-03 23:00:00+00:00,2023
2024-01-04 00:00:00+00:00,0.0,0.0,2023-01-04 00:00:00+00:00,2023
2024-01-04 01:00:00+00:00,0.0,0.0,2023-01-04 01:00:00+00:00,2023
2024-01-04 02:00:00+00:00,0.0,0.0,2023-01-04 02:00:00+00:00,2023
2024-01-04 03:00:00+00:00,0.0,0.0,2023-01-04 03:00:00+00:00,2023
2024-01-04 04:00:00+00:00,0.0,0.0,2023-01-04 04:00:00+00:00,2023
2024-01-04 05:00:00+00:00,0.0,0.0,2023-01-04 05:00:00+00:00,2023
2024-01-04 06:00:00+00:00,0.0,0.0,2023-01-04 06:00:00+00:00,2023
2024-01-04 07:00:00+00:00,0.0,0.0,2023-01-04 07:00:00+00:00,2023
2024-01-04 08:00:00+00:00,0.0,0.0,2023-01-04 08:00:00+00:00,2023
2024-01-04 09:00:00+00:00,0.0,0.0,2023-01-04 09:00:00+00:00,2023
2024-01-04 10:00:00+00:00,7.0,6.63,2023-01-04 10:00:00+00:00,2023
2024-01-04 11:00:00+00:00,70.0,10.58,2023-01-04 11:00:00+00:00,2023
2024-01-04 12:00:00+00:00,72.0,12.57,2023-01-04 12:00:00+00:00,2023
2024-01-04 13:00:00+00:00,95.0,12.45,2023-01-04 13:00:00+00:00,2023
2024-01-04 14:00:00+00:00,77.0,10.21,2023-01-04 14:00:00+00:00,2023
2024-01-04 15:00:00+00:00,12.0,6.06,2023-01-04 15:00:00+00:00,2023
2024-01-04 16:00:00+00:00,0.0,0.0,2023-01-04 16:00:00+00:00,2023
2024-01-04 17:00:00+00:00,0.0,0.0,2023-01-04 17:00:00+00:00,2023
2024-01-04 18:00:00+00:00,0.0,0.0,2023-01-04 18:00:00+00:00,2023
2024-01-04 19:00:00+00:00,0.0,0.0,2023-01-04 19:00:00+00:00,2023
2024-01-04 20:00:00+00:00,0.0,0.0,2023-01-04 20:00:00+00:00,2023
2024-01-04 21:00:00+00:00,0.0,0.0,2023-01-04 21:00:00+00:00,2023
2024-01-04 22:00:00+00:00,0.0,0.0,2023-01-04 22:00:00+00:00,2023
2024-01-04 23:00:00+00:00,0.0,0.0,2023-01-04 23:00:00+00:00,2023
2024-01-05 00:00:00+00:00,0.0,0.0,2023-01-05 00:00:00+00:00,2023
2024-01-05 01:00:00+00:00,0.0,0.0,2023-01-05 01:00:00+00:00,2023
2024-01-05 02:00:00+00:00,0.0,0.0,2023-01-05 02:00:00+00:00,2023
2024-01-05 03:00:00+00:00,0.0,0.0,2023-01-05 03:00:00+00:00,2023
2024-01-05 04:00:00+00:00,0.0,0.0,2023-01-05 04:00:00+00:00,2023
2024-01-05 05:00:00+00:00,0.0,0.0,2023-01-05 05:00:00+00:00,2023
2024-01-05 06:00:00+00:00,0.0,0.0,2023-01-05 06:00:00+00:00,2023
2024-01-05 07:00:00+00:00,0.0,0.0,2023-01-05 07:00:00+00:00,2023
2024-01-05 08:00:00+00:00,0.0,0.0,2023-01-05 08:00:00+00:00,2023
2024-01-05 09:00:00+00:00,0.0,0.0,2023-01-05 09:00:00+00:00,2023
2024-01-05 10:00:00+00:00,32.0,6.7,2023-01-05 10:00:00+00:00,2023
2024-01-05 11:00:00+00:00,40.0,10.66,2023-01-05 11:00:00+00:00,2023
2024-01-05 12:00:00+00:00,59.0,12.68,2023-01-05 12:00:00+00:00,2023
2024-01-05 13:00:00+00:00,54.0,12.57,2023-01-05 13:00:00+00:00,2023
2024-01-05 14:00:00+00:00,75.0,10.34,2023-01-05 14:00:00+00:00,2023
2024-01-05 15:00:00+00:00,28.0,6.19,2023-01-05 15:00:00+00:00,2023
2024-01-05 16:00:00+00:00,0.0,0.0,2023-01-05 16:00:00+00:00,2023
2024-01-05 17:00:00+00:00,0.0,0.0,2023-01-05 17:00:00+00:00,2023
2024-01-05 18:00:00+00:00,0.0,0.0,2023-01-05 18:00:00+00:00,2023
2024-01-05 19:00:00+00:00,0.0,0.0,2023-01-05 19:00:00+00:00,2023
2024-01-05 20:00:00+00:00,0.0,0.0,2023-01-05 20:00:00+00:00,2023
2024-01-05 21:00:00+00:00,0.0,0.0,2023-01-05 21:00:00+00:00,2023
2024-01-05 22:00:00+00:00,0.0,0.0,2023-01-05 22:00:00+00:00,2023
2024-01-05 23:00:00+00:00,0.0,0.0,2023-01-05 23:00:00+00:00,2023
2024-01-06 00:00:00+00:00,0.0,0.0,2023-01-06 00:00:00+00:00,2023
2024-01-06 01:00:00+00:00,0.0,0.0,2023-01-06 01:00:00+00:00,2023
2024-01-06 02:00:00+00:00,0.0,0.0,2023-01-06 02:00:00+00:00,2023
2024-01-06 03:00:00+00:00,0.0,0.0,2023-01-06 03:00:00+00:00,2023
2024-01-06 04:00:00+00:00,0.0,0.0,2023-01-06 04:00:00+00:00,2023
2024-01-06 05:00:00+00:00,0.0,0.0,2023-01-06 05:00:00+00:00,2023
2024-01-06 06:00:00+00:00,0.0,0.0,2023-01-06 06:00:00+00:00,2023
2024-01-06 07:00:00+00:00,0.0,0.0,2023-01-06 07:00:00+00:00,2023
2024-01-06 08:00:00+00:00,0.0,0.0,2023-01-06 08:00:00+00:00,2023
2024-01-06 09:00:00+00:00,0.0,0.0,2023-01-06 09:00:00+00:00,2023
2024-01-06 10:00:00+00:00,67.0,6.78,2023-01-06 10:00:00+00:00,2023
2024-01-06 11:00:00+00:00,53.0,10.75,2023-01-06 11:00:00+00:00,2023
2024-01-06 12:00:00+00:00,29.0,12.78,2023-01-06 12:00:00+00:00,2023
2024-01-06 13:00:00+00:00,96.0,12.69,2023-01-06 13:00:00+00:00,2023
2024-01-06 14:00:00+00:00,51.0,10.48,2023-01-06 14:00:00+00:00,2023
2024-01-06 15:00:00+00:00,34.0,6.34,2023-01-06 15:00:00+00:00,2023
2024-01-06 16:00:00+00:00,0.0,0.0,2023-01-06 16:00:00+00:00,2023
2024-01-06 17:00:00+00:00,0.0,0.0,2023-01-06 17:00:00+00:00,2023
2024-01-06 18:00:00+00:00,0.0,0.0,2023-01-06 18:00:00+00:00,2023
2024-01-06 19:00:00+00:00,0.0,0.0,2023-01-06 19:00:00+00:00,2023
2024-01-06 20:00:00+00:00,0.0,0.0,2023-01-06 20:00:00+00:00,2023
2024-01-06 21:00:00+00:00,0.0,0.0,2023-01-06 21:00:00+00:00,2023
2024-01-06 22:00:00+00:00,0.0,0.0,2023-01-06 22:00:00+00:00,2023
2024-01-06 23:00:00+00:00,0.0,0.0,2023-01-06 23:00:00+00:00,2023
2024-01-07 00:00:00+00:00,0.0,0.0,2023-01-07 00:00:00+00:00,2023
2024-01-07 01:00:00+00:00,0.0,0.0,2023-01-07 01:00:00+00:00,2023
2024-01-07 02:00:00+00:00,0.0,0.0,2023-01-07 02:00:00+00:00,2023
2024-01-07 03:00:00+00:00,0.0,0.0,2023-01-07 03:00:00+00:00,2023
2024-01-07 04:00:00+00:00,0.0,0.0,2023-01-07 04:00:00+00:00,2023
2024-01-07 05:00:00+00:00,0.0,0.0,2023-01-07 05:00:00+00:00,2023
2024-01-07 06:00:00+00:00,0.0,0.0,2023-01-07 06:00:00+00:00,2023
2024-01-07 07:00:00+00:00,0.0,0.0,2023-01-07 07:00:00+00:00,2023
2024-01-07 08:00:00+00:00,0.0,0.0,2023-01-07 08:00:00+00:00,2023
2024-01-07 09:00:00+00:00,0.0,0.0,2023-01-07 09:00:00+00:00,2023
2024-01-07 10:00:00+00:00,80.0,6.86,2023-01-07 10:00:00+00:00,2023
2024-01-07 11:00:00+00:00,160.01,10.85,2023-01-07 11:00:00+00:00,2023
2024-01-07 12:00:00+00:00,159.0,12.9,2023-01-07 12:00:00+00:00,2023
2024-01-07 13:00:00+00:00,152.0,12.82,2023-01-07 13:00:00+00:00,2023
2024-01-07 14:00:00+00:00,58.0,10.62,2023-01-07 14:00:00+00:00,2023
2024-01-07 15:00:00+00:00,47.0,6.49,2023-01-07 15:00:00+00:00,2023
2024-01-07 16:00:00+00:00,0.0,0.0,2023-01-07 16:00:00+00:00,2023
2024-01-07 17:00:00+00:00,0.0,0.0,2023-01-07 17:00:00+00:00,2023
2024-01-07 18:00:00+00:00,0.0,0.0,2023-01-07 18:00:00+00:00,2023
2024-01-07 19:00:00+00:00,0.0,0.0,2023-01-07 19:00:00+00:00,2023
2024-01-07 20:00:00+00:00,0.0,0.0,2023-01-07 20:00:00+00:00,2023
2024-01-07 21:00:00+00:00,0.0,0.0,2023-01-07 21:00:00+00:00,2023
2024-01-07 22:00:00+00:00,0.0,0.0,2023-01-07 22:00:00+00:00,2023
2024-01-07 23:00:00+00:00,0.0,0.0,2023-01-07 23:00:00+00:00,2023
2024-01-08 00:00:00+00:00,0.0,0.0,2023-01-08 00:00:00+00:00,2023
2024-01-08 01:00:00+00:00,0.0,0.0,2023-01-08 01:00:00+00:00,2023
2024-01-08 02:00:00+00:00,0.0,0.0,2023-01-08 02:00:00+00:00,2023
2024-01-08 03:00:00+00:00,0.0,0.0,2023-01-08 03:00:00+00:00,2023
2024-01-08 04:00:00+00:00,0.0,0.0,2023-01-08 04:00:00+00:00,2023
2024-01-08 05:00:00+00:00,0.0,0.0,2023-01-08 05:00:00+00:00,2023
2024-01-08 06:00:00+00:00,0.0,0.0,2023-01-08 06:00:00+00:00,2023
2024-01-08 07:00:00+00:00,0.0,0.0,2023-01-08 07:00:00+00:00,2023
2024-01-08 08:00:00+00:00,0.0,0.0,2023-01-08 08:00:00+00:00,2023
2024-01-08 09:00:00+00:00,0.0,0.0,2023-01-08 09:00:00+00:00,2023
2024-01-08 10:00:00+00:00,49.0,6.95,2023-01-08 10:00:00+00:00,2023
2024-01-08 11:00:00+00:00,43.0,10.96,2023-01-08 11:00:00+00:00,2023
2024-01-08 12:00:00+00:00,77.0,13.02,2023-01-08 12:00:00+00:00,2023
2024-01-08 13:00:00+00:00,20.0,12.96,2023-01-08 13:00:00+00:00,2023
2024-01-08 14:00:00+00:00,82.0,10.77,2023-01-08 14:00:00+00:00,2023
2024-01-08 15:00:00+00:00,25.0,6.64,2023-01-08 15:00:00+00:00,2023
2024-01-08 16:00:00+00:00,0.0,0.0,2023-01-08 16:00:00+00:00,2023
2024-01-08 17:00:00+00:00,0.0,0.0,2023-01-08 17:00:00+00:00,2023
2024-01-08 18:00:00+00:00,0.0,0.0,2023-01-08 18:00:00+00:00,2023
2024-01-08 19:00:00+00:00,0.0,0.0,2023-01-08 19:00:00+00:00,2023
2024-01-08 20:00:00+00:00,0.0,0.0,2023-01-08 20:00:00+00:00,2023
2024-01-08 21:00:00+00:00,0.0,0.0,2023-01-08 21:00:00+00:00,2023
2024-01-08 22:00:00+00:00,0.0,0.0,2023-01-08 22:00:00+00:00,2023
2024-01-08 23:00:00+00:00,0.0,0.0,2023-01-08 23:00:00+00:00,2023
2024-01-09 00:00:00+00:00,0.0,0.0,2023-01-09 00:00:00+00:00,2023
2024-01-09 01:00:00+00:00,0.0,0.0,2023-01-09 01:00:00+00:00,2023
2024-01-09 02:00:00+00:00,0.0,0.0,2023-01-09 02:00:00+00:00,2023
2024-01-09 03:00:00+00:00,0.0,0.0,2023-01-09 03:00:00+00:00,2023
2024-01-09 04:00:00+00:00,0.0,0.0,2023-01-09 04:00:00+00:00,2023
2024-01-09 05:00:00+00:00,0.0,0.0,2023-01-09 05:00:00+00:00,2023
2024-01-09 06:00:00+00:00,0.0,0.0,2023-01-09 06:00:00+00:00,2023
2024-01-09 07:00:00+00:00,0.0,0.0,2023-01-09 07:00:00+00:00,2023
2024-01-09 08:00:00+00:00,0.0,0.0,2023-01-09 08:00:00+00:00,2023
2024-01-09 09:00:00+00:00,0.0,0.0,2023-01-09 09:00:00+00:00,2023
2024-01-09 10:00:00+00:00,77.0,7.04,2023-01-09 10:00:00+00:00,2023
2024-01-09 11:00:00+00:00,56.0,11.07,2023-01-09 11:00:00+00:00,2023
2024-01-09 12:00:00+00:00,38.0,13.16,2023-01-09 12:00:00+00:00,2023
2024-01-09 13:00:00+00:00,99.0,13.1,2023-01-09 13:00:00+00:00,2023
2024-01-09 14:00:00+00:00,149.01,10.92,2023-01-09 14:00:00+00:00,2023
2024-01-09 15:00:00+00:00,33.0,6.81,2023-01-09 15:00:00+00:00,2023
2024-01-09 16:00:00+00:00,0.0,0.0,2023-01-09 16:00:00+00:00,2023
2024-01-09 17:00:00+00:00,0.0,0.0,2023-01-09 17:00:00+00:00,2023
2024-01-09 18:00:00+00:00,0.0,0.0,2023-01-09 18:00:00+00:00,2023
2024-01-09 19:00:00+00:00,0.0,0.0,2023-01-09 19:00:00+00:00,2023
2024-01-09 20:00:00+00:00,0.0,0.0,2023-01-09 20:00:00+00:00,2023
2024-01-09 21:00:00+00:00,0.0,0.0,2023-01-09 21:00:00+00:00,2023
2024-01-09 22:00:00+00:00,0.0,0.0,2023-01-09 22:00:00+00:00,2023
2024-01-09 23:00:00+00:00,0.0,0.0,2023-01-09 23:00:00+00:00,2023
2024-01-10 00:00:00+00:00,0.0,0.0,2023-01-10 00:00:00+00:00,2023
2024-01-10 01:00:00+00:00,0.0,0.0,2023-01-10 01:00:00+00:00,2023
2024-01-10 02:00:00+00:00,0.0,0.0,2023-01-10 02:00:00+00:00,2023
2024-01-10 03:00:00+00:00,0.0,0.0,2023-01-10 03:00:00+00:00,2023
2024-01-10 04:00:00+00:00,0.0,0.0,2023-01-10 04:00:00+00:00,2023
2024-01-10 05:00:00+00:00,0.0,0.0,2023-01-10 05:00:00+00:00,2023
2024-01-10 06:00:00+00:00,0.0,0.0,2023-01-10 06:00:00+00:00,2023
2024-01-10 07:00:00+00:00,0.0,0.0,2023-01-10 07:00:00+00:00,2023
2024-01-10 08:00:00+00:00,0.0,0.0,2023-01-10 08:00:00+00:00,2023
2024-01-10 09:00:00+00:00,0.0,0.0,2023-01-10 09:00:00+00:00,2023
2024-01-10 10:00:00+00:00,23.0,7.14,2023-01-10 10:00:00+00:00,2023
2024-01-10 11:00:00+00:00,42.0,11.19,2023-01-10 11:00:00+00:00,2023
2024-01-10 12:00:00+00:00,52.0,13.29,2023-01-10 12:00:00+00:00,2023
2024-01-10 13:00:00+00:00,70.0,13.26,2023-01-10 13:00:00+00:00,2023
2024-01-10 14:00:00+00:00,41.0,11.09,2023-01-10 14:00:00+00:00,2023
2024-01-10 15:00:00+00:00,14.0,6.97,2023-01-10 15:00:00+00:00,2023
2024-01-10 16:00:00+00:00,0.0,0.0,2023-01-10 16:00:00+00:00,2023
2024-01-10 17:00:00+00:00,0.0,0.0,2023-01-10 17:00:00+00:00,2023
2024-01-10 18:00:00+00:00,0.0,0.0,2023-01-10 18:00:00+00:00,2023
2024-01-10 19:00:00+00:00,0.0,0.0,2023-01-10 19:00:00+00:00,2023
2024-01-10 20:00:00+00:00,0.0,0.0,2023-01-10 20:00:00+00:00,2023
2024-01-10 21:00:00+00:00,0.0,0.0,2023-01-10 21:00:00+00:00,2023
2024-01-10 22:00:00+00:00,0.0,0.0,2023-01-10 22:00:00+00:00,2023
2024-01-10 23:00:00+00:00,0.0,0.0,2023-01-10 23:00:00+00:00,2023
2024-01-11 00:00:00+00:00,0.0,0.0,2023-01-11 00:00:00+00:00,2023
2024-01-11 01:00:00+00:00,0.0,0.0,2023-01-11 01:00:00+00:00,2023
2024-01-11 02:00:00+00:00,0.0,0.0,2023-01-11 02:00:00+00:00,2023
2024-01-11 03:00:00+00:00,0.0,0.0,2023-01-11 03:00:00+00:00,2023
2024-01-11 04:00:00+00:00,0.0,0.0,2023-01-11 04:00:00+00:00,2023
2024-01-11 05:00:00+00:00,0.0,0.0,2023-01-11 05:00:00+00:00,2023
2024-01-11 06:00:00+00:00,0.0,0.0,2023-01-11 06:00:00+00:00,2023
2024-01-11 07:00:00+00:00,0.0,0.0,2023-01-11 07:00:00+00:00,2023
2024-01-11 08:00:00+00:00,0.0,0.0,2023-01-11 08:00:00+00:00,2023
2024-01-11 09:00:00+00:00,2.0,1.55,2023-01-11 09:00:00+00:00,2023
2024-01-11 10:00:00+00:00,75.0,7.26,2023-01-11 10:00:00+00:00,2023
2024-01-11 11:00:00+00:00,97.0,11.32,2023-01-11 11:00:00+00:00,2023
2024-01-11 12:00:00+00:00,106.0,13.44,2023-01-11 12:00:00+00:00,2023
2024-01-11 13:00:00+00:00,178.01,13.42,2023-01-11 13:00:00+00:00,2023
2024-01-11 14:00:00+00:00,110.0,11.26,2023-01-11 14:00:00+00:00,2023
2024-01-11 15:00:00+00:00,64.0,7.15,2023-01-11 15:00:00+00:00,2023
2024-01-11 16:00:00+00:00,0.0,0.0,2023-01-11 16:00:00+00:00,2023
2024-01-11 17:00:00+00:00,0.0,0.0,2023-01-11 17:00:00+00:00,2023
2024-01-11 18:00:00+00:00,0.0,0.0,2023-01-11 18:00:00+00:00,2023
2024-01-11 19:00:00+00:00,0.0,0.0,2023-01-11 19:00:00+00:00,2023
2024-01-11 20:00:00+00:00,0.0,0.0,2023-01-11 20:00:00+00:00,2023
2024-01-11 21:00:00+00:00,0.0,0.0,2023-01-11 21:00:00+00:00,2023
2024-01-11 22:00:00+00:00,0.0,0.0,2023-01-11 22:00:00+00:00,2023
2024-01-11 23:00:00+00:00,0.0,0.0,2023-01-11 23:00:00+00:00,2023
2024-01-12 00:00:00+00:00,0.0,0.0,2023-01-12 00:00:00+00:00,2023
2024-01-12 01:00:00+00:00,0.0,0.0,2023-01-12 01:00:00+00:00,2023
2024-01-12 02:00:00+00:00,0.0,0.0,2023-01-12 02:00:00+00:00,2023
2024-01-12 03:00:00+00:00,0.0,0.0,2023-01-12 03:00:00+00:00,2023
2024-01-12 04:00:00+00:00,0.0,0.0,2023-01-12 04:00:00+00:00,2023
2024-01-12 05:00:00+00:00,0.0,0.0,2023-01-12 05:00:00+00:00,2023
2024-01-12 06:00:00+00:00,0.0,0.0,2023-01-12 06:00:00+00:00,2023
2024-01-12 07:00:00+00:00,0.0,0.0,2023-01-12 07:00:00+00:00,2023
2024-01-12 08:00:00+00:00,0.0,0.0,2023-01-12 08:00:00+00:00,2023
2024-01-12 09:00:00+00:00,2.0,1.65,2023-01-12 09:00:00+00:00,2023
2024-01-12 10:00:00+00:00,71.0,7.37,2023-01-12 10:00:00+00:00,2023
2024-01-12 11:00:00+00:00,22.0,11.46,2023-01-12 11:00:00+00:00,2023
2024-01-12 12:00:00+00:00,81.0,13.59,2023-01-12 12:00:00+00:00,2023
2024-01-12 13:00:00+00:00,63.0,13.58,2023-01-12 13:00:00+00:00,2023
2024-01-12 14:00:00+00:00,97.0,11.43,2023-01-12 14:00:00+00:00,2023
2024-01-12 15:00:00+00:00,70.0,7.33,2023-01-12 15:00:00+00:00,2023
2024-01-12 16:00:00+00:00,1.0,1.59,2023-01-12 16:00:00+00:00,2023
2024-01-12 17:00:00+00:00,0.0,0.0,2023-01-12 17:00:00+00:00,2023
2024-01-12 18:00:00+00:00,0.0,0.0,2023-01-12 18:00:00+00:00,2023
2024-01-12 19:00:00+00:00,0.0,0.0,2023-01-12 19:00:00+00:00,2023
2024-01-12 20:00:00+00:00,0.0,0.0,2023-01-12 20:00:00+00:00,2023
2024-01-12 21:00:00+00:00,0.0,0.0,2023-01-12 21:00:00+00:00,2023
2024-01-12 22:00:00+00:00,0.0,0.0,2023-01-12 22:00:00+00:00,2023
2024-01-12 23:00:00+00:00,0.0,0.0,2023-01-12 23:00:00+00:00,2023
2024-01-13 00:00:00+00:00,0.0,0.0,2023-01-13 00:00:00+00:00,2023
2024-01-13 01:00:00+00:00,0.0,0.0,2023-01-13 01:00:00+00:00,2023
2024-01-13 02:00:00+00:00,0.0,0.0,2023-01-13 02:00:00+00:00,2023
2024-01-13 03:00:00+00:00,0.0,0.0,2023-01-13 03:00:00+00:00,2023
2024-01-13 04:00:00+00:00,0.0,0.0,2023-01-13 04:00:00+00:00,2023
2024-01-13 05:00:00+00:00,0.0,0.0,2023-01-13 05:00:00+00:00,2023
2024-01-13 06:00:00+00:00,0.0,0.0,2023-01-13 06:00:00+00:00,2023
2024-01-13 07:00:00+00:00,0.0,0.0,2023-01-13 07:00:00+00:00,2023
2024-01-13 08:00:00+00:00,0.0,0.0,2023-01-13 08:00:00+00:00,2023
2024-01-13 09:00:00+00:00,2.0,1.76,2023-01-13 09:00:00+00:00,2023
2024-01-13 10:00:00+00:00,96.00999999999999,7.5,2023-01-13 10:00:00+00:00,2023
2024-01-13 11:00:00+00:00,161.01,11.6,2023-01-13 11:00:00+00:00,2023
2024-01-13 12:00:00+00:00,174.01,13.75,2023-01-13 12:00:00+00:00,2023
2024-01-13 13:00:00+00:00,203.01,13.75,2023-01-13 13:00:00+00:00,2023
2024-01-13 14:00:00+00:00,170.01,11.61,2023-01-13 14:00:00+00:00,2023
2024-01-13 15:00:00+00:00,49.0,7.52,2023-01-13 15:00:00+00:00,2023
2024-01-13 16:00:00+00:00,1.0,1.78,2023-01-13 16:00:00+00:00,2023
2024-01-13 17:00:00+00:00,0.0,0.0,2023-01-13 17:00:00+00:00,2023
2024-01-13 18:00:00+00:00,0.0,0.0,2023-01-13 18:00:00+00:00,2023
2024-01-13 19:00:00+00:00,0.0,0.0,2023-01-13 19:00:00+00:00,2023
2024-01-13 20:00:00+00:00,0.0,0.0,2023-01-13 20:00:00+00:00,2023
2024-01-13 21:00:00+00:00,0.0,0.0,2023-01-13 21:00:00+00:00,2023
2024-01-13 22:00:00+00:00,0.0,0.0,2023-01-13 22:00:00+00:00,2023
2024-01-13 23:00:00+00:00,0.0,0.0,2023-01-13 23:00:00+00:00,2023
2024-01-14 00:00:00+00:00,0.0,0.0,2023-01-14 00:00:00+00:00,2023
2024-01-14 01:00:00+00:00,0.0,0.0,2023-01-14 01:00:00+00:00,2023
2024-01-14 02:00:00+00:00,0.0,0.0,2023-01-14 02:00:00+00:00,2023
2024-01-14 03:00:00+00:00,0.0,0.0,2023-01-14 03:00:00+00:00,2023
2024-01-14 04:00:00+00:00,0.0,0.0,2023-01-14 04:00:00+00:00,2023
2024-01-14 05:00:00+00:00,0.0,0.0,2023-01-14 05:00:00+00:00,2023
2024-01-14 06:00:00+00:00,0.0,0.0,2023-01-14 06:00:00+00:00,2023
2024-01-14 07:00:00+00:00,0.0,0.0,2023-01-14 07:00:00+00:00,2023
2024-01-14 08:00:00+00:00,0.0,0.0,2023-01-14 08:00:00+00:00,2023
2024-01-14 09:00:00+00:00,1.0,1.87,2023-01-14 09:00:00+00:00,2023
2024-01-14 10:00:00+00:00,8.0,7.63,2023-01-14 10:00:00+00:00,2023
2024-01-14 11:00:00+00:00,88.0,11.75,2023-01-14 11:00:00+00:00,2023
2024-01-14 12:00:00+00:00,55.0,13.92,2023-01-14 12:00:00+00:00,2023
2024-01-14 13:00:00+00:00,18.0,13.93,2023-01-14 13:00:00+00:00,2023
2024-01-14 14:00:00+00:00,15.0,11.8,2023-01-14 14:00:00+00:00,2023
2024-01-14 15:00:00+00:00,9.0,7.71,2023-01-14 15:00:00+00:00,2023
2024-01-14 16:00:00+00:00,1.0,1.98,2023-01-14 16:00:00+00:00,2023
2024-01-14 17:00:00+00:00,0.0,0.0,2023-01-14 17:00:00+00:00,2023
2024-01-14 18:00:00+00:00,0.0,0.0,2023-01-14 18:00:00+00:00,2023
2024-01-14 19:00:00+00:00,0.0,0.0,2023-01-14 19:00:00+00:00,2023
2024-01-14 20:00:00+00:00,0.0,0.0,2023-01-14 20:00:00+00:00,2023
2024-01-14 21:00:00+00:00,0.0,0.0,2023-01-14 21:00:00+00:00,2023
2024-01-14 22:00:00+00:00,0.0,0.0,2023-01-14 22:00:00+00:00,2023
2024-01-14 23:00:00+00:00,0.0,0.0,2023-01-14 23:00:00+00:00,2023
2024-01-15 00:00:00+00:00,0.0,0.0,2023-01-15 00:00:00+00:00,2023
2024-01-15 01:00:00+00:00,0.0,0.0,2023-01-15 01:00:00+00:00,2023
2024-01-15 02:00:00+00:00,0.0,0.0,2023-01-15 02:00:00+00:00,2023
2024-01-15 03:00:00+00:00,0.0,0.0,2023-01-15 03:00:00+00:00,2023
2024-01-15 04:00:00+00:00,0.0,0.0,2023-01-15 04:00:00+00:00,2023
2024-01-15 05:00:00+00:00,0.0,0.0,2023-01-15 05:00:00+00:00,2023
2024-01-15 06:00:00+00:00,0.0,0.0,2023-01-15 06:00:00+00:00,2023
2024-01-15 07:00:00+00:00,0.0,0.0,2023-01-15 07:00:00+00:00,2023
2024-01-15 08:00:00+00:00,0.0,0.0,2023-01-15 08:00:00+00:00,2023
2024-01-15 09:00:00+00:00,1.0,1.99,2023-01-15 09:00:00+00:00,2023
2024-01-15 10:00:00+00:00,9.0,7.77,2023-01-15 10:00:00+00:00,2023
2024-01-15 11:00:00+00:00,21.0,11.91,2023-01-15 11:00:00+00:00,2023
2024-01-15 12:00:00+00:00,20.0,14.09,2023-01-15 12:00:00+00:00,2023
2024-01-15 13:00:00+00:00,45.0,14.12,2023-01-15 13:00:00+00:00,2023
2024-01-15 14:00:00+00:00,118.0,12.0,2023-01-15 14:00:00+00:00,2023
2024-01-15 15:00:00+00:00,52.0,7.91,2023-01-15 15:00:00+00:00,2023
2024-01-15 16:00:00+00:00,3.0,2.17,2023-01-15 16:00:00+00:00,2023
2024-01-15 17:00:00+00:00,0.0,0.0,2023-01-15 17:00:00+00:00,2023
2024-01-15 18:00:00+00:00,0.0,0.0,2023-01-15 18:00:00+00:00,2023
2024-01-15 19:00:00+00:00,0.0,0.0,2023-01-15 19:00:00+00:00,2023
2024-01-15 20:00:00+00:00,0.0,0.0,2023-01-15 20:00:00+00:00,2023
2024-01-15 21:00:00+00:00,0.0,0.0,2023-01-15 21:00:00+00:00,2023
2024-01-15 22:00:00+00:00,0.0,0.0,2023-01-15 22:00:00+00:00,2023
2024-01-15 23:00:00+00:00,0.0,0.0,2023-01-15 23:00:00+00:00,2023
2024-01-16 00:00:00+00:00,0.0,0.0,2023-01-16 00:00:00+00:00,2023
2024-01-16 01:00:00+00:00,0.0,0.0,2023-01-16 01:00:00+00:00,2023
2024-01-16 02:00:00+00:00,0.0,0.0,2023-01-16 02:00:00+00:00,2023
2024-01-16 03:00:00+00:00,0.0,0.0,2023-01-16 03:00:00+00:00,2023
2024-01-16 04:00:00+00:00,0.0,0.0,2023-01-16 04:00:00+00:00,2023
2024-01-16 05:00:00+00:00,0.0,0.0,2023-01-16 05:00:00+00:00,2023
2024-01-16 06:00:00+00:00,0.0,0.0,2023-01-16 06:00:00+00:00,2023
2024-01-16 07:00:00+00:00,0.0,0.0,2023-01-16 07:00:00+00:00,2023
2024-01-16 08:00:00+00:00,0.0,0.0,2023-01-16 08:00:00+00:00,2023
2024-01-16 09:00:00+00:00,3.0,2.12,2023-01-16 09:00:00+00:00,2023
2024-01-16 10:00:00+00:00,76.0,7.91,2023-01-16 10:00:00+00:00,2023
2024-01-16 11:00:00+00:00,148.0,12.07,2023-01-16 11:00:00+00:00,2023
2024-01-16 12:00:00+00:00,169.0,14.27,2023-01-16 12:00:00+00:00,2023
2024-01-16 13:00:00+00:00,171.0,14.31,2023-01-16 13:00:00+00:00,2023
2024-01-16 14:00:00+00:00,140.0,12.2,2023-01-16 14:00:00+00:00,2023
2024-01-16 15:00:00+00:00,17.0,8.11,2023-01-16 15:00:00+00:00,2023
2024-01-16 16:00:00+00:00,5.0,2.38,2023-01-16 16:00:00+00:00,2023
2024-01-16 17:00:00+00:00,0.0,0.0,2023-01-16 17:00:00+00:00,2023
2024-01-16 18:00:00+00:00,0.0,0.0,2023-01-16 18:00:00+00:00,2023
2024-01-16 19:00:00+00:00,0.0,0.0,2023-01-16 19:00:00+00:00,2023
2024-01-16 20:00:00+00:00,0.0,0.0,2023-01-16 20:00:00+00:00,2023
2024-01-16 21:00:00+00:00,0.0,0.0,2023-01-16 21:00:00+00:00,2023
2024-01-16 22:00:00+00:00,0.0,0.0,2023-01-16 22:00:00+00:00,2023
2024-01-16 23:00:00+00:00,0.0,0.0,2023-01-16 23:00:00+00:00,2023
2024-01-17 00:00:00+00:00,0.0,0.0,2023-01-17 00:00:00+00:00,2023
2024-01-17 01:00:00+00:00,0.0,0.0,2023-01-17 01:00:00+00:00,2023
2024-01-17 02:00:00+00:00,0.0,0.0,2023-01-17 02:00:00+00:00,2023
2024-01-17 03:00:00+00:00,0.0,0.0,2023-01-17 03:00:00+00:00,2023
2024-01-17 04:00:00+00:00,0.0,0.0,2023-01-17 04:00:00+00:00,2023
2024-01-17 05:00:00+00:00,0.0,0.0,2023-01-17 05:00:00+00:00,2023
2024-01-17 06:00:00+00:00,0.0,0.0,2023-01-17 06:00:00+00:00,2023
2024-01-17 07:00:00+00:00,0.0,0.0,2023-01-17 07:00:00+00:00,2023
2024-01-17 08:00:00+00:00,0.0,0.0,2023-01-17 08:00:00+00:00,2023
2024-01-17 09:00:00+00:00,2.0,2.26,2023-01-17 09:00:00+00:00,2023
2024-01-17 10:00:00+00:00,19.0,8.07,2023-01-17 10:00:00+00:00,2023
2024-01-17 11:00:00+00:00,58.0,12.24,2023-01-17 11:00:00+00:00,2023
2024-01-17 12:00:00+00:00,19.0,14.46,2023-01-17 12:00:00+00:00,2023
2024-01-17 13:00:00+00:00,23.0,14.51,2023-01-17 13:00:00+00:00,2023
2024-01-17 14:00:00+00:00,16.0,12.4,2023-01-17 14:00:00+00:00,2023
2024-01-17 15:00:00+00:00,57.0,8.32,2023-01-17 15:00:00+00:00,2023
2024-01-17 16:00:00+00:00,2.0,2.59,2023-01-17 16:00:00+00:00,2023
2024-01-17 17:00:00+00:00,0.0,0.0,2023-01-17 17:00:00+00:00,2023
2024-01-17 18:00:00+00:00,0.0,0.0,2023-01-17 18:00:00+00:00,2023
2024-01-17 19:00:00+00:00,0.0,0.0,2023-01-17 19:00:00+00:00,2023
2024-01-17 20:00:00+00:00,0.0,0.0,2023-01-17 20:00:00+00:00,2023
2024-01-17 21:00:00+00:00,0.0,0.0,2023-01-17 21:00:00+00:00,2023
2024-01-17 22:00:00+00:00,0.0,0.0,2023-01-17 22:00:00+00:00,2023
2024-01-17 23:00:00+00:00,0.0,0.0,2023-01-17 23:00:00+00:00,2023
2024-01-18 00:00:00+00:00,0.0,0.0,2023-01-18 00:00:00+00:00,2023
2024-01-18 01:00:00+00:00,0.0,0.0,2023-01-18 01:00:00+00:00,2023
2024-01-18 02:00:00+00:00,0.0,0.0,2023-01-18 02:00:00+00:00,2023
2024-01-18 03:00:00+00:00,0.0,0.0,2023-01-18 03:00:00+00:00,2023
2024-01-18 04:00:00+00:00,0.0,0.0,2023-01-18 04:00:00+00:00,2023
2024-01-18 05:00:00+00:00,0.0,0.0,2023-01-18 05:00:00+00:00,2023
2024-01-18 06:00:00+00:00,0.0,0.0,2023-01-18 06:00:00+00:00,2023
2024-01-18 07:00:00+00:00,0.0,0.0,2023-01-18 07:00:00+00:00,2023
2024-01-18 08:00:00+00:00,0.0,0.0,2023-01-18 08:00:00+00:00,2023
2024-01-18 09:00:00+00:00,2.0,2.4,2023-01-18 09:00:00+00:00,2023
2024-01-18 10:00:00+00:00,68.0,8.23,2023-01-18 10:00:00+00:00,2023
2024-01-18 11:00:00+00:00,31.0,12.42,2023-01-18 11:00:00+00:00,2023
2024-01-18 12:00:00+00:00,19.0,14.65,2023-01-18 12:00:00+00:00,2023
2024-01-18 13:00:00+00:00,217.01,14.72,2023-01-18 13:00:00+00:00,2023
2024-01-18 14:00:00+00:00,102.0,12.62,2023-01-18 14:00:00+00:00,2023
2024-01-18 15:00:00+00:00,19.0,8.53,2023-01-18 15:00:00+00:00,2023
2024-01-18 16:00:00+00:00,7.0,2.8,2023-01-18 16:00:00+00:00,2023
2024-01-18 17:00:00+00:00,0.0,0.0,2023-01-18 17:00:00+00:00,2023
2024-01-18 18:00:00+00:00,0.0,0.0,2023-01-18 18:00:00+00:00,2023
2024-01-18 19:00:00+00:00,0.0,0.0,2023-01-18 19:00:00+00:00,2023
2024-01-18 20:00:00+00:00,0.0,0.0,2023-01-18 20:00:00+00:00,2023
2024-01-18 21:00:00+00:00,0.0,0.0,2023-01-18 21:00:00+00:00,2023
2024-01-18 22:00:00+00:00,0.0,0.0,2023-01-18 22:00:00+00:00,2023
2024-01-18 23:00:00+00:00,0.0,0.0,2023-01-18 23:00:00+00:00,2023
2024-01-19 00:00:00+00:00,0.0,0.0,2023-01-19 00:00:00+00:00,2023
2024-01-19 01:00:00+00:00,0.0,0.0,2023-01-19 01:00:00+00:00,2023
2024-01-19 02:00:00+00:00,0.0,0.0,2023-01-19 02:00:00+00:00,2023
2024-01-19 03:00:00+00:00,0.0,0.0,2023-01-19 03:00:00+00:00,2023
2024-01-19 04:00:00+00:00,0.0,0.0,2023-01-19 04:00:00+00:00,2023
2024-01-19 05:00:00+00:00,0.0,0.0,2023-01-19 05:00:00+00:00,2023
2024-01-19 06:00:00+00:00,0.0,0.0,2023-01-19 06:00:00+00:00,2023
2024-01-19 07:00:00+00:00,0.0,0.0,2023-01-19 07:00:00+00:00,2023
2024-01-19 08:00:00+00:00,0.0,0.0,2023-01-19 08:00:00+00:00,2023
2024-01-19 09:00:00+00:00,6.0,2.55,2023-01-19 09:00:00+00:00,2023
2024-01-19 10:00:00+00:00,92.0,8.39,2023-01-19 10:00:00+00:00,2023
2024-01-19 11:00:00+00:00,149.0,12.6,2023-01-19 11:00:00+00:00,2023
2024-01-19 12:00:00+00:00,206.01,14.85,2023-01-19 12:00:00+00:00,2023
2024-01-19 13:00:00+00:00,50.0,14.93,2023-01-19 13:00:00+00:00,2023
2024-01-19 14:00:00+00:00,117.0,12.83,2023-01-19 14:00:00+00:00,2023
2024-01-19 15:00:00+00:00,96.0,8.75,2023-01-19 15:00:00+00:00,2023
2024-01-19 16:00:00+00:00,10.0,3.02,2023-01-19 16:00:00+00:00,2023
2024-01-19 17:00:00+00:00,0.0,0.0,2023-01-19 17:00:00+00:00,2023
2024-01-19 18:00:00+00:00,0.0,0.0,2023-01-19 18:00:00+00:00,2023
2024-01-19 19:00:00+00:00,0.0,0.0,2023-01-19 19:00:00+00:00,2023
2024-01-19 20:00:00+00:00,0.0,0.0,2023-01-19 20:00:00+00:00,2023
2024-01-19 21:00:00+00:00,0.0,0.0,2023-01-19 21:00:00+00:00,2023
2024-01-19 22:00:00+00:00,0.0,0.0,2023-01-19 22:00:00+00:00,2023
2024-01-19 23:00:00+00:00,0.0,0.0,2023-01-19 23:00:00+00:00,2023
2024-01-20 00:00:00+00:00,0.0,0.0,2023-01-20 00:00:00+00:00,2023
2024-01-20 01:00:00+00:00,0.0,0.0,2023-01-20 01:00:00+00:00,2023
2024-01-20 02:00:00+00:00,0.0,0.0,2023-01-20 02:00:00+00:00,2023
2024-01-20 03:00:00+00:00,0.0,0.0,2023-01-20 03:00:00+00:00,2023
2024-01-20 04:00:00+00:00,0.0,0.0,2023-01-20 04:00:00+00:00,2023
2024-01-20 05:00:00+00:00,0.0,0.0,2023-01-20 05:00:00+00:00,2023
2024-01-20 06:00:00+00:00,0.0,0.0,2023-01-20 06:00:00+00:00,2023
2024-01-20 07:00:00+00:00,0.0,0.0,2023-01-20 07:00:00+00:00,2023
2024-01-20 08:00:00+00:00,0.0,0.0,2023-01-20 08:00:00+00:00,2023
2024-01-20 09:00:00+00:00,8.0,2.7,2023-01-20 09:00:00+00:00,2023
2024-01-20 10:00:00+00:00,95.0,8.56,2023-01-20 10:00:00+00:00,2023
2024-01-20 11:00:00+00:00,132.0,12.79,2023-01-20 11:00:00+00:00,2023
2024-01-20 12:00:00+00:00,220.01,15.06,2023-01-20 12:00:00+00:00,2023
2024-01-20 13:00:00+00:00,221.01,15.15,2023-01-20 13:00:00+00:00,2023
2024-01-20 14:00:00+00:00,189.01,13.06,2023-01-20 14:00:00+00:00,2023
2024-01-20 15:00:00+00:00,117.01,8.98,2023-01-20 15:00:00+00:00,2023
2024-01-20 16:00:00+00:00,13.0,3.24,2023-01-20 16:00:00+00:00,2023
2024-01-20 17:00:00+00:00,0.0,0.0,2023-01-20 17:00:00+00:00,2023
2024-01-20 18:00:00+00:00,0.0,0.0,2023-01-20 18:00:00+00:00,2023
2024-01-20 19:00:00+00:00,0.0,0.0,2023-01-20 19:00:00+00:00,2023
2024-01-20 20:00:00+00:00,0.0,0.0,2023-01-20 20:00:00+00:00,2023
2024-01-20 21:00:00+00:00,0.0,0.0,2023-01-20 21:00:00+00:00,2023
2024-01-20 22:00:00+00:00,0.0,0.0,2023-01-20 22:00:00+00:00,2023
2024-01-20 23:00:00+00:00,0.0,0.0,2023-01-20 23:00:00+00:00,2023
2024-01-21 00:00:00+00:00,0.0,0.0,2023-01-21 00:00:00+00:00,2023
2024-01-21 01:00:00+00:00,0.0,0.0,2023-01-21 01:00:00+00:00,2023
2024-01-21 02:00:00+00:00,0.0,0.0,2023-01-21 02:00:00+00:00,2023
2024-01-21 03:00:00+00:00,0.0,0.0,2023-01-21 03:00:00+00:00,2023
2024-01-21 04:00:00+00:00,0.0,0.0,2023-01-21 04:00:00+00:00,2023
2024-01-21 05:00:00+00:00,0.0,0.0,2023-01-21 05:00:00+00:00,2023
2024-01-21 06:00:00+00:00,0.0,0.0,2023-01-21 06:00:00+00:00,2023
2024-01-21 07:00:00+00:00,0.0,0.0,2023-01-21 07:00:00+00:00,2023
2024-01-21 08:00:00+00:00,0.0,0.0,2023-01-21 08:00:00+00:00,2023
2024-01-21 09:00:00+00:00,2.0,2.87,2023-01-21 09:00:00+00:00,2023
2024-01-21 10:00:00+00:00,10.0,8.74,2023-01-21 10:00:00+00:00,2023
2024-01-21 11:00:00+00:00,16.0,12.99,2023-01-21 11:00:00+00:00,2023
2024-01-21 12:00:00+00:00,20.0,15.27,2023-01-21 12:00:00+00:00,2023
2024-01-21 13:00:00+00:00,20.0,15.37,2023-01-21 13:00:00+00:00,2023
2024-01-21 14:00:00+00:00,17.0,13.29,2023-01-21 14:00:00+00:00,2023
2024-01-21 15:00:00+00:00,43.0,9.21,2023-01-21 15:00:00+00:00,2023
2024-01-21 16:00:00+00:00,5.0,3.47,2023-01-21 16:00:00+00:00,2023
2024-01-21 17:00:00+00:00,0.0,0.0,2023-01-21 17:00:00+00:00,2023
2024-01-21 18:00:00+00:00,0.0,0.0,2023-01-21 18:00:00+00:00,2023
2024-01-21 19:00:00+00:00,0.0,0.0,2023-01-21 19:00:00+00:00,2023
2024-01-21 20:00:00+00:00,0.0,0.0,2023-01-21 20:00:00+00:00,2023
2024-01-21 21:00:00+00:00,0.0,0.0,2023-01-21 21:00:00+00:00,2023
2024-01-21 22:00:00+00:00,0.0,0.0,2023-01-21 22:00:00+00:00,2023
2024-01-21 23:00:00+00:00,0.0,0.0,2023-01-21 23:00:00+00:00,2023
2024-01-22 00:00:00+00:00,0.0,0.0,2023-01-22 00:00:00+00:00,2023
2024-01-22 01:00:00+00:00,0.0,0.0,2023-01-22 01:00:00+00:00,2023
2024-01-22 02:00:00+00:00,0.0,0.0,2023-01-22 02:00:00+00:00,2023
2024-01-22 03:00:00+00:00,0.0,0.0,2023-01-22 03:00:00+00:00,2023
2024-01-22 04:00:00+00:00,0.0,0.0,2023-01-22 04:00:00+00:00,2023
2024-01-22 05:00:00+00:00,0.0,0.0,2023-01-22 05:00:00+00:00,2023
2024-01-22 06:00:00+00:00,0.0,0.0,2023-01-22 06:00:00+00:00,2023
2024-01-22 07:00:00+00:00,0.0,0.0,2023-01-22 07:00:00+00:00,2023
2024-01-22 08:00:00+00:00,0.0,0.0,2023-01-22 08:00:00+00:00,2023
2024-01-22 09:00:00+00:00,12.0,3.03,2023-01-22 09:00:00+00:00,2023
2024-01-22 10:00:00+00:00,44.0,8.93,2023-01-22 10:00:00+00:00,2023
2024-01-22 11:00:00+00:00,48.0,13.19,2023-01-22 11:00:00+00:00,2023
2024-01-22 12:00:00+00:00,77.0,15.49,2023-01-22 12:00:00+00:00,2023
2024-01-22 13:00:00+00:00,88.0,15.6,2023-01-22 13:00:00+00:00,2023
2024-01-22 14:00:00+00:00,147.0,13.52,2023-01-22 14:00:00+00:00,2023
2024-01-22 15:00:00+00:00,86.0,9.44,2023-01-22 15:00:00+00:00,2023
2024-01-22 16:00:00+00:00,10.0,3.7,2023-01-22 16:00:00+00:00,2023
2024-01-22 17:00:00+00:00,0.0,0.0,2023-01-22 17:00:00+00:00,2023
2024-01-22 18:00:00+00:00,0.0,0.0,2023-01-22 18:00:00+00:00,2023
2024-01-22 19:00:00+00:00,0.0,0.0,2023-01-22 19:00:00+00:00,2023
2024-01-22 20:00:00+00:00,0.0,0.0,2023-01-22 20:00:00+00:00,2023
2024-01-22 21:00:00+00:00,0.0,0.0,2023-01-22 21:00:00+00:00,2023
2024-01-22 22:00:00+00:00,0.0,0.0,2023-01-22 22:00:00+00:00,2023
2024-01-22 23:00:00+00:00,0.0,0.0,2023-01-22 23:00:00+00:00,2023
2024-01-23 00:00:00+00:00,0.0,0.0,2023-01-23 00:00:00+00:00,2023
2024-01-23 01:00:00+00:00,0.0,0.0,2023-01-23 01:00:00+00:00,2023
2024-01-23 02:00:00+00:00,0.0,0.0,2023-01-23 02:00:00+00:00,2023
2024-01-23 03:00:00+00:00,0.0,0.0,2023-01-23 03:00:00+00:00,2023
2024-01-23 04:00:00+00:00,0.0,0.0,2023-01-23 04:00:00+00:00,2023
2024-01-23 05:00:00+00:00,0.0,0.0,2023-01-23 05:00:00+00:00,2023
2024-01-23 06:00:00+00:00,0.0,0.0,2023-01-23 06:00:00+00:00,2023
2024-01-23 07:00:00+00:00,0.0,0.0,2023-01-23 07:00:00+00:00,2023
2024-01-23 08:00:00+00:00,0.0,0.0,2023-01-23 08:00:00+00:00,2023
2024-01-23 09:00:00+00:00,15.81,3.21,2023-01-23 09:00:00+00:00,2023
2024-01-23 10:00:00+00:00,43.0,9.12,2023-01-23 10:00:00+00:00,2023
2024-01-23 11:00:00+00:00,135.0,13.4,2023-01-23 11:00:00+00:00,2023
2024-01-23 12:00:00+00:00,156.0,15.71,2023-01-23 12:00:00+00:00,2023
2024-01-23 13:00:00+00:00,156.0,15.84,2023-01-23 13:00:00+00:00,2023
2024-01-23 14:00:00+00:00,110.0,13.76,2023-01-23 14:00:00+00:00,2023
2024-01-23 15:00:00+00:00,41.0,9.68,2023-01-23 15:00:00+00:00,2023
2024-01-23 16:00:00+00:00,6.0,3.93,2023-01-23 16:00:00+00:00,2023
2024-01-23 17:00:00+00:00,0.0,0.0,2023-01-23 17:00:00+00:00,2023
2024-01-23 18:00:00+00:00,0.0,0.0,2023-01-23 18:00:00+00:00,2023
2024-01-23 19:00:00+00:00,0.0,0.0,2023-01-23 19:00:00+00:00,2023
2024-01-23 20:00:00+00:00,0.0,0.0,2023-01-23 20:00:00+00:00,2023
2024-01-23 21:00:00+00:00,0.0,0.0,2023-01-23 21:00:00+00:00,2023
2024-01-23 22:00:00+00:00,0.0,0.0,2023-01-23 22:00:00+00:00,2023
2024-01-23 23:00:00+00:00,0.0,0.0,2023-01-23 23:00:00+00:00,2023
2024-01-24 00:00:00+00:00,0.0,0.0,2023-01-24 00:00:00+00:00,2023
2024-01-24 01:00:00+00:00,0.0,0.0,2023-01-24 01:00:00+00:00,2023
2024-01-24 02:00:00+00:00,0.0,0.0,2023-01-24 02:00:00+00:00,2023
2024-01-24 03:00:00+00:00,0.0,0.0,2023-01-24 03:00:00+00:00,2023
2024-01-24 04:00:00+00:00,0.0,0.0,2023-01-24 04:00:00+00:00,2023
2024-01-24 05:00:00+00:00,0.0,0.0,2023-01-24 05:00:00+00:00,2023
2024-01-24 06:00:00+00:00,0.0,0.0,2023-01-24 06:00:00+00:00,2023
2024-01-24 07:00:00+00:00,0.0,0.0,2023-01-24 07:00:00+00:00,2023
2024-01-24 08:00:00+00:00,0.0,0.0,2023-01-24 08:00:00+00:00,2023
2024-01-24 09:00:00+00:00,13.0,3.39,2023-01-24 09:00:00+00:00,2023
2024-01-24 10:00:00+00:00,61.0,9.32,2023-01-24 10:00:00+00:00,2023
2024-01-24 11:00:00+00:00,100.0,13.62,2023-01-24 11:00:00+00:00,2023
2024-01-24 12:00:00+00:00,65.0,15.95,2023-01-24 12:00:00+00:00,2023
2024-01-24 13:00:00+00:00,54.0,16.08,2023-01-24 13:00:00+00:00,2023
2024-01-24 14:00:00+00:00,63.0,14.01,2023-01-24 14:00:00+00:00,2023
2024-01-24 15:00:00+00:00,17.0,9.93,2023-01-24 15:00:00+00:00,2023
2024-01-24 16:00:00+00:00,7.0,4.17,2023-01-24 16:00:00+00:00,2023
2024-01-24 17:00:00+00:00,0.0,0.0,2023-01-24 17:00:00+00:00,2023
2024-01-24 18:00:00+00:00,0.0,0.0,2023-01-24 18:00:00+00:00,2023
2024-01-24 19:00:00+00:00,0.0,0.0,2023-01-24 19:00:00+00:00,2023
2024-01-24 20:00:00+00:00,0.0,0.0,2023-01-24 20:00:00+00:00,2023
2024-01-24 21:00:00+00:00,0.0,0.0,2023-01-24 21:00:00+00:00,2023
2024-01-24 22:00:00+00:00,0.0,0.0,2023-01-24 22:00:00+00:00,2023
2024-01-24 23:00:00+00:00,0.0,0.0,2023-01-24 23:00:00+00:00,2023
2024-01-25 00:00:00+00:00,0.0,0.0,2023-01-25 00:00:00+00:00,2023
2024-01-25 01:00:00+00:00,0.0,0.0,2023-01-25 01:00:00+00:00,2023
2024-01-25 02:00:00+00:00,0.0,0.0,2023-01-25 02:00:00+00:00,2023
2024-01-25 03:00:00+00:00,0.0,0.0,2023-01-25 03:00:00+00:00,2023
2024-01-25 04:00:00+00:00,0.0,0.0,2023-01-25 04:00:00+00:00,2023
2024-01-25 05:00:00+00:00,0.0,0.0,2023-01-25 05:00:00+00:00,2023
2024-01-25 06:00:00+00:00,0.0,0.0,2023-01-25 06:00:00+00:00,2023
2024-01-25 07:00:00+00:00,0.0,0.0,2023-01-25 07:00:00+00:00,2023
2024-01-25 08:00:00+00:00,0.0,0.0,2023-01-25 08:00:00+00:00,2023
2024-01-25 09:00:00+00:00,29.98,3.58,2023-01-25 09:00:00+00:00,2023
2024-01-25 10:00:00+00:00,122.01,9.53,2023-01-25 10:00:00+00:00,2023
2024-01-25 11:00:00+00:00,105.0,13.84,2023-01-25 11:00:00+00:00,2023
2024-01-25 12:00:00+00:00,231.01,16.18,2023-01-25 12:00:00+00:00,2023
2024-01-25 13:00:00+00:00,240.01,16.33,2023-01-25 13:00:00+00:00,2023
2024-01-25 14:00:00+00:00,84.0,14.26,2023-01-25 14:00:00+00:00,2023
2024-01-25 15:00:00+00:00,98.0,10.18,2023-01-25 15:00:00+00:00,2023
2024-01-25 16:00:00+00:00,38.8,4.42,2023-01-25 16:00:00+00:00,2023
2024-01-25 17:00:00+00:00,0.0,0.0,2023-01-25 17:00:00+00:00,2023
2024-01-25 18:00:00+00:00,0.0,0.0,2023-01-25 18:00:00+00:00,2023
2024-01-25 19:00:00+00:00,0.0,0.0,2023-01-25 19:00:00+00:00,2023
2024-01-25 20:00:00+00:00,0.0,0.0,2023-01-25 20:00:00+00:00,2023
2024-01-25 21:00:00+00:00,0.0,0.0,2023-01-25 21:00:00+00:00,2023
2024-01-25 22:00:00+00:00,0.0,0.0,2023-01-25 22:00:00+00:00,2023
2024-01-25 23:00:00+00:00,0.0,0.0,2023-01-25 23:00:00+00:00,2023
2024-01-26 00:00:00+00:00,0.0,0.0,2023-01-26 00:00:00+00:00,2023
2024-01-26 01:00:00+00:00,0.0,0.0,2023-01-26 01:00:00+00:00,2023
2024-01-26 02:00:00+00:00,0.0,0.0,2023-01-26 02:00:00+00:00,2023
2024-01-26 03:00:00+00:00,0.0,0.0,2023-01-26 03:00:00+00:00,2023
2024-01-26 04:00:00+00:00,0.0,0.0,2023-01-26 04:00:00+00:00,2023
2024-01-26 05:00:00+00:00,0.0,0.0,2023-01-26 05:00:00+00:00,2023
2024-01-26 06:00:00+00:00,0.0,0.0,2023-01-26 06:00:00+00:00,2023
2024-01-26 07:00:00+00:00,0.0,0.0,2023-01-26 07:00:00+00:00,2023
2024-01-26 08:00:00+00:00,0.0,0.0,2023-01-26 08:00:00+00:00,2023
2024-01-26 09:00:00+00:00,3.0,3.77,2023-01-26 09:00:00+00:00,2023
2024-01-26 10:00:00+00:00,94.0,9.74,2023-01-26 10:00:00+00:00,2023
2024-01-26 11:00:00+00:00,83.0,14.07,2023-01-26 11:00:00+00:00,2023
2024-01-26 12:00:00+00:00,98.0,16.43,2023-01-26 12:00:00+00:00,2023
2024-01-26 13:00:00+00:00,84.0,16.58,2023-01-26 13:00:00+00:00,2023
2024-01-26 14:00:00+00:00,34.0,14.52,2023-01-26 14:00:00+00:00,2023
2024-01-26 15:00:00+00:00,52.0,10.43,2023-01-26 15:00:00+00:00,2023
2024-01-26 16:00:00+00:00,25.58,4.67,2023-01-26 16:00:00+00:00,2023
2024-01-26 17:00:00+00:00,0.0,0.0,2023-01-26 17:00:00+00:00,2023
2024-01-26 18:00:00+00:00,0.0,0.0,2023-01-26 18:00:00+00:00,2023
2024-01-26 19:00:00+00:00,0.0,0.0,2023-01-26 19:00:00+00:00,2023
2024-01-26 20:00:00+00:00,0.0,0.0,2023-01-26 20:00:00+00:00,2023
2024-01-26 21:00:00+00:00,0.0,0.0,2023-01-26 21:00:00+00:00,2023
2024-01-26 22:00:00+00:00,0.0,0.0,2023-01-26 22:00:00+00:00,2023
2024-01-26 23:00:00+00:00,0.0,0.0,2023-01-26 23:00:00+00:00,2023
2024-01-27 00:00:00+00:00,0.0,0.0,2023-01-27 00:00:00+00:00,2023
2024-01-27 01:00:00+00:00,0.0,0.0,2023-01-27 01:00:00+00:00,2023
2024-01-27 02:00:00+00:00,0.0,0.0,2023-01-27 02:00:00+00:00,2023
2024-01-27 03:00:00+00:00,0.0,0.0,2023-01-27 03:00:00+00:00,2023
2024-01-27 04:00:00+00:00,0.0,0.0,2023-01-27 04:00:00+00:00,2023
2024-01-27 05:00:00+00:00,0.0,0.0,2023-01-27 05:00:00+00:00,2023
2024-01-27 06:00:00+00:00,0.0,0.0,2023-01-27 06:00:00+00:00,2023
2024-01-27 07:00:00+00:00,0.0,0.0,2023-01-27 07:00:00+00:00,2023
2024-01-27 08:00:00+00:00,0.0,0.0,2023-01-27 08:00:00+00:00,2023
2024-01-27 09:00:00+00:00,14.0,3.97,2023-01-27 09:00:00+00:00,2023
2024-01-27 10:00:00+00:00,52.0,9.96,2023-01-27 10:00:00+00:00,2023
2024-01-27 11:00:00+00:00,79.0,14.31,2023-01-27 11:00:00+00:00,2023
2024-01-27 12:00:00+00:00,124.0,16.68,2023-01-27 12:00:00+00:00,2023
2024-01-27 13:00:00+00:00,130.0,16.84,2023-01-27 13:00:00+00:00,2023
2024-01-27 14:00:00+00:00,145.0,14.78,2023-01-27 14:00:00+00:00,2023
2024-01-27 15:00:00+00:00,89.0,10.69,2023-01-27 15:00:00+00:00,2023
2024-01-27 16:00:00+00:00,36.6,4.92,2023-01-27 16:00:00+00:00,2023
2024-01-27 17:00:00+00:00,0.0,0.0,2023-01-27 17:00:00+00:00,2023
2024-01-27 18:00:00+00:00,0.0,0.0,2023-01-27 18:00:00+00:00,2023
2024-01-27 19:00:00+00:00,0.0,0.0,2023-01-27 19:00:00+00:00,2023
2024-01-27 20:00:00+00:00,0.0,0.0,2023-01-27 20:00:00+00:00,2023
2024-01-27 21:00:00+00:00,0.0,0.0,2023-01-27 21:00:00+00:00,2023
2024-01-27 22:00:00+00:00,0.0,0.0,2023-01-27 22:00:00+00:00,2023
2024-01-27 23:00:00+00:00,0.0,0.0,2023-01-27 23:00:00+00:00,2023
2024-01-28 00:00:00+00:00,0.0,0.0,2023-01-28 00:00:00+00:00,2023
2024-01-28 01:00:00+00:00,0.0,0.0,2023-01-28 01:00:00+00:00,2023
2024-01-28 02:00:00+00:00,0.0,0.0,2023-01-28 02:00:00+00:00,2023
2024-01-28 03:00:00+00:00,0.0,0.0,2023-01-28 03:00:00+00:00,2023
2024-01-28 04:00:00+00:00,0.0,0.0,2023-01-28 04:00:00+00:00,2023
2024-01-28 05:00:00+00:00,0.0,0.0,2023-01-28 05:00:00+00:00,2023
2024-01-28 06:00:00+00:00,0.0,0.0,2023-01-28 06:00:00+00:00,2023
2024-01-28 07:00:00+00:00,0.0,0.0,2023-01-28 07:00:00+00:00,2023
2024-01-28 08:00:00+00:00,0.0,0.0,2023-01-28 08:00:00+00:00,2023
2024-01-28 09:00:00+00:00,38.519999999999996,4.18,2023-01-28 09:00:00+00:00,2023
2024-01-28 10:00:00+00:00,107.0,10.18,2023-01-28 10:00:00+00:00,2023
2024-01-28 11:00:00+00:00,153.0,14.55,2023-01-28 11:00:00+00:00,2023
2024-01-28 12:00:00+00:00,130.0,16.93,2023-01-28 12:00:00+00:00,2023
2024-01-28 13:00:00+00:00,92.0,17.1,2023-01-28 13:00:00+00:00,2023
2024-01-28 14:00:00+00:00,110.0,15.04,2023-01-28 14:00:00+00:00,2023
2024-01-28 15:00:00+00:00,108.0,10.95,2023-01-28 15:00:00+00:00,2023
2024-01-28 16:00:00+00:00,42.47,5.17,2023-01-28 16:00:00+00:00,2023
2024-01-28 17:00:00+00:00,0.0,0.0,2023-01-28 17:00:00+00:00,2023
2024-01-28 18:00:00+00:00,0.0,0.0,2023-01-28 18:00:00+00:00,2023
2024-01-28 19:00:00+00:00,0.0,0.0,2023-01-28 19:00:00+00:00,2023
2024-01-28 20:00:00+00:00,0.0,0.0,2023-01-28 20:00:00+00:00,2023
2024-01-28 21:00:00+00:00,0.0,0.0,2023-01-28 21:00:00+00:00,2023
2024-01-28 22:00:00+00:00,0.0,0.0,2023-01-28 22:00:00+00:00,2023
2024-01-28 23:00:00+00:00,0.0,0.0,2023-01-28 23:00:00+00:00,2023
2024-01-29 00:00:00+00:00,0.0,0.0,2023-01-29 00:00:00+00:00,2023
2024-01-29 01:00:00+00:00,0.0,0.0,2023-01-29 01:00:00+00:00,2023
2024-01-29 02:00:00+00:00,0.0,0.0,2023-01-29 02:00:00+00:00,2023
2024-01-29 03:00:00+00:00,0.0,0.0,2023-01-29 03:00:00+00:00,2023
2024-01-29 04:00:00+00:00,0.0,0.0,2023-01-29 04:00:00+00:00,2023
2024-01-29 05:00:00+00:00,0.0,0.0,2023-01-29 05:00:00+00:00,2023
2024-01-29 06:00:00+00:00,0.0,0.0,2023-01-29 06:00:00+00:00,2023
2024-01-29 07:00:00+00:00,0.0,0.0,2023-01-29 07:00:00+00:00,2023
2024-01-29 08:00:00+00:00,0.0,0.0,2023-01-29 08:00:00+00:00,2023
2024-01-29 09:00:00+00:00,12.0,4.39,2023-01-29 09:00:00+00:00,2023
2024-01-29 10:00:00+00:00,109.0,10.41,2023-01-29 10:00:00+00:00,2023
2024-01-29 11:00:00+00:00,170.0,14.8,2023-01-29 11:00:00+00:00,2023
2024-01-29 12:00:00+00:00,252.01,17.19,2023-01-29 12:00:00+00:00,2023
2024-01-29 13:00:00+00:00,122.0,17.37,2023-01-29 13:00:00+00:00,2023
2024-01-29 14:00:00+00:00,44.0,15.31,2023-01-29 14:00:00+00:00,2023
2024-01-29 15:00:00+00:00,37.0,11.22,2023-01-29 15:00:00+00:00,2023
2024-01-29 16:00:00+00:00,24.0,5.43,2023-01-29 16:00:00+00:00,2023
2024-01-29 17:00:00+00:00,0.0,0.0,2023-01-29 17:00:00+00:00,2023
2024-01-29 18:00:00+00:00,0.0,0.0,2023-01-29 18:00:00+00:00,2023
2024-01-29 19:00:00+00:00,0.0,0.0,2023-01-29 19:00:00+00:00,2023
2024-01-29 20:00:00+00:00,0.0,0.0,2023-01-29 20:00:00+00:00,2023
2024-01-29 21:00:00+00:00,0.0,0.0,2023-01-29 21:00:00+00:00,2023
2024-01-29 22:00:00+00:00,0.0,0.0,2023-01-29 22:00:00+00:00,2023
2024-01-29 23:00:00+00:00,0.0,0.0,2023-01-29 23:00:00+00:00,2023
2024-01-30 00:00:00+00:00,0.0,0.0,2023-01-30 00:00:00+00:00,2023
2024-01-30 01:00:00+00:00,0.0,0.0,2023-01-30 01:00:00+00:00,2023
2024-01-30 02:00:00+00:00,0.0,0.0,2023-01-30 02:00:00+00:00,2023
2024-01-30 03:00:00+00:00,0.0,0.0,2023-01-30 03:00:00+00:00,2023
2024-01-30 04:00:00+00:00,0.0,0.0,2023-01-30 04:00:00+00:00,2023
2024-01-30 05:00:00+00:00,0.0,0.0,2023-01-30 05:00:00+00:00,2023
2024-01-30 06:00:00+00:00,0.0,0.0,2023-01-30 06:00:00+00:00,2023
2024-01-30 07:00:00+00:00,0.0,0.0,2023-01-30 07:00:00+00:00,2023
2024-01-30 08:00:00+00:00,0.0,0.0,2023-01-30 08:00:00+00:00,2023
2024-01-30 09:00:00+00:00,24.59,4.61,2023-01-30 09:00:00+00:00,2023
2024-01-30 10:00:00+00:00,79.0,10.65,2023-01-30 10:00:00+00:00,2023
2024-01-30 11:00:00+00:00,91.0,15.05,2023-01-30 11:00:00+00:00,2023
2024-01-30 12:00:00+00:00,124.0,17.46,2023-01-30 12:00:00+00:00,2023
2024-01-30 13:00:00+00:00,107.0,17.64,2023-01-30 13:00:00+00:00,2023
2024-01-30 14:00:00+00:00,62.0,15.59,2023-01-30 14:00:00+00:00,2023
2024-01-30 15:00:00+00:00,95.0,11.49,2023-01-30 15:00:00+00:00,2023
2024-01-30 16:00:00+00:00,17.0,5.69,2023-01-30 16:00:00+00:00,2023
2024-01-30 17:00:00+00:00,0.0,0.0,2023-01-30 17:00:00+00:00,2023
2024-01-30 18:00:00+00:00,0.0,0.0,2023-01-30 18:00:00+00:00,2023
2024-01-30 19:00:00+00:00,0.0,0.0,2023-01-30 19:00:00+00:00,2023
2024-01-30 20:00:00+00:00,0.0,0.0,2023-01-30 20:00:00+00:00,2023
2024-01-30 21:00:00+00:00,0.0,0.0,2023-01-30 21:00:00+00:00,2023
2024-01-30 22:00:00+00:00,0.0,0.0,2023-01-30 22:00:00+00:00,2023
2024-01-30 23:00:00+00:00,0.0,0.0,2023-01-30 23:00:00+00:00,2023
2024-01-31 00:00:00+00:00,0.0,0.0,2023-01-31 00:00:00+00:00,2023
2024-01-31 01:00:00+00:00,0.0,0.0,2023-01-31 01:00:00+00:00,2023
2024-01-31 02:00:00+00:00,0.0,0.0,2023-01-31 02:00:00+00:00,2023
2024-01-31 03:00:00+00:00,0.0,0.0,2023-01-31 03:00:00+00:00,2023
2024-01-31 04:00:00+00:00,0.0,0.0,2023-01-31 04:00:00+00:00,2023
2024-01-31 05:00:00+00:00,0.0,0.0,2023-01-31 05:00:00+00:00,2023
2024-01-31 06:00:00+00:00,0.0,0.0,2023-01-31 06:00:00+00:00,2023
2024-01-31 07:00:00+00:00,0.0,0.0,2023-01-31 07:00:00+00:00,2023
2024-01-31 08:00:00+00:00,0.0,0.0,2023-01-31 08:00:00+00:00,2023
2024-01-31 09:00:00+00:00,5.0,4.84,2023-01-31 09:00:00+00:00,2023
2024-01-31 10:00:00+00:00,29.0,10.89,2023-01-31 10:00:00+00:00,2023
2024-01-31 11:00:00+00:00,77.0,15.31,2023-01-31 11:00:00+00:00,2023
2024-01-31 12:00:00+00:00,159.0,17.73,2023-01-31 12:00:00+00:00,2023
2024-01-31 13:00:00+00:00,138.0,17.92,2023-01-31 13:00:00+00:00,2023
2024-01-31 14:00:00+00:00,178.0,15.87,2023-01-31 14:00:00+00:00,2023
2024-01-31 15:00:00+00:00,163.01,11.76,2023-01-31 15:00:00+00:00,2023
2024-01-31 16:00:00+00:00,63.0,5.96,2023-01-31 16:00:00+00:00,2023
2024-01-31 17:00:00+00:00,0.0,0.0,2023-01-31 17:00:00+00:00,2023
2024-01-31 18:00:00+00:00,0.0,0.0,2023-01-31 18:00:00+00:00,2023
2024-01-31 19:00:00+00:00,0.0,0.0,2023-01-31 19:00:00+00:00,2023
2024-01-31 20:00:00+00:00,0.0,0.0,2023-01-31 20:00:00+00:00,2023
2024-01-31 21:00:00+00:00,0.0,0.0,2023-01-31 21:00:00+00:00,2023
2024-01-31 22:00:00+00:00,0.0,0.0,2023-01-31 22:00:00+00:00,2023
2024-01-31 23:00:00+00:00,0.0,0.0,2023-01-31 23:00:00+00:00,2023
2024-02-01 00:00:00+00:00,0.0,0.0,2023-02-01 00:00:00+00:00,2023
2024-02-01 01:00:00+00:00,0.0,0.0,2023-02-01 01:00:00+00:00,2023
2024-02-01 02:00:00+00:00,0.0,0.0,2023-02-01 02:00:00+00:00,2023
2024-02-01 03:00:00+00:00,0.0,0.0,2023-02-01 03:00:00+00:00,2023
2024-02-01 04:00:00+00:00,0.0,0.0,2023-02-01 04:00:00+00:00,2023
2024-02-01 05:00:00+00:00,0.0,0.0,2023-02-01 05:00:00+00:00,2023
2024-02-01 06:00:00+00:00,0.0,0.0,2023-02-01 06:00:00+00:00,2023
2024-02-01 07:00:00+00:00,0.0,0.0,2023-02-01 07:00:00+00:00,2023
2024-02-01 08:00:00+00:00,0.0,0.0,2023-02-01 08:00:00+00:00,2023
2024-02-01 09:00:00+00:00,9.0,5.07,2023-02-01 09:00:00+00:00,2023
2024-02-01 10:00:00+00:00,78.0,11.13,2023-02-01 10:00:00+00:00,2023
2024-02-01 11:00:00+00:00,107.0,15.57,2023-02-01 11:00:00+00:00,2023
2024-02-01 12:00:00+00:00,139.0,18.01,2023-02-01 12:00:00+00:00,2023
2024-02-01 13:00:00+00:00,170.0,18.21,2023-02-01 13:00:00+00:00,2023
2024-02-01 14:00:00+00:00,62.0,16.15,2023-02-01 14:00:00+00:00,2023
2024-02-01 15:00:00+00:00,55.0,12.04,2023-02-01 15:00:00+00:00,2023
2024-02-01 16:00:00+00:00,35.0,6.23,2023-02-01 16:00:00+00:00,2023
2024-02-01 17:00:00+00:00,0.0,0.0,2023-02-01 17:00:00+00:00,2023
2024-02-01 18:00:00+00:00,0.0,0.0,2023-02-01 18:00:00+00:00,2023
2024-02-01 19:00:00+00:00,0.0,0.0,2023-02-01 19:00:00+00:00,2023
2024-02-01 20:00:00+00:00,0.0,0.0,2023-02-01 20:00:00+00:00,2023
2024-02-01 21:00:00+00:00,0.0,0.0,2023-02-01 21:00:00+00:00,2023
2024-02-01 22:00:00+00:00,0.0,0.0,2023-02-01 22:00:00+00:00,2023
2024-02-01 23:00:00+00:00,0.0,0.0,2023-02-01 23:00:00+00:00,2023
2024-02-02 00:00:00+00:00,0.0,0.0,2023-02-02 00:00:00+00:00,2023
2024-02-02 01:00:00+00:00,0.0,0.0,2023-02-02 01:00:00+00:00,2023
2024-02-02 02:00:00+00:00,0.0,0.0,2023-02-02 02:00:00+00:00,2023
2024-02-02 03:00:00+00:00,0.0,0.0,2023-02-02 03:00:00+00:00,2023
2024-02-02 04:00:00+00:00,0.0,0.0,2023-02-02 04:00:00+00:00,2023
2024-02-02 05:00:00+00:00,0.0,0.0,2023-02-02 05:00:00+00:00,2023
2024-02-02 06:00:00+00:00,0.0,0.0,2023-02-02 06:00:00+00:00,2023
2024-02-02 07:00:00+00:00,0.0,0.0,2023-02-02 07:00:00+00:00,2023
2024-02-02 08:00:00+00:00,0.0,0.0,2023-02-02 08:00:00+00:00,2023
2024-02-02 09:00:00+00:00,10.0,5.3,2023-02-02 09:00:00+00:00,2023
2024-02-02 10:00:00+00:00,57.0,11.39,2023-02-02 10:00:00+00:00,2023
2024-02-02 11:00:00+00:00,53.0,15.84,2023-02-02 11:00:00+00:00,2023
2024-02-02 12:00:00+00:00,109.0,18.29,2023-02-02 12:00:00+00:00,2023
2024-02-02 13:00:00+00:00,167.0,18.5,2023-02-02 13:00:00+00:00,2023
2024-02-02 14:00:00+00:00,148.0,16.44,2023-02-02 14:00:00+00:00,2023
2024-02-02 15:00:00+00:00,87.0,12.32,2023-02-02 15:00:00+00:00,2023
2024-02-02 16:00:00+00:00,38.0,6.5,2023-02-02 16:00:00+00:00,2023
2024-02-02 17:00:00+00:00,0.0,0.0,2023-02-02 17:00:00+00:00,2023
2024-02-02 18:00:00+00:00,0.0,0.0,2023-02-02 18:00:00+00:00,2023
2024-02-02 19:00:00+00:00,0.0,0.0,2023-02-02 19:00:00+00:00,2023
2024-02-02 20:00:00+00:00,0.0,0.0,2023-02-02 20:00:00+00:00,2023
2024-02-02 21:00:00+00:00,0.0,0.0,2023-02-02 21:00:00+00:00,2023
2024-02-02 22:00:00+00:00,0.0,0.0,2023-02-02 22:00:00+00:00,2023
2024-02-02 23:00:00+00:00,0.0,0.0,2023-02-02 23:00:00+00:00,2023
2024-02-03 00:00:00+00:00,0.0,0.0,2023-02-03 00:00:00+00:00,2023
2024-02-03 01:00:00+00:00,0.0,0.0,2023-02-03 01:00:00+00:00,2023
2024-02-03 02:00:00+00:00,0.0,0.0,2023-02-03 02:00:00+00:00,2023
2024-02-03 03:00:00+00:00,0.0,0.0,2023-02-03 03:00:00+00:00,2023
2024-02-03 04:00:00+00:00,0.0,0.0,2023-02-03 04:00:00+00:00,2023
2024-02-03 05:00:00+00:00,0.0,0.0,2023-02-03 05:00:00+00:00,2023
2024-02-03 06:00:00+00:00,0.0,0.0,2023-02-03 06:00:00+00:00,2023
2024-02-03 07:00:00+00:00,0.0,0.0,2023-02-03 07:00:00+00:00,2023
2024-02-03 08:00:00+00:00,0.0,0.0,2023-02-03 08:00:00+00:00,2023
2024-02-03 09:00:00+00:00,45.25,5.54,2023-02-03 09:00:00+00:00,2023
2024-02-03 10:00:00+00:00,75.0,11.65,2023-02-03 10:00:00+00:00,2023
2024-02-03 11:00:00+00:00,86.0,16.12,2023-02-03 11:00:00+00:00,2023
2024-02-03 12:00:00+00:00,108.0,18.58,2023-02-03 12:00:00+00:00,2023
2024-02-03 13:00:00+00:00,182.0,18.79,2023-02-03 13:00:00+00:00,2023
2024-02-03 14:00:00+00:00,119.0,16.73,2023-02-03 14:00:00+00:00,2023
2024-02-03 15:00:00+00:00,89.0,12.61,2023-02-03 15:00:00+00:00,2023
2024-02-03 16:00:00+00:00,80.0,6.78,2023-02-03 16:00:00+00:00,2023
2024-02-03 17:00:00+00:00,0.0,0.0,2023-02-03 17:00:00+00:00,2023
2024-02-03 18:00:00+00:00,0.0,0.0,2023-02-03 18:00:00+00:00,2023
2024-02-03 19:00:00+00:00,0.0,0.0,2023-02-03 19:00:00+00:00,2023
2024-02-03 20:00:00+00:00,0.0,0.0,2023-02-03 20:00:00+00:00,2023
2024-02-03 21:00:00+00:00,0.0,0.0,2023-02-03 21:00:00+00:00,2023
2024-02-03 22:00:00+00:00,0.0,0.0,2023-02-03 22:00:00+00:00,2023
2024-02-03 23:00:00+00:00,0.0,0.0,2023-02-03 23:00:00+00:00,2023
2024-02-04 00:00:00+00:00,0.0,0.0,2023-02-04 00:00:00+00:00,2023
2024-02-04 01:00:00+00:00,0.0,0.0,2023-02-04 01:00:00+00:00,2023
2024-02-04 02:00:00+00:00,0.0,0.0,2023-02-04 02:00:00+00:00,2023
2024-02-04 03:00:00+00:00,0.0,0.0,2023-02-04 03:00:00+00:00,2023
2024-02-04 04:00:00+00:00,0.0,0.0,2023-02-04 04:00:00+00:00,2023
2024-02-04 05:00:00+00:00,0.0,0.0,2023-02-04 05:00:00+00:00,2023
2024-02-04 06:00:00+00:00,0.0,0.0,2023-02-04 06:00:00+00:00,2023
2024-02-04 07:00:00+00:00,0.0,0.0,2023-02-04 07:00:00+00:00,2023
2024-02-04 08:00:00+00:00,0.0,0.0,2023-02-04 08:00:00+00:00,2023
2024-02-04 09:00:00+00:00,47.0,5.79,2023-02-04 09:00:00+00:00,2023
2024-02-04 10:00:00+00:00,37.0,11.91,2023-02-04 10:00:00+00:00,2023
2024-02-04 11:00:00+00:00,137.0,16.4,2023-02-04 11:00:00+00:00,2023
2024-02-04 12:00:00+00:00,100.0,18.87,2023-02-04 12:00:00+00:00,2023
2024-02-04 13:00:00+00:00,93.0,19.09,2023-02-04 13:00:00+00:00,2023
2024-02-04 14:00:00+00:00,98.0,17.03,2023-02-04 14:00:00+00:00,2023
2024-02-04 15:00:00+00:00,104.0,12.9,2023-02-04 15:00:00+00:00,2023
2024-02-04 16:00:00+00:00,84.0,7.05,2023-02-04 16:00:00+00:00,2023
2024-02-04 17:00:00+00:00,0.0,0.0,2023-02-04 17:00:00+00:00,2023
2024-02-04 18:00:00+00:00,0.0,0.0,2023-02-04 18:00:00+00:00,2023
2024-02-04 19:00:00+00:00,0.0,0.0,2023-02-04 19:00:00+00:00,2023
2024-02-04 20:00:00+00:00,0.0,0.0,2023-02-04 20:00:00+00:00,2023
2024-02-04 21:00:00+00:00,0.0,0.0,2023-02-04 21:00:00+00:00,2023
2024-02-04 22:00:00+00:00,0.0,0.0,2023-02-04 22:00:00+00:00,2023
2024-02-04 23:00:00+00:00,0.0,0.0,2023-02-04 23:00:00+00:00,2023
2024-02-05 00:00:00+00:00,0.0,0.0,2023-02-05 00:00:00+00:00,2023
2024-02-05 01:00:00+00:00,0.0,0.0,2023-02-05 01:00:00+00:00,2023
2024-02-05 02:00:00+00:00,0.0,0.0,2023-02-05 02:00:00+00:00,2023
2024-02-05 03:00:00+00:00,0.0,0.0,2023-02-05 03:00:00+00:00,2023
2024-02-05 04:00:00+00:00,0.0,0.0,2023-02-05 04:00:00+00:00,2023
2024-02-05 05:00:00+00:00,0.0,0.0,2023-02-05 05:00:00+00:00,2023
2024-02-05 06:00:00+00:00,0.0,0.0,2023-02-05 06:00:00+00:00,2023
2024-02-05 07:00:00+00:00,0.0,0.0,2023-02-05 07:00:00+00:00,2023
2024-02-05 08:00:00+00:00,0.0,0.0,2023-02-05 08:00:00+00:00,2023
2024-02-05 09:00:00+00:00,75.0,6.04,2023-02-05 09:00:00+00:00,2023
2024-02-05 10:00:00+00:00,157.0,12.18,2023-02-05 10:00:00+00:00,2023
2024-02-05 11:00:00+00:00,204.0,16.68,2023-02-05 11:00:00+00:00,2023
2024-02-05 12:00:00+00:00,321.01,19.17,2023-02-05 12:00:00+00:00,2023
2024-02-05 13:00:00+00:00,311.01,19.39,2023-02-05 13:00:00+00:00,2023
2024-02-05 14:00:00+00:00,284.01,17.33,2023-02-05 14:00:00+00:00,2023
2024-02-05 15:00:00+00:00,149.0,13.19,2023-02-05 15:00:00+00:00,2023
2024-02-05 16:00:00+00:00,22.0,7.34,2023-02-05 16:00:00+00:00,2023
2024-02-05 17:00:00+00:00,0.0,0.0,2023-02-05 17:00:00+00:00,2023
2024-02-05 18:00:00+00:00,0.0,0.0,2023-02-05 18:00:00+00:00,2023
2024-02-05 19:00:00+00:00,0.0,0.0,2023-02-05 19:00:00+00:00,2023
2024-02-05 20:00:00+00:00,0.0,0.0,2023-02-05 20:00:00+00:00,2023
2024-02-05 21:00:00+00:00,0.0,0.0,2023-02-05 21:00:00+00:00,2023
2024-02-05 22:00:00+00:00,0.0,0.0,2023-02-05 22:00:00+00:00,2023
2024-02-05 23:00:00+00:00,0.0,0.0,2023-02-05 23:00:00+00:00,2023
2024-02-06 00:00:00+00:00,0.0,0.0,2023-02-06 00:00:00+00:00,2023
2024-02-06 01:00:00+00:00,0.0,0.0,2023-02-06 01:00:00+00:00,2023
2024-02-06 02:00:00+00:00,0.0,0.0,2023-02-06 02:00:00+00:00,2023
2024-02-06 03:00:00+00:00,0.0,0.0,2023-02-06 03:00:00+00:00,2023
2024-02-06 04:00:00+00:00,0.0,0.0,2023-02-06 04:00:00+00:00,2023
2024-02-06 05:00:00+00:00,0.0,0.0,2023-02-06 05:00:00+00:00,2023
2024-02-06 06:00:00+00:00,0.0,0.0,2023-02-06 06:00:00+00:00,2023
2024-02-06 07:00:00+00:00,0.0,0.0,2023-02-06 07:00:00+00:00,2023
2024-02-06 08:00:00+00:00,0.0,0.0,2023-02-06 08:00:00+00:00,2023
2024-02-06 09:00:00+00:00,17.0,6.3,2023-02-06 09:00:00+00:00,2023
2024-02-06 10:00:00+00:00,30.0,12.45,2023-02-06 10:00:00+00:00,2023
2024-02-06 11:00:00+00:00,33.0,16.97,2023-02-06 11:00:00+00:00,2023
2024-02-06 12:00:00+00:00,33.0,19.47,2023-02-06 12:00:00+00:00,2023
2024-02-06 13:00:00+00:00,31.0,19.7,2023-02-06 13:00:00+00:00,2023
2024-02-06 14:00:00+00:00,24.0,17.63,2023-02-06 14:00:00+00:00,2023
2024-02-06 15:00:00+00:00,27.0,13.48,2023-02-06 15:00:00+00:00,2023
2024-02-06 16:00:00+00:00,34.0,7.62,2023-02-06 16:00:00+00:00,2023
2024-02-06 17:00:00+00:00,0.0,0.0,2023-02-06 17:00:00+00:00,2023
2024-02-06 18:00:00+00:00,0.0,0.0,2023-02-06 18:00:00+00:00,2023
2024-02-06 19:00:00+00:00,0.0,0.0,2023-02-06 19:00:00+00:00,2023
2024-02-06 20:00:00+00:00,0.0,0.0,2023-02-06 20:00:00+00:00,2023
2024-02-06 21:00:00+00:00,0.0,0.0,2023-02-06 21:00:00+00:00,2023
2024-02-06 22:00:00+00:00,0.0,0.0,2023-02-06 22:00:00+00:00,2023
2024-02-06 23:00:00+00:00,0.0,0.0,2023-02-06 23:00:00+00:00,2023
2024-02-07 00:00:00+00:00,0.0,0.0,2023-02-07 00:00:00+00:00,2023
2024-02-07 01:00:00+00:00,0.0,0.0,2023-02-07 01:00:00+00:00,2023
2024-02-07 02:00:00+00:00,0.0,0.0,2023-02-07 02:00:00+00:00,2023
2024-02-07 03:00:00+00:00,0.0,0.0,2023-02-07 03:00:00+00:00,2023
2024-02-07 04:00:00+00:00,0.0,0.0,2023-02-07 04:00:00+00:00,2023
2024-02-07 05:00:00+00:00,0.0,0.0,2023-02-07 05:00:00+00:00,2023
2024-02-07 06:00:00+00:00,0.0,0.0,2023-02-07 06:00:00+00:00,2023
2024-02-07 07:00:00+00:00,0.0,0.0,2023-02-07 07:00:00+00:00,2023
2024-02-07 08:00:00+00:00,0.0,0.0,2023-02-07 08:00:00+00:00,2023
2024-02-07 09:00:00+00:00,73.0,6.57,2023-02-07 09:00:00+00:00,2023
2024-02-07 10:00:00+00:00,145.0,12.73,2023-02-07 10:00:00+00:00,2023
2024-02-07 11:00:00+00:00,275.01,17.27,2023-02-07 11:00:00+00:00,2023
2024-02-07 12:00:00+00:00,277.01,19.78,2023-02-07 12:00:00+00:00,2023
2024-02-07 13:00:00+00:00,230.0,20.01,2023-02-07 13:00:00+00:00,2023
2024-02-07 14:00:00+00:00,183.0,17.94,2023-02-07 14:00:00+00:00,2023
2024-02-07 15:00:00+00:00,151.0,13.78,2023-02-07 15:00:00+00:00,2023
2024-02-07 16:00:00+00:00,85.0,7.91,2023-02-07 16:00:00+00:00,2023
2024-02-07 17:00:00+00:00,0.0,0.0,2023-02-07 17:00:00+00:00,2023
2024-02-07 18:00:00+00:00,0.0,0.0,2023-02-07 18:00:00+00:00,2023
2024-02-07 19:00:00+00:00,0.0,0.0,2023-02-07 19:00:00+00:00,2023
2024-02-07 20:00:00+00:00,0.0,0.0,2023-02-07 20:00:00+00:00,2023
2024-02-07 21:00:00+00:00,0.0,0.0,2023-02-07 21:00:00+00:00,2023
2024-02-07 22:00:00+00:00,0.0,0.0,2023-02-07 22:00:00+00:00,2023
2024-02-07 23:00:00+00:00,0.0,0.0,2023-02-07 23:00:00+00:00,2023
2024-02-08 00:00:00+00:00,0.0,0.0,2023-02-08 00:00:00+00:00,2023
2024-02-08 01:00:00+00:00,0.0,0.0,2023-02-08 01:00:00+00:00,2023
2024-02-08 02:00:00+00:00,0.0,0.0,2023-02-08 02:00:00+00:00,2023
2024-02-08 03:00:00+00:00,0.0,0.0,2023-02-08 03:00:00+00:00,2023
2024-02-08 04:00:00+00:00,0.0,0.0,2023-02-08 04:00:00+00:00,2023
2024-02-08 05:00:00+00:00,0.0,0.0,2023-02-08 05:00:00+00:00,2023
2024-02-08 06:00:00+00:00,0.0,0.0,2023-02-08 06:00:00+00:00,2023
2024-02-08 07:00:00+00:00,0.0,0.0,2023-02-08 07:00:00+00:00,2023
2024-02-08 08:00:00+00:00,0.0,0.0,2023-02-08 08:00:00+00:00,2023
2024-02-08 09:00:00+00:00,42.0,6.84,2023-02-08 09:00:00+00:00,2023
2024-02-08 10:00:00+00:00,54.0,13.02,2023-02-08 10:00:00+00:00,2023
2024-02-08 11:00:00+00:00,88.0,17.57,2023-02-08 11:00:00+00:00,2023
2024-02-08 12:00:00+00:00,88.0,20.09,2023-02-08 12:00:00+00:00,2023
2024-02-08 13:00:00+00:00,66.0,20.33,2023-02-08 13:00:00+00:00,2023
2024-02-08 14:00:00+00:00,59.0,18.25,2023-02-08 14:00:00+00:00,2023
2024-02-08 15:00:00+00:00,42.0,14.08,2023-02-08 15:00:00+00:00,2023
2024-02-08 16:00:00+00:00,16.0,8.19,2023-02-08 16:00:00+00:00,2023
2024-02-08 17:00:00+00:00,0.0,0.0,2023-02-08 17:00:00+00:00,2023
2024-02-08 18:00:00+00:00,0.0,0.0,2023-02-08 18:00:00+00:00,2023
2024-02-08 19:00:00+00:00,0.0,0.0,2023-02-08 19:00:00+00:00,2023
2024-02-08 20:00:00+00:00,0.0,0.0,2023-02-08 20:00:00+00:00,2023
2024-02-08 21:00:00+00:00,0.0,0.0,2023-02-08 21:00:00+00:00,2023
2024-02-08 22:00:00+00:00,0.0,0.0,2023-02-08 22:00:00+00:00,2023
2024-02-08 23:00:00+00:00,0.0,0.0,2023-02-08 23:00:00+00:00,2023
2024-02-09 00:00:00+00:00,0.0,0.0,2023-02-09 00:00:00+00:00,2023
2024-02-09 01:00:00+00:00,0.0,0.0,2023-02-09 01:00:00+00:00,2023
2024-02-09 02:00:00+00:00,0.0,0.0,2023-02-09 02:00:00+00:00,2023
2024-02-09 03:00:00+00:00,0.0,0.0,2023-02-09 03:00:00+00:00,2023
2024-02-09 04:00:00+00:00,0.0,0.0,2023-02-09 04:00:00+00:00,2023
2024-02-09 05:00:00+00:00,0.0,0.0,2023-02-09 05:00:00+00:00,2023
2024-02-09 06:00:00+00:00,0.0,0.0,2023-02-09 06:00:00+00:00,2023
2024-02-09 07:00:00+00:00,0.0,0.0,2023-02-09 07:00:00+00:00,2023
2024-02-09 08:00:00+00:00,0.0,0.0,2023-02-09 08:00:00+00:00,2023
2024-02-09 09:00:00+00:00,61.0,7.11,2023-02-09 09:00:00+00:00,2023
2024-02-09 10:00:00+00:00,73.0,13.31,2023-02-09 10:00:00+00:00,2023
2024-02-09 11:00:00+00:00,161.0,17.87,2023-02-09 11:00:00+00:00,2023
2024-02-09 12:00:00+00:00,159.0,20.41,2023-02-09 12:00:00+00:00,2023
2024-02-09 13:00:00+00:00,236.0,20.65,2023-02-09 13:00:00+00:00,2023
2024-02-09 14:00:00+00:00,287.01,18.57,2023-02-09 14:00:00+00:00,2023
2024-02-09 15:00:00+00:00,210.01,14.39,2023-02-09 15:00:00+00:00,2023
2024-02-09 16:00:00+00:00,65.0,8.49,2023-02-09 16:00:00+00:00,2023
2024-02-09 17:00:00+00:00,0.0,0.0,2023-02-09 17:00:00+00:00,2023
2024-02-09 18:00:00+00:00,0.0,0.0,2023-02-09 18:00:00+00:00,2023
2024-02-09 19:00:00+00:00,0.0,0.0,2023-02-09 19:00:00+00:00,2023
2024-02-09 20:00:00+00:00,0.0,0.0,2023-02-09 20:00:00+00:00,2023
2024-02-09 21:00:00+00:00,0.0,0.0,2023-02-09 21:00:00+00:00,2023
2024-02-09 22:00:00+00:00,0.0,0.0,2023-02-09 22:00:00+00:00,2023
2024-02-09 23:00:00+00:00,0.0,0.0,2023-02-09 23:00:00+00:00,2023
2024-02-10 00:00:00+00:00,0.0,0.0,2023-02-10 00:00:00+00:00,2023
2024-02-10 01:00:00+00:00,0.0,0.0,2023-02-10 01:00:00+00:00,2023
2024-02-10 02:00:00+00:00,0.0,0.0,2023-02-10 02:00:00+00:00,2023
2024-02-10 03:00:00+00:00,0.0,0.0,2023-02-10 03:00:00+00:00,2023
2024-02-10 04:00:00+00:00,0.0,0.0,2023-02-10 04:00:00+00:00,2023
2024-02-10 05:00:00+00:00,0.0,0.0,2023-02-10 05:00:00+00:00,2023
2024-02-10 06:00:00+00:00,0.0,0.0,2023-02-10 06:00:00+00:00,2023
2024-02-10 07:00:00+00:00,0.0,0.0,2023-02-10 07:00:00+00:00,2023
2024-02-10 08:00:00+00:00,0.0,0.0,2023-02-10 08:00:00+00:00,2023
2024-02-10 09:00:00+00:00,53.0,7.39,2023-02-10 09:00:00+00:00,2023
2024-02-10 10:00:00+00:00,75.0,13.61,2023-02-10 10:00:00+00:00,2023
2024-02-10 11:00:00+00:00,47.0,18.18,2023-02-10 11:00:00+00:00,2023
2024-02-10 12:00:00+00:00,159.0,20.73,2023-02-10 12:00:00+00:00,2023
2024-02-10 13:00:00+00:00,80.0,20.97,2023-02-10 13:00:00+00:00,2023
2024-02-10 14:00:00+00:00,136.0,18.88,2023-02-10 14:00:00+00:00,2023
2024-02-10 15:00:00+00:00,104.0,14.69,2023-02-10 15:00:00+00:00,2023
2024-02-10 16:00:00+00:00,33.0,8.78,2023-02-10 16:00:00+00:00,2023
2024-02-10 17:00:00+00:00,0.0,0.0,2023-02-10 17:00:00+00:00,2023
2024-02-10 18:00:00+00:00,0.0,0.0,2023-02-10 18:00:00+00:00,2023
2024-02-10 19:00:00+00:00,0.0,0.0,2023-02-10 19:00:00+00:00,2023
2024-02-10 20:00:00+00:00,0.0,0.0,2023-02-10 20:00:00+00:00,2023
2024-02-10 21:00:00+00:00,0.0,0.0,2023-02-10 21:00:00+00:00,2023
2024-02-10 22:00:00+00:00,0.0,0.0,2023-02-10 22:00:00+00:00,2023
2024-02-10 23:00:00+00:00,0.0,0.0,2023-02-10 23:00:00+00:00,2023
2024-02-11 00:00:00+00:00,0.0,0.0,2023-02-11 00:00:00+00:00,2023
2024-02-11 01:00:00+00:00,0.0,0.0,2023-02-11 01:00:00+00:00,2023
2024-02-11 02:00:00+00:00,0.0,0.0,2023-02-11 02:00:00+00:00,2023
2024-02-11 03:00:00+00:00,0.0,0.0,2023-02-11 03:00:00+00:00,2023
2024-02-11 04:00:00+00:00,0.0,0.0,2023-02-11 04:00:00+00:00,2023
2024-02-11 05:00:00+00:00,0.0,0.0,2023-02-11 05:00:00+00:00,2023
2024-02-11 06:00:00+00:00,0.0,0.0,2023-02-11 06:00:00+00:00,2023
2024-02-11 07:00:00+00:00,0.0,0.0,2023-02-11 07:00:00+00:00,2023
2024-02-11 08:00:00+00:00,0.0,0.0,2023-02-11 08:00:00+00:00,2023
2024-02-11 09:00:00+00:00,34.0,7.67,2023-02-11 09:00:00+00:00,2023
2024-02-11 10:00:00+00:00,32.0,13.91,2023-02-11 10:00:00+00:00,2023
2024-02-11 11:00:00+00:00,49.0,18.5,2023-02-11 11:00:00+00:00,2023
2024-02-11 12:00:00+00:00,61.0,21.05,2023-02-11 12:00:00+00:00,2023
2024-02-11 13:00:00+00:00,52.0,21.3,2023-02-11 13:00:00+00:00,2023
2024-02-11 14:00:00+00:00,89.0,19.21,2023-02-11 14:00:00+00:00,2023
2024-02-11 15:00:00+00:00,44.0,15.0,2023-02-11 15:00:00+00:00,2023
2024-02-11 16:00:00+00:00,43.0,9.07,2023-02-11 16:00:00+00:00,2023
2024-02-11 17:00:00+00:00,1.0,1.85,2023-02-11 17:00:00+00:00,2023
2024-02-11 18:00:00+00:00,0.0,0.0,2023-02-11 18:00:00+00:00,2023
2024-02-11 19:00:00+00:00,0.0,0.0,2023-02-11 19:00:00+00:00,2023
2024-02-11 20:00:00+00:00,0.0,0.0,2023-02-11 20:00:00+00:00,2023
2024-02-11 21:00:00+00:00,0.0,0.0,2023-02-11 21:00:00+00:00,2023
2024-02-11 22:00:00+00:00,0.0,0.0,2023-02-11 22:00:00+00:00,2023
2024-02-11 23:00:00+00:00,0.0,0.0,2023-02-11 23:00:00+00:00,2023
2024-02-12 00:00:00+00:00,0.0,0.0,2023-02-12 00:00:00+00:00,2023
2024-02-12 01:00:00+00:00,0.0,0.0,2023-02-12 01:00:00+00:00,2023
2024-02-12 02:00:00+00:00,0.0,0.0,2023-02-12 02:00:00+00:00,2023
2024-02-12 03:00:00+00:00,0.0,0.0,2023-02-12 03:00:00+00:00,2023
2024-02-12 04:00:00+00:00,0.0,0.0,2023-02-12 04:00:00+00:00,2023
2024-02-12 05:00:00+00:00,0.0,0.0,2023-02-12 05:00:00+00:00,2023
2024-02-12 06:00:00+00:00,0.0,0.0,2023-02-12 06:00:00+00:00,2023
2024-02-12 07:00:00+00:00,0.0,0.0,2023-02-12 07:00:00+00:00,2023
2024-02-12 08:00:00+00:00,0.0,0.0,2023-02-12 08:00:00+00:00,2023
2024-02-12 09:00:00+00:00,35.0,7.96,2023-02-12 09:00:00+00:00,2023
2024-02-12 10:00:00+00:00,48.0,14.21,2023-02-12 10:00:00+00:00,2023
2024-02-12 11:00:00+00:00,56.0,18.82,2023-02-12 11:00:00+00:00,2023
2024-02-12 12:00:00+00:00,47.0,21.38,2023-02-12 12:00:00+00:00,2023
2024-02-12 13:00:00+00:00,53.0,21.63,2023-02-12 13:00:00+00:00,2023
2024-02-12 14:00:00+00:00,61.0,19.53,2023-02-12 14:00:00+00:00,2023
2024-02-12 15:00:00+00:00,48.0,15.32,2023-02-12 15:00:00+00:00,2023
2024-02-12 16:00:00+00:00,36.0,9.37,2023-02-12 16:00:00+00:00,2023
2024-02-12 17:00:00+00:00,1.0,2.14,2023-02-12 17:00:00+00:00,2023
2024-02-12 18:00:00+00:00,0.0,0.0,2023-02-12 18:00:00+00:00,2023
2024-02-12 19:00:00+00:00,0.0,0.0,2023-02-12 19:00:00+00:00,2023
2024-02-12 20:00:00+00:00,0.0,0.0,2023-02-12 20:00:00+00:00,2023
2024-02-12 21:00:00+00:00,0.0,0.0,2023-02-12 21:00:00+00:00,2023
2024-02-12 22:00:00+00:00,0.0,0.0,2023-02-12 22:00:00+00:00,2023
2024-02-12 23:00:00+00:00,0.0,0.0,2023-02-12 23:00:00+00:00,2023
2024-02-13 00:00:00+00:00,0.0,0.0,2023-02-13 00:00:00+00:00,2023
2024-02-13 01:00:00+00:00,0.0,0.0,2023-02-13 01:00:00+00:00,2023
2024-02-13 02:00:00+00:00,0.0,0.0,2023-02-13 02:00:00+00:00,2023
2024-02-13 03:00:00+00:00,0.0,0.0,2023-02-13 03:00:00+00:00,2023
2024-02-13 04:00:00+00:00,0.0,0.0,2023-02-13 04:00:00+00:00,2023
2024-02-13 05:00:00+00:00,0.0,0.0,2023-02-13 05:00:00+00:00,2023
2024-02-13 06:00:00+00:00,0.0,0.0,2023-02-13 06:00:00+00:00,2023
2024-02-13 07:00:00+00:00,0.0,0.0,2023-02-13 07:00:00+00:00,2023
2024-02-13 08:00:00+00:00,0.0,0.0,2023-02-13 08:00:00+00:00,2023
2024-02-13 09:00:00+00:00,89.0,8.26,2023-02-13 09:00:00+00:00,2023
2024-02-13 10:00:00+00:00,192.0,14.52,2023-02-13 10:00:00+00:00,2023
2024-02-13 11:00:00+00:00,198.0,19.14,2023-02-13 11:00:00+00:00,2023
2024-02-13 12:00:00+00:00,196.0,21.71,2023-02-13 12:00:00+00:00,2023
2024-02-13 13:00:00+00:00,184.0,21.96,2023-02-13 13:00:00+00:00,2023
2024-02-13 14:00:00+00:00,185.0,19.86,2023-02-13 14:00:00+00:00,2023
2024-02-13 15:00:00+00:00,225.01,15.63,2023-02-13 15:00:00+00:00,2023
2024-02-13 16:00:00+00:00,129.01,9.67,2023-02-13 16:00:00+00:00,2023
2024-02-13 17:00:00+00:00,6.0,2.42,2023-02-13 17:00:00+00:00,2023
2024-02-13 18:00:00+00:00,0.0,0.0,2023-02-13 18:00:00+00:00,2023
2024-02-13 19:00:00+00:00,0.0,0.0,2023-02-13 19:00:00+00:00,2023
2024-02-13 20:00:00+00:00,0.0,0.0,2023-02-13 20:00:00+00:00,2023
2024-02-13 21:00:00+00:00,0.0,0.0,2023-02-13 21:00:00+00:00,2023
2024-02-13 22:00:00+00:00,0.0,0.0,2023-02-13 22:00:00+00:00,2023
2024-02-13 23:00:00+00:00,0.0,0.0,2023-02-13 23:00:00+00:00,2023
2024-02-14 00:00:00+00:00,0.0,0.0,2023-02-14 00:00:00+00:00,2023
2024-02-14 01:00:00+00:00,0.0,0.0,2023-02-14 01:00:00+00:00,2023
2024-02-14 02:00:00+00:00,0.0,0.0,2023-02-14 02:00:00+00:00,2023
2024-02-14 03:00:00+00:00,0.0,0.0,2023-02-14 03:00:00+00:00,2023
2024-02-14 04:00:00+00:00,0.0,0.0,2023-02-14 04:00:00+00:00,2023
2024-02-14 05:00:00+00:00,0.0,0.0,2023-02-14 05:00:00+00:00,2023
2024-02-14 06:00:00+00:00,0.0,0.0,2023-02-14 06:00:00+00:00,2023
2024-02-14 07:00:00+00:00,0.0,0.0,2023-02-14 07:00:00+00:00,2023
2024-02-14 08:00:00+00:00,0.0,0.0,2023-02-14 08:00:00+00:00,2023
2024-02-14 09:00:00+00:00,35.0,8.55,2023-02-14 09:00:00+00:00,2023
2024-02-14 10:00:00+00:00,84.0,14.83,2023-02-14 10:00:00+00:00,2023
2024-02-14 11:00:00+00:00,216.0,19.47,2023-02-14 11:00:00+00:00,2023
2024-02-14 12:00:00+00:00,31.0,22.05,2023-02-14 12:00:00+00:00,2023
2024-02-14 13:00:00+00:00,184.0,22.3,2023-02-14 13:00:00+00:00,2023
2024-02-14 14:00:00+00:00,65.0,20.19,2023-02-14 14:00:00+00:00,2023
2024-02-14 15:00:00+00:00,145.0,15.95,2023-02-14 15:00:00+00:00,2023
2024-02-14 16:00:00+00:00,112.0,9.97,2023-02-14 16:00:00+00:00,2023
2024-02-14 17:00:00+00:00,9.0,2.71,2023-02-14 17:00:00+00:00,2023
2024-02-14 18:00:00+00:00,0.0,0.0,2023-02-14 18:00:00+00:00,2023
2024-02-14 19:00:00+00:00,0.0,0.0,2023-02-14 19:00:00+00:00,2023
2024-02-14 20:00:00+00:00,0.0,0.0,2023-02-14 20:00:00+00:00,2023
2024-02-14 21:00:00+00:00,0.0,0.0,2023-02-14 21:00:00+00:00,2023
2024-02-14 22:00:00+00:00,0.0,0.0,2023-02-14 22:00:00+00:00,2023
2024-02-14 23:00:00+00:00,0.0,0.0,2023-02-14 23:00:00+00:00,2023
2024-02-15 00:00:00+00:00,0.0,0.0,2023-02-15 00:00:00+00:00,2023
2024-02-15 01:00:00+00:00,0.0,0.0,2023-02-15 01:00:00+00:00,2023
2024-02-15 02:00:00+00:00,0.0,0.0,2023-02-15 02:00:00+00:00,2023
2024-02-15 03:00:00+00:00,0.0,0.0,2023-02-15 03:00:00+00:00,2023
2024-02-15 04:00:00+00:00,0.0,0.0,2023-02-15 04:00:00+00:00,2023
2024-02-15 05:00:00+00:00,0.0,0.0,2023-02-15 05:00:00+00:00,2023
2024-02-15 06:00:00+00:00,0.0,0.0,2023-02-15 06:00:00+00:00,2023
2024-02-15 07:00:00+00:00,0.0,0.0,2023-02-15 07:00:00+00:00,2023
2024-02-15 08:00:00+00:00,0.0,0.0,2023-02-15 08:00:00+00:00,2023
2024-02-15 09:00:00+00:00,117.0,8.86,2023-02-15 09:00:00+00:00,2023
2024-02-15 10:00:00+00:00,229.01,15.15,2023-02-15 10:00:00+00:00,2023
2024-02-15 11:00:00+00:00,307.01,19.8,2023-02-15 11:00:00+00:00,2023
2024-02-15 12:00:00+00:00,364.01,22.39,2023-02-15 12:00:00+00:00,2023
2024-02-15 13:00:00+00:00,89.0,22.64,2023-02-15 13:00:00+00:00,2023
2024-02-15 14:00:00+00:00,103.0,20.52,2023-02-15 14:00:00+00:00,2023
2024-02-15 15:00:00+00:00,83.0,16.26,2023-02-15 15:00:00+00:00,2023
2024-02-15 16:00:00+00:00,85.0,10.27,2023-02-15 16:00:00+00:00,2023
2024-02-15 17:00:00+00:00,4.0,3.0,2023-02-15 17:00:00+00:00,2023
2024-02-15 18:00:00+00:00,0.0,0.0,2023-02-15 18:00:00+00:00,2023
2024-02-15 19:00:00+00:00,0.0,0.0,2023-02-15 19:00:00+00:00,2023
2024-02-15 20:00:00+00:00,0.0,0.0,2023-02-15 20:00:00+00:00,2023
2024-02-15 21:00:00+00:00,0.0,0.0,2023-02-15 21:00:00+00:00,2023
2024-02-15 22:00:00+00:00,0.0,0.0,2023-02-15 22:00:00+00:00,2023
2024-02-15 23:00:00+00:00,0.0,0.0,2023-02-15 23:00:00+00:00,2023
2024-02-16 00:00:00+00:00,0.0,0.0,2023-02-16 00:00:00+00:00,2023
2024-02-16 01:00:00+00:00,0.0,0.0,2023-02-16 01:00:00+00:00,2023
2024-02-16 02:00:00+00:00,0.0,0.0,2023-02-16 02:00:00+00:00,2023
2024-02-16 03:00:00+00:00,0.0,0.0,2023-02-16 03:00:00+00:00,2023
2024-02-16 04:00:00+00:00,0.0,0.0,2023-02-16 04:00:00+00:00,2023
2024-02-16 05:00:00+00:00,0.0,0.0,2023-02-16 05:00:00+00:00,2023
2024-02-16 06:00:00+00:00,0.0,0.0,2023-02-16 06:00:00+00:00,2023
2024-02-16 07:00:00+00:00,0.0,0.0,2023-02-16 07:00:00+00:00,2023
2024-02-16 08:00:00+00:00,1.0,1.66,2023-02-16 08:00:00+00:00,2023
2024-02-16 09:00:00+00:00,77.0,9.16,2023-02-16 09:00:00+00:00,2023
2024-02-16 10:00:00+00:00,59.0,15.47,2023-02-16 10:00:00+00:00,2023
2024-02-16 11:00:00+00:00,117.0,20.14,2023-02-16 11:00:00+00:00,2023
2024-02-16 12:00:00+00:00,125.0,22.74,2023-02-16 12:00:00+00:00,2023
2024-02-16 13:00:00+00:00,97.0,22.98,2023-02-16 13:00:00+00:00,2023
2024-02-16 14:00:00+00:00,74.0,20.86,2023-02-16 14:00:00+00:00,2023
2024-02-16 15:00:00+00:00,33.0,16.59,2023-02-16 15:00:00+00:00,2023
2024-02-16 16:00:00+00:00,83.0,10.58,2023-02-16 16:00:00+00:00,2023
2024-02-16 17:00:00+00:00,5.0,3.29,2023-02-16 17:00:00+00:00,2023
2024-02-16 18:00:00+00:00,0.0,0.0,2023-02-16 18:00:00+00:00,2023
2024-02-16 19:00:00+00:00,0.0,0.0,2023-02-16 19:00:00+00:00,2023
2024-02-16 20:00:00+00:00,0.0,0.0,2023-02-16 20:00:00+00:00,2023
2024-02-16 21:00:00+00:00,0.0,0.0,2023-02-16 21:00:00+00:00,2023
2024-02-16 22:00:00+00:00,0.0,0.0,2023-02-16 22:00:00+00:00,2023
2024-02-16 23:00:00+00:00,0.0,0.0,2023-02-16 23:00:00+00:00,2023
2024-02-17 00:00:00+00:00,0.0,0.0,2023-02-17 00:00:00+00:00,2023
2024-02-17 01:00:00+00:00,0.0,0.0,2023-02-17 01:00:00+00:00,2023
2024-02-17 02:00:00+00:00,0.0,0.0,2023-02-17 02:00:00+00:00,2023
2024-02-17 03:00:00+00:00,0.0,0.0,2023-02-17 03:00:00+00:00,2023
2024-02-17 04:00:00+00:00,0.0,0.0,2023-02-17 04:00:00+00:00,2023
2024-02-17 05:00:00+00:00,0.0,0.0,2023-02-17 05:00:00+00:00,2023
2024-02-17 06:00:00+00:00,0.0,0.0,2023-02-17 06:00:00+00:00,2023
2024-02-17 07:00:00+00:00,0.0,0.0,2023-02-17 07:00:00+00:00,2023
2024-02-17 08:00:00+00:00,1.0,1.96,2023-02-17 08:00:00+00:00,2023
2024-02-17 09:00:00+00:00,121.0,9.47,2023-02-17 09:00:00+00:00,2023
2024-02-17 10:00:00+00:00,206.01,15.8,2023-02-17 10:00:00+00:00,2023
2024-02-17 11:00:00+00:00,179.0,20.48,2023-02-17 11:00:00+00:00,2023
2024-02-17 12:00:00+00:00,226.0,23.08,2023-02-17 12:00:00+00:00,2023
2024-02-17 13:00:00+00:00,83.0,23.33,2023-02-17 13:00:00+00:00,2023
2024-02-17 14:00:00+00:00,72.0,21.19,2023-02-17 14:00:00+00:00,2023
2024-02-17 15:00:00+00:00,75.0,16.91,2023-02-17 15:00:00+00:00,2023
2024-02-17 16:00:00+00:00,48.0,10.88,2023-02-17 16:00:00+00:00,2023
2024-02-17 17:00:00+00:00,5.0,3.58,2023-02-17 17:00:00+00:00,2023
2024-02-17 18:00:00+00:00,0.0,0.0,2023-02-17 18:00:00+00:00,2023
2024-02-17 19:00:00+00:00,0.0,0.0,2023-02-17 19:00:00+00:00,2023
2024-02-17 20:00:00+00:00,0.0,0.0,2023-02-17 20:00:00+00:00,2023
2024-02-17 21:00:00+00:00,0.0,0.0,2023-02-17 21:00:00+00:00,2023
2024-02-17 22:00:00+00:00,0.0,0.0,2023-02-17 22:00:00+00:00,2023
2024-02-17 23:00:00+00:00,0.0,0.0,2023-02-17 23:00:00+00:00,2023
2024-02-18 00:00:00+00:00,0.0,0.0,2023-02-18 00:00:00+00:00,2023
2024-02-18 01:00:00+00:00,0.0,0.0,2023-02-18 01:00:00+00:00,2023
2024-02-18 02:00:00+00:00,0.0,0.0,2023-02-18 02:00:00+00:00,2023
2024-02-18 03:00:00+00:00,0.0,0.0,2023-02-18 03:00:00+00:00,2023
2024-02-18 04:00:00+00:00,0.0,0.0,2023-02-18 04:00:00+00:00,2023
2024-02-18 05:00:00+00:00,0.0,0.0,2023-02-18 05:00:00+00:00,2023
2024-02-18 06:00:00+00:00,0.0,0.0,2023-02-18 06:00:00+00:00,2023
2024-02-18 07:00:00+00:00,0.0,0.0,2023-02-18 07:00:00+00:00,2023
2024-02-18 08:00:00+00:00,1.0,2.26,2023-02-18 08:00:00+00:00,2023
2024-02-18 09:00:00+00:00,52.0,9.79,2023-02-18 09:00:00+00:00,2023
2024-02-18 10:00:00+00:00,168.0,16.13,2023-02-18 10:00:00+00:00,2023
2024-02-18 11:00:00+00:00,167.0,20.82,2023-02-18 11:00:00+00:00,2023
2024-02-18 12:00:00+00:00,50.0,23.44,2023-02-18 12:00:00+00:00,2023
2024-02-18 13:00:00+00:00,71.0,23.68,2023-02-18 13:00:00+00:00,2023
2024-02-18 14:00:00+00:00,167.0,21.53,2023-02-18 14:00:00+00:00,2023
2024-02-18 15:00:00+00:00,153.0,17.23,2023-02-18 15:00:00+00:00,2023
2024-02-18 16:00:00+00:00,89.0,11.19,2023-02-18 16:00:00+00:00,2023
2024-02-18 17:00:00+00:00,11.0,3.87,2023-02-18 17:00:00+00:00,2023
2024-02-18 18:00:00+00:00,0.0,0.0,2023-02-18 18:00:00+00:00,2023
2024-02-18 19:00:00+00:00,0.0,0.0,2023-02-18 19:00:00+00:00,2023
2024-02-18 20:00:00+00:00,0.0,0.0,2023-02-18 20:00:00+00:00,2023
2024-02-18 21:00:00+00:00,0.0,0.0,2023-02-18 21:00:00+00:00,2023
2024-02-18 22:00:00+00:00,0.0,0.0,2023-02-18 22:00:00+00:00,2023
2024-02-18 23:00:00+00:00,0.0,0.0,2023-02-18 23:00:00+00:00,2023
2024-02-19 00:00:00+00:00,0.0,0.0,2023-02-19 00:00:00+00:00,2023
2024-02-19 01:00:00+00:00,0.0,0.0,2023-02-19 01:00:00+00:00,2023
2024-02-19 02:00:00+00:00,0.0,0.0,2023-02-19 02:00:00+00:00,2023
2024-02-19 03:00:00+00:00,0.0,0.0,2023-02-19 03:00:00+00:00,2023
2024-02-19 04:00:00+00:00,0.0,0.0,2023-02-19 04:00:00+00:00,2023
2024-02-19 05:00:00+00:00,0.0,0.0,2023-02-19 05:00:00+00:00,2023
2024-02-19 06:00:00+00:00,0.0,0.0,2023-02-19 06:00:00+00:00,2023
2024-02-19 07:00:00+00:00,0.0,0.0,2023-02-19 07:00:00+00:00,2023
2024-02-19 08:00:00+00:00,4.0,2.57,2023-02-19 08:00:00+00:00,2023
2024-02-19 09:00:00+00:00,37.0,10.11,2023-02-19 09:00:00+00:00,2023
2024-02-19 10:00:00+00:00,182.0,16.46,2023-02-19 10:00:00+00:00,2023
2024-02-19 11:00:00+00:00,224.0,21.17,2023-02-19 11:00:00+00:00,2023
2024-02-19 12:00:00+00:00,311.01,23.79,2023-02-19 12:00:00+00:00,2023
2024-02-19 13:00:00+00:00,343.01,24.04,2023-02-19 13:00:00+00:00,2023
2024-02-19 14:00:00+00:00,188.0,21.88,2023-02-19 14:00:00+00:00,2023
2024-02-19 15:00:00+00:00,103.0,17.56,2023-02-19 15:00:00+00:00,2023
2024-02-19 16:00:00+00:00,113.0,11.5,2023-02-19 16:00:00+00:00,2023
2024-02-19 17:00:00+00:00,6.0,4.16,2023-02-19 17:00:00+00:00,2023
2024-02-19 18:00:00+00:00,0.0,0.0,2023-02-19 18:00:00+00:00,2023
2024-02-19 19:00:00+00:00,0.0,0.0,2023-02-19 19:00:00+00:00,2023
2024-02-19 20:00:00+00:00,0.0,0.0,2023-02-19 20:00:00+00:00,2023
2024-02-19 21:00:00+00:00,0.0,0.0,2023-02-19 21:00:00+00:00,2023
2024-02-19 22:00:00+00:00,0.0,0.0,2023-02-19 22:00:00+00:00,2023
2024-02-19 23:00:00+00:00,0.0,0.0,2023-02-19 23:00:00+00:00,2023
2024-02-20 00:00:00+00:00,0.0,0.0,2023-02-20 00:00:00+00:00,2023
2024-02-20 01:00:00+00:00,0.0,0.0,2023-02-20 01:00:00+00:00,2023
2024-02-20 02:00:00+00:00,0.0,0.0,2023-02-20 02:00:00+00:00,2023
2024-02-20 03:00:00+00:00,0.0,0.0,2023-02-20 03:00:00+00:00,2023
2024-02-20 04:00:00+00:00,0.0,0.0,2023-02-20 04:00:00+00:00,2023
2024-02-20 05:00:00+00:00,0.0,0.0,2023-02-20 05:00:00+00:00,2023
2024-02-20 06:00:00+00:00,0.0,0.0,2023-02-20 06:00:00+00:00,2023
2024-02-20 07:00:00+00:00,0.0,0.0,2023-02-20 07:00:00+00:00,2023
2024-02-20 08:00:00+00:00,2.0,2.88,2023-02-20 08:00:00+00:00,2023
2024-02-20 09:00:00+00:00,83.0,10.43,2023-02-20 09:00:00+00:00,2023
2024-02-20 10:00:00+00:00,122.0,16.8,2023-02-20 10:00:00+00:00,2023
2024-02-20 11:00:00+00:00,182.0,21.52,2023-02-20 11:00:00+00:00,2023
2024-02-20 12:00:00+00:00,200.0,24.15,2023-02-20 12:00:00+00:00,2023
2024-02-20 13:00:00+00:00,135.0,24.39,2023-02-20 13:00:00+00:00,2023
2024-02-20 14:00:00+00:00,127.0,22.22,2023-02-20 14:00:00+00:00,2023
2024-02-20 15:00:00+00:00,73.0,17.89,2023-02-20 15:00:00+00:00,2023
2024-02-20 16:00:00+00:00,52.0,11.81,2023-02-20 16:00:00+00:00,2023
2024-02-20 17:00:00+00:00,6.0,4.45,2023-02-20 17:00:00+00:00,2023
2024-02-20 18:00:00+00:00,0.0,0.0,2023-02-20 18:00:00+00:00,2023
2024-02-20 19:00:00+00:00,0.0,0.0,2023-02-20 19:00:00+00:00,2023
2024-02-20 20:00:00+00:00,0.0,0.0,2023-02-20 20:00:00+00:00,2023
2024-02-20 21:00:00+00:00,0.0,0.0,2023-02-20 21:00:00+00:00,2023
2024-02-20 22:00:00+00:00,0.0,0.0,2023-02-20 22:00:00+00:00,2023
2024-02-20 23:00:00+00:00,0.0,0.0,2023-02-20 23:00:00+00:00,2023
2024-02-21 00:00:00+00:00,0.0,0.0,2023-02-21 00:00:00+00:00,2023
2024-02-21 01:00:00+00:00,0.0,0.0,2023-02-21 01:00:00+00:00,2023
2024-02-21 02:00:00+00:00,0.0,0.0,2023-02-21 02:00:00+00:00,2023
2024-02-21 03:00:00+00:00,0.0,0.0,2023-02-21 03:00:00+00:00,2023
2024-02-21 04:00:00+00:00,0.0,0.0,2023-02-21 04:00:00+00:00,2023
2024-02-21 05:00:00+00:00,0.0,0.0,2023-02-21 05:00:00+00:00,2023
2024-02-21 06:00:00+00:00,0.0,0.0,2023-02-21 06:00:00+00:00,2023
2024-02-21 07:00:00+00:00,0.0,0.0,2023-02-21 07:00:00+00:00,2023
2024-02-21 08:00:00+00:00,2.0,3.2,2023-02-21 08:00:00+00:00,2023
2024-02-21 09:00:00+00:00,96.0,10.76,2023-02-21 09:00:00+00:00,2023
2024-02-21 10:00:00+00:00,61.0,17.14,2023-02-21 10:00:00+00:00,2023
2024-02-21 11:00:00+00:00,77.0,21.88,2023-02-21 11:00:00+00:00,2023
2024-02-21 12:00:00+00:00,129.0,24.51,2023-02-21 12:00:00+00:00,2023
2024-02-21 13:00:00+00:00,104.0,24.75,2023-02-21 13:00:00+00:00,2023
2024-02-21 14:00:00+00:00,177.0,22.57,2023-02-21 14:00:00+00:00,2023
2024-02-21 15:00:00+00:00,191.0,18.21,2023-02-21 15:00:00+00:00,2023
2024-02-21 16:00:00+00:00,104.0,12.12,2023-02-21 16:00:00+00:00,2023
2024-02-21 17:00:00+00:00,4.0,4.75,2023-02-21 17:00:00+00:00,2023
2024-02-21 18:00:00+00:00,0.0,0.0,2023-02-21 18:00:00+00:00,2023
2024-02-21 19:00:00+00:00,0.0,0.0,2023-02-21 19:00:00+00:00,2023
2024-02-21 20:00:00+00:00,0.0,0.0,2023-02-21 20:00:00+00:00,2023
2024-02-21 21:00:00+00:00,0.0,0.0,2023-02-21 21:00:00+00:00,2023
2024-02-21 22:00:00+00:00,0.0,0.0,2023-02-21 22:00:00+00:00,2023
2024-02-21 23:00:00+00:00,0.0,0.0,2023-02-21 23:00:00+00:00,2023
2024-02-22 00:00:00+00:00,0.0,0.0,2023-02-22 00:00:00+00:00,2023
2024-02-22 01:00:00+00:00,0.0,0.0,2023-02-22 01:00:00+00:00,2023
2024-02-22 02:00:00+00:00,0.0,0.0,2023-02-22 02:00:00+00:00,2023
2024-02-22 03:00:00+00:00,0.0,0.0,2023-02-22 03:00:00+00:00,2023
2024-02-22 04:00:00+00:00,0.0,0.0,2023-02-22 04:00:00+00:00,2023
2024-02-22 05:00:00+00:00,0.0,0.0,2023-02-22 05:00:00+00:00,2023
2024-02-22 06:00:00+00:00,0.0,0.0,2023-02-22 06:00:00+00:00,2023
2024-02-22 07:00:00+00:00,0.0,0.0,2023-02-22 07:00:00+00:00,2023
2024-02-22 08:00:00+00:00,18.6,3.51,2023-02-22 08:00:00+00:00,2023
2024-02-22 09:00:00+00:00,155.01,11.09,2023-02-22 09:00:00+00:00,2023
2024-02-22 10:00:00+00:00,279.01,17.49,2023-02-22 10:00:00+00:00,2023
2024-02-22 11:00:00+00:00,286.0,22.23,2023-02-22 11:00:00+00:00,2023
2024-02-22 12:00:00+00:00,140.0,24.87,2023-02-22 12:00:00+00:00,2023
2024-02-22 13:00:00+00:00,407.01,25.11,2023-02-22 13:00:00+00:00,2023
2024-02-22 14:00:00+00:00,187.0,22.92,2023-02-22 14:00:00+00:00,2023
2024-02-22 15:00:00+00:00,166.0,18.55,2023-02-22 15:00:00+00:00,2023
2024-02-22 16:00:00+00:00,171.0,12.43,2023-02-22 16:00:00+00:00,2023
2024-02-22 17:00:00+00:00,48.07,5.04,2023-02-22 17:00:00+00:00,2023
2024-02-22 18:00:00+00:00,0.0,0.0,2023-02-22 18:00:00+00:00,2023
2024-02-22 19:00:00+00:00,0.0,0.0,2023-02-22 19:00:00+00:00,2023
2024-02-22 20:00:00+00:00,0.0,0.0,2023-02-22 20:00:00+00:00,2023
2024-02-22 21:00:00+00:00,0.0,0.0,2023-02-22 21:00:00+00:00,2023
2024-02-22 22:00:00+00:00,0.0,0.0,2023-02-22 22:00:00+00:00,2023
2024-02-22 23:00:00+00:00,0.0,0.0,2023-02-22 23:00:00+00:00,2023
2024-02-23 00:00:00+00:00,0.0,0.0,2023-02-23 00:00:00+00:00,2023
2024-02-23 01:00:00+00:00,0.0,0.0,2023-02-23 01:00:00+00:00,2023
2024-02-23 02:00:00+00:00,0.0,0.0,2023-02-23 02:00:00+00:00,2023
2024-02-23 03:00:00+00:00,0.0,0.0,2023-02-23 03:00:00+00:00,2023
2024-02-23 04:00:00+00:00,0.0,0.0,2023-02-23 04:00:00+00:00,2023
2024-02-23 05:00:00+00:00,0.0,0.0,2023-02-23 05:00:00+00:00,2023
2024-02-23 06:00:00+00:00,0.0,0.0,2023-02-23 06:00:00+00:00,2023
2024-02-23 07:00:00+00:00,0.0,0.0,2023-02-23 07:00:00+00:00,2023
2024-02-23 08:00:00+00:00,10.0,3.84,2023-02-23 08:00:00+00:00,2023
2024-02-23 09:00:00+00:00,124.0,11.43,2023-02-23 09:00:00+00:00,2023
2024-02-23 10:00:00+00:00,154.0,17.84,2023-02-23 10:00:00+00:00,2023
2024-02-23 11:00:00+00:00,225.0,22.6,2023-02-23 11:00:00+00:00,2023
2024-02-23 12:00:00+00:00,214.0,25.24,2023-02-23 12:00:00+00:00,2023
2024-02-23 13:00:00+00:00,195.0,25.48,2023-02-23 13:00:00+00:00,2023
2024-02-23 14:00:00+00:00,128.0,23.27,2023-02-23 14:00:00+00:00,2023
2024-02-23 15:00:00+00:00,111.0,18.88,2023-02-23 15:00:00+00:00,2023
2024-02-23 16:00:00+00:00,48.0,12.74,2023-02-23 16:00:00+00:00,2023
2024-02-23 17:00:00+00:00,19.0,5.34,2023-02-23 17:00:00+00:00,2023
2024-02-23 18:00:00+00:00,0.0,0.0,2023-02-23 18:00:00+00:00,2023
2024-02-23 19:00:00+00:00,0.0,0.0,2023-02-23 19:00:00+00:00,2023
2024-02-23 20:00:00+00:00,0.0,0.0,2023-02-23 20:00:00+00:00,2023
2024-02-23 21:00:00+00:00,0.0,0.0,2023-02-23 21:00:00+00:00,2023
2024-02-23 22:00:00+00:00,0.0,0.0,2023-02-23 22:00:00+00:00,2023
2024-02-23 23:00:00+00:00,0.0,0.0,2023-02-23 23:00:00+00:00,2023
2024-02-24 00:00:00+00:00,0.0,0.0,2023-02-24 00:00:00+00:00,2023
2024-02-24 01:00:00+00:00,0.0,0.0,2023-02-24 01:00:00+00:00,2023
2024-02-24 02:00:00+00:00,0.0,0.0,2023-02-24 02:00:00+00:00,2023
2024-02-24 03:00:00+00:00,0.0,0.0,2023-02-24 03:00:00+00:00,2023
2024-02-24 04:00:00+00:00,0.0,0.0,2023-02-24 04:00:00+00:00,2023
2024-02-24 05:00:00+00:00,0.0,0.0,2023-02-24 05:00:00+00:00,2023
2024-02-24 06:00:00+00:00,0.0,0.0,2023-02-24 06:00:00+00:00,2023
2024-02-24 07:00:00+00:00,0.0,0.0,2023-02-24 07:00:00+00:00,2023
2024-02-24 08:00:00+00:00,6.0,4.16,2023-02-24 08:00:00+00:00,2023
2024-02-24 09:00:00+00:00,52.0,11.76,2023-02-24 09:00:00+00:00,2023
2024-02-24 10:00:00+00:00,63.0,18.19,2023-02-24 10:00:00+00:00,2023
2024-02-24 11:00:00+00:00,108.0,22.96,2023-02-24 11:00:00+00:00,2023
2024-02-24 12:00:00+00:00,152.0,25.61,2023-02-24 12:00:00+00:00,2023
2024-02-24 13:00:00+00:00,128.0,25.84,2023-02-24 13:00:00+00:00,2023
2024-02-24 14:00:00+00:00,130.0,23.62,2023-02-24 14:00:00+00:00,2023
2024-02-24 15:00:00+00:00,180.0,19.21,2023-02-24 15:00:00+00:00,2023
2024-02-24 16:00:00+00:00,62.0,13.05,2023-02-24 16:00:00+00:00,2023
2024-02-24 17:00:00+00:00,20.0,5.63,2023-02-24 17:00:00+00:00,2023
2024-02-24 18:00:00+00:00,0.0,0.0,2023-02-24 18:00:00+00:00,2023
2024-02-24 19:00:00+00:00,0.0,0.0,2023-02-24 19:00:00+00:00,2023
2024-02-24 20:00:00+00:00,0.0,0.0,2023-02-24 20:00:00+00:00,2023
2024-02-24 21:00:00+00:00,0.0,0.0,2023-02-24 21:00:00+00:00,2023
2024-02-24 22:00:00+00:00,0.0,0.0,2023-02-24 22:00:00+00:00,2023
2024-02-24 23:00:00+00:00,0.0,0.0,2023-02-24 23:00:00+00:00,2023
2024-02-25 00:00:00+00:00,0.0,0.0,2023-02-25 00:00:00+00:00,2023
2024-02-25 01:00:00+00:00,0.0,0.0,2023-02-25 01:00:00+00:00,2023
2024-02-25 02:00:00+00:00,0.0,0.0,2023-02-25 02:00:00+00:00,2023
2024-02-25 03:00:00+00:00,0.0,0.0,2023-02-25 03:00:00+00:00,2023
2024-02-25 04:00:00+00:00,0.0,0.0,2023-02-25 04:00:00+00:00,2023
2024-02-25 05:00:00+00:00,0.0,0.0,2023-02-25 05:00:00+00:00,2023
2024-02-25 06:00:00+00:00,0.0,0.0,2023-02-25 06:00:00+00:00,2023
2024-02-25 07:00:00+00:00,0.0,0.0,2023-02-25 07:00:00+00:00,2023
2024-02-25 08:00:00+00:00,22.8,4.49,2023-02-25 08:00:00+00:00,2023
2024-02-25 09:00:00+00:00,174.01,12.11,2023-02-25 09:00:00+00:00,2023
2024-02-25 10:00:00+00:00,260.01,18.55,2023-02-25 10:00:00+00:00,2023
2024-02-25 11:00:00+00:00,293.0,23.33,2023-02-25 11:00:00+00:00,2023
2024-02-25 12:00:00+00:00,287.0,25.98,2023-02-25 12:00:00+00:00,2023
2024-02-25 13:00:00+00:00,245.0,26.21,2023-02-25 13:00:00+00:00,2023
2024-02-25 14:00:00+00:00,156.0,23.97,2023-02-25 14:00:00+00:00,2023
2024-02-25 15:00:00+00:00,242.0,19.54,2023-02-25 15:00:00+00:00,2023
2024-02-25 16:00:00+00:00,202.01,13.37,2023-02-25 16:00:00+00:00,2023
2024-02-25 17:00:00+00:00,60.0,5.93,2023-02-25 17:00:00+00:00,2023
2024-02-25 18:00:00+00:00,0.0,0.0,2023-02-25 18:00:00+00:00,2023
2024-02-25 19:00:00+00:00,0.0,0.0,2023-02-25 19:00:00+00:00,2023
2024-02-25 20:00:00+00:00,0.0,0.0,2023-02-25 20:00:00+00:00,2023
2024-02-25 21:00:00+00:00,0.0,0.0,2023-02-25 21:00:00+00:00,2023
2024-02-25 22:00:00+00:00,0.0,0.0,2023-02-25 22:00:00+00:00,2023
2024-02-25 23:00:00+00:00,0.0,0.0,2023-02-25 23:00:00+00:00,2023
2024-02-26 00:00:00+00:00,0.0,0.0,2023-02-26 00:00:00+00:00,2023
2024-02-26 01:00:00+00:00,0.0,0.0,2023-02-26 01:00:00+00:00,2023
2024-02-26 02:00:00+00:00,0.0,0.0,2023-02-26 02:00:00+00:00,2023
2024-02-26 03:00:00+00:00,0.0,0.0,2023-02-26 03:00:00+00:00,2023
2024-02-26 04:00:00+00:00,0.0,0.0,2023-02-26 04:00:00+00:00,2023
2024-02-26 05:00:00+00:00,0.0,0.0,2023-02-26 05:00:00+00:00,2023
2024-02-26 06:00:00+00:00,0.0,0.0,2023-02-26 06:00:00+00:00,2023
2024-02-26 07:00:00+00:00,0.0,0.0,2023-02-26 07:00:00+00:00,2023
2024-02-26 08:00:00+00:00,17.0,4.82,2023-02-26 08:00:00+00:00,2023
2024-02-26 09:00:00+00:00,174.0,12.45,2023-02-26 09:00:00+00:00,2023
2024-02-26 10:00:00+00:00,309.01,18.9,2023-02-26 10:00:00+00:00,2023
2024-02-26 11:00:00+00:00,338.01,23.7,2023-02-26 11:00:00+00:00,2023
2024-02-26 12:00:00+00:00,426.01,26.36,2023-02-26 12:00:00+00:00,2023
2024-02-26 13:00:00+00:00,428.01,26.58,2023-02-26 13:00:00+00:00,2023
2024-02-26 14:00:00+00:00,398.01,24.33,2023-02-26 14:00:00+00:00,2023
2024-02-26 15:00:00+00:00,317.01,19.88,2023-02-26 15:00:00+00:00,2023
2024-02-26 16:00:00+00:00,209.01,13.68,2023-02-26 16:00:00+00:00,2023
2024-02-26 17:00:00+00:00,70.0,6.23,2023-02-26 17:00:00+00:00,2023
2024-02-26 18:00:00+00:00,0.0,0.0,2023-02-26 18:00:00+00:00,2023
2024-02-26 19:00:00+00:00,0.0,0.0,2023-02-26 19:00:00+00:00,2023
2024-02-26 20:00:00+00:00,0.0,0.0,2023-02-26 20:00:00+00:00,2023
2024-02-26 21:00:00+00:00,0.0,0.0,2023-02-26 21:00:00+00:00,2023
2024-02-26 22:00:00+00:00,0.0,0.0,2023-02-26 22:00:00+00:00,2023
2024-02-26 23:00:00+00:00,0.0,0.0,2023-02-26 23:00:00+00:00,2023
2024-02-27 00:00:00+00:00,0.0,0.0,2023-02-27 00:00:00+00:00,2023
2024-02-27 01:00:00+00:00,0.0,0.0,2023-02-27 01:00:00+00:00,2023
2024-02-27 02:00:00+00:00,0.0,0.0,2023-02-27 02:00:00+00:00,2023
2024-02-27 03:00:00+00:00,0.0,0.0,2023-02-27 03:00:00+00:00,2023
2024-02-27 04:00:00+00:00,0.0,0.0,2023-02-27 04:00:00+00:00,2023
2024-02-27 05:00:00+00:00,0.0,0.0,2023-02-27 05:00:00+00:00,2023
2024-02-27 06:00:00+00:00,0.0,0.0,2023-02-27 06:00:00+00:00,2023
2024-02-27 07:00:00+00:00,0.0,0.0,2023-02-27 07:00:00+00:00,2023
2024-02-27 08:00:00+00:00,27.59,5.16,2023-02-27 08:00:00+00:00,2023
2024-02-27 09:00:00+00:00,69.0,12.8,2023-02-27 09:00:00+00:00,2023
2024-02-27 10:00:00+00:00,111.0,19.27,2023-02-27 10:00:00+00:00,2023
2024-02-27 11:00:00+00:00,101.0,24.07,2023-02-27 11:00:00+00:00,2023
2024-02-27 12:00:00+00:00,52.0,26.74,2023-02-27 12:00:00+00:00,2023
2024-02-27 13:00:00+00:00,113.0,26.95,2023-02-27 13:00:00+00:00,2023
2024-02-27 14:00:00+00:00,104.0,24.69,2023-02-27 14:00:00+00:00,2023
2024-02-27 15:00:00+00:00,109.0,20.21,2023-02-27 15:00:00+00:00,2023
2024-02-27 16:00:00+00:00,86.0,13.99,2023-02-27 16:00:00+00:00,2023
2024-02-27 17:00:00+00:00,35.0,6.52,2023-02-27 17:00:00+00:00,2023
2024-02-27 18:00:00+00:00,0.0,0.0,2023-02-27 18:00:00+00:00,2023
2024-02-27 19:00:00+00:00,0.0,0.0,2023-02-27 19:00:00+00:00,2023
2024-02-27 20:00:00+00:00,0.0,0.0,2023-02-27 20:00:00+00:00,2023
2024-02-27 21:00:00+00:00,0.0,0.0,2023-02-27 21:00:00+00:00,2023
2024-02-27 22:00:00+00:00,0.0,0.0,2023-02-27 22:00:00+00:00,2023
2024-02-27 23:00:00+00:00,0.0,0.0,2023-02-27 23:00:00+00:00,2023
2024-02-28 00:00:00+00:00,0.0,0.0,2023-02-28 00:00:00+00:00,2023
2024-02-28 01:00:00+00:00,0.0,0.0,2023-02-28 01:00:00+00:00,2023
2024-02-28 02:00:00+00:00,0.0,0.0,2023-02-28 02:00:00+00:00,2023
2024-02-28 03:00:00+00:00,0.0,0.0,2023-02-28 03:00:00+00:00,2023
2024-02-28 04:00:00+00:00,0.0,0.0,2023-02-28 04:00:00+00:00,2023
2024-02-28 05:00:00+00:00,0.0,0.0,2023-02-28 05:00:00+00:00,2023
2024-02-28 06:00:00+00:00,0.0,0.0,2023-02-28 06:00:00+00:00,2023
2024-02-28 07:00:00+00:00,0.0,0.0,2023-02-28 07:00:00+00:00,2023
2024-02-28 08:00:00+00:00,30.57,5.5,2023-02-28 08:00:00+00:00,2023
2024-02-28 09:00:00+00:00,101.0,13.15,2023-02-28 09:00:00+00:00,2023
2024-02-28 10:00:00+00:00,205.0,19.63,2023-02-28 10:00:00+00:00,2023
2024-02-28 11:00:00+00:00,162.0,24.44,2023-02-28 11:00:00+00:00,2023
2024-02-28 12:00:00+00:00,148.0,27.12,2023-02-28 12:00:00+00:00,2023
2024-02-28 13:00:00+00:00,100.0,27.32,2023-02-28 13:00:00+00:00,2023
2024-02-28 14:00:00+00:00,80.0,25.04,2023-02-28 14:00:00+00:00,2023
2024-02-28 15:00:00+00:00,93.0,20.55,2023-02-28 15:00:00+00:00,2023
2024-02-28 16:00:00+00:00,88.0,14.31,2023-02-28 16:00:00+00:00,2023
2024-02-28 17:00:00+00:00,40.0,6.82,2023-02-28 17:00:00+00:00,2023
2024-02-28 18:00:00+00:00,0.0,0.0,2023-02-28 18:00:00+00:00,2023
2024-02-28 19:00:00+00:00,0.0,0.0,2023-02-28 19:00:00+00:00,2023
2024-02-28 20:00:00+00:00,0.0,0.0,2023-02-28 20:00:00+00:00,2023
2024-02-28 21:00:00+00:00,0.0,0.0,2023-02-28 21:00:00+00:00,2023
2024-02-28 22:00:00+00:00,0.0,0.0,2023-02-28 22:00:00+00:00,2023
2024-02-28 23:00:00+00:00,0.0,0.0,2023-02-28 23:00:00+00:00,2023
2024-02-29 00:00:00+00:00,0.0,0.0,2023-02-28 00:00:00+00:00,2023
2024-02-29 01:00:00+00:00,0.0,0.0,2023-02-28 01:00:00+00:00,2023
2024-02-29 02:00:00+00:00,0.0,0.0,2023-02-28 02:00:00+00:00,2023
2024-02-29 03:00:00+00:00,0.0,0.0,2023-02-28 03:00:00+00:00,2023
2024-02-29 04:00:00+00:00,0.0,0.0,2023-02-28 04:00:00+00:00,2023
2024-02-29 05:00:00+00:00,0.0,0.0,2023-02-28 05:00:00+00:00,2023
2024-02-29 06:00:00+00:00,0.0,0.0,2023-02-28 06:00:00+00:00,2023
2024-02-29 07:00:00+00:00,0.0,0.0,2023-02-28 07:00:00+00:00,2023
2024-02-29 08:00:00+00:00,30.57,5.5,2023-02-28 08:00:00+00:00,2023
2024-02-29 09:00:00+00:00,101.0,13.15,2023-02-28 09:00:00+00:00,2023
2024-02-29 10:00:00+00:00,205.0,19.63,2023-02-28 10:00:00+00:00,2023
2024-02-29 11:00:00+00:00,162.0,24.44,2023-02-28 11:00:00+00:00,2023
2024-02-29 12:00:00+00:00,148.0,27.12,2023-02-28 12:00:00+00:00,2023
2024-02-29 13:00:00+00:00,100.0,27.32,2023-02-28 13:00:00+00:00,2023
2024-02-29 14:00:00+00:00,80.0,25.04,2023-02-28 14:00:00+00:00,2023
2024-02-29 15:00:00+00:00,93.0,20.55,2023-02-28 15:00:00+00:00,2023
2024-02-29 16:00:00+00:00,88.0,14.31,2023-02-28 16:00:00+00:00,2023
2024-02-29 17:00:00+00:00,40.0,6.82,2023-02-28 17:00:00+00:00,2023
2024-02-29 18:00:00+00:00,0.0,0.0,2023-02-28 18:00:00+00:00,2023
2024-02-29 19:00:00+00:00,0.0,0.0,2023-02-28 19:00:00+00:00,2023
2024-02-29 20:00:00+00:00,0.0,0.0,2023-02-28 20:00:00+00:00,2023
2024-02-29 21:00:00+00:00,0.0,0.0,2023-02-28 21:00:00+00:00,2023
2024-02-29 22:00:00+00:00,0.0,0.0,2023-02-28 22:00:00+00:00,2023
2024-02-29 23:00:00+00:00,0.0,0.0,2023-02-28 23:00:00+00:00,2023
2024-03-01 00:00:00+00:00,0.0,0.0,2023-03-01 00:00:00+00:00,2023
2024-03-01 01:00:00+00:00,0.0,0.0,2023-03-01 01:00:00+00:00,2023
2024-03-01 02:00:00+00:00,0.0,0.0,2023-03-01 02:00:00+00:00,2023
2024-03-01 03:00:00+00:00,0.0,0.0,2023-03-01 03:00:00+00:00,2023
2024-03-01 04:00:00+00:00,0.0,0.0,2023-03-01 04:00:00+00:00,2023
2024-03-01 05:00:00+00:00,0.0,0.0,2023-03-01 05:00:00+00:00,2023
2024-03-01 06:00:00+00:00,0.0,0.0,2023-03-01 06:00:00+00:00,2023
2024-03-01 07:00:00+00:00,0.0,0.0,2023-03-01 07:00:00+00:00,2023
2024-03-01 08:00:00+00:00,17.0,5.84,2023-03-01 08:00:00+00:00,2023
2024-03-01 09:00:00+00:00,40.0,13.5,2023-03-01 09:00:00+00:00,2023
2024-03-01 10:00:00+00:00,71.0,20.0,2023-03-01 10:00:00+00:00,2023
2024-03-01 11:00:00+00:00,115.0,24.82,2023-03-01 11:00:00+00:00,2023
2024-03-01 12:00:00+00:00,60.0,27.5,2023-03-01 12:00:00+00:00,2023
2024-03-01 13:00:00+00:00,115.0,27.7,2023-03-01 13:00:00+00:00,2023
2024-03-01 14:00:00+00:00,145.0,25.4,2023-03-01 14:00:00+00:00,2023
2024-03-01 15:00:00+00:00,206.0,20.89,2023-03-01 15:00:00+00:00,2023
2024-03-01 16:00:00+00:00,168.0,14.62,2023-03-01 16:00:00+00:00,2023
2024-03-01 17:00:00+00:00,60.0,7.12,2023-03-01 17:00:00+00:00,2023
2024-03-01 18:00:00+00:00,0.0,0.0,2023-03-01 18:00:00+00:00,2023
2024-03-01 19:00:00+00:00,0.0,0.0,2023-03-01 19:00:00+00:00,2023
2024-03-01 20:00:00+00:00,0.0,0.0,2023-03-01 20:00:00+00:00,2023
2024-03-01 21:00:00+00:00,0.0,0.0,2023-03-01 21:00:00+00:00,2023
2024-03-01 22:00:00+00:00,0.0,0.0,2023-03-01 22:00:00+00:00,2023
2024-03-01 23:00:00+00:00,0.0,0.0,2023-03-01 23:00:00+00:00,2023
2024-03-02 00:00:00+00:00,0.0,0.0,2023-03-02 00:00:00+00:00,2023
2024-03-02 01:00:00+00:00,0.0,0.0,2023-03-02 01:00:00+00:00,2023
2024-03-02 02:00:00+00:00,0.0,0.0,2023-03-02 02:00:00+00:00,2023
2024-03-02 03:00:00+00:00,0.0,0.0,2023-03-02 03:00:00+00:00,2023
2024-03-02 04:00:00+00:00,0.0,0.0,2023-03-02 04:00:00+00:00,2023
2024-03-02 05:00:00+00:00,0.0,0.0,2023-03-02 05:00:00+00:00,2023
2024-03-02 06:00:00+00:00,0.0,0.0,2023-03-02 06:00:00+00:00,2023
2024-03-02 07:00:00+00:00,0.0,0.0,2023-03-02 07:00:00+00:00,2023
2024-03-02 08:00:00+00:00,38.0,6.19,2023-03-02 08:00:00+00:00,2023
2024-03-02 09:00:00+00:00,163.0,13.86,2023-03-02 09:00:00+00:00,2023
2024-03-02 10:00:00+00:00,226.0,20.37,2023-03-02 10:00:00+00:00,2023
2024-03-02 11:00:00+00:00,294.0,25.2,2023-03-02 11:00:00+00:00,2023
2024-03-02 12:00:00+00:00,118.0,27.88,2023-03-02 12:00:00+00:00,2023
2024-03-02 13:00:00+00:00,262.0,28.08,2023-03-02 13:00:00+00:00,2023
2024-03-02 14:00:00+00:00,142.0,25.76,2023-03-02 14:00:00+00:00,2023
2024-03-02 15:00:00+00:00,111.0,21.22,2023-03-02 15:00:00+00:00,2023
2024-03-02 16:00:00+00:00,102.0,14.94,2023-03-02 16:00:00+00:00,2023
2024-03-02 17:00:00+00:00,45.0,7.41,2023-03-02 17:00:00+00:00,2023
2024-03-02 18:00:00+00:00,0.0,0.0,2023-03-02 18:00:00+00:00,2023
2024-03-02 19:00:00+00:00,0.0,0.0,2023-03-02 19:00:00+00:00,2023
2024-03-02 20:00:00+00:00,0.0,0.0,2023-03-02 20:00:00+00:00,2023
2024-03-02 21:00:00+00:00,0.0,0.0,2023-03-02 21:00:00+00:00,2023
2024-03-02 22:00:00+00:00,0.0,0.0,2023-03-02 22:00:00+00:00,2023
2024-03-02 23:00:00+00:00,0.0,0.0,2023-03-02 23:00:00+00:00,2023
2024-03-03 00:00:00+00:00,0.0,0.0,2023-03-03 00:00:00+00:00,2023
2024-03-03 01:00:00+00:00,0.0,0.0,2023-03-03 01:00:00+00:00,2023
2024-03-03 02:00:00+00:00,0.0,0.0,2023-03-03 02:00:00+00:00,2023
2024-03-03 03:00:00+00:00,0.0,0.0,2023-03-03 03:00:00+00:00,2023
2024-03-03 04:00:00+00:00,0.0,0.0,2023-03-03 04:00:00+00:00,2023
2024-03-03 05:00:00+00:00,0.0,0.0,2023-03-03 05:00:00+00:00,2023
2024-03-03 06:00:00+00:00,0.0,0.0,2023-03-03 06:00:00+00:00,2023
2024-03-03 07:00:00+00:00,0.0,0.0,2023-03-03 07:00:00+00:00,2023
2024-03-03 08:00:00+00:00,36.0,6.53,2023-03-03 08:00:00+00:00,2023
2024-03-03 09:00:00+00:00,76.0,14.22,2023-03-03 09:00:00+00:00,2023
2024-03-03 10:00:00+00:00,114.0,20.74,2023-03-03 10:00:00+00:00,2023
2024-03-03 11:00:00+00:00,155.0,25.59,2023-03-03 11:00:00+00:00,2023
2024-03-03 12:00:00+00:00,75.0,28.27,2023-03-03 12:00:00+00:00,2023
2024-03-03 13:00:00+00:00,116.0,28.46,2023-03-03 13:00:00+00:00,2023
2024-03-03 14:00:00+00:00,107.0,26.12,2023-03-03 14:00:00+00:00,2023
2024-03-03 15:00:00+00:00,90.0,21.56,2023-03-03 15:00:00+00:00,2023
2024-03-03 16:00:00+00:00,80.0,15.25,2023-03-03 16:00:00+00:00,2023
2024-03-03 17:00:00+00:00,39.0,7.71,2023-03-03 17:00:00+00:00,2023
2024-03-03 18:00:00+00:00,0.0,0.0,2023-03-03 18:00:00+00:00,2023
2024-03-03 19:00:00+00:00,0.0,0.0,2023-03-03 19:00:00+00:00,2023
2024-03-03 20:00:00+00:00,0.0,0.0,2023-03-03 20:00:00+00:00,2023
2024-03-03 21:00:00+00:00,0.0,0.0,2023-03-03 21:00:00+00:00,2023
2024-03-03 22:00:00+00:00,0.0,0.0,2023-03-03 22:00:00+00:00,2023
2024-03-03 23:00:00+00:00,0.0,0.0,2023-03-03 23:00:00+00:00,2023
2024-03-04 00:00:00+00:00,0.0,0.0,2023-03-04 00:00:00+00:00,2023
2024-03-04 01:00:00+00:00,0.0,0.0,2023-03-04 01:00:00+00:00,2023
2024-03-04 02:00:00+00:00,0.0,0.0,2023-03-04 02:00:00+00:00,2023
2024-03-04 03:00:00+00:00,0.0,0.0,2023-03-04 03:00:00+00:00,2023
2024-03-04 04:00:00+00:00,0.0,0.0,2023-03-04 04:00:00+00:00,2023
2024-03-04 05:00:00+00:00,0.0,0.0,2023-03-04 05:00:00+00:00,2023
2024-03-04 06:00:00+00:00,0.0,0.0,2023-03-04 06:00:00+00:00,2023
2024-03-04 07:00:00+00:00,0.0,0.0,2023-03-04 07:00:00+00:00,2023
2024-03-04 08:00:00+00:00,37.0,6.88,2023-03-04 08:00:00+00:00,2023
2024-03-04 09:00:00+00:00,71.0,14.58,2023-03-04 09:00:00+00:00,2023
2024-03-04 10:00:00+00:00,97.0,21.11,2023-03-04 10:00:00+00:00,2023
2024-03-04 11:00:00+00:00,107.0,25.97,2023-03-04 11:00:00+00:00,2023
2024-03-04 12:00:00+00:00,62.0,28.66,2023-03-04 12:00:00+00:00,2023
2024-03-04 13:00:00+00:00,139.0,28.84,2023-03-04 13:00:00+00:00,2023
2024-03-04 14:00:00+00:00,164.0,26.48,2023-03-04 14:00:00+00:00,2023
2024-03-04 15:00:00+00:00,161.0,21.9,2023-03-04 15:00:00+00:00,2023
2024-03-04 16:00:00+00:00,51.0,15.57,2023-03-04 16:00:00+00:00,2023
2024-03-04 17:00:00+00:00,26.0,8.01,2023-03-04 17:00:00+00:00,2023
2024-03-04 18:00:00+00:00,0.0,0.0,2023-03-04 18:00:00+00:00,2023
2024-03-04 19:00:00+00:00,0.0,0.0,2023-03-04 19:00:00+00:00,2023
2024-03-04 20:00:00+00:00,0.0,0.0,2023-03-04 20:00:00+00:00,2023
2024-03-04 21:00:00+00:00,0.0,0.0,2023-03-04 21:00:00+00:00,2023
2024-03-04 22:00:00+00:00,0.0,0.0,2023-03-04 22:00:00+00:00,2023
2024-03-04 23:00:00+00:00,0.0,0.0,2023-03-04 23:00:00+00:00,2023
2024-03-05 00:00:00+00:00,0.0,0.0,2023-03-05 00:00:00+00:00,2023
2024-03-05 01:00:00+00:00,0.0,0.0,2023-03-05 01:00:00+00:00,2023
2024-03-05 02:00:00+00:00,0.0,0.0,2023-03-05 02:00:00+00:00,2023
2024-03-05 03:00:00+00:00,0.0,0.0,2023-03-05 03:00:00+00:00,2023
2024-03-05 04:00:00+00:00,0.0,0.0,2023-03-05 04:00:00+00:00,2023
2024-03-05 05:00:00+00:00,0.0,0.0,2023-03-05 05:00:00+00:00,2023
2024-03-05 06:00:00+00:00,0.0,0.0,2023-03-05 06:00:00+00:00,2023
2024-03-05 07:00:00+00:00,0.0,0.0,2023-03-05 07:00:00+00:00,2023
2024-03-05 08:00:00+00:00,75.0,7.24,2023-03-05 08:00:00+00:00,2023
2024-03-05 09:00:00+00:00,132.0,14.94,2023-03-05 09:00:00+00:00,2023
2024-03-05 10:00:00+00:00,264.0,21.49,2023-03-05 10:00:00+00:00,2023
2024-03-05 11:00:00+00:00,280.0,26.36,2023-03-05 11:00:00+00:00,2023
2024-03-05 12:00:00+00:00,406.01,29.05,2023-03-05 12:00:00+00:00,2023
2024-03-05 13:00:00+00:00,459.01,29.22,2023-03-05 13:00:00+00:00,2023
2024-03-05 14:00:00+00:00,393.01,26.85,2023-03-05 14:00:00+00:00,2023
2024-03-05 15:00:00+00:00,192.0,22.24,2023-03-05 15:00:00+00:00,2023
2024-03-05 16:00:00+00:00,245.01,15.89,2023-03-05 16:00:00+00:00,2023
2024-03-05 17:00:00+00:00,104.0,8.31,2023-03-05 17:00:00+00:00,2023
2024-03-05 18:00:00+00:00,0.0,0.0,2023-03-05 18:00:00+00:00,2023
2024-03-05 19:00:00+00:00,0.0,0.0,2023-03-05 19:00:00+00:00,2023
2024-03-05 20:00:00+00:00,0.0,0.0,2023-03-05 20:00:00+00:00,2023
2024-03-05 21:00:00+00:00,0.0,0.0,2023-03-05 21:00:00+00:00,2023
2024-03-05 22:00:00+00:00,0.0,0.0,2023-03-05 22:00:00+00:00,2023
2024-03-05 23:00:00+00:00,0.0,0.0,2023-03-05 23:00:00+00:00,2023
2024-03-06 00:00:00+00:00,0.0,0.0,2023-03-06 00:00:00+00:00,2023
2024-03-06 01:00:00+00:00,0.0,0.0,2023-03-06 01:00:00+00:00,2023
2024-03-06 02:00:00+00:00,0.0,0.0,2023-03-06 02:00:00+00:00,2023
2024-03-06 03:00:00+00:00,0.0,0.0,2023-03-06 03:00:00+00:00,2023
2024-03-06 04:00:00+00:00,0.0,0.0,2023-03-06 04:00:00+00:00,2023
2024-03-06 05:00:00+00:00,0.0,0.0,2023-03-06 05:00:00+00:00,2023
2024-03-06 06:00:00+00:00,0.0,0.0,2023-03-06 06:00:00+00:00,2023
2024-03-06 07:00:00+00:00,0.0,0.0,2023-03-06 07:00:00+00:00,2023
2024-03-06 08:00:00+00:00,58.0,7.59,2023-03-06 08:00:00+00:00,2023
2024-03-06 09:00:00+00:00,85.0,15.31,2023-03-06 09:00:00+00:00,2023
2024-03-06 10:00:00+00:00,219.0,21.87,2023-03-06 10:00:00+00:00,2023
2024-03-06 11:00:00+00:00,172.0,26.75,2023-03-06 11:00:00+00:00,2023
2024-03-06 12:00:00+00:00,367.0,29.44,2023-03-06 12:00:00+00:00,2023
2024-03-06 13:00:00+00:00,280.0,29.6,2023-03-06 13:00:00+00:00,2023
2024-03-06 14:00:00+00:00,280.0,27.21,2023-03-06 14:00:00+00:00,2023
2024-03-06 15:00:00+00:00,147.0,22.58,2023-03-06 15:00:00+00:00,2023
2024-03-06 16:00:00+00:00,98.0,16.2,2023-03-06 16:00:00+00:00,2023
2024-03-06 17:00:00+00:00,65.0,8.6,2023-03-06 17:00:00+00:00,2023
2024-03-06 18:00:00+00:00,0.0,0.0,2023-03-06 18:00:00+00:00,2023
2024-03-06 19:00:00+00:00,0.0,0.0,2023-03-06 19:00:00+00:00,2023
2024-03-06 20:00:00+00:00,0.0,0.0,2023-03-06 20:00:00+00:00,2023
2024-03-06 21:00:00+00:00,0.0,0.0,2023-03-06 21:00:00+00:00,2023
2024-03-06 22:00:00+00:00,0.0,0.0,2023-03-06 22:00:00+00:00,2023
2024-03-06 23:00:00+00:00,0.0,0.0,2023-03-06 23:00:00+00:00,2023
2024-03-07 00:00:00+00:00,0.0,0.0,2023-03-07 00:00:00+00:00,2023
2024-03-07 01:00:00+00:00,0.0,0.0,2023-03-07 01:00:00+00:00,2023
2024-03-07 02:00:00+00:00,0.0,0.0,2023-03-07 02:00:00+00:00,2023
2024-03-07 03:00:00+00:00,0.0,0.0,2023-03-07 03:00:00+00:00,2023
2024-03-07 04:00:00+00:00,0.0,0.0,2023-03-07 04:00:00+00:00,2023
2024-03-07 05:00:00+00:00,0.0,0.0,2023-03-07 05:00:00+00:00,2023
2024-03-07 06:00:00+00:00,0.0,0.0,2023-03-07 06:00:00+00:00,2023
2024-03-07 07:00:00+00:00,0.0,0.0,2023-03-07 07:00:00+00:00,2023
2024-03-07 08:00:00+00:00,105.0,7.95,2023-03-07 08:00:00+00:00,2023
2024-03-07 09:00:00+00:00,238.01,15.68,2023-03-07 09:00:00+00:00,2023
2024-03-07 10:00:00+00:00,379.01,22.25,2023-03-07 10:00:00+00:00,2023
2024-03-07 11:00:00+00:00,463.01,27.14,2023-03-07 11:00:00+00:00,2023
2024-03-07 12:00:00+00:00,259.0,29.83,2023-03-07 12:00:00+00:00,2023
2024-03-07 13:00:00+00:00,529.01,29.98,2023-03-07 13:00:00+00:00,2023
2024-03-07 14:00:00+00:00,454.01,27.57,2023-03-07 14:00:00+00:00,2023
2024-03-07 15:00:00+00:00,360.01,22.92,2023-03-07 15:00:00+00:00,2023
2024-03-07 16:00:00+00:00,244.01,16.52,2023-03-07 16:00:00+00:00,2023
2024-03-07 17:00:00+00:00,43.0,8.9,2023-03-07 17:00:00+00:00,2023
2024-03-07 18:00:00+00:00,0.0,0.0,2023-03-07 18:00:00+00:00,2023
2024-03-07 19:00:00+00:00,0.0,0.0,2023-03-07 19:00:00+00:00,2023
2024-03-07 20:00:00+00:00,0.0,0.0,2023-03-07 20:00:00+00:00,2023
2024-03-07 21:00:00+00:00,0.0,0.0,2023-03-07 21:00:00+00:00,2023
2024-03-07 22:00:00+00:00,0.0,0.0,2023-03-07 22:00:00+00:00,2023
2024-03-07 23:00:00+00:00,0.0,0.0,2023-03-07 23:00:00+00:00,2023
2024-03-08 00:00:00+00:00,0.0,0.0,2023-03-08 00:00:00+00:00,2023
2024-03-08 01:00:00+00:00,0.0,0.0,2023-03-08 01:00:00+00:00,2023
2024-03-08 02:00:00+00:00,0.0,0.0,2023-03-08 02:00:00+00:00,2023
2024-03-08 03:00:00+00:00,0.0,0.0,2023-03-08 03:00:00+00:00,2023
2024-03-08 04:00:00+00:00,0.0,0.0,2023-03-08 04:00:00+00:00,2023
2024-03-08 05:00:00+00:00,0.0,0.0,2023-03-08 05:00:00+00:00,2023
2024-03-08 06:00:00+00:00,0.0,0.0,2023-03-08 06:00:00+00:00,2023
2024-03-08 07:00:00+00:00,0.0,0.0,2023-03-08 07:00:00+00:00,2023
2024-03-08 08:00:00+00:00,108.0,8.31,2023-03-08 08:00:00+00:00,2023
2024-03-08 09:00:00+00:00,257.01,16.05,2023-03-08 09:00:00+00:00,2023
2024-03-08 10:00:00+00:00,370.01,22.63,2023-03-08 10:00:00+00:00,2023
2024-03-08 11:00:00+00:00,461.01,27.53,2023-03-08 11:00:00+00:00,2023
2024-03-08 12:00:00+00:00,535.01,30.22,2023-03-08 12:00:00+00:00,2023
2024-03-08 13:00:00+00:00,537.01,30.37,2023-03-08 13:00:00+00:00,2023
2024-03-08 14:00:00+00:00,481.01,27.94,2023-03-08 14:00:00+00:00,2023
2024-03-08 15:00:00+00:00,375.01,23.26,2023-03-08 15:00:00+00:00,2023
2024-03-08 16:00:00+00:00,261.01,16.83,2023-03-08 16:00:00+00:00,2023
2024-03-08 17:00:00+00:00,117.0,9.2,2023-03-08 17:00:00+00:00,2023
2024-03-08 18:00:00+00:00,0.0,0.0,2023-03-08 18:00:00+00:00,2023
2024-03-08 19:00:00+00:00,0.0,0.0,2023-03-08 19:00:00+00:00,2023
2024-03-08 20:00:00+00:00,0.0,0.0,2023-03-08 20:00:00+00:00,2023
2024-03-08 21:00:00+00:00,0.0,0.0,2023-03-08 21:00:00+00:00,2023
2024-03-08 22:00:00+00:00,0.0,0.0,2023-03-08 22:00:00+00:00,2023
2024-03-08 23:00:00+00:00,0.0,0.0,2023-03-08 23:00:00+00:00,2023
2024-03-09 00:00:00+00:00,0.0,0.0,2023-03-09 00:00:00+00:00,2023
2024-03-09 01:00:00+00:00,0.0,0.0,2023-03-09 01:00:00+00:00,2023
2024-03-09 02:00:00+00:00,0.0,0.0,2023-03-09 02:00:00+00:00,2023
2024-03-09 03:00:00+00:00,0.0,0.0,2023-03-09 03:00:00+00:00,2023
2024-03-09 04:00:00+00:00,0.0,0.0,2023-03-09 04:00:00+00:00,2023
2024-03-09 05:00:00+00:00,0.0,0.0,2023-03-09 05:00:00+00:00,2023
2024-03-09 06:00:00+00:00,0.0,0.0,2023-03-09 06:00:00+00:00,2023
2024-03-09 07:00:00+00:00,0.0,0.0,2023-03-09 07:00:00+00:00,2023
2024-03-09 08:00:00+00:00,56.0,8.67,2023-03-09 08:00:00+00:00,2023
2024-03-09 09:00:00+00:00,115.0,16.42,2023-03-09 09:00:00+00:00,2023
2024-03-09 10:00:00+00:00,177.0,23.01,2023-03-09 10:00:00+00:00,2023
2024-03-09 11:00:00+00:00,100.0,27.92,2023-03-09 11:00:00+00:00,2023
2024-03-09 12:00:00+00:00,157.0,30.62,2023-03-09 12:00:00+00:00,2023
2024-03-09 13:00:00+00:00,191.0,30.75,2023-03-09 13:00:00+00:00,2023
2024-03-09 14:00:00+00:00,139.0,28.3,2023-03-09 14:00:00+00:00,2023
2024-03-09 15:00:00+00:00,81.0,23.6,2023-03-09 15:00:00+00:00,2023
2024-03-09 16:00:00+00:00,76.0,17.15,2023-03-09 16:00:00+00:00,2023
2024-03-09 17:00:00+00:00,21.0,9.49,2023-03-09 17:00:00+00:00,2023
2024-03-09 18:00:00+00:00,0.0,0.0,2023-03-09 18:00:00+00:00,2023
2024-03-09 19:00:00+00:00,0.0,0.0,2023-03-09 19:00:00+00:00,2023
2024-03-09 20:00:00+00:00,0.0,0.0,2023-03-09 20:00:00+00:00,2023
2024-03-09 21:00:00+00:00,0.0,0.0,2023-03-09 21:00:00+00:00,2023
2024-03-09 22:00:00+00:00,0.0,0.0,2023-03-09 22:00:00+00:00,2023
2024-03-09 23:00:00+00:00,0.0,0.0,2023-03-09 23:00:00+00:00,2023
2024-03-10 00:00:00+00:00,0.0,0.0,2023-03-10 00:00:00+00:00,2023
2024-03-10 01:00:00+00:00,0.0,0.0,2023-03-10 01:00:00+00:00,2023
2024-03-10 02:00:00+00:00,0.0,0.0,2023-03-10 02:00:00+00:00,2023
2024-03-10 03:00:00+00:00,0.0,0.0,2023-03-10 03:00:00+00:00,2023
2024-03-10 04:00:00+00:00,0.0,0.0,2023-03-10 04:00:00+00:00,2023
2024-03-10 05:00:00+00:00,0.0,0.0,2023-03-10 05:00:00+00:00,2023
2024-03-10 06:00:00+00:00,0.0,0.0,2023-03-10 06:00:00+00:00,2023
2024-03-10 07:00:00+00:00,0.0,0.0,2023-03-10 07:00:00+00:00,2023
2024-03-10 08:00:00+00:00,113.0,9.03,2023-03-10 08:00:00+00:00,2023
2024-03-10 09:00:00+00:00,262.01,16.79,2023-03-10 09:00:00+00:00,2023
2024-03-10 10:00:00+00:00,381.01,23.4,2023-03-10 10:00:00+00:00,2023
2024-03-10 11:00:00+00:00,464.01,28.32,2023-03-10 11:00:00+00:00,2023
2024-03-10 12:00:00+00:00,527.01,31.01,2023-03-10 12:00:00+00:00,2023
2024-03-10 13:00:00+00:00,538.01,31.14,2023-03-10 13:00:00+00:00,2023
2024-03-10 14:00:00+00:00,496.01,28.67,2023-03-10 14:00:00+00:00,2023
2024-03-10 15:00:00+00:00,397.01,23.93,2023-03-10 15:00:00+00:00,2023
2024-03-10 16:00:00+00:00,282.01,17.46,2023-03-10 16:00:00+00:00,2023
2024-03-10 17:00:00+00:00,52.0,9.79,2023-03-10 17:00:00+00:00,2023
2024-03-10 18:00:00+00:00,0.0,0.0,2023-03-10 18:00:00+00:00,2023
2024-03-10 19:00:00+00:00,0.0,0.0,2023-03-10 19:00:00+00:00,2023
2024-03-10 20:00:00+00:00,0.0,0.0,2023-03-10 20:00:00+00:00,2023
2024-03-10 21:00:00+00:00,0.0,0.0,2023-03-10 21:00:00+00:00,2023
2024-03-10 22:00:00+00:00,0.0,0.0,2023-03-10 22:00:00+00:00,2023
2024-03-10 23:00:00+00:00,0.0,0.0,2023-03-10 23:00:00+00:00,2023
2024-03-11 00:00:00+00:00,0.0,0.0,2023-03-11 00:00:00+00:00,2023
2024-03-11 01:00:00+00:00,0.0,0.0,2023-03-11 01:00:00+00:00,2023
2024-03-11 02:00:00+00:00,0.0,0.0,2023-03-11 02:00:00+00:00,2023
2024-03-11 03:00:00+00:00,0.0,0.0,2023-03-11 03:00:00+00:00,2023
2024-03-11 04:00:00+00:00,0.0,0.0,2023-03-11 04:00:00+00:00,2023
2024-03-11 05:00:00+00:00,0.0,0.0,2023-03-11 05:00:00+00:00,2023
2024-03-11 06:00:00+00:00,0.0,0.0,2023-03-11 06:00:00+00:00,2023
2024-03-11 07:00:00+00:00,0.0,0.0,2023-03-11 07:00:00+00:00,2023
2024-03-11 08:00:00+00:00,30.0,9.4,2023-03-11 08:00:00+00:00,2023
2024-03-11 09:00:00+00:00,54.0,17.17,2023-03-11 09:00:00+00:00,2023
2024-03-11 10:00:00+00:00,125.0,23.79,2023-03-11 10:00:00+00:00,2023
2024-03-11 11:00:00+00:00,147.0,28.71,2023-03-11 11:00:00+00:00,2023
2024-03-11 12:00:00+00:00,110.0,31.41,2023-03-11 12:00:00+00:00,2023
2024-03-11 13:00:00+00:00,69.0,31.52,2023-03-11 13:00:00+00:00,2023
2024-03-11 14:00:00+00:00,93.0,29.03,2023-03-11 14:00:00+00:00,2023
2024-03-11 15:00:00+00:00,136.0,24.27,2023-03-11 15:00:00+00:00,2023
2024-03-11 16:00:00+00:00,103.0,17.77,2023-03-11 16:00:00+00:00,2023
2024-03-11 17:00:00+00:00,52.0,10.08,2023-03-11 17:00:00+00:00,2023
2024-03-11 18:00:00+00:00,0.0,0.0,2023-03-11 18:00:00+00:00,2023
2024-03-11 19:00:00+00:00,0.0,0.0,2023-03-11 19:00:00+00:00,2023
2024-03-11 20:00:00+00:00,0.0,0.0,2023-03-11 20:00:00+00:00,2023
2024-03-11 21:00:00+00:00,0.0,0.0,2023-03-11 21:00:00+00:00,2023
2024-03-11 22:00:00+00:00,0.0,0.0,2023-03-11 22:00:00+00:00,2023
2024-03-11 23:00:00+00:00,0.0,0.0,2023-03-11 23:00:00+00:00,2023
2024-03-12 00:00:00+00:00,0.0,0.0,2023-03-12 00:00:00+00:00,2023
2024-03-12 01:00:00+00:00,0.0,0.0,2023-03-12 01:00:00+00:00,2023
2024-03-12 02:00:00+00:00,0.0,0.0,2023-03-12 02:00:00+00:00,2023
2024-03-12 03:00:00+00:00,0.0,0.0,2023-03-12 03:00:00+00:00,2023
2024-03-12 04:00:00+00:00,0.0,0.0,2023-03-12 04:00:00+00:00,2023
2024-03-12 05:00:00+00:00,0.0,0.0,2023-03-12 05:00:00+00:00,2023
2024-03-12 06:00:00+00:00,0.0,0.0,2023-03-12 06:00:00+00:00,2023
2024-03-12 07:00:00+00:00,0.0,0.0,2023-03-12 07:00:00+00:00,2023
2024-03-12 08:00:00+00:00,29.0,9.76,2023-03-12 08:00:00+00:00,2023
2024-03-12 09:00:00+00:00,51.0,17.54,2023-03-12 09:00:00+00:00,2023
2024-03-12 10:00:00+00:00,85.0,24.17,2023-03-12 10:00:00+00:00,2023
2024-03-12 11:00:00+00:00,269.0,29.11,2023-03-12 11:00:00+00:00,2023
2024-03-12 12:00:00+00:00,213.0,31.81,2023-03-12 12:00:00+00:00,2023
2024-03-12 13:00:00+00:00,155.0,31.91,2023-03-12 13:00:00+00:00,2023
2024-03-12 14:00:00+00:00,246.0,29.4,2023-03-12 14:00:00+00:00,2023
2024-03-12 15:00:00+00:00,189.0,24.61,2023-03-12 15:00:00+00:00,2023
2024-03-12 16:00:00+00:00,50.0,18.09,2023-03-12 16:00:00+00:00,2023
2024-03-12 17:00:00+00:00,24.0,10.38,2023-03-12 17:00:00+00:00,2023
2024-03-12 18:00:00+00:00,1.0,1.96,2023-03-12 18:00:00+00:00,2023
2024-03-12 19:00:00+00:00,0.0,0.0,2023-03-12 19:00:00+00:00,2023
2024-03-12 20:00:00+00:00,0.0,0.0,2023-03-12 20:00:00+00:00,2023
2024-03-12 21:00:00+00:00,0.0,0.0,2023-03-12 21:00:00+00:00,2023
2024-03-12 22:00:00+00:00,0.0,0.0,2023-03-12 22:00:00+00:00,2023
2024-03-12 23:00:00+00:00,0.0,0.0,2023-03-12 23:00:00+00:00,2023
2024-03-13 00:00:00+00:00,0.0,0.0,2023-03-13 00:00:00+00:00,2023
2024-03-13 01:00:00+00:00,0.0,0.0,2023-03-13 01:00:00+00:00,2023
2024-03-13 02:00:00+00:00,0.0,0.0,2023-03-13 02:00:00+00:00,2023
2024-03-13 03:00:00+00:00,0.0,0.0,2023-03-13 03:00:00+00:00,2023
2024-03-13 04:00:00+00:00,0.0,0.0,2023-03-13 04:00:00+00:00,2023
2024-03-13 05:00:00+00:00,0.0,0.0,2023-03-13 05:00:00+00:00,2023
2024-03-13 06:00:00+00:00,0.0,0.0,2023-03-13 06:00:00+00:00,2023
2024-03-13 07:00:00+00:00,1.0,1.68,2023-03-13 07:00:00+00:00,2023
2024-03-13 08:00:00+00:00,20.0,10.13,2023-03-13 08:00:00+00:00,2023
2024-03-13 09:00:00+00:00,83.0,17.92,2023-03-13 09:00:00+00:00,2023
2024-03-13 10:00:00+00:00,93.0,24.56,2023-03-13 10:00:00+00:00,2023
2024-03-13 11:00:00+00:00,107.0,29.51,2023-03-13 11:00:00+00:00,2023
2024-03-13 12:00:00+00:00,174.0,32.21,2023-03-13 12:00:00+00:00,2023
2024-03-13 13:00:00+00:00,169.0,32.3,2023-03-13 13:00:00+00:00,2023
2024-03-13 14:00:00+00:00,302.0,29.76,2023-03-13 14:00:00+00:00,2023
2024-03-13 15:00:00+00:00,320.0,24.95,2023-03-13 15:00:00+00:00,2023
2024-03-13 16:00:00+00:00,261.0,18.4,2023-03-13 16:00:00+00:00,2023
2024-03-13 17:00:00+00:00,133.0,10.67,2023-03-13 17:00:00+00:00,2023
2024-03-13 18:00:00+00:00,5.0,2.25,2023-03-13 18:00:00+00:00,2023
2024-03-13 19:00:00+00:00,0.0,0.0,2023-03-13 19:00:00+00:00,2023
2024-03-13 20:00:00+00:00,0.0,0.0,2023-03-13 20:00:00+00:00,2023
2024-03-13 21:00:00+00:00,0.0,0.0,2023-03-13 21:00:00+00:00,2023
2024-03-13 22:00:00+00:00,0.0,0.0,2023-03-13 22:00:00+00:00,2023
2024-03-13 23:00:00+00:00,0.0,0.0,2023-03-13 23:00:00+00:00,2023
2024-03-14 00:00:00+00:00,0.0,0.0,2023-03-14 00:00:00+00:00,2023
2024-03-14 01:00:00+00:00,0.0,0.0,2023-03-14 01:00:00+00:00,2023
2024-03-14 02:00:00+00:00,0.0,0.0,2023-03-14 02:00:00+00:00,2023
2024-03-14 03:00:00+00:00,0.0,0.0,2023-03-14 03:00:00+00:00,2023
2024-03-14 04:00:00+00:00,0.0,0.0,2023-03-14 04:00:00+00:00,2023
2024-03-14 05:00:00+00:00,0.0,0.0,2023-03-14 05:00:00+00:00,2023
2024-03-14 06:00:00+00:00,0.0,0.0,2023-03-14 06:00:00+00:00,2023
2024-03-14 07:00:00+00:00,2.0,2.04,2023-03-14 07:00:00+00:00,2023
2024-03-14 08:00:00+00:00,95.0,10.5,2023-03-14 08:00:00+00:00,2023
2024-03-14 09:00:00+00:00,138.0,18.3,2023-03-14 09:00:00+00:00,2023
2024-03-14 10:00:00+00:00,369.01,24.95,2023-03-14 10:00:00+00:00,2023
2024-03-14 11:00:00+00:00,80.0,29.91,2023-03-14 11:00:00+00:00,2023
2024-03-14 12:00:00+00:00,86.0,32.61,2023-03-14 12:00:00+00:00,2023
2024-03-14 13:00:00+00:00,558.01,32.69,2023-03-14 13:00:00+00:00,2023
2024-03-14 14:00:00+00:00,437.01,30.13,2023-03-14 14:00:00+00:00,2023
2024-03-14 15:00:00+00:00,407.01,25.29,2023-03-14 15:00:00+00:00,2023
2024-03-14 16:00:00+00:00,293.01,18.71,2023-03-14 16:00:00+00:00,2023
2024-03-14 17:00:00+00:00,156.0,10.96,2023-03-14 17:00:00+00:00,2023
2024-03-14 18:00:00+00:00,9.85,2.53,2023-03-14 18:00:00+00:00,2023
2024-03-14 19:00:00+00:00,0.0,0.0,2023-03-14 19:00:00+00:00,2023
2024-03-14 20:00:00+00:00,0.0,0.0,2023-03-14 20:00:00+00:00,2023
2024-03-14 21:00:00+00:00,0.0,0.0,2023-03-14 21:00:00+00:00,2023
2024-03-14 22:00:00+00:00,0.0,0.0,2023-03-14 22:00:00+00:00,2023
2024-03-14 23:00:00+00:00,0.0,0.0,2023-03-14 23:00:00+00:00,2023
2024-03-15 00:00:00+00:00,0.0,0.0,2023-03-15 00:00:00+00:00,2023
2024-03-15 01:00:00+00:00,0.0,0.0,2023-03-15 01:00:00+00:00,2023
2024-03-15 02:00:00+00:00,0.0,0.0,2023-03-15 02:00:00+00:00,2023
2024-03-15 03:00:00+00:00,0.0,0.0,2023-03-15 03:00:00+00:00,2023
2024-03-15 04:00:00+00:00,0.0,0.0,2023-03-15 04:00:00+00:00,2023
2024-03-15 05:00:00+00:00,0.0,0.0,2023-03-15 05:00:00+00:00,2023
2024-03-15 06:00:00+00:00,0.0,0.0,2023-03-15 06:00:00+00:00,2023
2024-03-15 07:00:00+00:00,1.0,2.4,2023-03-15 07:00:00+00:00,2023
2024-03-15 08:00:00+00:00,26.0,10.87,2023-03-15 08:00:00+00:00,2023
2024-03-15 09:00:00+00:00,72.0,18.68,2023-03-15 09:00:00+00:00,2023
2024-03-15 10:00:00+00:00,116.0,25.34,2023-03-15 10:00:00+00:00,2023
2024-03-15 11:00:00+00:00,107.0,30.31,2023-03-15 11:00:00+00:00,2023
2024-03-15 12:00:00+00:00,109.0,33.01,2023-03-15 12:00:00+00:00,2023
2024-03-15 13:00:00+00:00,100.0,33.07,2023-03-15 13:00:00+00:00,2023
2024-03-15 14:00:00+00:00,73.0,30.49,2023-03-15 14:00:00+00:00,2023
2024-03-15 15:00:00+00:00,104.0,25.62,2023-03-15 15:00:00+00:00,2023
2024-03-15 16:00:00+00:00,89.0,19.02,2023-03-15 16:00:00+00:00,2023
2024-03-15 17:00:00+00:00,26.0,11.26,2023-03-15 17:00:00+00:00,2023
2024-03-15 18:00:00+00:00,4.0,2.81,2023-03-15 18:00:00+00:00,2023
2024-03-15 19:00:00+00:00,0.0,0.0,2023-03-15 19:00:00+00:00,2023
2024-03-15 20:00:00+00:00,0.0,0.0,2023-03-15 20:00:00+00:00,2023
2024-03-15 21:00:00+00:00,0.0,0.0,2023-03-15 21:00:00+00:00,2023
2024-03-15 22:00:00+00:00,0.0,0.0,2023-03-15 22:00:00+00:00,2023
2024-03-15 23:00:00+00:00,0.0,0.0,2023-03-15 23:00:00+00:00,2023
2024-03-16 00:00:00+00:00,0.0,0.0,2023-03-16 00:00:00+00:00,2023
2024-03-16 01:00:00+00:00,0.0,0.0,2023-03-16 01:00:00+00:00,2023
2024-03-16 02:00:00+00:00,0.0,0.0,2023-03-16 02:00:00+00:00,2023
2024-03-16 03:00:00+00:00,0.0,0.0,2023-03-16 03:00:00+00:00,2023
2024-03-16 04:00:00+00:00,0.0,0.0,2023-03-16 04:00:00+00:00,2023
2024-03-16 05:00:00+00:00,0.0,0.0,2023-03-16 05:00:00+00:00,2023
2024-03-16 06:00:00+00:00,0.0,0.0,2023-03-16 06:00:00+00:00,2023
2024-03-16 07:00:00+00:00,10.85,2.77,2023-03-16 07:00:00+00:00,2023
2024-03-16 08:00:00+00:00,118.0,11.24,2023-03-16 08:00:00+00:00,2023
2024-03-16 09:00:00+00:00,168.0,19.06,2023-03-16 09:00:00+00:00,2023
2024-03-16 10:00:00+00:00,249.0,25.73,2023-03-16 10:00:00+00:00,2023
2024-03-16 11:00:00+00:00,304.0,30.71,2023-03-16 11:00:00+00:00,2023
2024-03-16 12:00:00+00:00,349.0,33.41,2023-03-16 12:00:00+00:00,2023
2024-03-16 13:00:00+00:00,469.01,33.46,2023-03-16 13:00:00+00:00,2023
2024-03-16 14:00:00+00:00,374.0,30.85,2023-03-16 14:00:00+00:00,2023
2024-03-16 15:00:00+00:00,352.0,25.96,2023-03-16 15:00:00+00:00,2023
2024-03-16 16:00:00+00:00,184.0,19.34,2023-03-16 16:00:00+00:00,2023
2024-03-16 17:00:00+00:00,131.0,11.55,2023-03-16 17:00:00+00:00,2023
2024-03-16 18:00:00+00:00,12.0,3.1,2023-03-16 18:00:00+00:00,2023
2024-03-16 19:00:00+00:00,0.0,0.0,2023-03-16 19:00:00+00:00,2023
2024-03-16 20:00:00+00:00,0.0,0.0,2023-03-16 20:00:00+00:00,2023
2024-03-16 21:00:00+00:00,0.0,0.0,2023-03-16 21:00:00+00:00,2023
2024-03-16 22:00:00+00:00,0.0,0.0,2023-03-16 22:00:00+00:00,2023
2024-03-16 23:00:00+00:00,0.0,0.0,2023-03-16 23:00:00+00:00,2023
2024-03-17 00:00:00+00:00,0.0,0.0,2023-03-17 00:00:00+00:00,2023
2024-03-17 01:00:00+00:00,0.0,0.0,2023-03-17 01:00:00+00:00,2023
2024-03-17 02:00:00+00:00,0.0,0.0,2023-03-17 02:00:00+00:00,2023
2024-03-17 03:00:00+00:00,0.0,0.0,2023-03-17 03:00:00+00:00,2023
2024-03-17 04:00:00+00:00,0.0,0.0,2023-03-17 04:00:00+00:00,2023
2024-03-17 05:00:00+00:00,0.0,0.0,2023-03-17 05:00:00+00:00,2023
2024-03-17 06:00:00+00:00,0.0,0.0,2023-03-17 06:00:00+00:00,2023
2024-03-17 07:00:00+00:00,4.0,3.13,2023-03-17 07:00:00+00:00,2023
2024-03-17 08:00:00+00:00,25.0,11.61,2023-03-17 08:00:00+00:00,2023
2024-03-17 09:00:00+00:00,65.0,19.44,2023-03-17 09:00:00+00:00,2023
2024-03-17 10:00:00+00:00,64.0,26.13,2023-03-17 10:00:00+00:00,2023
2024-03-17 11:00:00+00:00,289.0,31.11,2023-03-17 11:00:00+00:00,2023
2024-03-17 12:00:00+00:00,322.0,33.81,2023-03-17 12:00:00+00:00,2023
2024-03-17 13:00:00+00:00,209.0,33.85,2023-03-17 13:00:00+00:00,2023
2024-03-17 14:00:00+00:00,301.0,31.22,2023-03-17 14:00:00+00:00,2023
2024-03-17 15:00:00+00:00,297.0,26.3,2023-03-17 15:00:00+00:00,2023
2024-03-17 16:00:00+00:00,116.0,19.65,2023-03-17 16:00:00+00:00,2023
2024-03-17 17:00:00+00:00,105.0,11.84,2023-03-17 17:00:00+00:00,2023
2024-03-17 18:00:00+00:00,12.85,3.38,2023-03-17 18:00:00+00:00,2023
2024-03-17 19:00:00+00:00,0.0,0.0,2023-03-17 19:00:00+00:00,2023
2024-03-17 20:00:00+00:00,0.0,0.0,2023-03-17 20:00:00+00:00,2023
2024-03-17 21:00:00+00:00,0.0,0.0,2023-03-17 21:00:00+00:00,2023
2024-03-17 22:00:00+00:00,0.0,0.0,2023-03-17 22:00:00+00:00,2023
2024-03-17 23:00:00+00:00,0.0,0.0,2023-03-17 23:00:00+00:00,2023
2024-03-18 00:00:00+00:00,0.0,0.0,2023-03-18 00:00:00+00:00,2023
2024-03-18 01:00:00+00:00,0.0,0.0,2023-03-18 01:00:00+00:00,2023
2024-03-18 02:00:00+00:00,0.0,0.0,2023-03-18 02:00:00+00:00,2023
2024-03-18 03:00:00+00:00,0.0,0.0,2023-03-18 03:00:00+00:00,2023
2024-03-18 04:00:00+00:00,0.0,0.0,2023-03-18 04:00:00+00:00,2023
2024-03-18 05:00:00+00:00,0.0,0.0,2023-03-18 05:00:00+00:00,2023
2024-03-18 06:00:00+00:00,0.0,0.0,2023-03-18 06:00:00+00:00,2023
2024-03-18 07:00:00+00:00,3.0,3.5,2023-03-18 07:00:00+00:00,2023
2024-03-18 08:00:00+00:00,14.0,11.98,2023-03-18 08:00:00+00:00,2023
2024-03-18 09:00:00+00:00,49.0,19.82,2023-03-18 09:00:00+00:00,2023
2024-03-18 10:00:00+00:00,141.0,26.52,2023-03-18 10:00:00+00:00,2023
2024-03-18 11:00:00+00:00,118.0,31.51,2023-03-18 11:00:00+00:00,2023
2024-03-18 12:00:00+00:00,424.0,34.21,2023-03-18 12:00:00+00:00,2023
2024-03-18 13:00:00+00:00,269.0,34.24,2023-03-18 13:00:00+00:00,2023
2024-03-18 14:00:00+00:00,466.01,31.58,2023-03-18 14:00:00+00:00,2023
2024-03-18 15:00:00+00:00,362.0,26.63,2023-03-18 15:00:00+00:00,2023
2024-03-18 16:00:00+00:00,263.0,19.95,2023-03-18 16:00:00+00:00,2023
2024-03-18 17:00:00+00:00,58.0,12.13,2023-03-18 17:00:00+00:00,2023
2024-03-18 18:00:00+00:00,3.0,3.66,2023-03-18 18:00:00+00:00,2023
2024-03-18 19:00:00+00:00,0.0,0.0,2023-03-18 19:00:00+00:00,2023
2024-03-18 20:00:00+00:00,0.0,0.0,2023-03-18 20:00:00+00:00,2023
2024-03-18 21:00:00+00:00,0.0,0.0,2023-03-18 21:00:00+00:00,2023
2024-03-18 22:00:00+00:00,0.0,0.0,2023-03-18 22:00:00+00:00,2023
2024-03-18 23:00:00+00:00,0.0,0.0,2023-03-18 23:00:00+00:00,2023
2024-03-19 00:00:00+00:00,0.0,0.0,2023-03-19 00:00:00+00:00,2023
2024-03-19 01:00:00+00:00,0.0,0.0,2023-03-19 01:00:00+00:00,2023
2024-03-19 02:00:00+00:00,0.0,0.0,2023-03-19 02:00:00+00:00,2023
2024-03-19 03:00:00+00:00,0.0,0.0,2023-03-19 03:00:00+00:00,2023
2024-03-19 04:00:00+00:00,0.0,0.0,2023-03-19 04:00:00+00:00,2023
2024-03-19 05:00:00+00:00,0.0,0.0,2023-03-19 05:00:00+00:00,2023
2024-03-19 06:00:00+00:00,0.0,0.0,2023-03-19 06:00:00+00:00,2023
2024-03-19 07:00:00+00:00,7.0,3.86,2023-03-19 07:00:00+00:00,2023
2024-03-19 08:00:00+00:00,65.0,12.35,2023-03-19 08:00:00+00:00,2023
2024-03-19 09:00:00+00:00,152.0,20.2,2023-03-19 09:00:00+00:00,2023
2024-03-19 10:00:00+00:00,206.0,26.91,2023-03-19 10:00:00+00:00,2023
2024-03-19 11:00:00+00:00,144.0,31.91,2023-03-19 11:00:00+00:00,2023
2024-03-19 12:00:00+00:00,148.0,34.61,2023-03-19 12:00:00+00:00,2023
2024-03-19 13:00:00+00:00,148.0,34.62,2023-03-19 13:00:00+00:00,2023
2024-03-19 14:00:00+00:00,130.0,31.94,2023-03-19 14:00:00+00:00,2023
2024-03-19 15:00:00+00:00,71.0,26.96,2023-03-19 15:00:00+00:00,2023
2024-03-19 16:00:00+00:00,99.0,20.26,2023-03-19 16:00:00+00:00,2023
2024-03-19 17:00:00+00:00,30.0,12.42,2023-03-19 17:00:00+00:00,2023
2024-03-19 18:00:00+00:00,6.0,3.94,2023-03-19 18:00:00+00:00,2023
2024-03-19 19:00:00+00:00,0.0,0.0,2023-03-19 19:00:00+00:00,2023
2024-03-19 20:00:00+00:00,0.0,0.0,2023-03-19 20:00:00+00:00,2023
2024-03-19 21:00:00+00:00,0.0,0.0,2023-03-19 21:00:00+00:00,2023
2024-03-19 22:00:00+00:00,0.0,0.0,2023-03-19 22:00:00+00:00,2023
2024-03-19 23:00:00+00:00,0.0,0.0,2023-03-19 23:00:00+00:00,2023
2024-03-20 00:00:00+00:00,0.0,0.0,2023-03-20 00:00:00+00:00,2023
2024-03-20 01:00:00+00:00,0.0,0.0,2023-03-20 01:00:00+00:00,2023
2024-03-20 02:00:00+00:00,0.0,0.0,2023-03-20 02:00:00+00:00,2023
2024-03-20 03:00:00+00:00,0.0,0.0,2023-03-20 03:00:00+00:00,2023
2024-03-20 04:00:00+00:00,0.0,0.0,2023-03-20 04:00:00+00:00,2023
2024-03-20 05:00:00+00:00,0.0,0.0,2023-03-20 05:00:00+00:00,2023
2024-03-20 06:00:00+00:00,0.0,0.0,2023-03-20 06:00:00+00:00,2023
2024-03-20 07:00:00+00:00,3.0,4.23,2023-03-20 07:00:00+00:00,2023
2024-03-20 08:00:00+00:00,63.0,12.72,2023-03-20 08:00:00+00:00,2023
2024-03-20 09:00:00+00:00,173.0,20.58,2023-03-20 09:00:00+00:00,2023
2024-03-20 10:00:00+00:00,170.0,27.31,2023-03-20 10:00:00+00:00,2023
2024-03-20 11:00:00+00:00,135.0,32.31,2023-03-20 11:00:00+00:00,2023
2024-03-20 12:00:00+00:00,326.0,35.01,2023-03-20 12:00:00+00:00,2023
2024-03-20 13:00:00+00:00,107.0,35.01,2023-03-20 13:00:00+00:00,2023
2024-03-20 14:00:00+00:00,182.0,32.31,2023-03-20 14:00:00+00:00,2023
2024-03-20 15:00:00+00:00,172.0,27.3,2023-03-20 15:00:00+00:00,2023
2024-03-20 16:00:00+00:00,69.0,20.57,2023-03-20 16:00:00+00:00,2023
2024-03-20 17:00:00+00:00,21.0,12.71,2023-03-20 17:00:00+00:00,2023
2024-03-20 18:00:00+00:00,4.0,4.22,2023-03-20 18:00:00+00:00,2023
2024-03-20 19:00:00+00:00,0.0,0.0,2023-03-20 19:00:00+00:00,2023
2024-03-20 20:00:00+00:00,0.0,0.0,2023-03-20 20:00:00+00:00,2023
2024-03-20 21:00:00+00:00,0.0,0.0,2023-03-20 21:00:00+00:00,2023
2024-03-20 22:00:00+00:00,0.0,0.0,2023-03-20 22:00:00+00:00,2023
2024-03-20 23:00:00+00:00,0.0,0.0,2023-03-20 23:00:00+00:00,2023
2024-03-21 00:00:00+00:00,0.0,0.0,2023-03-21 00:00:00+00:00,2023
2024-03-21 01:00:00+00:00,0.0,0.0,2023-03-21 01:00:00+00:00,2023
2024-03-21 02:00:00+00:00,0.0,0.0,2023-03-21 02:00:00+00:00,2023
2024-03-21 03:00:00+00:00,0.0,0.0,2023-03-21 03:00:00+00:00,2023
2024-03-21 04:00:00+00:00,0.0,0.0,2023-03-21 04:00:00+00:00,2023
2024-03-21 05:00:00+00:00,0.0,0.0,2023-03-21 05:00:00+00:00,2023
2024-03-21 06:00:00+00:00,0.0,0.0,2023-03-21 06:00:00+00:00,2023
2024-03-21 07:00:00+00:00,0.0,0.0,2023-03-21 07:00:00+00:00,2023
2024-03-21 08:00:00+00:00,0.0,0.0,2023-03-21 08:00:00+00:00,2023
2024-03-21 09:00:00+00:00,146.0,20.96,2023-03-21 09:00:00+00:00,2023
2024-03-21 10:00:00+00:00,278.0,27.7,2023-03-21 10:00:00+00:00,2023
2024-03-21 11:00:00+00:00,374.0,32.71,2023-03-21 11:00:00+00:00,2023
2024-03-21 12:00:00+00:00,307.0,35.41,2023-03-21 12:00:00+00:00,2023
2024-03-21 13:00:00+00:00,190.0,35.4,2023-03-21 13:00:00+00:00,2023
2024-03-21 14:00:00+00:00,115.0,32.67,2023-03-21 14:00:00+00:00,2023
2024-03-21 15:00:00+00:00,81.0,27.63,2023-03-21 15:00:00+00:00,2023
2024-03-21 16:00:00+00:00,38.0,20.88,2023-03-21 16:00:00+00:00,2023
2024-03-21 17:00:00+00:00,21.0,13.0,2023-03-21 17:00:00+00:00,2023
2024-03-21 18:00:00+00:00,4.0,4.5,2023-03-21 18:00:00+00:00,2023
2024-03-21 19:00:00+00:00,0.0,0.0,2023-03-21 19:00:00+00:00,2023
2024-03-21 20:00:00+00:00,0.0,0.0,2023-03-21 20:00:00+00:00,2023
2024-03-21 21:00:00+00:00,0.0,0.0,2023-03-21 21:00:00+00:00,2023
2024-03-21 22:00:00+00:00,0.0,0.0,2023-03-21 22:00:00+00:00,2023
2024-03-21 23:00:00+00:00,0.0,0.0,2023-03-21 23:00:00+00:00,2023
2024-03-22 00:00:00+00:00,0.0,0.0,2023-03-22 00:00:00+00:00,2023
2024-03-22 01:00:00+00:00,0.0,0.0,2023-03-22 01:00:00+00:00,2023
2024-03-22 02:00:00+00:00,0.0,0.0,2023-03-22 02:00:00+00:00,2023
2024-03-22 03:00:00+00:00,0.0,0.0,2023-03-22 03:00:00+00:00,2023
2024-03-22 04:00:00+00:00,0.0,0.0,2023-03-22 04:00:00+00:00,2023
2024-03-22 05:00:00+00:00,0.0,0.0,2023-03-22 05:00:00+00:00,2023
2024-03-22 06:00:00+00:00,0.0,0.0,2023-03-22 06:00:00+00:00,2023
2024-03-22 07:00:00+00:00,0.0,0.0,2023-03-22 07:00:00+00:00,2023
2024-03-22 08:00:00+00:00,196.0,13.47,2023-03-22 08:00:00+00:00,2023
2024-03-22 09:00:00+00:00,324.01,21.35,2023-03-22 09:00:00+00:00,2023
2024-03-22 10:00:00+00:00,367.0,28.09,2023-03-22 10:00:00+00:00,2023
2024-03-22 11:00:00+00:00,145.0,33.12,2023-03-22 11:00:00+00:00,2023
2024-03-22 12:00:00+00:00,304.0,35.81,2023-03-22 12:00:00+00:00,2023
2024-03-22 13:00:00+00:00,522.01,35.78,2023-03-22 13:00:00+00:00,2023
2024-03-22 14:00:00+00:00,227.0,33.03,2023-03-22 14:00:00+00:00,2023
2024-03-22 15:00:00+00:00,150.0,27.96,2023-03-22 15:00:00+00:00,2023
2024-03-22 16:00:00+00:00,192.0,21.18,2023-03-22 16:00:00+00:00,2023
2024-03-22 17:00:00+00:00,59.0,13.28,2023-03-22 17:00:00+00:00,2023
2024-03-22 18:00:00+00:00,9.0,4.77,2023-03-22 18:00:00+00:00,2023
2024-03-22 19:00:00+00:00,0.0,0.0,2023-03-22 19:00:00+00:00,2023
2024-03-22 20:00:00+00:00,0.0,0.0,2023-03-22 20:00:00+00:00,2023
2024-03-22 21:00:00+00:00,0.0,0.0,2023-03-22 21:00:00+00:00,2023
2024-03-22 22:00:00+00:00,0.0,0.0,2023-03-22 22:00:00+00:00,2023
2024-03-22 23:00:00+00:00,0.0,0.0,2023-03-22 23:00:00+00:00,2023
2024-03-23 00:00:00+00:00,0.0,0.0,2023-03-23 00:00:00+00:00,2023
2024-03-23 01:00:00+00:00,0.0,0.0,2023-03-23 01:00:00+00:00,2023
2024-03-23 02:00:00+00:00,0.0,0.0,2023-03-23 02:00:00+00:00,2023
2024-03-23 03:00:00+00:00,0.0,0.0,2023-03-23 03:00:00+00:00,2023
2024-03-23 04:00:00+00:00,0.0,0.0,2023-03-23 04:00:00+00:00,2023
2024-03-23 05:00:00+00:00,0.0,0.0,2023-03-23 05:00:00+00:00,2023
2024-03-23 06:00:00+00:00,0.0,0.0,2023-03-23 06:00:00+00:00,2023
2024-03-23 07:00:00+00:00,13.0,5.33,2023-03-23 07:00:00+00:00,2023
2024-03-23 08:00:00+00:00,190.0,13.84,2023-03-23 08:00:00+00:00,2023
2024-03-23 09:00:00+00:00,253.0,21.73,2023-03-23 09:00:00+00:00,2023
2024-03-23 10:00:00+00:00,257.0,28.49,2023-03-23 10:00:00+00:00,2023
2024-03-23 11:00:00+00:00,253.0,33.52,2023-03-23 11:00:00+00:00,2023
2024-03-23 12:00:00+00:00,434.0,36.21,2023-03-23 12:00:00+00:00,2023
2024-03-23 13:00:00+00:00,452.0,36.17,2023-03-23 13:00:00+00:00,2023
2024-03-23 14:00:00+00:00,308.0,33.39,2023-03-23 14:00:00+00:00,2023
2024-03-23 15:00:00+00:00,439.01,28.29,2023-03-23 15:00:00+00:00,2023
2024-03-23 16:00:00+00:00,217.0,21.49,2023-03-23 16:00:00+00:00,2023
2024-03-23 17:00:00+00:00,30.0,13.57,2023-03-23 17:00:00+00:00,2023
2024-03-23 18:00:00+00:00,4.0,5.05,2023-03-23 18:00:00+00:00,2023
2024-03-23 19:00:00+00:00,0.0,0.0,2023-03-23 19:00:00+00:00,2023
2024-03-23 20:00:00+00:00,0.0,0.0,2023-03-23 20:00:00+00:00,2023
2024-03-23 21:00:00+00:00,0.0,0.0,2023-03-23 21:00:00+00:00,2023
2024-03-23 22:00:00+00:00,0.0,0.0,2023-03-23 22:00:00+00:00,2023
2024-03-23 23:00:00+00:00,0.0,0.0,2023-03-23 23:00:00+00:00,2023
2024-03-24 00:00:00+00:00,0.0,0.0,2023-03-24 00:00:00+00:00,2023
2024-03-24 01:00:00+00:00,0.0,0.0,2023-03-24 01:00:00+00:00,2023
2024-03-24 02:00:00+00:00,0.0,0.0,2023-03-24 02:00:00+00:00,2023
2024-03-24 03:00:00+00:00,0.0,0.0,2023-03-24 03:00:00+00:00,2023
2024-03-24 04:00:00+00:00,0.0,0.0,2023-03-24 04:00:00+00:00,2023
2024-03-24 05:00:00+00:00,0.0,0.0,2023-03-24 05:00:00+00:00,2023
2024-03-24 06:00:00+00:00,0.0,0.0,2023-03-24 06:00:00+00:00,2023
2024-03-24 07:00:00+00:00,53.44,5.7,2023-03-24 07:00:00+00:00,2023
2024-03-24 08:00:00+00:00,179.0,14.21,2023-03-24 08:00:00+00:00,2023
2024-03-24 09:00:00+00:00,195.0,22.11,2023-03-24 09:00:00+00:00,2023
2024-03-24 10:00:00+00:00,267.0,28.88,2023-03-24 10:00:00+00:00,2023
2024-03-24 11:00:00+00:00,357.0,33.92,2023-03-24 11:00:00+00:00,2023
2024-03-24 12:00:00+00:00,322.0,36.61,2023-03-24 12:00:00+00:00,2023
2024-03-24 13:00:00+00:00,507.01,36.55,2023-03-24 13:00:00+00:00,2023
2024-03-24 14:00:00+00:00,415.0,33.75,2023-03-24 14:00:00+00:00,2023
2024-03-24 15:00:00+00:00,290.0,28.62,2023-03-24 15:00:00+00:00,2023
2024-03-24 16:00:00+00:00,192.0,21.79,2023-03-24 16:00:00+00:00,2023
2024-03-24 17:00:00+00:00,178.0,13.86,2023-03-24 17:00:00+00:00,2023
2024-03-24 18:00:00+00:00,23.0,5.33,2023-03-24 18:00:00+00:00,2023
2024-03-24 19:00:00+00:00,0.0,0.0,2023-03-24 19:00:00+00:00,2023
2024-03-24 20:00:00+00:00,0.0,0.0,2023-03-24 20:00:00+00:00,2023
2024-03-24 21:00:00+00:00,0.0,0.0,2023-03-24 21:00:00+00:00,2023
2024-03-24 22:00:00+00:00,0.0,0.0,2023-03-24 22:00:00+00:00,2023
2024-03-24 23:00:00+00:00,0.0,0.0,2023-03-24 23:00:00+00:00,2023
2024-03-25 00:00:00+00:00,0.0,0.0,2023-03-25 00:00:00+00:00,2023
2024-03-25 01:00:00+00:00,0.0,0.0,2023-03-25 01:00:00+00:00,2023
2024-03-25 02:00:00+00:00,0.0,0.0,2023-03-25 02:00:00+00:00,2023
2024-03-25 03:00:00+00:00,0.0,0.0,2023-03-25 03:00:00+00:00,2023
2024-03-25 04:00:00+00:00,0.0,0.0,2023-03-25 04:00:00+00:00,2023
2024-03-25 05:00:00+00:00,0.0,0.0,2023-03-25 05:00:00+00:00,2023
2024-03-25 06:00:00+00:00,0.0,0.0,2023-03-25 06:00:00+00:00,2023
2024-03-25 07:00:00+00:00,47.0,6.07,2023-03-25 07:00:00+00:00,2023
2024-03-25 08:00:00+00:00,161.0,14.58,2023-03-25 08:00:00+00:00,2023
2024-03-25 09:00:00+00:00,354.01,22.49,2023-03-25 09:00:00+00:00,2023
2024-03-25 10:00:00+00:00,422.01,29.27,2023-03-25 10:00:00+00:00,2023
2024-03-25 11:00:00+00:00,484.01,34.32,2023-03-25 11:00:00+00:00,2023
2024-03-25 12:00:00+00:00,596.01,37.01,2023-03-25 12:00:00+00:00,2023
2024-03-25 13:00:00+00:00,584.01,36.94,2023-03-25 13:00:00+00:00,2023
2024-03-25 14:00:00+00:00,568.01,34.1,2023-03-25 14:00:00+00:00,2023
2024-03-25 15:00:00+00:00,483.01,28.95,2023-03-25 15:00:00+00:00,2023
2024-03-25 16:00:00+00:00,357.01,22.09,2023-03-25 16:00:00+00:00,2023
2024-03-25 17:00:00+00:00,201.0,14.14,2023-03-25 17:00:00+00:00,2023
2024-03-25 18:00:00+00:00,51.739999999999995,5.6,2023-03-25 18:00:00+00:00,2023
2024-03-25 19:00:00+00:00,0.0,0.0,2023-03-25 19:00:00+00:00,2023
2024-03-25 20:00:00+00:00,0.0,0.0,2023-03-25 20:00:00+00:00,2023
2024-03-25 21:00:00+00:00,0.0,0.0,2023-03-25 21:00:00+00:00,2023
2024-03-25 22:00:00+00:00,0.0,0.0,2023-03-25 22:00:00+00:00,2023
2024-03-25 23:00:00+00:00,0.0,0.0,2023-03-25 23:00:00+00:00,2023
2024-03-26 00:00:00+00:00,0.0,0.0,2023-03-26 00:00:00+00:00,2023
2024-03-26 01:00:00+00:00,0.0,0.0,2023-03-26 01:00:00+00:00,2023
2024-03-26 02:00:00+00:00,0.0,0.0,2023-03-26 02:00:00+00:00,2023
2024-03-26 03:00:00+00:00,0.0,0.0,2023-03-26 03:00:00+00:00,2023
2024-03-26 04:00:00+00:00,0.0,0.0,2023-03-26 04:00:00+00:00,2023
2024-03-26 05:00:00+00:00,0.0,0.0,2023-03-26 05:00:00+00:00,2023
2024-03-26 06:00:00+00:00,0.0,0.0,2023-03-26 06:00:00+00:00,2023
2024-03-26 07:00:00+00:00,53.0,6.43,2023-03-26 07:00:00+00:00,2023
2024-03-26 08:00:00+00:00,127.0,14.96,2023-03-26 08:00:00+00:00,2023
2024-03-26 09:00:00+00:00,239.0,22.87,2023-03-26 09:00:00+00:00,2023
2024-03-26 10:00:00+00:00,242.0,29.66,2023-03-26 10:00:00+00:00,2023
2024-03-26 11:00:00+00:00,227.0,34.72,2023-03-26 11:00:00+00:00,2023
2024-03-26 12:00:00+00:00,338.0,37.41,2023-03-26 12:00:00+00:00,2023
2024-03-26 13:00:00+00:00,308.0,37.32,2023-03-26 13:00:00+00:00,2023
2024-03-26 14:00:00+00:00,322.0,34.46,2023-03-26 14:00:00+00:00,2023
2024-03-26 15:00:00+00:00,287.0,29.27,2023-03-26 15:00:00+00:00,2023
2024-03-26 16:00:00+00:00,273.0,22.39,2023-03-26 16:00:00+00:00,2023
2024-03-26 17:00:00+00:00,206.0,14.42,2023-03-26 17:00:00+00:00,2023
2024-03-26 18:00:00+00:00,63.0,5.88,2023-03-26 18:00:00+00:00,2023
2024-03-26 19:00:00+00:00,0.0,0.0,2023-03-26 19:00:00+00:00,2023
2024-03-26 20:00:00+00:00,0.0,0.0,2023-03-26 20:00:00+00:00,2023
2024-03-26 21:00:00+00:00,0.0,0.0,2023-03-26 21:00:00+00:00,2023
2024-03-26 22:00:00+00:00,0.0,0.0,2023-03-26 22:00:00+00:00,2023
2024-03-26 23:00:00+00:00,0.0,0.0,2023-03-26 23:00:00+00:00,2023
2024-03-27 00:00:00+00:00,0.0,0.0,2023-03-27 00:00:00+00:00,2023
2024-03-27 01:00:00+00:00,0.0,0.0,2023-03-27 01:00:00+00:00,2023
2024-03-27 02:00:00+00:00,0.0,0.0,2023-03-27 02:00:00+00:00,2023
2024-03-27 03:00:00+00:00,0.0,0.0,2023-03-27 03:00:00+00:00,2023
2024-03-27 04:00:00+00:00,0.0,0.0,2023-03-27 04:00:00+00:00,2023
2024-03-27 05:00:00+00:00,0.0,0.0,2023-03-27 05:00:00+00:00,2023
2024-03-27 06:00:00+00:00,0.0,0.0,2023-03-27 06:00:00+00:00,2023
2024-03-27 07:00:00+00:00,76.0,6.8,2023-03-27 07:00:00+00:00,2023
2024-03-27 08:00:00+00:00,235.0,15.33,2023-03-27 08:00:00+00:00,2023
2024-03-27 09:00:00+00:00,294.0,23.25,2023-03-27 09:00:00+00:00,2023
2024-03-27 10:00:00+00:00,433.01,30.05,2023-03-27 10:00:00+00:00,2023
2024-03-27 11:00:00+00:00,591.01,35.12,2023-03-27 11:00:00+00:00,2023
2024-03-27 12:00:00+00:00,634.01,37.81,2023-03-27 12:00:00+00:00,2023
2024-03-27 13:00:00+00:00,635.01,37.7,2023-03-27 13:00:00+00:00,2023
2024-03-27 14:00:00+00:00,557.01,34.82,2023-03-27 14:00:00+00:00,2023
2024-03-27 15:00:00+00:00,426.01,29.6,2023-03-27 15:00:00+00:00,2023
2024-03-27 16:00:00+00:00,233.0,22.69,2023-03-27 16:00:00+00:00,2023
2024-03-27 17:00:00+00:00,109.0,14.7,2023-03-27 17:00:00+00:00,2023
2024-03-27 18:00:00+00:00,55.0,6.15,2023-03-27 18:00:00+00:00,2023
2024-03-27 19:00:00+00:00,0.0,0.0,2023-03-27 19:00:00+00:00,2023
2024-03-27 20:00:00+00:00,0.0,0.0,2023-03-27 20:00:00+00:00,2023
2024-03-27 21:00:00+00:00,0.0,0.0,2023-03-27 21:00:00+00:00,2023
2024-03-27 22:00:00+00:00,0.0,0.0,2023-03-27 22:00:00+00:00,2023
2024-03-27 23:00:00+00:00,0.0,0.0,2023-03-27 23:00:00+00:00,2023
2024-03-28 00:00:00+00:00,0.0,0.0,2023-03-28 00:00:00+00:00,2023
2024-03-28 01:00:00+00:00,0.0,0.0,2023-03-28 01:00:00+00:00,2023
2024-03-28 02:00:00+00:00,0.0,0.0,2023-03-28 02:00:00+00:00,2023
2024-03-28 03:00:00+00:00,0.0,0.0,2023-03-28 03:00:00+00:00,2023
2024-03-28 04:00:00+00:00,0.0,0.0,2023-03-28 04:00:00+00:00,2023
2024-03-28 05:00:00+00:00,0.0,0.0,2023-03-28 05:00:00+00:00,2023
2024-03-28 06:00:00+00:00,0.0,0.0,2023-03-28 06:00:00+00:00,2023
2024-03-28 07:00:00+00:00,17.0,7.16,2023-03-28 07:00:00+00:00,2023
2024-03-28 08:00:00+00:00,62.0,15.7,2023-03-28 08:00:00+00:00,2023
2024-03-28 09:00:00+00:00,66.0,23.63,2023-03-28 09:00:00+00:00,2023
2024-03-28 10:00:00+00:00,167.0,30.44,2023-03-28 10:00:00+00:00,2023
2024-03-28 11:00:00+00:00,349.0,35.52,2023-03-28 11:00:00+00:00,2023
2024-03-28 12:00:00+00:00,360.0,38.21,2023-03-28 12:00:00+00:00,2023
2024-03-28 13:00:00+00:00,258.0,38.08,2023-03-28 13:00:00+00:00,2023
2024-03-28 14:00:00+00:00,316.0,35.17,2023-03-28 14:00:00+00:00,2023
2024-03-28 15:00:00+00:00,413.0,29.92,2023-03-28 15:00:00+00:00,2023
2024-03-28 16:00:00+00:00,209.0,22.99,2023-03-28 16:00:00+00:00,2023
2024-03-28 17:00:00+00:00,121.0,14.98,2023-03-28 17:00:00+00:00,2023
2024-03-28 18:00:00+00:00,47.0,6.42,2023-03-28 18:00:00+00:00,2023
2024-03-28 19:00:00+00:00,0.0,0.0,2023-03-28 19:00:00+00:00,2023
2024-03-28 20:00:00+00:00,0.0,0.0,2023-03-28 20:00:00+00:00,2023
2024-03-28 21:00:00+00:00,0.0,0.0,2023-03-28 21:00:00+00:00,2023
2024-03-28 22:00:00+00:00,0.0,0.0,2023-03-28 22:00:00+00:00,2023
2024-03-28 23:00:00+00:00,0.0,0.0,2023-03-28 23:00:00+00:00,2023
2024-03-29 00:00:00+00:00,0.0,0.0,2023-03-29 00:00:00+00:00,2023
2024-03-29 01:00:00+00:00,0.0,0.0,2023-03-29 01:00:00+00:00,2023
2024-03-29 02:00:00+00:00,0.0,0.0,2023-03-29 02:00:00+00:00,2023
2024-03-29 03:00:00+00:00,0.0,0.0,2023-03-29 03:00:00+00:00,2023
2024-03-29 04:00:00+00:00,0.0,0.0,2023-03-29 04:00:00+00:00,2023
2024-03-29 05:00:00+00:00,0.0,0.0,2023-03-29 05:00:00+00:00,2023
2024-03-29 06:00:00+00:00,0.0,0.0,2023-03-29 06:00:00+00:00,2023
2024-03-29 07:00:00+00:00,15.0,7.53,2023-03-29 07:00:00+00:00,2023
2024-03-29 08:00:00+00:00,35.0,16.06,2023-03-29 08:00:00+00:00,2023
2024-03-29 09:00:00+00:00,142.0,24.01,2023-03-29 09:00:00+00:00,2023
2024-03-29 10:00:00+00:00,135.0,30.83,2023-03-29 10:00:00+00:00,2023
2024-03-29 11:00:00+00:00,130.0,35.91,2023-03-29 11:00:00+00:00,2023
2024-03-29 12:00:00+00:00,181.0,38.6,2023-03-29 12:00:00+00:00,2023
2024-03-29 13:00:00+00:00,445.0,38.46,2023-03-29 13:00:00+00:00,2023
2024-03-29 14:00:00+00:00,188.0,35.52,2023-03-29 14:00:00+00:00,2023
2024-03-29 15:00:00+00:00,269.0,30.24,2023-03-29 15:00:00+00:00,2023
2024-03-29 16:00:00+00:00,98.0,23.29,2023-03-29 16:00:00+00:00,2023
2024-03-29 17:00:00+00:00,221.0,15.26,2023-03-29 17:00:00+00:00,2023
2024-03-29 18:00:00+00:00,75.0,6.69,2023-03-29 18:00:00+00:00,2023
2024-03-29 19:00:00+00:00,0.0,0.0,2023-03-29 19:00:00+00:00,2023
2024-03-29 20:00:00+00:00,0.0,0.0,2023-03-29 20:00:00+00:00,2023
2024-03-29 21:00:00+00:00,0.0,0.0,2023-03-29 21:00:00+00:00,2023
2024-03-29 22:00:00+00:00,0.0,0.0,2023-03-29 22:00:00+00:00,2023
2024-03-29 23:00:00+00:00,0.0,0.0,2023-03-29 23:00:00+00:00,2023
2024-03-30 00:00:00+00:00,0.0,0.0,2023-03-30 00:00:00+00:00,2023
2024-03-30 01:00:00+00:00,0.0,0.0,2023-03-30 01:00:00+00:00,2023
2024-03-30 02:00:00+00:00,0.0,0.0,2023-03-30 02:00:00+00:00,2023
2024-03-30 03:00:00+00:00,0.0,0.0,2023-03-30 03:00:00+00:00,2023
2024-03-30 04:00:00+00:00,0.0,0.0,2023-03-30 04:00:00+00:00,2023
2024-03-30 05:00:00+00:00,0.0,0.0,2023-03-30 05:00:00+00:00,2023
2024-03-30 06:00:00+00:00,0.0,0.0,2023-03-30 06:00:00+00:00,2023
2024-03-30 07:00:00+00:00,69.0,7.89,2023-03-30 07:00:00+00:00,2023
2024-03-30 08:00:00+00:00,179.0,16.43,2023-03-30 08:00:00+00:00,2023
2024-03-30 09:00:00+00:00,293.0,24.38,2023-03-30 09:00:00+00:00,2023
2024-03-30 10:00:00+00:00,342.0,31.22,2023-03-30 10:00:00+00:00,2023
2024-03-30 11:00:00+00:00,523.01,36.31,2023-03-30 11:00:00+00:00,2023
2024-03-30 12:00:00+00:00,527.01,39.0,2023-03-30 12:00:00+00:00,2023
2024-03-30 13:00:00+00:00,615.01,38.84,2023-03-30 13:00:00+00:00,2023
2024-03-30 14:00:00+00:00,502.01,35.87,2023-03-30 14:00:00+00:00,2023
2024-03-30 15:00:00+00:00,395.0,30.56,2023-03-30 15:00:00+00:00,2023
2024-03-30 16:00:00+00:00,318.0,23.58,2023-03-30 16:00:00+00:00,2023
2024-03-30 17:00:00+00:00,174.0,15.54,2023-03-30 17:00:00+00:00,2023
2024-03-30 18:00:00+00:00,55.0,6.97,2023-03-30 18:00:00+00:00,2023
2024-03-30 19:00:00+00:00,0.0,0.0,2023-03-30 19:00:00+00:00,2023
2024-03-30 20:00:00+00:00,0.0,0.0,2023-03-30 20:00:00+00:00,2023
2024-03-30 21:00:00+00:00,0.0,0.0,2023-03-30 21:00:00+00:00,2023
2024-03-30 22:00:00+00:00,0.0,0.0,2023-03-30 22:00:00+00:00,2023
2024-03-30 23:00:00+00:00,0.0,0.0,2023-03-30 23:00:00+00:00,2023
2024-03-31 00:00:00+00:00,0.0,0.0,2023-03-31 00:00:00+00:00,2023
2024-03-31 01:00:00+00:00,0.0,0.0,2023-03-31 01:00:00+00:00,2023
2024-03-31 02:00:00+00:00,0.0,0.0,2023-03-31 02:00:00+00:00,2023
2024-03-31 03:00:00+00:00,0.0,0.0,2023-03-31 03:00:00+00:00,2023
2024-03-31 04:00:00+00:00,0.0,0.0,2023-03-31 04:00:00+00:00,2023
2024-03-31 05:00:00+00:00,0.0,0.0,2023-03-31 05:00:00+00:00,2023
2024-03-31 06:00:00+00:00,0.0,0.0,2023-03-31 06:00:00+00:00,2023
2024-03-31 07:00:00+00:00,12.0,8.25,2023-03-31 07:00:00+00:00,2023
2024-03-31 08:00:00+00:00,55.0,16.8,2023-03-31 08:00:00+00:00,2023
2024-03-31 09:00:00+00:00,126.0,24.76,2023-03-31 09:00:00+00:00,2023
2024-03-31 10:00:00+00:00,209.0,31.61,2023-03-31 10:00:00+00:00,2023
2024-03-31 11:00:00+00:00,272.0,36.71,2023-03-31 11:00:00+00:00,2023
2024-03-31 12:00:00+00:00,295.0,39.39,2023-03-31 12:00:00+00:00,2023
2024-03-31 13:00:00+00:00,255.0,39.22,2023-03-31 13:00:00+00:00,2023
2024-03-31 14:00:00+00:00,203.0,36.22,2023-03-31 14:00:00+00:00,2023
2024-03-31 15:00:00+00:00,236.0,30.88,2023-03-31 15:00:00+00:00,2023
2024-03-31 16:00:00+00:00,148.0,23.87,2023-03-31 16:00:00+00:00,2023
2024-03-31 17:00:00+00:00,81.0,15.82,2023-03-31 17:00:00+00:00,2023
2024-03-31 18:00:00+00:00,47.0,7.23,2023-03-31 18:00:00+00:00,2023
2024-03-31 19:00:00+00:00,0.0,0.0,2023-03-31 19:00:00+00:00,2023
2024-03-31 20:00:00+00:00,0.0,0.0,2023-03-31 20:00:00+00:00,2023
2024-03-31 21:00:00+00:00,0.0,0.0,2023-03-31 21:00:00+00:00,2023
2024-03-31 22:00:00+00:00,0.0,0.0,2023-03-31 22:00:00+00:00,2023
2024-03-31 23:00:00+00:00,0.0,0.0,2023-03-31 23:00:00+00:00,2023
2024-04-01 00:00:00+00:00,0.0,0.0,2023-04-01 00:00:00+00:00,2023
2024-04-01 01:00:00+00:00,0.0,0.0,2023-04-01 01:00:00+00:00,2023
2024-04-01 02:00:00+00:00,0.0,0.0,2023-04-01 02:00:00+00:00,2023
2024-04-01 03:00:00+00:00,0.0,0.0,2023-04-01 03:00:00+00:00,2023
2024-04-01 04:00:00+00:00,0.0,0.0,2023-04-01 04:00:00+00:00,2023
2024-04-01 05:00:00+00:00,0.0,0.0,2023-04-01 05:00:00+00:00,2023
2024-04-01 06:00:00+00:00,0.0,0.0,2023-04-01 06:00:00+00:00,2023
2024-04-01 07:00:00+00:00,55.0,8.61,2023-04-01 07:00:00+00:00,2023
2024-04-01 08:00:00+00:00,160.0,17.16,2023-04-01 08:00:00+00:00,2023
2024-04-01 09:00:00+00:00,146.0,25.13,2023-04-01 09:00:00+00:00,2023
2024-04-01 10:00:00+00:00,149.0,31.99,2023-04-01 10:00:00+00:00,2023
2024-04-01 11:00:00+00:00,187.0,37.1,2023-04-01 11:00:00+00:00,2023
2024-04-01 12:00:00+00:00,297.0,39.78,2023-04-01 12:00:00+00:00,2023
2024-04-01 13:00:00+00:00,228.0,39.6,2023-04-01 13:00:00+00:00,2023
2024-04-01 14:00:00+00:00,346.0,36.57,2023-04-01 14:00:00+00:00,2023
2024-04-01 15:00:00+00:00,326.0,31.2,2023-04-01 15:00:00+00:00,2023
2024-04-01 16:00:00+00:00,312.0,24.17,2023-04-01 16:00:00+00:00,2023
2024-04-01 17:00:00+00:00,234.0,16.1,2023-04-01 17:00:00+00:00,2023
2024-04-01 18:00:00+00:00,84.0,7.5,2023-04-01 18:00:00+00:00,2023
2024-04-01 19:00:00+00:00,0.0,0.0,2023-04-01 19:00:00+00:00,2023
2024-04-01 20:00:00+00:00,0.0,0.0,2023-04-01 20:00:00+00:00,2023
2024-04-01 21:00:00+00:00,0.0,0.0,2023-04-01 21:00:00+00:00,2023
2024-04-01 22:00:00+00:00,0.0,0.0,2023-04-01 22:00:00+00:00,2023
2024-04-01 23:00:00+00:00,0.0,0.0,2023-04-01 23:00:00+00:00,2023
2024-04-02 00:00:00+00:00,0.0,0.0,2023-04-02 00:00:00+00:00,2023
2024-04-02 01:00:00+00:00,0.0,0.0,2023-04-02 01:00:00+00:00,2023
2024-04-02 02:00:00+00:00,0.0,0.0,2023-04-02 02:00:00+00:00,2023
2024-04-02 03:00:00+00:00,0.0,0.0,2023-04-02 03:00:00+00:00,2023
2024-04-02 04:00:00+00:00,0.0,0.0,2023-04-02 04:00:00+00:00,2023
2024-04-02 05:00:00+00:00,0.0,0.0,2023-04-02 05:00:00+00:00,2023
2024-04-02 06:00:00+00:00,0.0,0.0,2023-04-02 06:00:00+00:00,2023
2024-04-02 07:00:00+00:00,67.0,8.97,2023-04-02 07:00:00+00:00,2023
2024-04-02 08:00:00+00:00,153.0,17.53,2023-04-02 08:00:00+00:00,2023
2024-04-02 09:00:00+00:00,250.0,25.51,2023-04-02 09:00:00+00:00,2023
2024-04-02 10:00:00+00:00,301.0,32.38,2023-04-02 10:00:00+00:00,2023
2024-04-02 11:00:00+00:00,361.0,37.49,2023-04-02 11:00:00+00:00,2023
2024-04-02 12:00:00+00:00,366.0,40.17,2023-04-02 12:00:00+00:00,2023
2024-04-02 13:00:00+00:00,354.0,39.97,2023-04-02 13:00:00+00:00,2023
2024-04-02 14:00:00+00:00,327.0,36.92,2023-04-02 14:00:00+00:00,2023
2024-04-02 15:00:00+00:00,295.0,31.52,2023-04-02 15:00:00+00:00,2023
2024-04-02 16:00:00+00:00,303.0,24.46,2023-04-02 16:00:00+00:00,2023
2024-04-02 17:00:00+00:00,118.0,16.37,2023-04-02 17:00:00+00:00,2023
2024-04-02 18:00:00+00:00,10.0,7.77,2023-04-02 18:00:00+00:00,2023
2024-04-02 19:00:00+00:00,0.0,0.0,2023-04-02 19:00:00+00:00,2023
2024-04-02 20:00:00+00:00,0.0,0.0,2023-04-02 20:00:00+00:00,2023
2024-04-02 21:00:00+00:00,0.0,0.0,2023-04-02 21:00:00+00:00,2023
2024-04-02 22:00:00+00:00,0.0,0.0,2023-04-02 22:00:00+00:00,2023
2024-04-02 23:00:00+00:00,0.0,0.0,2023-04-02 23:00:00+00:00,2023
2024-04-03 00:00:00+00:00,0.0,0.0,2023-04-03 00:00:00+00:00,2023
2024-04-03 01:00:00+00:00,0.0,0.0,2023-04-03 01:00:00+00:00,2023
2024-04-03 02:00:00+00:00,0.0,0.0,2023-04-03 02:00:00+00:00,2023
2024-04-03 03:00:00+00:00,0.0,0.0,2023-04-03 03:00:00+00:00,2023
2024-04-03 04:00:00+00:00,0.0,0.0,2023-04-03 04:00:00+00:00,2023
2024-04-03 05:00:00+00:00,0.0,0.0,2023-04-03 05:00:00+00:00,2023
2024-04-03 06:00:00+00:00,0.0,0.0,2023-04-03 06:00:00+00:00,2023
2024-04-03 07:00:00+00:00,38.0,9.33,2023-04-03 07:00:00+00:00,2023
2024-04-03 08:00:00+00:00,86.0,17.89,2023-04-03 08:00:00+00:00,2023
2024-04-03 09:00:00+00:00,170.0,25.88,2023-04-03 09:00:00+00:00,2023
2024-04-03 10:00:00+00:00,150.0,32.76,2023-04-03 10:00:00+00:00,2023
2024-04-03 11:00:00+00:00,221.0,37.88,2023-04-03 11:00:00+00:00,2023
2024-04-03 12:00:00+00:00,330.0,40.56,2023-04-03 12:00:00+00:00,2023
2024-04-03 13:00:00+00:00,358.0,40.34,2023-04-03 13:00:00+00:00,2023
2024-04-03 14:00:00+00:00,324.0,37.26,2023-04-03 14:00:00+00:00,2023
2024-04-03 15:00:00+00:00,303.0,31.83,2023-04-03 15:00:00+00:00,2023
2024-04-03 16:00:00+00:00,137.0,24.75,2023-04-03 16:00:00+00:00,2023
2024-04-03 17:00:00+00:00,144.0,16.64,2023-04-03 17:00:00+00:00,2023
2024-04-03 18:00:00+00:00,54.0,8.04,2023-04-03 18:00:00+00:00,2023
2024-04-03 19:00:00+00:00,0.0,0.0,2023-04-03 19:00:00+00:00,2023
2024-04-03 20:00:00+00:00,0.0,0.0,2023-04-03 20:00:00+00:00,2023
2024-04-03 21:00:00+00:00,0.0,0.0,2023-04-03 21:00:00+00:00,2023
2024-04-03 22:00:00+00:00,0.0,0.0,2023-04-03 22:00:00+00:00,2023
2024-04-03 23:00:00+00:00,0.0,0.0,2023-04-03 23:00:00+00:00,2023
2024-04-04 00:00:00+00:00,0.0,0.0,2023-04-04 00:00:00+00:00,2023
2024-04-04 01:00:00+00:00,0.0,0.0,2023-04-04 01:00:00+00:00,2023
2024-04-04 02:00:00+00:00,0.0,0.0,2023-04-04 02:00:00+00:00,2023
2024-04-04 03:00:00+00:00,0.0,0.0,2023-04-04 03:00:00+00:00,2023
2024-04-04 04:00:00+00:00,0.0,0.0,2023-04-04 04:00:00+00:00,2023
2024-04-04 05:00:00+00:00,0.0,0.0,2023-04-04 05:00:00+00:00,2023
2024-04-04 06:00:00+00:00,0.0,0.0,2023-04-04 06:00:00+00:00,2023
2024-04-04 07:00:00+00:00,97.0,9.69,2023-04-04 07:00:00+00:00,2023
2024-04-04 08:00:00+00:00,250.0,18.25,2023-04-04 08:00:00+00:00,2023
2024-04-04 09:00:00+00:00,251.0,26.25,2023-04-04 09:00:00+00:00,2023
2024-04-04 10:00:00+00:00,277.0,33.14,2023-04-04 10:00:00+00:00,2023
2024-04-04 11:00:00+00:00,250.0,38.27,2023-04-04 11:00:00+00:00,2023
2024-04-04 12:00:00+00:00,257.0,40.95,2023-04-04 12:00:00+00:00,2023
2024-04-04 13:00:00+00:00,227.0,40.71,2023-04-04 13:00:00+00:00,2023
2024-04-04 14:00:00+00:00,135.0,37.6,2023-04-04 14:00:00+00:00,2023
2024-04-04 15:00:00+00:00,123.0,32.14,2023-04-04 15:00:00+00:00,2023
2024-04-04 16:00:00+00:00,91.0,25.03,2023-04-04 16:00:00+00:00,2023
2024-04-04 17:00:00+00:00,47.0,16.92,2023-04-04 17:00:00+00:00,2023
2024-04-04 18:00:00+00:00,18.0,8.3,2023-04-04 18:00:00+00:00,2023
2024-04-04 19:00:00+00:00,0.0,0.0,2023-04-04 19:00:00+00:00,2023
2024-04-04 20:00:00+00:00,0.0,0.0,2023-04-04 20:00:00+00:00,2023
2024-04-04 21:00:00+00:00,0.0,0.0,2023-04-04 21:00:00+00:00,2023
2024-04-04 22:00:00+00:00,0.0,0.0,2023-04-04 22:00:00+00:00,2023
2024-04-04 23:00:00+00:00,0.0,0.0,2023-04-04 23:00:00+00:00,2023
2024-04-05 00:00:00+00:00,0.0,0.0,2023-04-05 00:00:00+00:00,2023
2024-04-05 01:00:00+00:00,0.0,0.0,2023-04-05 01:00:00+00:00,2023
2024-04-05 02:00:00+00:00,0.0,0.0,2023-04-05 02:00:00+00:00,2023
2024-04-05 03:00:00+00:00,0.0,0.0,2023-04-05 03:00:00+00:00,2023
2024-04-05 04:00:00+00:00,0.0,0.0,2023-04-05 04:00:00+00:00,2023
2024-04-05 05:00:00+00:00,0.0,0.0,2023-04-05 05:00:00+00:00,2023
2024-04-05 06:00:00+00:00,0.0,0.0,2023-04-05 06:00:00+00:00,2023
2024-04-05 07:00:00+00:00,30.0,10.04,2023-04-05 07:00:00+00:00,2023
2024-04-05 08:00:00+00:00,136.0,18.61,2023-04-05 08:00:00+00:00,2023
2024-04-05 09:00:00+00:00,215.0,26.61,2023-04-05 09:00:00+00:00,2023
2024-04-05 10:00:00+00:00,127.0,33.52,2023-04-05 10:00:00+00:00,2023
2024-04-05 11:00:00+00:00,134.0,38.66,2023-04-05 11:00:00+00:00,2023
2024-04-05 12:00:00+00:00,276.0,41.34,2023-04-05 12:00:00+00:00,2023
2024-04-05 13:00:00+00:00,322.0,41.08,2023-04-05 13:00:00+00:00,2023
2024-04-05 14:00:00+00:00,257.0,37.95,2023-04-05 14:00:00+00:00,2023
2024-04-05 15:00:00+00:00,201.0,32.46,2023-04-05 15:00:00+00:00,2023
2024-04-05 16:00:00+00:00,333.0,25.32,2023-04-05 16:00:00+00:00,2023
2024-04-05 17:00:00+00:00,195.0,17.19,2023-04-05 17:00:00+00:00,2023
2024-04-05 18:00:00+00:00,102.0,8.57,2023-04-05 18:00:00+00:00,2023
2024-04-05 19:00:00+00:00,0.0,0.0,2023-04-05 19:00:00+00:00,2023
2024-04-05 20:00:00+00:00,0.0,0.0,2023-04-05 20:00:00+00:00,2023
2024-04-05 21:00:00+00:00,0.0,0.0,2023-04-05 21:00:00+00:00,2023
2024-04-05 22:00:00+00:00,0.0,0.0,2023-04-05 22:00:00+00:00,2023
2024-04-05 23:00:00+00:00,0.0,0.0,2023-04-05 23:00:00+00:00,2023
2024-04-06 00:00:00+00:00,0.0,0.0,2023-04-06 00:00:00+00:00,2023
2024-04-06 01:00:00+00:00,0.0,0.0,2023-04-06 01:00:00+00:00,2023
2024-04-06 02:00:00+00:00,0.0,0.0,2023-04-06 02:00:00+00:00,2023
2024-04-06 03:00:00+00:00,0.0,0.0,2023-04-06 03:00:00+00:00,2023
2024-04-06 04:00:00+00:00,0.0,0.0,2023-04-06 04:00:00+00:00,2023
2024-04-06 05:00:00+00:00,0.0,0.0,2023-04-06 05:00:00+00:00,2023
2024-04-06 06:00:00+00:00,1.0,1.7,2023-04-06 06:00:00+00:00,2023
2024-04-06 07:00:00+00:00,140.0,10.39,2023-04-06 07:00:00+00:00,2023
2024-04-06 08:00:00+00:00,298.0,18.96,2023-04-06 08:00:00+00:00,2023
2024-04-06 09:00:00+00:00,440.01,26.98,2023-04-06 09:00:00+00:00,2023
2024-04-06 10:00:00+00:00,578.01,33.89,2023-04-06 10:00:00+00:00,2023
2024-04-06 11:00:00+00:00,621.01,39.04,2023-04-06 11:00:00+00:00,2023
2024-04-06 12:00:00+00:00,714.01,41.72,2023-04-06 12:00:00+00:00,2023
2024-04-06 13:00:00+00:00,709.01,41.45,2023-04-06 13:00:00+00:00,2023
2024-04-06 14:00:00+00:00,650.01,38.28,2023-04-06 14:00:00+00:00,2023
2024-04-06 15:00:00+00:00,547.01,32.76,2023-04-06 15:00:00+00:00,2023
2024-04-06 16:00:00+00:00,419.01,25.61,2023-04-06 16:00:00+00:00,2023
2024-04-06 17:00:00+00:00,263.0,17.45,2023-04-06 17:00:00+00:00,2023
2024-04-06 18:00:00+00:00,106.0,8.83,2023-04-06 18:00:00+00:00,2023
2024-04-06 19:00:00+00:00,0.0,0.0,2023-04-06 19:00:00+00:00,2023
2024-04-06 20:00:00+00:00,0.0,0.0,2023-04-06 20:00:00+00:00,2023
2024-04-06 21:00:00+00:00,0.0,0.0,2023-04-06 21:00:00+00:00,2023
2024-04-06 22:00:00+00:00,0.0,0.0,2023-04-06 22:00:00+00:00,2023
2024-04-06 23:00:00+00:00,0.0,0.0,2023-04-06 23:00:00+00:00,2023
2024-04-07 00:00:00+00:00,0.0,0.0,2023-04-07 00:00:00+00:00,2023
2024-04-07 01:00:00+00:00,0.0,0.0,2023-04-07 01:00:00+00:00,2023
2024-04-07 02:00:00+00:00,0.0,0.0,2023-04-07 02:00:00+00:00,2023
2024-04-07 03:00:00+00:00,0.0,0.0,2023-04-07 03:00:00+00:00,2023
2024-04-07 04:00:00+00:00,0.0,0.0,2023-04-07 04:00:00+00:00,2023
2024-04-07 05:00:00+00:00,0.0,0.0,2023-04-07 05:00:00+00:00,2023
2024-04-07 06:00:00+00:00,2.0,2.05,2023-04-07 06:00:00+00:00,2023
2024-04-07 07:00:00+00:00,140.0,10.74,2023-04-07 07:00:00+00:00,2023
2024-04-07 08:00:00+00:00,252.0,19.32,2023-04-07 08:00:00+00:00,2023
2024-04-07 09:00:00+00:00,457.01,27.34,2023-04-07 09:00:00+00:00,2023
2024-04-07 10:00:00+00:00,488.0,34.27,2023-04-07 10:00:00+00:00,2023
2024-04-07 11:00:00+00:00,630.01,39.43,2023-04-07 11:00:00+00:00,2023
2024-04-07 12:00:00+00:00,675.01,42.1,2023-04-07 12:00:00+00:00,2023
2024-04-07 13:00:00+00:00,659.01,41.82,2023-04-07 13:00:00+00:00,2023
2024-04-07 14:00:00+00:00,624.01,38.62,2023-04-07 14:00:00+00:00,2023
2024-04-07 15:00:00+00:00,481.0,33.07,2023-04-07 15:00:00+00:00,2023
2024-04-07 16:00:00+00:00,320.0,25.89,2023-04-07 16:00:00+00:00,2023
2024-04-07 17:00:00+00:00,195.0,17.72,2023-04-07 17:00:00+00:00,2023
2024-04-07 18:00:00+00:00,65.0,9.09,2023-04-07 18:00:00+00:00,2023
2024-04-07 19:00:00+00:00,0.0,0.0,2023-04-07 19:00:00+00:00,2023
2024-04-07 20:00:00+00:00,0.0,0.0,2023-04-07 20:00:00+00:00,2023
2024-04-07 21:00:00+00:00,0.0,0.0,2023-04-07 21:00:00+00:00,2023
2024-04-07 22:00:00+00:00,0.0,0.0,2023-04-07 22:00:00+00:00,2023
2024-04-07 23:00:00+00:00,0.0,0.0,2023-04-07 23:00:00+00:00,2023
2024-04-08 00:00:00+00:00,0.0,0.0,2023-04-08 00:00:00+00:00,2023
2024-04-08 01:00:00+00:00,0.0,0.0,2023-04-08 01:00:00+00:00,2023
2024-04-08 02:00:00+00:00,0.0,0.0,2023-04-08 02:00:00+00:00,2023
2024-04-08 03:00:00+00:00,0.0,0.0,2023-04-08 03:00:00+00:00,2023
2024-04-08 04:00:00+00:00,0.0,0.0,2023-04-08 04:00:00+00:00,2023
2024-04-08 05:00:00+00:00,0.0,0.0,2023-04-08 05:00:00+00:00,2023
2024-04-08 06:00:00+00:00,1.0,2.4,2023-04-08 06:00:00+00:00,2023
2024-04-08 07:00:00+00:00,86.0,11.09,2023-04-08 07:00:00+00:00,2023
2024-04-08 08:00:00+00:00,250.0,19.67,2023-04-08 08:00:00+00:00,2023
2024-04-08 09:00:00+00:00,270.0,27.7,2023-04-08 09:00:00+00:00,2023
2024-04-08 10:00:00+00:00,344.0,34.64,2023-04-08 10:00:00+00:00,2023
2024-04-08 11:00:00+00:00,298.0,39.81,2023-04-08 11:00:00+00:00,2023
2024-04-08 12:00:00+00:00,356.0,42.48,2023-04-08 12:00:00+00:00,2023
2024-04-08 13:00:00+00:00,371.0,42.18,2023-04-08 13:00:00+00:00,2023
2024-04-08 14:00:00+00:00,291.0,38.96,2023-04-08 14:00:00+00:00,2023
2024-04-08 15:00:00+00:00,303.0,33.38,2023-04-08 15:00:00+00:00,2023
2024-04-08 16:00:00+00:00,139.0,26.17,2023-04-08 16:00:00+00:00,2023
2024-04-08 17:00:00+00:00,66.0,17.99,2023-04-08 17:00:00+00:00,2023
2024-04-08 18:00:00+00:00,10.0,9.36,2023-04-08 18:00:00+00:00,2023
2024-04-08 19:00:00+00:00,0.0,0.0,2023-04-08 19:00:00+00:00,2023
2024-04-08 20:00:00+00:00,0.0,0.0,2023-04-08 20:00:00+00:00,2023
2024-04-08 21:00:00+00:00,0.0,0.0,2023-04-08 21:00:00+00:00,2023
2024-04-08 22:00:00+00:00,0.0,0.0,2023-04-08 22:00:00+00:00,2023
2024-04-08 23:00:00+00:00,0.0,0.0,2023-04-08 23:00:00+00:00,2023
2024-04-09 00:00:00+00:00,0.0,0.0,2023-04-09 00:00:00+00:00,2023
2024-04-09 01:00:00+00:00,0.0,0.0,2023-04-09 01:00:00+00:00,2023
2024-04-09 02:00:00+00:00,0.0,0.0,2023-04-09 02:00:00+00:00,2023
2024-04-09 03:00:00+00:00,0.0,0.0,2023-04-09 03:00:00+00:00,2023
2024-04-09 04:00:00+00:00,0.0,0.0,2023-04-09 04:00:00+00:00,2023
2024-04-09 05:00:00+00:00,0.0,0.0,2023-04-09 05:00:00+00:00,2023
2024-04-09 06:00:00+00:00,2.0,2.75,2023-04-09 06:00:00+00:00,2023
2024-04-09 07:00:00+00:00,85.0,11.43,2023-04-09 07:00:00+00:00,2023
2024-04-09 08:00:00+00:00,91.0,20.02,2023-04-09 08:00:00+00:00,2023
2024-04-09 09:00:00+00:00,118.0,28.06,2023-04-09 09:00:00+00:00,2023
2024-04-09 10:00:00+00:00,99.0,35.01,2023-04-09 10:00:00+00:00,2023
2024-04-09 11:00:00+00:00,84.0,40.19,2023-04-09 11:00:00+00:00,2023
2024-04-09 12:00:00+00:00,147.0,42.86,2023-04-09 12:00:00+00:00,2023
2024-04-09 13:00:00+00:00,422.0,42.54,2023-04-09 13:00:00+00:00,2023
2024-04-09 14:00:00+00:00,135.0,39.29,2023-04-09 14:00:00+00:00,2023
2024-04-09 15:00:00+00:00,275.0,33.68,2023-04-09 15:00:00+00:00,2023
2024-04-09 16:00:00+00:00,72.0,26.45,2023-04-09 16:00:00+00:00,2023
2024-04-09 17:00:00+00:00,57.0,18.25,2023-04-09 17:00:00+00:00,2023
2024-04-09 18:00:00+00:00,17.0,9.62,2023-04-09 18:00:00+00:00,2023
2024-04-09 19:00:00+00:00,0.0,0.0,2023-04-09 19:00:00+00:00,2023
2024-04-09 20:00:00+00:00,0.0,0.0,2023-04-09 20:00:00+00:00,2023
2024-04-09 21:00:00+00:00,0.0,0.0,2023-04-09 21:00:00+00:00,2023
2024-04-09 22:00:00+00:00,0.0,0.0,2023-04-09 22:00:00+00:00,2023
2024-04-09 23:00:00+00:00,0.0,0.0,2023-04-09 23:00:00+00:00,2023
2024-04-10 00:00:00+00:00,0.0,0.0,2023-04-10 00:00:00+00:00,2023
2024-04-10 01:00:00+00:00,0.0,0.0,2023-04-10 01:00:00+00:00,2023
2024-04-10 02:00:00+00:00,0.0,0.0,2023-04-10 02:00:00+00:00,2023
2024-04-10 03:00:00+00:00,0.0,0.0,2023-04-10 03:00:00+00:00,2023
2024-04-10 04:00:00+00:00,0.0,0.0,2023-04-10 04:00:00+00:00,2023
2024-04-10 05:00:00+00:00,0.0,0.0,2023-04-10 05:00:00+00:00,2023
2024-04-10 06:00:00+00:00,12.84,3.09,2023-04-10 06:00:00+00:00,2023
2024-04-10 07:00:00+00:00,157.0,11.78,2023-04-10 07:00:00+00:00,2023
2024-04-10 08:00:00+00:00,256.0,20.36,2023-04-10 08:00:00+00:00,2023
2024-04-10 09:00:00+00:00,359.0,28.41,2023-04-10 09:00:00+00:00,2023
2024-04-10 10:00:00+00:00,300.0,35.38,2023-04-10 10:00:00+00:00,2023
2024-04-10 11:00:00+00:00,526.0,40.56,2023-04-10 11:00:00+00:00,2023
2024-04-10 12:00:00+00:00,242.0,43.24,2023-04-10 12:00:00+00:00,2023
2024-04-10 13:00:00+00:00,693.01,42.9,2023-04-10 13:00:00+00:00,2023
2024-04-10 14:00:00+00:00,166.0,39.62,2023-04-10 14:00:00+00:00,2023
2024-04-10 15:00:00+00:00,76.0,33.98,2023-04-10 15:00:00+00:00,2023
2024-04-10 16:00:00+00:00,375.0,26.73,2023-04-10 16:00:00+00:00,2023
2024-04-10 17:00:00+00:00,217.0,18.52,2023-04-10 17:00:00+00:00,2023
2024-04-10 18:00:00+00:00,68.0,9.87,2023-04-10 18:00:00+00:00,2023
2024-04-10 19:00:00+00:00,0.0,0.0,2023-04-10 19:00:00+00:00,2023
2024-04-10 20:00:00+00:00,0.0,0.0,2023-04-10 20:00:00+00:00,2023
2024-04-10 21:00:00+00:00,0.0,0.0,2023-04-10 21:00:00+00:00,2023
2024-04-10 22:00:00+00:00,0.0,0.0,2023-04-10 22:00:00+00:00,2023
2024-04-10 23:00:00+00:00,0.0,0.0,2023-04-10 23:00:00+00:00,2023
2024-04-11 00:00:00+00:00,0.0,0.0,2023-04-11 00:00:00+00:00,2023
2024-04-11 01:00:00+00:00,0.0,0.0,2023-04-11 01:00:00+00:00,2023
2024-04-11 02:00:00+00:00,0.0,0.0,2023-04-11 02:00:00+00:00,2023
2024-04-11 03:00:00+00:00,0.0,0.0,2023-04-11 03:00:00+00:00,2023
2024-04-11 04:00:00+00:00,0.0,0.0,2023-04-11 04:00:00+00:00,2023
2024-04-11 05:00:00+00:00,0.0,0.0,2023-04-11 05:00:00+00:00,2023
2024-04-11 06:00:00+00:00,5.0,3.43,2023-04-11 06:00:00+00:00,2023
2024-04-11 07:00:00+00:00,89.0,12.12,2023-04-11 07:00:00+00:00,2023
2024-04-11 08:00:00+00:00,183.0,20.71,2023-04-11 08:00:00+00:00,2023
2024-04-11 09:00:00+00:00,154.0,28.77,2023-04-11 09:00:00+00:00,2023
2024-04-11 10:00:00+00:00,169.0,35.74,2023-04-11 10:00:00+00:00,2023
2024-04-11 11:00:00+00:00,183.0,40.94,2023-04-11 11:00:00+00:00,2023
2024-04-11 12:00:00+00:00,217.0,43.61,2023-04-11 12:00:00+00:00,2023
2024-04-11 13:00:00+00:00,138.0,43.26,2023-04-11 13:00:00+00:00,2023
2024-04-11 14:00:00+00:00,123.0,39.95,2023-04-11 14:00:00+00:00,2023
2024-04-11 15:00:00+00:00,81.0,34.28,2023-04-11 15:00:00+00:00,2023
2024-04-11 16:00:00+00:00,51.0,27.0,2023-04-11 16:00:00+00:00,2023
2024-04-11 17:00:00+00:00,35.0,18.78,2023-04-11 17:00:00+00:00,2023
2024-04-11 18:00:00+00:00,49.0,10.13,2023-04-11 18:00:00+00:00,2023
2024-04-11 19:00:00+00:00,0.0,0.0,2023-04-11 19:00:00+00:00,2023
2024-04-11 20:00:00+00:00,0.0,0.0,2023-04-11 20:00:00+00:00,2023
2024-04-11 21:00:00+00:00,0.0,0.0,2023-04-11 21:00:00+00:00,2023
2024-04-11 22:00:00+00:00,0.0,0.0,2023-04-11 22:00:00+00:00,2023
2024-04-11 23:00:00+00:00,0.0,0.0,2023-04-11 23:00:00+00:00,2023
2024-04-12 00:00:00+00:00,0.0,0.0,2023-04-12 00:00:00+00:00,2023
2024-04-12 01:00:00+00:00,0.0,0.0,2023-04-12 01:00:00+00:00,2023
2024-04-12 02:00:00+00:00,0.0,0.0,2023-04-12 02:00:00+00:00,2023
2024-04-12 03:00:00+00:00,0.0,0.0,2023-04-12 03:00:00+00:00,2023
2024-04-12 04:00:00+00:00,0.0,0.0,2023-04-12 04:00:00+00:00,2023
2024-04-12 05:00:00+00:00,0.0,0.0,2023-04-12 05:00:00+00:00,2023
2024-04-12 06:00:00+00:00,16.82,3.77,2023-04-12 06:00:00+00:00,2023
2024-04-12 07:00:00+00:00,167.0,12.45,2023-04-12 07:00:00+00:00,2023
2024-04-12 08:00:00+00:00,94.0,21.05,2023-04-12 08:00:00+00:00,2023
2024-04-12 09:00:00+00:00,161.0,29.12,2023-04-12 09:00:00+00:00,2023
2024-04-12 10:00:00+00:00,145.0,36.1,2023-04-12 10:00:00+00:00,2023
2024-04-12 11:00:00+00:00,188.0,41.31,2023-04-12 11:00:00+00:00,2023
2024-04-12 12:00:00+00:00,165.0,43.98,2023-04-12 12:00:00+00:00,2023
2024-04-12 13:00:00+00:00,152.0,43.61,2023-04-12 13:00:00+00:00,2023
2024-04-12 14:00:00+00:00,159.0,40.28,2023-04-12 14:00:00+00:00,2023
2024-04-12 15:00:00+00:00,93.0,34.58,2023-04-12 15:00:00+00:00,2023
2024-04-12 16:00:00+00:00,164.0,27.28,2023-04-12 16:00:00+00:00,2023
2024-04-12 17:00:00+00:00,89.0,19.04,2023-04-12 17:00:00+00:00,2023
2024-04-12 18:00:00+00:00,75.0,10.39,2023-04-12 18:00:00+00:00,2023
2024-04-12 19:00:00+00:00,1.0,1.75,2023-04-12 19:00:00+00:00,2023
2024-04-12 20:00:00+00:00,0.0,0.0,2023-04-12 20:00:00+00:00,2023
2024-04-12 21:00:00+00:00,0.0,0.0,2023-04-12 21:00:00+00:00,2023
2024-04-12 22:00:00+00:00,0.0,0.0,2023-04-12 22:00:00+00:00,2023
2024-04-12 23:00:00+00:00,0.0,0.0,2023-04-12 23:00:00+00:00,2023
2024-04-13 00:00:00+00:00,0.0,0.0,2023-04-13 00:00:00+00:00,2023
2024-04-13 01:00:00+00:00,0.0,0.0,2023-04-13 01:00:00+00:00,2023
2024-04-13 02:00:00+00:00,0.0,0.0,2023-04-13 02:00:00+00:00,2023
2024-04-13 03:00:00+00:00,0.0,0.0,2023-04-13 03:00:00+00:00,2023
2024-04-13 04:00:00+00:00,0.0,0.0,2023-04-13 04:00:00+00:00,2023
2024-04-13 05:00:00+00:00,0.0,0.0,2023-04-13 05:00:00+00:00,2023
2024-04-13 06:00:00+00:00,3.0,4.11,2023-04-13 06:00:00+00:00,2023
2024-04-13 07:00:00+00:00,149.0,12.79,2023-04-13 07:00:00+00:00,2023
2024-04-13 08:00:00+00:00,340.0,21.39,2023-04-13 08:00:00+00:00,2023
2024-04-13 09:00:00+00:00,316.0,29.46,2023-04-13 09:00:00+00:00,2023
2024-04-13 10:00:00+00:00,390.0,36.46,2023-04-13 10:00:00+00:00,2023
2024-04-13 11:00:00+00:00,510.0,41.68,2023-04-13 11:00:00+00:00,2023
2024-04-13 12:00:00+00:00,727.01,44.35,2023-04-13 12:00:00+00:00,2023
2024-04-13 13:00:00+00:00,736.01,43.96,2023-04-13 13:00:00+00:00,2023
2024-04-13 14:00:00+00:00,672.01,40.6,2023-04-13 14:00:00+00:00,2023
2024-04-13 15:00:00+00:00,576.01,34.87,2023-04-13 15:00:00+00:00,2023
2024-04-13 16:00:00+00:00,425.0,27.55,2023-04-13 16:00:00+00:00,2023
2024-04-13 17:00:00+00:00,294.0,19.3,2023-04-13 17:00:00+00:00,2023
2024-04-13 18:00:00+00:00,142.0,10.64,2023-04-13 18:00:00+00:00,2023
2024-04-13 19:00:00+00:00,1.0,2.01,2023-04-13 19:00:00+00:00,2023
2024-04-13 20:00:00+00:00,0.0,0.0,2023-04-13 20:00:00+00:00,2023
2024-04-13 21:00:00+00:00,0.0,0.0,2023-04-13 21:00:00+00:00,2023
2024-04-13 22:00:00+00:00,0.0,0.0,2023-04-13 22:00:00+00:00,2023
2024-04-13 23:00:00+00:00,0.0,0.0,2023-04-13 23:00:00+00:00,2023
2024-04-14 00:00:00+00:00,0.0,0.0,2023-04-14 00:00:00+00:00,2023
2024-04-14 01:00:00+00:00,0.0,0.0,2023-04-14 01:00:00+00:00,2023
2024-04-14 02:00:00+00:00,0.0,0.0,2023-04-14 02:00:00+00:00,2023
2024-04-14 03:00:00+00:00,0.0,0.0,2023-04-14 03:00:00+00:00,2023
2024-04-14 04:00:00+00:00,0.0,0.0,2023-04-14 04:00:00+00:00,2023
2024-04-14 05:00:00+00:00,0.0,0.0,2023-04-14 05:00:00+00:00,2023
2024-04-14 06:00:00+00:00,23.58,4.44,2023-04-14 06:00:00+00:00,2023
2024-04-14 07:00:00+00:00,175.0,13.12,2023-04-14 07:00:00+00:00,2023
2024-04-14 08:00:00+00:00,177.0,21.72,2023-04-14 08:00:00+00:00,2023
2024-04-14 09:00:00+00:00,473.0,29.81,2023-04-14 09:00:00+00:00,2023
2024-04-14 10:00:00+00:00,391.0,36.82,2023-04-14 10:00:00+00:00,2023
2024-04-14 11:00:00+00:00,589.01,42.04,2023-04-14 11:00:00+00:00,2023
2024-04-14 12:00:00+00:00,727.01,44.71,2023-04-14 12:00:00+00:00,2023
2024-04-14 13:00:00+00:00,661.01,44.31,2023-04-14 13:00:00+00:00,2023
2024-04-14 14:00:00+00:00,521.0,40.92,2023-04-14 14:00:00+00:00,2023
2024-04-14 15:00:00+00:00,465.0,35.17,2023-04-14 15:00:00+00:00,2023
2024-04-14 16:00:00+00:00,455.0,27.82,2023-04-14 16:00:00+00:00,2023
2024-04-14 17:00:00+00:00,291.0,19.56,2023-04-14 17:00:00+00:00,2023
2024-04-14 18:00:00+00:00,143.0,10.9,2023-04-14 18:00:00+00:00,2023
2024-04-14 19:00:00+00:00,3.0,2.26,2023-04-14 19:00:00+00:00,2023
2024-04-14 20:00:00+00:00,0.0,0.0,2023-04-14 20:00:00+00:00,2023
2024-04-14 21:00:00+00:00,0.0,0.0,2023-04-14 21:00:00+00:00,2023
2024-04-14 22:00:00+00:00,0.0,0.0,2023-04-14 22:00:00+00:00,2023
2024-04-14 23:00:00+00:00,0.0,0.0,2023-04-14 23:00:00+00:00,2023
2024-04-15 00:00:00+00:00,0.0,0.0,2023-04-15 00:00:00+00:00,2023
2024-04-15 01:00:00+00:00,0.0,0.0,2023-04-15 01:00:00+00:00,2023
2024-04-15 02:00:00+00:00,0.0,0.0,2023-04-15 02:00:00+00:00,2023
2024-04-15 03:00:00+00:00,0.0,0.0,2023-04-15 03:00:00+00:00,2023
2024-04-15 04:00:00+00:00,0.0,0.0,2023-04-15 04:00:00+00:00,2023
2024-04-15 05:00:00+00:00,0.0,0.0,2023-04-15 05:00:00+00:00,2023
2024-04-15 06:00:00+00:00,26.36,4.77,2023-04-15 06:00:00+00:00,2023
2024-04-15 07:00:00+00:00,175.0,13.45,2023-04-15 07:00:00+00:00,2023
2024-04-15 08:00:00+00:00,309.0,22.05,2023-04-15 08:00:00+00:00,2023
2024-04-15 09:00:00+00:00,433.0,30.15,2023-04-15 09:00:00+00:00,2023
2024-04-15 10:00:00+00:00,478.0,37.17,2023-04-15 10:00:00+00:00,2023
2024-04-15 11:00:00+00:00,460.0,42.41,2023-04-15 11:00:00+00:00,2023
2024-04-15 12:00:00+00:00,379.0,45.08,2023-04-15 12:00:00+00:00,2023
2024-04-15 13:00:00+00:00,335.0,44.66,2023-04-15 13:00:00+00:00,2023
2024-04-15 14:00:00+00:00,215.0,41.24,2023-04-15 14:00:00+00:00,2023
2024-04-15 15:00:00+00:00,122.0,35.46,2023-04-15 15:00:00+00:00,2023
2024-04-15 16:00:00+00:00,79.0,28.09,2023-04-15 16:00:00+00:00,2023
2024-04-15 17:00:00+00:00,29.0,19.81,2023-04-15 17:00:00+00:00,2023
2024-04-15 18:00:00+00:00,53.0,11.15,2023-04-15 18:00:00+00:00,2023
2024-04-15 19:00:00+00:00,5.0,2.52,2023-04-15 19:00:00+00:00,2023
2024-04-15 20:00:00+00:00,0.0,0.0,2023-04-15 20:00:00+00:00,2023
2024-04-15 21:00:00+00:00,0.0,0.0,2023-04-15 21:00:00+00:00,2023
2024-04-15 22:00:00+00:00,0.0,0.0,2023-04-15 22:00:00+00:00,2023
2024-04-15 23:00:00+00:00,0.0,0.0,2023-04-15 23:00:00+00:00,2023
2024-04-16 00:00:00+00:00,0.0,0.0,2023-04-16 00:00:00+00:00,2023
2024-04-16 01:00:00+00:00,0.0,0.0,2023-04-16 01:00:00+00:00,2023
2024-04-16 02:00:00+00:00,0.0,0.0,2023-04-16 02:00:00+00:00,2023
2024-04-16 03:00:00+00:00,0.0,0.0,2023-04-16 03:00:00+00:00,2023
2024-04-16 04:00:00+00:00,0.0,0.0,2023-04-16 04:00:00+00:00,2023
2024-04-16 05:00:00+00:00,0.0,0.0,2023-04-16 05:00:00+00:00,2023
2024-04-16 06:00:00+00:00,13.0,5.1,2023-04-16 06:00:00+00:00,2023
2024-04-16 07:00:00+00:00,111.0,13.77,2023-04-16 07:00:00+00:00,2023
2024-04-16 08:00:00+00:00,83.0,22.38,2023-04-16 08:00:00+00:00,2023
2024-04-16 09:00:00+00:00,303.0,30.48,2023-04-16 09:00:00+00:00,2023
2024-04-16 10:00:00+00:00,299.0,37.52,2023-04-16 10:00:00+00:00,2023
2024-04-16 11:00:00+00:00,389.0,42.77,2023-04-16 11:00:00+00:00,2023
2024-04-16 12:00:00+00:00,529.0,45.44,2023-04-16 12:00:00+00:00,2023
2024-04-16 13:00:00+00:00,517.0,45.0,2023-04-16 13:00:00+00:00,2023
2024-04-16 14:00:00+00:00,619.01,41.56,2023-04-16 14:00:00+00:00,2023
2024-04-16 15:00:00+00:00,479.0,35.75,2023-04-16 15:00:00+00:00,2023
2024-04-16 16:00:00+00:00,393.0,28.36,2023-04-16 16:00:00+00:00,2023
2024-04-16 17:00:00+00:00,194.0,20.07,2023-04-16 17:00:00+00:00,2023
2024-04-16 18:00:00+00:00,87.0,11.4,2023-04-16 18:00:00+00:00,2023
2024-04-16 19:00:00+00:00,2.0,2.78,2023-04-16 19:00:00+00:00,2023
2024-04-16 20:00:00+00:00,0.0,0.0,2023-04-16 20:00:00+00:00,2023
2024-04-16 21:00:00+00:00,0.0,0.0,2023-04-16 21:00:00+00:00,2023
2024-04-16 22:00:00+00:00,0.0,0.0,2023-04-16 22:00:00+00:00,2023
2024-04-16 23:00:00+00:00,0.0,0.0,2023-04-16 23:00:00+00:00,2023
2024-04-17 00:00:00+00:00,0.0,0.0,2023-04-17 00:00:00+00:00,2023
2024-04-17 01:00:00+00:00,0.0,0.0,2023-04-17 01:00:00+00:00,2023
2024-04-17 02:00:00+00:00,0.0,0.0,2023-04-17 02:00:00+00:00,2023
2024-04-17 03:00:00+00:00,0.0,0.0,2023-04-17 03:00:00+00:00,2023
2024-04-17 04:00:00+00:00,0.0,0.0,2023-04-17 04:00:00+00:00,2023
2024-04-17 05:00:00+00:00,0.0,0.0,2023-04-17 05:00:00+00:00,2023
2024-04-17 06:00:00+00:00,7.0,5.42,2023-04-17 06:00:00+00:00,2023
2024-04-17 07:00:00+00:00,130.0,14.09,2023-04-17 07:00:00+00:00,2023
2024-04-17 08:00:00+00:00,246.0,22.7,2023-04-17 08:00:00+00:00,2023
2024-04-17 09:00:00+00:00,393.0,30.82,2023-04-17 09:00:00+00:00,2023
2024-04-17 10:00:00+00:00,438.0,37.86,2023-04-17 10:00:00+00:00,2023
2024-04-17 11:00:00+00:00,477.0,43.12,2023-04-17 11:00:00+00:00,2023
2024-04-17 12:00:00+00:00,490.0,45.79,2023-04-17 12:00:00+00:00,2023
2024-04-17 13:00:00+00:00,333.0,45.34,2023-04-17 13:00:00+00:00,2023
2024-04-17 14:00:00+00:00,202.0,41.87,2023-04-17 14:00:00+00:00,2023
2024-04-17 15:00:00+00:00,145.0,36.03,2023-04-17 15:00:00+00:00,2023
2024-04-17 16:00:00+00:00,235.0,28.62,2023-04-17 16:00:00+00:00,2023
2024-04-17 17:00:00+00:00,145.0,20.32,2023-04-17 17:00:00+00:00,2023
2024-04-17 18:00:00+00:00,49.0,11.65,2023-04-17 18:00:00+00:00,2023
2024-04-17 19:00:00+00:00,3.0,3.03,2023-04-17 19:00:00+00:00,2023
2024-04-17 20:00:00+00:00,0.0,0.0,2023-04-17 20:00:00+00:00,2023
2024-04-17 21:00:00+00:00,0.0,0.0,2023-04-17 21:00:00+00:00,2023
2024-04-17 22:00:00+00:00,0.0,0.0,2023-04-17 22:00:00+00:00,2023
2024-04-17 23:00:00+00:00,0.0,0.0,2023-04-17 23:00:00+00:00,2023
2024-04-18 00:00:00+00:00,0.0,0.0,2023-04-18 00:00:00+00:00,2023
2024-04-18 01:00:00+00:00,0.0,0.0,2023-04-18 01:00:00+00:00,2023
2024-04-18 02:00:00+00:00,0.0,0.0,2023-04-18 02:00:00+00:00,2023
2024-04-18 03:00:00+00:00,0.0,0.0,2023-04-18 03:00:00+00:00,2023
2024-04-18 04:00:00+00:00,0.0,0.0,2023-04-18 04:00:00+00:00,2023
2024-04-18 05:00:00+00:00,0.0,0.0,2023-04-18 05:00:00+00:00,2023
2024-04-18 06:00:00+00:00,22.0,5.74,2023-04-18 06:00:00+00:00,2023
2024-04-18 07:00:00+00:00,155.0,14.41,2023-04-18 07:00:00+00:00,2023
2024-04-18 08:00:00+00:00,265.0,23.03,2023-04-18 08:00:00+00:00,2023
2024-04-18 09:00:00+00:00,381.0,31.15,2023-04-18 09:00:00+00:00,2023
2024-04-18 10:00:00+00:00,590.01,38.21,2023-04-18 10:00:00+00:00,2023
2024-04-18 11:00:00+00:00,517.0,43.47,2023-04-18 11:00:00+00:00,2023
2024-04-18 12:00:00+00:00,662.01,46.15,2023-04-18 12:00:00+00:00,2023
2024-04-18 13:00:00+00:00,640.01,45.68,2023-04-18 13:00:00+00:00,2023
2024-04-18 14:00:00+00:00,690.01,42.19,2023-04-18 14:00:00+00:00,2023
2024-04-18 15:00:00+00:00,597.01,36.32,2023-04-18 15:00:00+00:00,2023
2024-04-18 16:00:00+00:00,442.0,28.88,2023-04-18 16:00:00+00:00,2023
2024-04-18 17:00:00+00:00,299.0,20.57,2023-04-18 17:00:00+00:00,2023
2024-04-18 18:00:00+00:00,159.0,11.89,2023-04-18 18:00:00+00:00,2023
2024-04-18 19:00:00+00:00,9.0,3.28,2023-04-18 19:00:00+00:00,2023
2024-04-18 20:00:00+00:00,0.0,0.0,2023-04-18 20:00:00+00:00,2023
2024-04-18 21:00:00+00:00,0.0,0.0,2023-04-18 21:00:00+00:00,2023
2024-04-18 22:00:00+00:00,0.0,0.0,2023-04-18 22:00:00+00:00,2023
2024-04-18 23:00:00+00:00,0.0,0.0,2023-04-18 23:00:00+00:00,2023
2024-04-19 00:00:00+00:00,0.0,0.0,2023-04-19 00:00:00+00:00,2023
2024-04-19 01:00:00+00:00,0.0,0.0,2023-04-19 01:00:00+00:00,2023
2024-04-19 02:00:00+00:00,0.0,0.0,2023-04-19 02:00:00+00:00,2023
2024-04-19 03:00:00+00:00,0.0,0.0,2023-04-19 03:00:00+00:00,2023
2024-04-19 04:00:00+00:00,0.0,0.0,2023-04-19 04:00:00+00:00,2023
2024-04-19 05:00:00+00:00,0.0,0.0,2023-04-19 05:00:00+00:00,2023
2024-04-19 06:00:00+00:00,65.0,6.06,2023-04-19 06:00:00+00:00,2023
2024-04-19 07:00:00+00:00,211.0,14.72,2023-04-19 07:00:00+00:00,2023
2024-04-19 08:00:00+00:00,368.0,23.34,2023-04-19 08:00:00+00:00,2023
2024-04-19 09:00:00+00:00,340.0,31.47,2023-04-19 09:00:00+00:00,2023
2024-04-19 10:00:00+00:00,423.0,38.54,2023-04-19 10:00:00+00:00,2023
2024-04-19 11:00:00+00:00,480.0,43.82,2023-04-19 11:00:00+00:00,2023
2024-04-19 12:00:00+00:00,453.0,46.5,2023-04-19 12:00:00+00:00,2023
2024-04-19 13:00:00+00:00,452.0,46.02,2023-04-19 13:00:00+00:00,2023
2024-04-19 14:00:00+00:00,391.0,42.49,2023-04-19 14:00:00+00:00,2023
2024-04-19 15:00:00+00:00,313.0,36.6,2023-04-19 15:00:00+00:00,2023
2024-04-19 16:00:00+00:00,281.0,29.14,2023-04-19 16:00:00+00:00,2023
2024-04-19 17:00:00+00:00,176.0,20.82,2023-04-19 17:00:00+00:00,2023
2024-04-19 18:00:00+00:00,44.0,12.14,2023-04-19 18:00:00+00:00,2023
2024-04-19 19:00:00+00:00,3.0,3.54,2023-04-19 19:00:00+00:00,2023
2024-04-19 20:00:00+00:00,0.0,0.0,2023-04-19 20:00:00+00:00,2023
2024-04-19 21:00:00+00:00,0.0,0.0,2023-04-19 21:00:00+00:00,2023
2024-04-19 22:00:00+00:00,0.0,0.0,2023-04-19 22:00:00+00:00,2023
2024-04-19 23:00:00+00:00,0.0,0.0,2023-04-19 23:00:00+00:00,2023
2024-04-20 00:00:00+00:00,0.0,0.0,2023-04-20 00:00:00+00:00,2023
2024-04-20 01:00:00+00:00,0.0,0.0,2023-04-20 01:00:00+00:00,2023
2024-04-20 02:00:00+00:00,0.0,0.0,2023-04-20 02:00:00+00:00,2023
2024-04-20 03:00:00+00:00,0.0,0.0,2023-04-20 03:00:00+00:00,2023
2024-04-20 04:00:00+00:00,0.0,0.0,2023-04-20 04:00:00+00:00,2023
2024-04-20 05:00:00+00:00,0.0,0.0,2023-04-20 05:00:00+00:00,2023
2024-04-20 06:00:00+00:00,74.0,6.37,2023-04-20 06:00:00+00:00,2023
2024-04-20 07:00:00+00:00,220.0,15.03,2023-04-20 07:00:00+00:00,2023
2024-04-20 08:00:00+00:00,382.0,23.66,2023-04-20 08:00:00+00:00,2023
2024-04-20 09:00:00+00:00,520.01,31.79,2023-04-20 09:00:00+00:00,2023
2024-04-20 10:00:00+00:00,644.01,38.88,2023-04-20 10:00:00+00:00,2023
2024-04-20 11:00:00+00:00,752.01,44.17,2023-04-20 11:00:00+00:00,2023
2024-04-20 12:00:00+00:00,781.01,46.85,2023-04-20 12:00:00+00:00,2023
2024-04-20 13:00:00+00:00,786.01,46.35,2023-04-20 13:00:00+00:00,2023
2024-04-20 14:00:00+00:00,726.01,42.8,2023-04-20 14:00:00+00:00,2023
2024-04-20 15:00:00+00:00,617.01,36.88,2023-04-20 15:00:00+00:00,2023
2024-04-20 16:00:00+00:00,485.0,29.4,2023-04-20 16:00:00+00:00,2023
2024-04-20 17:00:00+00:00,340.0,21.06,2023-04-20 17:00:00+00:00,2023
2024-04-20 18:00:00+00:00,175.0,12.39,2023-04-20 18:00:00+00:00,2023
2024-04-20 19:00:00+00:00,15.83,3.79,2023-04-20 19:00:00+00:00,2023
2024-04-20 20:00:00+00:00,0.0,0.0,2023-04-20 20:00:00+00:00,2023
2024-04-20 21:00:00+00:00,0.0,0.0,2023-04-20 21:00:00+00:00,2023
2024-04-20 22:00:00+00:00,0.0,0.0,2023-04-20 22:00:00+00:00,2023
2024-04-20 23:00:00+00:00,0.0,0.0,2023-04-20 23:00:00+00:00,2023
2024-04-21 00:00:00+00:00,0.0,0.0,2023-04-21 00:00:00+00:00,2023
2024-04-21 01:00:00+00:00,0.0,0.0,2023-04-21 01:00:00+00:00,2023
2024-04-21 02:00:00+00:00,0.0,0.0,2023-04-21 02:00:00+00:00,2023
2024-04-21 03:00:00+00:00,0.0,0.0,2023-04-21 03:00:00+00:00,2023
2024-04-21 04:00:00+00:00,0.0,0.0,2023-04-21 04:00:00+00:00,2023
2024-04-21 05:00:00+00:00,0.0,0.0,2023-04-21 05:00:00+00:00,2023
2024-04-21 06:00:00+00:00,74.0,6.68,2023-04-21 06:00:00+00:00,2023
2024-04-21 07:00:00+00:00,214.0,15.34,2023-04-21 07:00:00+00:00,2023
2024-04-21 08:00:00+00:00,377.0,23.97,2023-04-21 08:00:00+00:00,2023
2024-04-21 09:00:00+00:00,519.01,32.11,2023-04-21 09:00:00+00:00,2023
2024-04-21 10:00:00+00:00,642.01,39.21,2023-04-21 10:00:00+00:00,2023
2024-04-21 11:00:00+00:00,718.01,44.51,2023-04-21 11:00:00+00:00,2023
2024-04-21 12:00:00+00:00,770.01,47.19,2023-04-21 12:00:00+00:00,2023
2024-04-21 13:00:00+00:00,762.01,46.68,2023-04-21 13:00:00+00:00,2023
2024-04-21 14:00:00+00:00,722.01,43.11,2023-04-21 14:00:00+00:00,2023
2024-04-21 15:00:00+00:00,598.01,37.15,2023-04-21 15:00:00+00:00,2023
2024-04-21 16:00:00+00:00,399.0,29.66,2023-04-21 16:00:00+00:00,2023
2024-04-21 17:00:00+00:00,178.0,21.31,2023-04-21 17:00:00+00:00,2023
2024-04-21 18:00:00+00:00,66.0,12.63,2023-04-21 18:00:00+00:00,2023
2024-04-21 19:00:00+00:00,5.0,4.03,2023-04-21 19:00:00+00:00,2023
2024-04-21 20:00:00+00:00,0.0,0.0,2023-04-21 20:00:00+00:00,2023
2024-04-21 21:00:00+00:00,0.0,0.0,2023-04-21 21:00:00+00:00,2023
2024-04-21 22:00:00+00:00,0.0,0.0,2023-04-21 22:00:00+00:00,2023
2024-04-21 23:00:00+00:00,0.0,0.0,2023-04-21 23:00:00+00:00,2023
2024-04-22 00:00:00+00:00,0.0,0.0,2023-04-22 00:00:00+00:00,2023
2024-04-22 01:00:00+00:00,0.0,0.0,2023-04-22 01:00:00+00:00,2023
2024-04-22 02:00:00+00:00,0.0,0.0,2023-04-22 02:00:00+00:00,2023
2024-04-22 03:00:00+00:00,0.0,0.0,2023-04-22 03:00:00+00:00,2023
2024-04-22 04:00:00+00:00,0.0,0.0,2023-04-22 04:00:00+00:00,2023
2024-04-22 05:00:00+00:00,0.0,0.0,2023-04-22 05:00:00+00:00,2023
2024-04-22 06:00:00+00:00,12.0,6.98,2023-04-22 06:00:00+00:00,2023
2024-04-22 07:00:00+00:00,35.0,15.64,2023-04-22 07:00:00+00:00,2023
2024-04-22 08:00:00+00:00,71.0,24.27,2023-04-22 08:00:00+00:00,2023
2024-04-22 09:00:00+00:00,84.0,32.43,2023-04-22 09:00:00+00:00,2023
2024-04-22 10:00:00+00:00,239.0,39.54,2023-04-22 10:00:00+00:00,2023
2024-04-22 11:00:00+00:00,231.0,44.85,2023-04-22 11:00:00+00:00,2023
2024-04-22 12:00:00+00:00,162.0,47.53,2023-04-22 12:00:00+00:00,2023
2024-04-22 13:00:00+00:00,148.0,47.01,2023-04-22 13:00:00+00:00,2023
2024-04-22 14:00:00+00:00,121.0,43.41,2023-04-22 14:00:00+00:00,2023
2024-04-22 15:00:00+00:00,118.0,37.43,2023-04-22 15:00:00+00:00,2023
2024-04-22 16:00:00+00:00,152.0,29.91,2023-04-22 16:00:00+00:00,2023
2024-04-22 17:00:00+00:00,83.0,21.55,2023-04-22 17:00:00+00:00,2023
2024-04-22 18:00:00+00:00,15.0,12.87,2023-04-22 18:00:00+00:00,2023
2024-04-22 19:00:00+00:00,3.0,4.28,2023-04-22 19:00:00+00:00,2023
2024-04-22 20:00:00+00:00,0.0,0.0,2023-04-22 20:00:00+00:00,2023
2024-04-22 21:00:00+00:00,0.0,0.0,2023-04-22 21:00:00+00:00,2023
2024-04-22 22:00:00+00:00,0.0,0.0,2023-04-22 22:00:00+00:00,2023
2024-04-22 23:00:00+00:00,0.0,0.0,2023-04-22 23:00:00+00:00,2023
2024-04-23 00:00:00+00:00,0.0,0.0,2023-04-23 00:00:00+00:00,2023
2024-04-23 01:00:00+00:00,0.0,0.0,2023-04-23 01:00:00+00:00,2023
2024-04-23 02:00:00+00:00,0.0,0.0,2023-04-23 02:00:00+00:00,2023
2024-04-23 03:00:00+00:00,0.0,0.0,2023-04-23 03:00:00+00:00,2023
2024-04-23 04:00:00+00:00,0.0,0.0,2023-04-23 04:00:00+00:00,2023
2024-04-23 05:00:00+00:00,0.0,0.0,2023-04-23 05:00:00+00:00,2023
2024-04-23 06:00:00+00:00,50.0,7.28,2023-04-23 06:00:00+00:00,2023
2024-04-23 07:00:00+00:00,161.0,15.94,2023-04-23 07:00:00+00:00,2023
2024-04-23 08:00:00+00:00,141.0,24.57,2023-04-23 08:00:00+00:00,2023
2024-04-23 09:00:00+00:00,346.0,32.74,2023-04-23 09:00:00+00:00,2023
2024-04-23 10:00:00+00:00,189.0,39.86,2023-04-23 10:00:00+00:00,2023
2024-04-23 11:00:00+00:00,131.0,45.19,2023-04-23 11:00:00+00:00,2023
2024-04-23 12:00:00+00:00,586.0,47.87,2023-04-23 12:00:00+00:00,2023
2024-04-23 13:00:00+00:00,475.0,47.33,2023-04-23 13:00:00+00:00,2023
2024-04-23 14:00:00+00:00,663.01,43.7,2023-04-23 14:00:00+00:00,2023
2024-04-23 15:00:00+00:00,463.0,37.7,2023-04-23 15:00:00+00:00,2023
2024-04-23 16:00:00+00:00,413.0,30.17,2023-04-23 16:00:00+00:00,2023
2024-04-23 17:00:00+00:00,278.0,21.79,2023-04-23 17:00:00+00:00,2023
2024-04-23 18:00:00+00:00,122.0,13.11,2023-04-23 18:00:00+00:00,2023
2024-04-23 19:00:00+00:00,15.0,4.53,2023-04-23 19:00:00+00:00,2023
2024-04-23 20:00:00+00:00,0.0,0.0,2023-04-23 20:00:00+00:00,2023
2024-04-23 21:00:00+00:00,0.0,0.0,2023-04-23 21:00:00+00:00,2023
2024-04-23 22:00:00+00:00,0.0,0.0,2023-04-23 22:00:00+00:00,2023
2024-04-23 23:00:00+00:00,0.0,0.0,2023-04-23 23:00:00+00:00,2023
2024-04-24 00:00:00+00:00,0.0,0.0,2023-04-24 00:00:00+00:00,2023
2024-04-24 01:00:00+00:00,0.0,0.0,2023-04-24 01:00:00+00:00,2023
2024-04-24 02:00:00+00:00,0.0,0.0,2023-04-24 02:00:00+00:00,2023
2024-04-24 03:00:00+00:00,0.0,0.0,2023-04-24 03:00:00+00:00,2023
2024-04-24 04:00:00+00:00,0.0,0.0,2023-04-24 04:00:00+00:00,2023
2024-04-24 05:00:00+00:00,0.0,0.0,2023-04-24 05:00:00+00:00,2023
2024-04-24 06:00:00+00:00,71.0,7.58,2023-04-24 06:00:00+00:00,2023
2024-04-24 07:00:00+00:00,188.0,16.24,2023-04-24 07:00:00+00:00,2023
2024-04-24 08:00:00+00:00,382.0,24.87,2023-04-24 08:00:00+00:00,2023
2024-04-24 09:00:00+00:00,149.0,33.04,2023-04-24 09:00:00+00:00,2023
2024-04-24 10:00:00+00:00,574.0,40.18,2023-04-24 10:00:00+00:00,2023
2024-04-24 11:00:00+00:00,521.0,45.52,2023-04-24 11:00:00+00:00,2023
2024-04-24 12:00:00+00:00,608.0,48.2,2023-04-24 12:00:00+00:00,2023
2024-04-24 13:00:00+00:00,361.0,47.65,2023-04-24 13:00:00+00:00,2023
2024-04-24 14:00:00+00:00,497.0,44.0,2023-04-24 14:00:00+00:00,2023
2024-04-24 15:00:00+00:00,465.0,37.97,2023-04-24 15:00:00+00:00,2023
2024-04-24 16:00:00+00:00,386.0,30.42,2023-04-24 16:00:00+00:00,2023
2024-04-24 17:00:00+00:00,289.0,22.03,2023-04-24 17:00:00+00:00,2023
2024-04-24 18:00:00+00:00,183.0,13.35,2023-04-24 18:00:00+00:00,2023
2024-04-24 19:00:00+00:00,41.33,4.77,2023-04-24 19:00:00+00:00,2023
2024-04-24 20:00:00+00:00,0.0,0.0,2023-04-24 20:00:00+00:00,2023
2024-04-24 21:00:00+00:00,0.0,0.0,2023-04-24 21:00:00+00:00,2023
2024-04-24 22:00:00+00:00,0.0,0.0,2023-04-24 22:00:00+00:00,2023
2024-04-24 23:00:00+00:00,0.0,0.0,2023-04-24 23:00:00+00:00,2023
2024-04-25 00:00:00+00:00,0.0,0.0,2023-04-25 00:00:00+00:00,2023
2024-04-25 01:00:00+00:00,0.0,0.0,2023-04-25 01:00:00+00:00,2023
2024-04-25 02:00:00+00:00,0.0,0.0,2023-04-25 02:00:00+00:00,2023
2024-04-25 03:00:00+00:00,0.0,0.0,2023-04-25 03:00:00+00:00,2023
2024-04-25 04:00:00+00:00,0.0,0.0,2023-04-25 04:00:00+00:00,2023
2024-04-25 05:00:00+00:00,0.0,0.0,2023-04-25 05:00:00+00:00,2023
2024-04-25 06:00:00+00:00,97.0,7.87,2023-04-25 06:00:00+00:00,2023
2024-04-25 07:00:00+00:00,249.0,16.53,2023-04-25 07:00:00+00:00,2023
2024-04-25 08:00:00+00:00,412.0,25.16,2023-04-25 08:00:00+00:00,2023
2024-04-25 09:00:00+00:00,457.0,33.35,2023-04-25 09:00:00+00:00,2023
2024-04-25 10:00:00+00:00,592.0,40.49,2023-04-25 10:00:00+00:00,2023
2024-04-25 11:00:00+00:00,717.01,45.84,2023-04-25 11:00:00+00:00,2023
2024-04-25 12:00:00+00:00,754.01,48.53,2023-04-25 12:00:00+00:00,2023
2024-04-25 13:00:00+00:00,677.01,47.97,2023-04-25 13:00:00+00:00,2023
2024-04-25 14:00:00+00:00,445.0,44.29,2023-04-25 14:00:00+00:00,2023
2024-04-25 15:00:00+00:00,314.0,38.24,2023-04-25 15:00:00+00:00,2023
2024-04-25 16:00:00+00:00,239.0,30.66,2023-04-25 16:00:00+00:00,2023
2024-04-25 17:00:00+00:00,168.0,22.27,2023-04-25 17:00:00+00:00,2023
2024-04-25 18:00:00+00:00,49.0,13.58,2023-04-25 18:00:00+00:00,2023
2024-04-25 19:00:00+00:00,11.0,5.01,2023-04-25 19:00:00+00:00,2023
2024-04-25 20:00:00+00:00,0.0,0.0,2023-04-25 20:00:00+00:00,2023
2024-04-25 21:00:00+00:00,0.0,0.0,2023-04-25 21:00:00+00:00,2023
2024-04-25 22:00:00+00:00,0.0,0.0,2023-04-25 22:00:00+00:00,2023
2024-04-25 23:00:00+00:00,0.0,0.0,2023-04-25 23:00:00+00:00,2023
2024-04-26 00:00:00+00:00,0.0,0.0,2023-04-26 00:00:00+00:00,2023
2024-04-26 01:00:00+00:00,0.0,0.0,2023-04-26 01:00:00+00:00,2023
2024-04-26 02:00:00+00:00,0.0,0.0,2023-04-26 02:00:00+00:00,2023
2024-04-26 03:00:00+00:00,0.0,0.0,2023-04-26 03:00:00+00:00,2023
2024-04-26 04:00:00+00:00,0.0,0.0,2023-04-26 04:00:00+00:00,2023
2024-04-26 05:00:00+00:00,0.0,0.0,2023-04-26 05:00:00+00:00,2023
2024-04-26 06:00:00+00:00,63.0,8.16,2023-04-26 06:00:00+00:00,2023
2024-04-26 07:00:00+00:00,127.0,16.81,2023-04-26 07:00:00+00:00,2023
2024-04-26 08:00:00+00:00,271.0,25.45,2023-04-26 08:00:00+00:00,2023
2024-04-26 09:00:00+00:00,316.0,33.64,2023-04-26 09:00:00+00:00,2023
2024-04-26 10:00:00+00:00,341.0,40.8,2023-04-26 10:00:00+00:00,2023
2024-04-26 11:00:00+00:00,399.0,46.17,2023-04-26 11:00:00+00:00,2023
2024-04-26 12:00:00+00:00,447.0,48.86,2023-04-26 12:00:00+00:00,2023
2024-04-26 13:00:00+00:00,513.0,48.28,2023-04-26 13:00:00+00:00,2023
2024-04-26 14:00:00+00:00,222.0,44.58,2023-04-26 14:00:00+00:00,2023
2024-04-26 15:00:00+00:00,315.0,38.5,2023-04-26 15:00:00+00:00,2023
2024-04-26 16:00:00+00:00,295.0,30.91,2023-04-26 16:00:00+00:00,2023
2024-04-26 17:00:00+00:00,168.0,22.51,2023-04-26 17:00:00+00:00,2023
2024-04-26 18:00:00+00:00,124.0,13.82,2023-04-26 18:00:00+00:00,2023
2024-04-26 19:00:00+00:00,17.0,5.25,2023-04-26 19:00:00+00:00,2023
2024-04-26 20:00:00+00:00,0.0,0.0,2023-04-26 20:00:00+00:00,2023
2024-04-26 21:00:00+00:00,0.0,0.0,2023-04-26 21:00:00+00:00,2023
2024-04-26 22:00:00+00:00,0.0,0.0,2023-04-26 22:00:00+00:00,2023
2024-04-26 23:00:00+00:00,0.0,0.0,2023-04-26 23:00:00+00:00,2023
2024-04-27 00:00:00+00:00,0.0,0.0,2023-04-27 00:00:00+00:00,2023
2024-04-27 01:00:00+00:00,0.0,0.0,2023-04-27 01:00:00+00:00,2023
2024-04-27 02:00:00+00:00,0.0,0.0,2023-04-27 02:00:00+00:00,2023
2024-04-27 03:00:00+00:00,0.0,0.0,2023-04-27 03:00:00+00:00,2023
2024-04-27 04:00:00+00:00,0.0,0.0,2023-04-27 04:00:00+00:00,2023
2024-04-27 05:00:00+00:00,0.0,0.0,2023-04-27 05:00:00+00:00,2023
2024-04-27 06:00:00+00:00,40.0,8.44,2023-04-27 06:00:00+00:00,2023
2024-04-27 07:00:00+00:00,64.0,17.09,2023-04-27 07:00:00+00:00,2023
2024-04-27 08:00:00+00:00,125.0,25.74,2023-04-27 08:00:00+00:00,2023
2024-04-27 09:00:00+00:00,123.0,33.93,2023-04-27 09:00:00+00:00,2023
2024-04-27 10:00:00+00:00,147.0,41.11,2023-04-27 10:00:00+00:00,2023
2024-04-27 11:00:00+00:00,204.0,46.49,2023-04-27 11:00:00+00:00,2023
2024-04-27 12:00:00+00:00,228.0,49.18,2023-04-27 12:00:00+00:00,2023
2024-04-27 13:00:00+00:00,258.0,48.59,2023-04-27 13:00:00+00:00,2023
2024-04-27 14:00:00+00:00,248.0,44.87,2023-04-27 14:00:00+00:00,2023
2024-04-27 15:00:00+00:00,191.0,38.76,2023-04-27 15:00:00+00:00,2023
2024-04-27 16:00:00+00:00,157.0,31.15,2023-04-27 16:00:00+00:00,2023
2024-04-27 17:00:00+00:00,104.0,22.74,2023-04-27 17:00:00+00:00,2023
2024-04-27 18:00:00+00:00,45.0,14.05,2023-04-27 18:00:00+00:00,2023
2024-04-27 19:00:00+00:00,15.0,5.49,2023-04-27 19:00:00+00:00,2023
2024-04-27 20:00:00+00:00,0.0,0.0,2023-04-27 20:00:00+00:00,2023
2024-04-27 21:00:00+00:00,0.0,0.0,2023-04-27 21:00:00+00:00,2023
2024-04-27 22:00:00+00:00,0.0,0.0,2023-04-27 22:00:00+00:00,2023
2024-04-27 23:00:00+00:00,0.0,0.0,2023-04-27 23:00:00+00:00,2023
2024-04-28 00:00:00+00:00,0.0,0.0,2023-04-28 00:00:00+00:00,2023
2024-04-28 01:00:00+00:00,0.0,0.0,2023-04-28 01:00:00+00:00,2023
2024-04-28 02:00:00+00:00,0.0,0.0,2023-04-28 02:00:00+00:00,2023
2024-04-28 03:00:00+00:00,0.0,0.0,2023-04-28 03:00:00+00:00,2023
2024-04-28 04:00:00+00:00,0.0,0.0,2023-04-28 04:00:00+00:00,2023
2024-04-28 05:00:00+00:00,0.0,0.0,2023-04-28 05:00:00+00:00,2023
2024-04-28 06:00:00+00:00,37.0,8.72,2023-04-28 06:00:00+00:00,2023
2024-04-28 07:00:00+00:00,170.0,17.37,2023-04-28 07:00:00+00:00,2023
2024-04-28 08:00:00+00:00,282.0,26.02,2023-04-28 08:00:00+00:00,2023
2024-04-28 09:00:00+00:00,343.0,34.22,2023-04-28 09:00:00+00:00,2023
2024-04-28 10:00:00+00:00,222.0,41.41,2023-04-28 10:00:00+00:00,2023
2024-04-28 11:00:00+00:00,486.0,46.8,2023-04-28 11:00:00+00:00,2023
2024-04-28 12:00:00+00:00,566.0,49.5,2023-04-28 12:00:00+00:00,2023
2024-04-28 13:00:00+00:00,458.0,48.9,2023-04-28 13:00:00+00:00,2023
2024-04-28 14:00:00+00:00,371.0,45.15,2023-04-28 14:00:00+00:00,2023
2024-04-28 15:00:00+00:00,458.0,39.02,2023-04-28 15:00:00+00:00,2023
2024-04-28 16:00:00+00:00,486.0,31.39,2023-04-28 16:00:00+00:00,2023
2024-04-28 17:00:00+00:00,345.0,22.97,2023-04-28 17:00:00+00:00,2023
2024-04-28 18:00:00+00:00,199.0,14.28,2023-04-28 18:00:00+00:00,2023
2024-04-28 19:00:00+00:00,39.79,5.73,2023-04-28 19:00:00+00:00,2023
2024-04-28 20:00:00+00:00,0.0,0.0,2023-04-28 20:00:00+00:00,2023
2024-04-28 21:00:00+00:00,0.0,0.0,2023-04-28 21:00:00+00:00,2023
2024-04-28 22:00:00+00:00,0.0,0.0,2023-04-28 22:00:00+00:00,2023
2024-04-28 23:00:00+00:00,0.0,0.0,2023-04-28 23:00:00+00:00,2023
2024-04-29 00:00:00+00:00,0.0,0.0,2023-04-29 00:00:00+00:00,2023
2024-04-29 01:00:00+00:00,0.0,0.0,2023-04-29 01:00:00+00:00,2023
2024-04-29 02:00:00+00:00,0.0,0.0,2023-04-29 02:00:00+00:00,2023
2024-04-29 03:00:00+00:00,0.0,0.0,2023-04-29 03:00:00+00:00,2023
2024-04-29 04:00:00+00:00,0.0,0.0,2023-04-29 04:00:00+00:00,2023
2024-04-29 05:00:00+00:00,0.0,0.0,2023-04-29 05:00:00+00:00,2023
2024-04-29 06:00:00+00:00,70.0,9.0,2023-04-29 06:00:00+00:00,2023
2024-04-29 07:00:00+00:00,177.0,17.64,2023-04-29 07:00:00+00:00,2023
2024-04-29 08:00:00+00:00,269.0,26.29,2023-04-29 08:00:00+00:00,2023
2024-04-29 09:00:00+00:00,432.0,34.51,2023-04-29 09:00:00+00:00,2023
2024-04-29 10:00:00+00:00,476.0,41.71,2023-04-29 10:00:00+00:00,2023
2024-04-29 11:00:00+00:00,485.0,47.11,2023-04-29 11:00:00+00:00,2023
2024-04-29 12:00:00+00:00,390.0,49.81,2023-04-29 12:00:00+00:00,2023
2024-04-29 13:00:00+00:00,515.0,49.2,2023-04-29 13:00:00+00:00,2023
2024-04-29 14:00:00+00:00,333.0,45.43,2023-04-29 14:00:00+00:00,2023
2024-04-29 15:00:00+00:00,327.0,39.28,2023-04-29 15:00:00+00:00,2023
2024-04-29 16:00:00+00:00,345.0,31.63,2023-04-29 16:00:00+00:00,2023
2024-04-29 17:00:00+00:00,77.0,23.2,2023-04-29 17:00:00+00:00,2023
2024-04-29 18:00:00+00:00,103.0,14.51,2023-04-29 18:00:00+00:00,2023
2024-04-29 19:00:00+00:00,7.0,5.96,2023-04-29 19:00:00+00:00,2023
2024-04-29 20:00:00+00:00,0.0,0.0,2023-04-29 20:00:00+00:00,2023
2024-04-29 21:00:00+00:00,0.0,0.0,2023-04-29 21:00:00+00:00,2023
2024-04-29 22:00:00+00:00,0.0,0.0,2023-04-29 22:00:00+00:00,2023
2024-04-29 23:00:00+00:00,0.0,0.0,2023-04-29 23:00:00+00:00,2023
2024-04-30 00:00:00+00:00,0.0,0.0,2023-04-30 00:00:00+00:00,2023
2024-04-30 01:00:00+00:00,0.0,0.0,2023-04-30 01:00:00+00:00,2023
2024-04-30 02:00:00+00:00,0.0,0.0,2023-04-30 02:00:00+00:00,2023
2024-04-30 03:00:00+00:00,0.0,0.0,2023-04-30 03:00:00+00:00,2023
2024-04-30 04:00:00+00:00,0.0,0.0,2023-04-30 04:00:00+00:00,2023
2024-04-30 05:00:00+00:00,0.0,0.0,2023-04-30 05:00:00+00:00,2023
2024-04-30 06:00:00+00:00,80.0,9.27,2023-04-30 06:00:00+00:00,2023
2024-04-30 07:00:00+00:00,167.0,17.91,2023-04-30 07:00:00+00:00,2023
2024-04-30 08:00:00+00:00,145.0,26.56,2023-04-30 08:00:00+00:00,2023
2024-04-30 09:00:00+00:00,279.0,34.78,2023-04-30 09:00:00+00:00,2023
2024-04-30 10:00:00+00:00,324.0,42.0,2023-04-30 10:00:00+00:00,2023
2024-04-30 11:00:00+00:00,408.0,47.41,2023-04-30 11:00:00+00:00,2023
2024-04-30 12:00:00+00:00,525.0,50.12,2023-04-30 12:00:00+00:00,2023
2024-04-30 13:00:00+00:00,245.0,49.5,2023-04-30 13:00:00+00:00,2023
2024-04-30 14:00:00+00:00,100.0,45.7,2023-04-30 14:00:00+00:00,2023
2024-04-30 15:00:00+00:00,359.0,39.53,2023-04-30 15:00:00+00:00,2023
2024-04-30 16:00:00+00:00,384.0,31.87,2023-04-30 16:00:00+00:00,2023
2024-04-30 17:00:00+00:00,206.0,23.43,2023-04-30 17:00:00+00:00,2023
2024-04-30 18:00:00+00:00,108.0,14.73,2023-04-30 18:00:00+00:00,2023
2024-04-30 19:00:00+00:00,12.0,6.19,2023-04-30 19:00:00+00:00,2023
2024-04-30 20:00:00+00:00,0.0,0.0,2023-04-30 20:00:00+00:00,2023
2024-04-30 21:00:00+00:00,0.0,0.0,2023-04-30 21:00:00+00:00,2023
2024-04-30 22:00:00+00:00,0.0,0.0,2023-04-30 22:00:00+00:00,2023
2024-04-30 23:00:00+00:00,0.0,0.0,2023-04-30 23:00:00+00:00,2023
2024-05-01 00:00:00+00:00,0.0,0.0,2023-05-01 00:00:00+00:00,2023
2024-05-01 01:00:00+00:00,0.0,0.0,2023-05-01 01:00:00+00:00,2023
2024-05-01 02:00:00+00:00,0.0,0.0,2023-05-01 02:00:00+00:00,2023
2024-05-01 03:00:00+00:00,0.0,0.0,2023-05-01 03:00:00+00:00,2023
2024-05-01 04:00:00+00:00,0.0,0.0,2023-05-01 04:00:00+00:00,2023
2024-05-01 05:00:00+00:00,0.0,0.0,2023-05-01 05:00:00+00:00,2023
2024-05-01 06:00:00+00:00,68.0,9.53,2023-05-01 06:00:00+00:00,2023
2024-05-01 07:00:00+00:00,169.0,18.17,2023-05-01 07:00:00+00:00,2023
2024-05-01 08:00:00+00:00,271.0,26.83,2023-05-01 08:00:00+00:00,2023
2024-05-01 09:00:00+00:00,383.0,35.06,2023-05-01 09:00:00+00:00,2023
2024-05-01 10:00:00+00:00,330.0,42.28,2023-05-01 10:00:00+00:00,2023
2024-05-01 11:00:00+00:00,377.0,47.71,2023-05-01 11:00:00+00:00,2023
2024-05-01 12:00:00+00:00,379.0,50.43,2023-05-01 12:00:00+00:00,2023
2024-05-01 13:00:00+00:00,292.0,49.8,2023-05-01 13:00:00+00:00,2023
2024-05-01 14:00:00+00:00,424.0,45.98,2023-05-01 14:00:00+00:00,2023
2024-05-01 15:00:00+00:00,350.0,39.78,2023-05-01 15:00:00+00:00,2023
2024-05-01 16:00:00+00:00,264.0,32.1,2023-05-01 16:00:00+00:00,2023
2024-05-01 17:00:00+00:00,135.0,23.65,2023-05-01 17:00:00+00:00,2023
2024-05-01 18:00:00+00:00,162.0,14.96,2023-05-01 18:00:00+00:00,2023
2024-05-01 19:00:00+00:00,69.0,6.42,2023-05-01 19:00:00+00:00,2023
2024-05-01 20:00:00+00:00,0.0,0.0,2023-05-01 20:00:00+00:00,2023
2024-05-01 21:00:00+00:00,0.0,0.0,2023-05-01 21:00:00+00:00,2023
2024-05-01 22:00:00+00:00,0.0,0.0,2023-05-01 22:00:00+00:00,2023
2024-05-01 23:00:00+00:00,0.0,0.0,2023-05-01 23:00:00+00:00,2023
2024-05-02 00:00:00+00:00,0.0,0.0,2023-05-02 00:00:00+00:00,2023
2024-05-02 01:00:00+00:00,0.0,0.0,2023-05-02 01:00:00+00:00,2023
2024-05-02 02:00:00+00:00,0.0,0.0,2023-05-02 02:00:00+00:00,2023
2024-05-02 03:00:00+00:00,0.0,0.0,2023-05-02 03:00:00+00:00,2023
2024-05-02 04:00:00+00:00,0.0,0.0,2023-05-02 04:00:00+00:00,2023
2024-05-02 05:00:00+00:00,0.0,0.0,2023-05-02 05:00:00+00:00,2023
2024-05-02 06:00:00+00:00,90.0,9.79,2023-05-02 06:00:00+00:00,2023
2024-05-02 07:00:00+00:00,0.0,0.0,2023-05-02 07:00:00+00:00,2023
2024-05-02 08:00:00+00:00,308.0,27.09,2023-05-02 08:00:00+00:00,2023
2024-05-02 09:00:00+00:00,380.0,35.33,2023-05-02 09:00:00+00:00,2023
2024-05-02 10:00:00+00:00,524.0,42.57,2023-05-02 10:00:00+00:00,2023
2024-05-02 11:00:00+00:00,554.0,48.01,2023-05-02 11:00:00+00:00,2023
2024-05-02 12:00:00+00:00,663.0,50.73,2023-05-02 12:00:00+00:00,2023
2024-05-02 13:00:00+00:00,555.0,50.09,2023-05-02 13:00:00+00:00,2023
2024-05-02 14:00:00+00:00,475.0,46.25,2023-05-02 14:00:00+00:00,2023
2024-05-02 15:00:00+00:00,329.0,40.03,2023-05-02 15:00:00+00:00,2023
2024-05-02 16:00:00+00:00,176.0,32.33,2023-05-02 16:00:00+00:00,2023
2024-05-02 17:00:00+00:00,101.0,23.88,2023-05-02 17:00:00+00:00,2023
2024-05-02 18:00:00+00:00,120.0,15.18,2023-05-02 18:00:00+00:00,2023
2024-05-02 19:00:00+00:00,16.0,6.65,2023-05-02 19:00:00+00:00,2023
2024-05-02 20:00:00+00:00,0.0,0.0,2023-05-02 20:00:00+00:00,2023
2024-05-02 21:00:00+00:00,0.0,0.0,2023-05-02 21:00:00+00:00,2023
2024-05-02 22:00:00+00:00,0.0,0.0,2023-05-02 22:00:00+00:00,2023
2024-05-02 23:00:00+00:00,0.0,0.0,2023-05-02 23:00:00+00:00,2023
2024-05-03 00:00:00+00:00,0.0,0.0,2023-05-03 00:00:00+00:00,2023
2024-05-03 01:00:00+00:00,0.0,0.0,2023-05-03 01:00:00+00:00,2023
2024-05-03 02:00:00+00:00,0.0,0.0,2023-05-03 02:00:00+00:00,2023
2024-05-03 03:00:00+00:00,0.0,0.0,2023-05-03 03:00:00+00:00,2023
2024-05-03 04:00:00+00:00,0.0,0.0,2023-05-03 04:00:00+00:00,2023
2024-05-03 05:00:00+00:00,1.0,1.82,2023-05-03 05:00:00+00:00,2023
2024-05-03 06:00:00+00:00,24.0,10.05,2023-05-03 06:00:00+00:00,2023
2024-05-03 07:00:00+00:00,77.0,18.68,2023-05-03 07:00:00+00:00,2023
2024-05-03 08:00:00+00:00,222.0,27.34,2023-05-03 08:00:00+00:00,2023
2024-05-03 09:00:00+00:00,288.0,35.59,2023-05-03 09:00:00+00:00,2023
2024-05-03 10:00:00+00:00,398.0,42.84,2023-05-03 10:00:00+00:00,2023
2024-05-03 11:00:00+00:00,449.0,48.3,2023-05-03 11:00:00+00:00,2023
2024-05-03 12:00:00+00:00,406.0,51.03,2023-05-03 12:00:00+00:00,2023
2024-05-03 13:00:00+00:00,473.0,50.37,2023-05-03 13:00:00+00:00,2023
2024-05-03 14:00:00+00:00,411.0,46.51,2023-05-03 14:00:00+00:00,2023
2024-05-03 15:00:00+00:00,342.0,40.27,2023-05-03 15:00:00+00:00,2023
2024-05-03 16:00:00+00:00,243.0,32.56,2023-05-03 16:00:00+00:00,2023
2024-05-03 17:00:00+00:00,242.0,24.1,2023-05-03 17:00:00+00:00,2023
2024-05-03 18:00:00+00:00,120.0,15.4,2023-05-03 18:00:00+00:00,2023
2024-05-03 19:00:00+00:00,24.0,6.88,2023-05-03 19:00:00+00:00,2023
2024-05-03 20:00:00+00:00,0.0,0.0,2023-05-03 20:00:00+00:00,2023
2024-05-03 21:00:00+00:00,0.0,0.0,2023-05-03 21:00:00+00:00,2023
2024-05-03 22:00:00+00:00,0.0,0.0,2023-05-03 22:00:00+00:00,2023
2024-05-03 23:00:00+00:00,0.0,0.0,2023-05-03 23:00:00+00:00,2023
2024-05-04 00:00:00+00:00,0.0,0.0,2023-05-04 00:00:00+00:00,2023
2024-05-04 01:00:00+00:00,0.0,0.0,2023-05-04 01:00:00+00:00,2023
2024-05-04 02:00:00+00:00,0.0,0.0,2023-05-04 02:00:00+00:00,2023
2024-05-04 03:00:00+00:00,0.0,0.0,2023-05-04 03:00:00+00:00,2023
2024-05-04 04:00:00+00:00,0.0,0.0,2023-05-04 04:00:00+00:00,2023
2024-05-04 05:00:00+00:00,1.0,2.08,2023-05-04 05:00:00+00:00,2023
2024-05-04 06:00:00+00:00,47.0,10.3,2023-05-04 06:00:00+00:00,2023
2024-05-04 07:00:00+00:00,114.0,18.93,2023-05-04 07:00:00+00:00,2023
2024-05-04 08:00:00+00:00,181.0,27.59,2023-05-04 08:00:00+00:00,2023
2024-05-04 09:00:00+00:00,178.0,35.85,2023-05-04 09:00:00+00:00,2023
2024-05-04 10:00:00+00:00,482.0,43.11,2023-05-04 10:00:00+00:00,2023
2024-05-04 11:00:00+00:00,381.0,48.59,2023-05-04 11:00:00+00:00,2023
2024-05-04 12:00:00+00:00,156.0,51.32,2023-05-04 12:00:00+00:00,2023
2024-05-04 13:00:00+00:00,521.0,50.66,2023-05-04 13:00:00+00:00,2023
2024-05-04 14:00:00+00:00,619.0,46.78,2023-05-04 14:00:00+00:00,2023
2024-05-04 15:00:00+00:00,454.0,40.51,2023-05-04 15:00:00+00:00,2023
2024-05-04 16:00:00+00:00,381.0,32.79,2023-05-04 16:00:00+00:00,2023
2024-05-04 17:00:00+00:00,221.0,24.32,2023-05-04 17:00:00+00:00,2023
2024-05-04 18:00:00+00:00,114.0,15.62,2023-05-04 18:00:00+00:00,2023
2024-05-04 19:00:00+00:00,30.0,7.1,2023-05-04 19:00:00+00:00,2023
2024-05-04 20:00:00+00:00,0.0,0.0,2023-05-04 20:00:00+00:00,2023
2024-05-04 21:00:00+00:00,0.0,0.0,2023-05-04 21:00:00+00:00,2023
2024-05-04 22:00:00+00:00,0.0,0.0,2023-05-04 22:00:00+00:00,2023
2024-05-04 23:00:00+00:00,0.0,0.0,2023-05-04 23:00:00+00:00,2023
2024-05-05 00:00:00+00:00,0.0,0.0,2023-05-05 00:00:00+00:00,2023
2024-05-05 01:00:00+00:00,0.0,0.0,2023-05-05 01:00:00+00:00,2023
2024-05-05 02:00:00+00:00,0.0,0.0,2023-05-05 02:00:00+00:00,2023
2024-05-05 03:00:00+00:00,0.0,0.0,2023-05-05 03:00:00+00:00,2023
2024-05-05 04:00:00+00:00,0.0,0.0,2023-05-05 04:00:00+00:00,2023
2024-05-05 05:00:00+00:00,1.0,2.33,2023-05-05 05:00:00+00:00,2023
2024-05-05 06:00:00+00:00,12.0,10.54,2023-05-05 06:00:00+00:00,2023
2024-05-05 07:00:00+00:00,96.0,19.17,2023-05-05 07:00:00+00:00,2023
2024-05-05 08:00:00+00:00,120.0,27.84,2023-05-05 08:00:00+00:00,2023
2024-05-05 09:00:00+00:00,110.0,36.1,2023-05-05 09:00:00+00:00,2023
2024-05-05 10:00:00+00:00,91.0,43.38,2023-05-05 10:00:00+00:00,2023
2024-05-05 11:00:00+00:00,164.0,48.87,2023-05-05 11:00:00+00:00,2023
2024-05-05 12:00:00+00:00,185.0,51.61,2023-05-05 12:00:00+00:00,2023
2024-05-05 13:00:00+00:00,478.0,50.94,2023-05-05 13:00:00+00:00,2023
2024-05-05 14:00:00+00:00,517.0,47.04,2023-05-05 14:00:00+00:00,2023
2024-05-05 15:00:00+00:00,481.0,40.75,2023-05-05 15:00:00+00:00,2023
2024-05-05 16:00:00+00:00,313.0,33.01,2023-05-05 16:00:00+00:00,2023
2024-05-05 17:00:00+00:00,232.0,24.53,2023-05-05 17:00:00+00:00,2023
2024-05-05 18:00:00+00:00,224.0,15.84,2023-05-05 18:00:00+00:00,2023
2024-05-05 19:00:00+00:00,81.0,7.32,2023-05-05 19:00:00+00:00,2023
2024-05-05 20:00:00+00:00,0.0,0.0,2023-05-05 20:00:00+00:00,2023
2024-05-05 21:00:00+00:00,0.0,0.0,2023-05-05 21:00:00+00:00,2023
2024-05-05 22:00:00+00:00,0.0,0.0,2023-05-05 22:00:00+00:00,2023
2024-05-05 23:00:00+00:00,0.0,0.0,2023-05-05 23:00:00+00:00,2023
2024-05-06 00:00:00+00:00,0.0,0.0,2023-05-06 00:00:00+00:00,2023
2024-05-06 01:00:00+00:00,0.0,0.0,2023-05-06 01:00:00+00:00,2023
2024-05-06 02:00:00+00:00,0.0,0.0,2023-05-06 02:00:00+00:00,2023
2024-05-06 03:00:00+00:00,0.0,0.0,2023-05-06 03:00:00+00:00,2023
2024-05-06 04:00:00+00:00,0.0,0.0,2023-05-06 04:00:00+00:00,2023
2024-05-06 05:00:00+00:00,6.0,2.58,2023-05-06 05:00:00+00:00,2023
2024-05-06 06:00:00+00:00,78.0,10.78,2023-05-06 06:00:00+00:00,2023
2024-05-06 07:00:00+00:00,148.0,19.41,2023-05-06 07:00:00+00:00,2023
2024-05-06 08:00:00+00:00,285.0,28.08,2023-05-06 08:00:00+00:00,2023
2024-05-06 09:00:00+00:00,353.0,36.35,2023-05-06 09:00:00+00:00,2023
2024-05-06 10:00:00+00:00,477.0,43.64,2023-05-06 10:00:00+00:00,2023
2024-05-06 11:00:00+00:00,437.0,49.14,2023-05-06 11:00:00+00:00,2023
2024-05-06 12:00:00+00:00,143.0,51.89,2023-05-06 12:00:00+00:00,2023
2024-05-06 13:00:00+00:00,615.0,51.21,2023-05-06 13:00:00+00:00,2023
2024-05-06 14:00:00+00:00,639.0,47.29,2023-05-06 14:00:00+00:00,2023
2024-05-06 15:00:00+00:00,97.0,40.98,2023-05-06 15:00:00+00:00,2023
2024-05-06 16:00:00+00:00,426.0,33.23,2023-05-06 16:00:00+00:00,2023
2024-05-06 17:00:00+00:00,342.0,24.75,2023-05-06 17:00:00+00:00,2023
2024-05-06 18:00:00+00:00,44.0,16.05,2023-05-06 18:00:00+00:00,2023
2024-05-06 19:00:00+00:00,18.0,7.54,2023-05-06 19:00:00+00:00,2023
2024-05-06 20:00:00+00:00,0.0,0.0,2023-05-06 20:00:00+00:00,2023
2024-05-06 21:00:00+00:00,0.0,0.0,2023-05-06 21:00:00+00:00,2023
2024-05-06 22:00:00+00:00,0.0,0.0,2023-05-06 22:00:00+00:00,2023
2024-05-06 23:00:00+00:00,0.0,0.0,2023-05-06 23:00:00+00:00,2023
2024-05-07 00:00:00+00:00,0.0,0.0,2023-05-07 00:00:00+00:00,2023
2024-05-07 01:00:00+00:00,0.0,0.0,2023-05-07 01:00:00+00:00,2023
2024-05-07 02:00:00+00:00,0.0,0.0,2023-05-07 02:00:00+00:00,2023
2024-05-07 03:00:00+00:00,0.0,0.0,2023-05-07 03:00:00+00:00,2023
2024-05-07 04:00:00+00:00,0.0,0.0,2023-05-07 04:00:00+00:00,2023
2024-05-07 05:00:00+00:00,3.0,2.82,2023-05-07 05:00:00+00:00,2023
2024-05-07 06:00:00+00:00,71.0,11.02,2023-05-07 06:00:00+00:00,2023
2024-05-07 07:00:00+00:00,86.0,19.64,2023-05-07 07:00:00+00:00,2023
2024-05-07 08:00:00+00:00,262.0,28.31,2023-05-07 08:00:00+00:00,2023
2024-05-07 09:00:00+00:00,445.0,36.59,2023-05-07 09:00:00+00:00,2023
2024-05-07 10:00:00+00:00,480.0,43.9,2023-05-07 10:00:00+00:00,2023
2024-05-07 11:00:00+00:00,574.0,49.41,2023-05-07 11:00:00+00:00,2023
2024-05-07 12:00:00+00:00,539.0,52.17,2023-05-07 12:00:00+00:00,2023
2024-05-07 13:00:00+00:00,379.0,51.48,2023-05-07 13:00:00+00:00,2023
2024-05-07 14:00:00+00:00,342.0,47.54,2023-05-07 14:00:00+00:00,2023
2024-05-07 15:00:00+00:00,216.0,41.22,2023-05-07 15:00:00+00:00,2023
2024-05-07 16:00:00+00:00,132.0,33.45,2023-05-07 16:00:00+00:00,2023
2024-05-07 17:00:00+00:00,53.0,24.96,2023-05-07 17:00:00+00:00,2023
2024-05-07 18:00:00+00:00,25.0,16.26,2023-05-07 18:00:00+00:00,2023
2024-05-07 19:00:00+00:00,9.0,7.76,2023-05-07 19:00:00+00:00,2023
2024-05-07 20:00:00+00:00,0.0,0.0,2023-05-07 20:00:00+00:00,2023
2024-05-07 21:00:00+00:00,0.0,0.0,2023-05-07 21:00:00+00:00,2023
2024-05-07 22:00:00+00:00,0.0,0.0,2023-05-07 22:00:00+00:00,2023
2024-05-07 23:00:00+00:00,0.0,0.0,2023-05-07 23:00:00+00:00,2023
2024-05-08 00:00:00+00:00,0.0,0.0,2023-05-08 00:00:00+00:00,2023
2024-05-08 01:00:00+00:00,0.0,0.0,2023-05-08 01:00:00+00:00,2023
2024-05-08 02:00:00+00:00,0.0,0.0,2023-05-08 02:00:00+00:00,2023
2024-05-08 03:00:00+00:00,0.0,0.0,2023-05-08 03:00:00+00:00,2023
2024-05-08 04:00:00+00:00,0.0,0.0,2023-05-08 04:00:00+00:00,2023
2024-05-08 05:00:00+00:00,7.0,3.06,2023-05-08 05:00:00+00:00,2023
2024-05-08 06:00:00+00:00,73.0,11.25,2023-05-08 06:00:00+00:00,2023
2024-05-08 07:00:00+00:00,181.0,19.87,2023-05-08 07:00:00+00:00,2023
2024-05-08 08:00:00+00:00,166.0,28.54,2023-05-08 08:00:00+00:00,2023
2024-05-08 09:00:00+00:00,212.0,36.83,2023-05-08 09:00:00+00:00,2023
2024-05-08 10:00:00+00:00,323.0,44.15,2023-05-08 10:00:00+00:00,2023
2024-05-08 11:00:00+00:00,423.0,49.68,2023-05-08 11:00:00+00:00,2023
2024-05-08 12:00:00+00:00,418.0,52.44,2023-05-08 12:00:00+00:00,2023
2024-05-08 13:00:00+00:00,305.0,51.75,2023-05-08 13:00:00+00:00,2023
2024-05-08 14:00:00+00:00,359.0,47.79,2023-05-08 14:00:00+00:00,2023
2024-05-08 15:00:00+00:00,108.0,41.44,2023-05-08 15:00:00+00:00,2023
2024-05-08 16:00:00+00:00,104.0,33.66,2023-05-08 16:00:00+00:00,2023
2024-05-08 17:00:00+00:00,150.0,25.16,2023-05-08 17:00:00+00:00,2023
2024-05-08 18:00:00+00:00,125.0,16.47,2023-05-08 18:00:00+00:00,2023
2024-05-08 19:00:00+00:00,27.0,7.97,2023-05-08 19:00:00+00:00,2023
2024-05-08 20:00:00+00:00,0.0,0.0,2023-05-08 20:00:00+00:00,2023
2024-05-08 21:00:00+00:00,0.0,0.0,2023-05-08 21:00:00+00:00,2023
2024-05-08 22:00:00+00:00,0.0,0.0,2023-05-08 22:00:00+00:00,2023
2024-05-08 23:00:00+00:00,0.0,0.0,2023-05-08 23:00:00+00:00,2023
2024-05-09 00:00:00+00:00,0.0,0.0,2023-05-09 00:00:00+00:00,2023
2024-05-09 01:00:00+00:00,0.0,0.0,2023-05-09 01:00:00+00:00,2023
2024-05-09 02:00:00+00:00,0.0,0.0,2023-05-09 02:00:00+00:00,2023
2024-05-09 03:00:00+00:00,0.0,0.0,2023-05-09 03:00:00+00:00,2023
2024-05-09 04:00:00+00:00,0.0,0.0,2023-05-09 04:00:00+00:00,2023
2024-05-09 05:00:00+00:00,7.0,3.29,2023-05-09 05:00:00+00:00,2023
2024-05-09 06:00:00+00:00,156.0,11.47,2023-05-09 06:00:00+00:00,2023
2024-05-09 07:00:00+00:00,293.0,20.09,2023-05-09 07:00:00+00:00,2023
2024-05-09 08:00:00+00:00,389.0,28.76,2023-05-09 08:00:00+00:00,2023
2024-05-09 09:00:00+00:00,506.0,37.06,2023-05-09 09:00:00+00:00,2023
2024-05-09 10:00:00+00:00,499.0,44.39,2023-05-09 10:00:00+00:00,2023
2024-05-09 11:00:00+00:00,587.0,49.94,2023-05-09 11:00:00+00:00,2023
2024-05-09 12:00:00+00:00,134.0,52.71,2023-05-09 12:00:00+00:00,2023
2024-05-09 13:00:00+00:00,428.0,52.01,2023-05-09 13:00:00+00:00,2023
2024-05-09 14:00:00+00:00,438.0,48.03,2023-05-09 14:00:00+00:00,2023
2024-05-09 15:00:00+00:00,316.0,41.67,2023-05-09 15:00:00+00:00,2023
2024-05-09 16:00:00+00:00,499.0,33.87,2023-05-09 16:00:00+00:00,2023
2024-05-09 17:00:00+00:00,383.0,25.37,2023-05-09 17:00:00+00:00,2023
2024-05-09 18:00:00+00:00,24.0,16.67,2023-05-09 18:00:00+00:00,2023
2024-05-09 19:00:00+00:00,14.0,8.19,2023-05-09 19:00:00+00:00,2023
2024-05-09 20:00:00+00:00,0.0,0.0,2023-05-09 20:00:00+00:00,2023
2024-05-09 21:00:00+00:00,0.0,0.0,2023-05-09 21:00:00+00:00,2023
2024-05-09 22:00:00+00:00,0.0,0.0,2023-05-09 22:00:00+00:00,2023
2024-05-09 23:00:00+00:00,0.0,0.0,2023-05-09 23:00:00+00:00,2023
2024-05-10 00:00:00+00:00,0.0,0.0,2023-05-10 00:00:00+00:00,2023
2024-05-10 01:00:00+00:00,0.0,0.0,2023-05-10 01:00:00+00:00,2023
2024-05-10 02:00:00+00:00,0.0,0.0,2023-05-10 02:00:00+00:00,2023
2024-05-10 03:00:00+00:00,0.0,0.0,2023-05-10 03:00:00+00:00,2023
2024-05-10 04:00:00+00:00,0.0,0.0,2023-05-10 04:00:00+00:00,2023
2024-05-10 05:00:00+00:00,8.0,3.52,2023-05-10 05:00:00+00:00,2023
2024-05-10 06:00:00+00:00,46.0,11.69,2023-05-10 06:00:00+00:00,2023
2024-05-10 07:00:00+00:00,113.0,20.3,2023-05-10 07:00:00+00:00,2023
2024-05-10 08:00:00+00:00,253.0,28.98,2023-05-10 08:00:00+00:00,2023
2024-05-10 09:00:00+00:00,315.0,37.28,2023-05-10 09:00:00+00:00,2023
2024-05-10 10:00:00+00:00,372.0,44.63,2023-05-10 10:00:00+00:00,2023
2024-05-10 11:00:00+00:00,240.0,50.2,2023-05-10 11:00:00+00:00,2023
2024-05-10 12:00:00+00:00,703.01,52.98,2023-05-10 12:00:00+00:00,2023
2024-05-10 13:00:00+00:00,615.0,52.27,2023-05-10 13:00:00+00:00,2023
2024-05-10 14:00:00+00:00,477.0,48.28,2023-05-10 14:00:00+00:00,2023
2024-05-10 15:00:00+00:00,276.0,41.89,2023-05-10 15:00:00+00:00,2023
2024-05-10 16:00:00+00:00,323.0,34.08,2023-05-10 16:00:00+00:00,2023
2024-05-10 17:00:00+00:00,201.0,25.57,2023-05-10 17:00:00+00:00,2023
2024-05-10 18:00:00+00:00,219.0,16.88,2023-05-10 18:00:00+00:00,2023
2024-05-10 19:00:00+00:00,98.0,8.39,2023-05-10 19:00:00+00:00,2023
2024-05-10 20:00:00+00:00,0.0,0.0,2023-05-10 20:00:00+00:00,2023
2024-05-10 21:00:00+00:00,0.0,0.0,2023-05-10 21:00:00+00:00,2023
2024-05-10 22:00:00+00:00,0.0,0.0,2023-05-10 22:00:00+00:00,2023
2024-05-10 23:00:00+00:00,0.0,0.0,2023-05-10 23:00:00+00:00,2023
2024-05-11 00:00:00+00:00,0.0,0.0,2023-05-11 00:00:00+00:00,2023
2024-05-11 01:00:00+00:00,0.0,0.0,2023-05-11 01:00:00+00:00,2023
2024-05-11 02:00:00+00:00,0.0,0.0,2023-05-11 02:00:00+00:00,2023
2024-05-11 03:00:00+00:00,0.0,0.0,2023-05-11 03:00:00+00:00,2023
2024-05-11 04:00:00+00:00,0.0,0.0,2023-05-11 04:00:00+00:00,2023
2024-05-11 05:00:00+00:00,5.0,3.74,2023-05-11 05:00:00+00:00,2023
2024-05-11 06:00:00+00:00,86.0,11.91,2023-05-11 06:00:00+00:00,2023
2024-05-11 07:00:00+00:00,128.0,20.51,2023-05-11 07:00:00+00:00,2023
2024-05-11 08:00:00+00:00,246.0,29.19,2023-05-11 08:00:00+00:00,2023
2024-05-11 09:00:00+00:00,209.0,37.5,2023-05-11 09:00:00+00:00,2023
2024-05-11 10:00:00+00:00,257.0,44.86,2023-05-11 10:00:00+00:00,2023
2024-05-11 11:00:00+00:00,485.0,50.44,2023-05-11 11:00:00+00:00,2023
2024-05-11 12:00:00+00:00,385.0,53.23,2023-05-11 12:00:00+00:00,2023
2024-05-11 13:00:00+00:00,402.0,52.52,2023-05-11 13:00:00+00:00,2023
2024-05-11 14:00:00+00:00,379.0,48.51,2023-05-11 14:00:00+00:00,2023
2024-05-11 15:00:00+00:00,549.0,42.11,2023-05-11 15:00:00+00:00,2023
2024-05-11 16:00:00+00:00,398.0,34.29,2023-05-11 16:00:00+00:00,2023
2024-05-11 17:00:00+00:00,203.0,25.77,2023-05-11 17:00:00+00:00,2023
2024-05-11 18:00:00+00:00,219.0,17.08,2023-05-11 18:00:00+00:00,2023
2024-05-11 19:00:00+00:00,80.0,8.6,2023-05-11 19:00:00+00:00,2023
2024-05-11 20:00:00+00:00,0.0,0.0,2023-05-11 20:00:00+00:00,2023
2024-05-11 21:00:00+00:00,0.0,0.0,2023-05-11 21:00:00+00:00,2023
2024-05-11 22:00:00+00:00,0.0,0.0,2023-05-11 22:00:00+00:00,2023
2024-05-11 23:00:00+00:00,0.0,0.0,2023-05-11 23:00:00+00:00,2023
2024-05-12 00:00:00+00:00,0.0,0.0,2023-05-12 00:00:00+00:00,2023
2024-05-12 01:00:00+00:00,0.0,0.0,2023-05-12 01:00:00+00:00,2023
2024-05-12 02:00:00+00:00,0.0,0.0,2023-05-12 02:00:00+00:00,2023
2024-05-12 03:00:00+00:00,0.0,0.0,2023-05-12 03:00:00+00:00,2023
2024-05-12 04:00:00+00:00,0.0,0.0,2023-05-12 04:00:00+00:00,2023
2024-05-12 05:00:00+00:00,13.0,3.95,2023-05-12 05:00:00+00:00,2023
2024-05-12 06:00:00+00:00,168.0,12.12,2023-05-12 06:00:00+00:00,2023
2024-05-12 07:00:00+00:00,317.0,20.72,2023-05-12 07:00:00+00:00,2023
2024-05-12 08:00:00+00:00,464.0,29.4,2023-05-12 08:00:00+00:00,2023
2024-05-12 09:00:00+00:00,600.0,37.72,2023-05-12 09:00:00+00:00,2023
2024-05-12 10:00:00+00:00,718.01,45.09,2023-05-12 10:00:00+00:00,2023
2024-05-12 11:00:00+00:00,805.01,50.69,2023-05-12 11:00:00+00:00,2023
2024-05-12 12:00:00+00:00,846.01,53.49,2023-05-12 12:00:00+00:00,2023
2024-05-12 13:00:00+00:00,832.01,52.77,2023-05-12 13:00:00+00:00,2023
2024-05-12 14:00:00+00:00,790.01,48.74,2023-05-12 14:00:00+00:00,2023
2024-05-12 15:00:00+00:00,686.01,42.33,2023-05-12 15:00:00+00:00,2023
2024-05-12 16:00:00+00:00,556.0,34.49,2023-05-12 16:00:00+00:00,2023
2024-05-12 17:00:00+00:00,418.0,25.97,2023-05-12 17:00:00+00:00,2023
2024-05-12 18:00:00+00:00,250.0,17.28,2023-05-12 18:00:00+00:00,2023
2024-05-12 19:00:00+00:00,88.0,8.8,2023-05-12 19:00:00+00:00,2023
2024-05-12 20:00:00+00:00,0.0,0.0,2023-05-12 20:00:00+00:00,2023
2024-05-12 21:00:00+00:00,0.0,0.0,2023-05-12 21:00:00+00:00,2023
2024-05-12 22:00:00+00:00,0.0,0.0,2023-05-12 22:00:00+00:00,2023
2024-05-12 23:00:00+00:00,0.0,0.0,2023-05-12 23:00:00+00:00,2023
2024-05-13 00:00:00+00:00,0.0,0.0,2023-05-13 00:00:00+00:00,2023
2024-05-13 01:00:00+00:00,0.0,0.0,2023-05-13 01:00:00+00:00,2023
2024-05-13 02:00:00+00:00,0.0,0.0,2023-05-13 02:00:00+00:00,2023
2024-05-13 03:00:00+00:00,0.0,0.0,2023-05-13 03:00:00+00:00,2023
2024-05-13 04:00:00+00:00,0.0,0.0,2023-05-13 04:00:00+00:00,2023
2024-05-13 05:00:00+00:00,15.0,4.16,2023-05-13 05:00:00+00:00,2023
2024-05-13 06:00:00+00:00,141.0,12.32,2023-05-13 06:00:00+00:00,2023
2024-05-13 07:00:00+00:00,306.0,20.92,2023-05-13 07:00:00+00:00,2023
2024-05-13 08:00:00+00:00,465.0,29.6,2023-05-13 08:00:00+00:00,2023
2024-05-13 09:00:00+00:00,581.0,37.93,2023-05-13 09:00:00+00:00,2023
2024-05-13 10:00:00+00:00,666.0,45.31,2023-05-13 10:00:00+00:00,2023
2024-05-13 11:00:00+00:00,778.01,50.93,2023-05-13 11:00:00+00:00,2023
2024-05-13 12:00:00+00:00,702.0,53.74,2023-05-13 12:00:00+00:00,2023
2024-05-13 13:00:00+00:00,660.0,53.02,2023-05-13 13:00:00+00:00,2023
2024-05-13 14:00:00+00:00,537.0,48.97,2023-05-13 14:00:00+00:00,2023
2024-05-13 15:00:00+00:00,525.0,42.54,2023-05-13 15:00:00+00:00,2023
2024-05-13 16:00:00+00:00,447.0,34.69,2023-05-13 16:00:00+00:00,2023
2024-05-13 17:00:00+00:00,243.0,26.17,2023-05-13 17:00:00+00:00,2023
2024-05-13 18:00:00+00:00,142.0,17.47,2023-05-13 18:00:00+00:00,2023
2024-05-13 19:00:00+00:00,28.0,9.01,2023-05-13 19:00:00+00:00,2023
2024-05-13 20:00:00+00:00,0.0,0.0,2023-05-13 20:00:00+00:00,2023
2024-05-13 21:00:00+00:00,0.0,0.0,2023-05-13 21:00:00+00:00,2023
2024-05-13 22:00:00+00:00,0.0,0.0,2023-05-13 22:00:00+00:00,2023
2024-05-13 23:00:00+00:00,0.0,0.0,2023-05-13 23:00:00+00:00,2023
2024-05-14 00:00:00+00:00,0.0,0.0,2023-05-14 00:00:00+00:00,2023
2024-05-14 01:00:00+00:00,0.0,0.0,2023-05-14 01:00:00+00:00,2023
2024-05-14 02:00:00+00:00,0.0,0.0,2023-05-14 02:00:00+00:00,2023
2024-05-14 03:00:00+00:00,0.0,0.0,2023-05-14 03:00:00+00:00,2023
2024-05-14 04:00:00+00:00,0.0,0.0,2023-05-14 04:00:00+00:00,2023
2024-05-14 05:00:00+00:00,4.0,4.37,2023-05-14 05:00:00+00:00,2023
2024-05-14 06:00:00+00:00,70.0,12.52,2023-05-14 06:00:00+00:00,2023
2024-05-14 07:00:00+00:00,189.0,21.11,2023-05-14 07:00:00+00:00,2023
2024-05-14 08:00:00+00:00,260.0,29.79,2023-05-14 08:00:00+00:00,2023
2024-05-14 09:00:00+00:00,612.0,38.13,2023-05-14 09:00:00+00:00,2023
2024-05-14 10:00:00+00:00,400.0,45.53,2023-05-14 10:00:00+00:00,2023
2024-05-14 11:00:00+00:00,576.0,51.16,2023-05-14 11:00:00+00:00,2023
2024-05-14 12:00:00+00:00,416.0,53.98,2023-05-14 12:00:00+00:00,2023
2024-05-14 13:00:00+00:00,715.01,53.26,2023-05-14 13:00:00+00:00,2023
2024-05-14 14:00:00+00:00,621.0,49.2,2023-05-14 14:00:00+00:00,2023
2024-05-14 15:00:00+00:00,638.0,42.75,2023-05-14 15:00:00+00:00,2023
2024-05-14 16:00:00+00:00,539.0,34.89,2023-05-14 16:00:00+00:00,2023
2024-05-14 17:00:00+00:00,393.0,26.36,2023-05-14 17:00:00+00:00,2023
2024-05-14 18:00:00+00:00,159.0,17.66,2023-05-14 18:00:00+00:00,2023
2024-05-14 19:00:00+00:00,83.0,9.2,2023-05-14 19:00:00+00:00,2023
2024-05-14 20:00:00+00:00,0.0,0.0,2023-05-14 20:00:00+00:00,2023
2024-05-14 21:00:00+00:00,0.0,0.0,2023-05-14 21:00:00+00:00,2023
2024-05-14 22:00:00+00:00,0.0,0.0,2023-05-14 22:00:00+00:00,2023
2024-05-14 23:00:00+00:00,0.0,0.0,2023-05-14 23:00:00+00:00,2023
2024-05-15 00:00:00+00:00,0.0,0.0,2023-05-15 00:00:00+00:00,2023
2024-05-15 01:00:00+00:00,0.0,0.0,2023-05-15 01:00:00+00:00,2023
2024-05-15 02:00:00+00:00,0.0,0.0,2023-05-15 02:00:00+00:00,2023
2024-05-15 03:00:00+00:00,0.0,0.0,2023-05-15 03:00:00+00:00,2023
2024-05-15 04:00:00+00:00,0.0,0.0,2023-05-15 04:00:00+00:00,2023
2024-05-15 05:00:00+00:00,22.61,4.57,2023-05-15 05:00:00+00:00,2023
2024-05-15 06:00:00+00:00,161.0,12.71,2023-05-15 06:00:00+00:00,2023
2024-05-15 07:00:00+00:00,234.0,21.3,2023-05-15 07:00:00+00:00,2023
2024-05-15 08:00:00+00:00,316.0,29.98,2023-05-15 08:00:00+00:00,2023
2024-05-15 09:00:00+00:00,546.0,38.32,2023-05-15 09:00:00+00:00,2023
2024-05-15 10:00:00+00:00,620.0,45.74,2023-05-15 10:00:00+00:00,2023
2024-05-15 11:00:00+00:00,783.01,51.38,2023-05-15 11:00:00+00:00,2023
2024-05-15 12:00:00+00:00,813.01,54.22,2023-05-15 12:00:00+00:00,2023
2024-05-15 13:00:00+00:00,653.0,53.49,2023-05-15 13:00:00+00:00,2023
2024-05-15 14:00:00+00:00,684.0,49.42,2023-05-15 14:00:00+00:00,2023
2024-05-15 15:00:00+00:00,670.01,42.95,2023-05-15 15:00:00+00:00,2023
2024-05-15 16:00:00+00:00,510.0,35.08,2023-05-15 16:00:00+00:00,2023
2024-05-15 17:00:00+00:00,418.0,26.55,2023-05-15 17:00:00+00:00,2023
2024-05-15 18:00:00+00:00,158.0,17.85,2023-05-15 18:00:00+00:00,2023
2024-05-15 19:00:00+00:00,96.0,9.4,2023-05-15 19:00:00+00:00,2023
2024-05-15 20:00:00+00:00,0.0,0.0,2023-05-15 20:00:00+00:00,2023
2024-05-15 21:00:00+00:00,0.0,0.0,2023-05-15 21:00:00+00:00,2023
2024-05-15 22:00:00+00:00,0.0,0.0,2023-05-15 22:00:00+00:00,2023
2024-05-15 23:00:00+00:00,0.0,0.0,2023-05-15 23:00:00+00:00,2023
2024-05-16 00:00:00+00:00,0.0,0.0,2023-05-16 00:00:00+00:00,2023
2024-05-16 01:00:00+00:00,0.0,0.0,2023-05-16 01:00:00+00:00,2023
2024-05-16 02:00:00+00:00,0.0,0.0,2023-05-16 02:00:00+00:00,2023
2024-05-16 03:00:00+00:00,0.0,0.0,2023-05-16 03:00:00+00:00,2023
2024-05-16 04:00:00+00:00,0.0,0.0,2023-05-16 04:00:00+00:00,2023
2024-05-16 05:00:00+00:00,28.3,4.76,2023-05-16 05:00:00+00:00,2023
2024-05-16 06:00:00+00:00,167.0,12.89,2023-05-16 06:00:00+00:00,2023
2024-05-16 07:00:00+00:00,294.0,21.48,2023-05-16 07:00:00+00:00,2023
2024-05-16 08:00:00+00:00,420.0,30.17,2023-05-16 08:00:00+00:00,2023
2024-05-16 09:00:00+00:00,571.0,38.52,2023-05-16 09:00:00+00:00,2023
2024-05-16 10:00:00+00:00,509.0,45.94,2023-05-16 10:00:00+00:00,2023
2024-05-16 11:00:00+00:00,694.0,51.6,2023-05-16 11:00:00+00:00,2023
2024-05-16 12:00:00+00:00,810.01,54.45,2023-05-16 12:00:00+00:00,2023
2024-05-16 13:00:00+00:00,820.01,53.72,2023-05-16 13:00:00+00:00,2023
2024-05-16 14:00:00+00:00,759.01,49.63,2023-05-16 14:00:00+00:00,2023
2024-05-16 15:00:00+00:00,691.01,43.15,2023-05-16 15:00:00+00:00,2023
2024-05-16 16:00:00+00:00,559.0,35.27,2023-05-16 16:00:00+00:00,2023
2024-05-16 17:00:00+00:00,418.0,26.73,2023-05-16 17:00:00+00:00,2023
2024-05-16 18:00:00+00:00,157.0,18.04,2023-05-16 18:00:00+00:00,2023
2024-05-16 19:00:00+00:00,61.0,9.59,2023-05-16 19:00:00+00:00,2023
2024-05-16 20:00:00+00:00,1.0,1.74,2023-05-16 20:00:00+00:00,2023
2024-05-16 21:00:00+00:00,0.0,0.0,2023-05-16 21:00:00+00:00,2023
2024-05-16 22:00:00+00:00,0.0,0.0,2023-05-16 22:00:00+00:00,2023
2024-05-16 23:00:00+00:00,0.0,0.0,2023-05-16 23:00:00+00:00,2023
2024-05-17 00:00:00+00:00,0.0,0.0,2023-05-17 00:00:00+00:00,2023
2024-05-17 01:00:00+00:00,0.0,0.0,2023-05-17 01:00:00+00:00,2023
2024-05-17 02:00:00+00:00,0.0,0.0,2023-05-17 02:00:00+00:00,2023
2024-05-17 03:00:00+00:00,0.0,0.0,2023-05-17 03:00:00+00:00,2023
2024-05-17 04:00:00+00:00,0.0,0.0,2023-05-17 04:00:00+00:00,2023
2024-05-17 05:00:00+00:00,28.32,4.95,2023-05-17 05:00:00+00:00,2023
2024-05-17 06:00:00+00:00,146.0,13.07,2023-05-17 06:00:00+00:00,2023
2024-05-17 07:00:00+00:00,195.0,21.66,2023-05-17 07:00:00+00:00,2023
2024-05-17 08:00:00+00:00,417.0,30.34,2023-05-17 08:00:00+00:00,2023
2024-05-17 09:00:00+00:00,535.0,38.7,2023-05-17 09:00:00+00:00,2023
2024-05-17 10:00:00+00:00,584.0,46.14,2023-05-17 10:00:00+00:00,2023
2024-05-17 11:00:00+00:00,513.0,51.82,2023-05-17 11:00:00+00:00,2023
2024-05-17 12:00:00+00:00,583.0,54.68,2023-05-17 12:00:00+00:00,2023
2024-05-17 13:00:00+00:00,556.0,53.95,2023-05-17 13:00:00+00:00,2023
2024-05-17 14:00:00+00:00,484.0,49.85,2023-05-17 14:00:00+00:00,2023
2024-05-17 15:00:00+00:00,479.0,43.35,2023-05-17 15:00:00+00:00,2023
2024-05-17 16:00:00+00:00,410.0,35.46,2023-05-17 16:00:00+00:00,2023
2024-05-17 17:00:00+00:00,289.0,26.92,2023-05-17 17:00:00+00:00,2023
2024-05-17 18:00:00+00:00,152.0,18.22,2023-05-17 18:00:00+00:00,2023
2024-05-17 19:00:00+00:00,65.0,9.78,2023-05-17 19:00:00+00:00,2023
2024-05-17 20:00:00+00:00,1.0,1.93,2023-05-17 20:00:00+00:00,2023
2024-05-17 21:00:00+00:00,0.0,0.0,2023-05-17 21:00:00+00:00,2023
2024-05-17 22:00:00+00:00,0.0,0.0,2023-05-17 22:00:00+00:00,2023
2024-05-17 23:00:00+00:00,0.0,0.0,2023-05-17 23:00:00+00:00,2023
2024-05-18 00:00:00+00:00,0.0,0.0,2023-05-18 00:00:00+00:00,2023
2024-05-18 01:00:00+00:00,0.0,0.0,2023-05-18 01:00:00+00:00,2023
2024-05-18 02:00:00+00:00,0.0,0.0,2023-05-18 02:00:00+00:00,2023
2024-05-18 03:00:00+00:00,0.0,0.0,2023-05-18 03:00:00+00:00,2023
2024-05-18 04:00:00+00:00,0.0,0.0,2023-05-18 04:00:00+00:00,2023
2024-05-18 05:00:00+00:00,22.82,5.13,2023-05-18 05:00:00+00:00,2023
2024-05-18 06:00:00+00:00,124.0,13.25,2023-05-18 06:00:00+00:00,2023
2024-05-18 07:00:00+00:00,194.0,21.83,2023-05-18 07:00:00+00:00,2023
2024-05-18 08:00:00+00:00,222.0,30.52,2023-05-18 08:00:00+00:00,2023
2024-05-18 09:00:00+00:00,314.0,38.88,2023-05-18 09:00:00+00:00,2023
2024-05-18 10:00:00+00:00,138.0,46.33,2023-05-18 10:00:00+00:00,2023
2024-05-18 11:00:00+00:00,153.0,52.03,2023-05-18 11:00:00+00:00,2023
2024-05-18 12:00:00+00:00,235.0,54.9,2023-05-18 12:00:00+00:00,2023
2024-05-18 13:00:00+00:00,161.0,54.17,2023-05-18 13:00:00+00:00,2023
2024-05-18 14:00:00+00:00,238.0,50.05,2023-05-18 14:00:00+00:00,2023
2024-05-18 15:00:00+00:00,512.0,43.54,2023-05-18 15:00:00+00:00,2023
2024-05-18 16:00:00+00:00,451.0,35.64,2023-05-18 16:00:00+00:00,2023
2024-05-18 17:00:00+00:00,408.0,27.1,2023-05-18 17:00:00+00:00,2023
2024-05-18 18:00:00+00:00,193.0,18.4,2023-05-18 18:00:00+00:00,2023
2024-05-18 19:00:00+00:00,64.0,9.96,2023-05-18 19:00:00+00:00,2023
2024-05-18 20:00:00+00:00,1.0,2.13,2023-05-18 20:00:00+00:00,2023
2024-05-18 21:00:00+00:00,0.0,0.0,2023-05-18 21:00:00+00:00,2023
2024-05-18 22:00:00+00:00,0.0,0.0,2023-05-18 22:00:00+00:00,2023
2024-05-18 23:00:00+00:00,0.0,0.0,2023-05-18 23:00:00+00:00,2023
2024-05-19 00:00:00+00:00,0.0,0.0,2023-05-19 00:00:00+00:00,2023
2024-05-19 01:00:00+00:00,0.0,0.0,2023-05-19 01:00:00+00:00,2023
2024-05-19 02:00:00+00:00,0.0,0.0,2023-05-19 02:00:00+00:00,2023
2024-05-19 03:00:00+00:00,0.0,0.0,2023-05-19 03:00:00+00:00,2023
2024-05-19 04:00:00+00:00,0.0,0.0,2023-05-19 04:00:00+00:00,2023
2024-05-19 05:00:00+00:00,20.0,5.3,2023-05-19 05:00:00+00:00,2023
2024-05-19 06:00:00+00:00,29.0,13.42,2023-05-19 06:00:00+00:00,2023
2024-05-19 07:00:00+00:00,186.0,21.99,2023-05-19 07:00:00+00:00,2023
2024-05-19 08:00:00+00:00,288.0,30.68,2023-05-19 08:00:00+00:00,2023
2024-05-19 09:00:00+00:00,327.0,39.05,2023-05-19 09:00:00+00:00,2023
2024-05-19 10:00:00+00:00,335.0,46.52,2023-05-19 10:00:00+00:00,2023
2024-05-19 11:00:00+00:00,517.0,52.23,2023-05-19 11:00:00+00:00,2023
2024-05-19 12:00:00+00:00,519.0,55.11,2023-05-19 12:00:00+00:00,2023
2024-05-19 13:00:00+00:00,403.0,54.38,2023-05-19 13:00:00+00:00,2023
2024-05-19 14:00:00+00:00,393.0,50.26,2023-05-19 14:00:00+00:00,2023
2024-05-19 15:00:00+00:00,315.0,43.73,2023-05-19 15:00:00+00:00,2023
2024-05-19 16:00:00+00:00,284.0,35.83,2023-05-19 16:00:00+00:00,2023
2024-05-19 17:00:00+00:00,128.0,27.27,2023-05-19 17:00:00+00:00,2023
2024-05-19 18:00:00+00:00,44.0,18.58,2023-05-19 18:00:00+00:00,2023
2024-05-19 19:00:00+00:00,65.0,10.15,2023-05-19 19:00:00+00:00,2023
2024-05-19 20:00:00+00:00,1.0,2.31,2023-05-19 20:00:00+00:00,2023
2024-05-19 21:00:00+00:00,0.0,0.0,2023-05-19 21:00:00+00:00,2023
2024-05-19 22:00:00+00:00,0.0,0.0,2023-05-19 22:00:00+00:00,2023
2024-05-19 23:00:00+00:00,0.0,0.0,2023-05-19 23:00:00+00:00,2023
2024-05-20 00:00:00+00:00,0.0,0.0,2023-05-20 00:00:00+00:00,2023
2024-05-20 01:00:00+00:00,0.0,0.0,2023-05-20 01:00:00+00:00,2023
2024-05-20 02:00:00+00:00,0.0,0.0,2023-05-20 02:00:00+00:00,2023
2024-05-20 03:00:00+00:00,0.0,0.0,2023-05-20 03:00:00+00:00,2023
2024-05-20 04:00:00+00:00,0.0,0.0,2023-05-20 04:00:00+00:00,2023
2024-05-20 05:00:00+00:00,10.0,5.47,2023-05-20 05:00:00+00:00,2023
2024-05-20 06:00:00+00:00,97.0,13.58,2023-05-20 06:00:00+00:00,2023
2024-05-20 07:00:00+00:00,165.0,22.15,2023-05-20 07:00:00+00:00,2023
2024-05-20 08:00:00+00:00,291.0,30.84,2023-05-20 08:00:00+00:00,2023
2024-05-20 09:00:00+00:00,302.0,39.22,2023-05-20 09:00:00+00:00,2023
2024-05-20 10:00:00+00:00,186.0,46.7,2023-05-20 10:00:00+00:00,2023
2024-05-20 11:00:00+00:00,197.0,52.43,2023-05-20 11:00:00+00:00,2023
2024-05-20 12:00:00+00:00,345.0,55.32,2023-05-20 12:00:00+00:00,2023
2024-05-20 13:00:00+00:00,252.0,54.59,2023-05-20 13:00:00+00:00,2023
2024-05-20 14:00:00+00:00,203.0,50.46,2023-05-20 14:00:00+00:00,2023
2024-05-20 15:00:00+00:00,219.0,43.92,2023-05-20 15:00:00+00:00,2023
2024-05-20 16:00:00+00:00,198.0,36.0,2023-05-20 16:00:00+00:00,2023
2024-05-20 17:00:00+00:00,195.0,27.45,2023-05-20 17:00:00+00:00,2023
2024-05-20 18:00:00+00:00,47.0,18.76,2023-05-20 18:00:00+00:00,2023
2024-05-20 19:00:00+00:00,11.0,10.32,2023-05-20 19:00:00+00:00,2023
2024-05-20 20:00:00+00:00,1.0,2.5,2023-05-20 20:00:00+00:00,2023
2024-05-20 21:00:00+00:00,0.0,0.0,2023-05-20 21:00:00+00:00,2023
2024-05-20 22:00:00+00:00,0.0,0.0,2023-05-20 22:00:00+00:00,2023
2024-05-20 23:00:00+00:00,0.0,0.0,2023-05-20 23:00:00+00:00,2023
2024-05-21 00:00:00+00:00,0.0,0.0,2023-05-21 00:00:00+00:00,2023
2024-05-21 01:00:00+00:00,0.0,0.0,2023-05-21 01:00:00+00:00,2023
2024-05-21 02:00:00+00:00,0.0,0.0,2023-05-21 02:00:00+00:00,2023
2024-05-21 03:00:00+00:00,0.0,0.0,2023-05-21 03:00:00+00:00,2023
2024-05-21 04:00:00+00:00,0.0,0.0,2023-05-21 04:00:00+00:00,2023
2024-05-21 05:00:00+00:00,12.0,5.64,2023-05-21 05:00:00+00:00,2023
2024-05-21 06:00:00+00:00,107.0,13.73,2023-05-21 06:00:00+00:00,2023
2024-05-21 07:00:00+00:00,197.0,22.31,2023-05-21 07:00:00+00:00,2023
2024-05-21 08:00:00+00:00,278.0,31.0,2023-05-21 08:00:00+00:00,2023
2024-05-21 09:00:00+00:00,348.0,39.38,2023-05-21 09:00:00+00:00,2023
2024-05-21 10:00:00+00:00,384.0,46.87,2023-05-21 10:00:00+00:00,2023
2024-05-21 11:00:00+00:00,420.0,52.62,2023-05-21 11:00:00+00:00,2023
2024-05-21 12:00:00+00:00,447.0,55.52,2023-05-21 12:00:00+00:00,2023
2024-05-21 13:00:00+00:00,443.0,54.79,2023-05-21 13:00:00+00:00,2023
2024-05-21 14:00:00+00:00,451.0,50.65,2023-05-21 14:00:00+00:00,2023
2024-05-21 15:00:00+00:00,416.0,44.1,2023-05-21 15:00:00+00:00,2023
2024-05-21 16:00:00+00:00,351.0,36.18,2023-05-21 16:00:00+00:00,2023
2024-05-21 17:00:00+00:00,240.0,27.62,2023-05-21 17:00:00+00:00,2023
2024-05-21 18:00:00+00:00,114.0,18.93,2023-05-21 18:00:00+00:00,2023
2024-05-21 19:00:00+00:00,18.0,10.5,2023-05-21 19:00:00+00:00,2023
2024-05-21 20:00:00+00:00,2.0,2.68,2023-05-21 20:00:00+00:00,2023
2024-05-21 21:00:00+00:00,0.0,0.0,2023-05-21 21:00:00+00:00,2023
2024-05-21 22:00:00+00:00,0.0,0.0,2023-05-21 22:00:00+00:00,2023
2024-05-21 23:00:00+00:00,0.0,0.0,2023-05-21 23:00:00+00:00,2023
2024-05-22 00:00:00+00:00,0.0,0.0,2023-05-22 00:00:00+00:00,2023
2024-05-22 01:00:00+00:00,0.0,0.0,2023-05-22 01:00:00+00:00,2023
2024-05-22 02:00:00+00:00,0.0,0.0,2023-05-22 02:00:00+00:00,2023
2024-05-22 03:00:00+00:00,0.0,0.0,2023-05-22 03:00:00+00:00,2023
2024-05-22 04:00:00+00:00,0.0,0.0,2023-05-22 04:00:00+00:00,2023
2024-05-22 05:00:00+00:00,45.0,5.8,2023-05-22 05:00:00+00:00,2023
2024-05-22 06:00:00+00:00,132.0,13.89,2023-05-22 06:00:00+00:00,2023
2024-05-22 07:00:00+00:00,190.0,22.45,2023-05-22 07:00:00+00:00,2023
2024-05-22 08:00:00+00:00,394.0,31.14,2023-05-22 08:00:00+00:00,2023
2024-05-22 09:00:00+00:00,507.0,39.53,2023-05-22 09:00:00+00:00,2023
2024-05-22 10:00:00+00:00,664.0,47.04,2023-05-22 10:00:00+00:00,2023
2024-05-22 11:00:00+00:00,737.01,52.8,2023-05-22 11:00:00+00:00,2023
2024-05-22 12:00:00+00:00,685.0,55.72,2023-05-22 12:00:00+00:00,2023
2024-05-22 13:00:00+00:00,748.01,54.99,2023-05-22 13:00:00+00:00,2023
2024-05-22 14:00:00+00:00,735.01,50.84,2023-05-22 14:00:00+00:00,2023
2024-05-22 15:00:00+00:00,510.0,44.28,2023-05-22 15:00:00+00:00,2023
2024-05-22 16:00:00+00:00,561.0,36.35,2023-05-22 16:00:00+00:00,2023
2024-05-22 17:00:00+00:00,423.0,27.78,2023-05-22 17:00:00+00:00,2023
2024-05-22 18:00:00+00:00,255.0,19.09,2023-05-22 18:00:00+00:00,2023
2024-05-22 19:00:00+00:00,105.0,10.67,2023-05-22 19:00:00+00:00,2023
2024-05-22 20:00:00+00:00,11.83,2.86,2023-05-22 20:00:00+00:00,2023
2024-05-22 21:00:00+00:00,0.0,0.0,2023-05-22 21:00:00+00:00,2023
2024-05-22 22:00:00+00:00,0.0,0.0,2023-05-22 22:00:00+00:00,2023
2024-05-22 23:00:00+00:00,0.0,0.0,2023-05-22 23:00:00+00:00,2023
2024-05-23 00:00:00+00:00,0.0,0.0,2023-05-23 00:00:00+00:00,2023
2024-05-23 01:00:00+00:00,0.0,0.0,2023-05-23 01:00:00+00:00,2023
2024-05-23 02:00:00+00:00,0.0,0.0,2023-05-23 02:00:00+00:00,2023
2024-05-23 03:00:00+00:00,0.0,0.0,2023-05-23 03:00:00+00:00,2023
2024-05-23 04:00:00+00:00,0.0,0.0,2023-05-23 04:00:00+00:00,2023
2024-05-23 05:00:00+00:00,11.0,5.95,2023-05-23 05:00:00+00:00,2023
2024-05-23 06:00:00+00:00,74.0,14.03,2023-05-23 06:00:00+00:00,2023
2024-05-23 07:00:00+00:00,183.0,22.6,2023-05-23 07:00:00+00:00,2023
2024-05-23 08:00:00+00:00,327.0,31.29,2023-05-23 08:00:00+00:00,2023
2024-05-23 09:00:00+00:00,358.0,39.68,2023-05-23 09:00:00+00:00,2023
2024-05-23 10:00:00+00:00,339.0,47.2,2023-05-23 10:00:00+00:00,2023
2024-05-23 11:00:00+00:00,482.0,52.98,2023-05-23 11:00:00+00:00,2023
2024-05-23 12:00:00+00:00,499.0,55.91,2023-05-23 12:00:00+00:00,2023
2024-05-23 13:00:00+00:00,417.0,55.19,2023-05-23 13:00:00+00:00,2023
2024-05-23 14:00:00+00:00,326.0,51.02,2023-05-23 14:00:00+00:00,2023
2024-05-23 15:00:00+00:00,463.0,44.45,2023-05-23 15:00:00+00:00,2023
2024-05-23 16:00:00+00:00,185.0,36.51,2023-05-23 16:00:00+00:00,2023
2024-05-23 17:00:00+00:00,228.0,27.95,2023-05-23 17:00:00+00:00,2023
2024-05-23 18:00:00+00:00,141.0,19.26,2023-05-23 18:00:00+00:00,2023
2024-05-23 19:00:00+00:00,86.0,10.84,2023-05-23 19:00:00+00:00,2023
2024-05-23 20:00:00+00:00,4.0,3.03,2023-05-23 20:00:00+00:00,2023
2024-05-23 21:00:00+00:00,0.0,0.0,2023-05-23 21:00:00+00:00,2023
2024-05-23 22:00:00+00:00,0.0,0.0,2023-05-23 22:00:00+00:00,2023
2024-05-23 23:00:00+00:00,0.0,0.0,2023-05-23 23:00:00+00:00,2023
2024-05-24 00:00:00+00:00,0.0,0.0,2023-05-24 00:00:00+00:00,2023
2024-05-24 01:00:00+00:00,0.0,0.0,2023-05-24 01:00:00+00:00,2023
2024-05-24 02:00:00+00:00,0.0,0.0,2023-05-24 02:00:00+00:00,2023
2024-05-24 03:00:00+00:00,0.0,0.0,2023-05-24 03:00:00+00:00,2023
2024-05-24 04:00:00+00:00,0.0,0.0,2023-05-24 04:00:00+00:00,2023
2024-05-24 05:00:00+00:00,23.0,6.09,2023-05-24 05:00:00+00:00,2023
2024-05-24 06:00:00+00:00,99.0,14.17,2023-05-24 06:00:00+00:00,2023
2024-05-24 07:00:00+00:00,160.0,22.73,2023-05-24 07:00:00+00:00,2023
2024-05-24 08:00:00+00:00,170.0,31.42,2023-05-24 08:00:00+00:00,2023
2024-05-24 09:00:00+00:00,187.0,39.82,2023-05-24 09:00:00+00:00,2023
2024-05-24 10:00:00+00:00,411.0,47.35,2023-05-24 10:00:00+00:00,2023
2024-05-24 11:00:00+00:00,513.0,53.15,2023-05-24 11:00:00+00:00,2023
2024-05-24 12:00:00+00:00,456.0,56.1,2023-05-24 12:00:00+00:00,2023
2024-05-24 13:00:00+00:00,547.0,55.38,2023-05-24 13:00:00+00:00,2023
2024-05-24 14:00:00+00:00,546.0,51.2,2023-05-24 14:00:00+00:00,2023
2024-05-24 15:00:00+00:00,544.0,44.62,2023-05-24 15:00:00+00:00,2023
2024-05-24 16:00:00+00:00,303.0,36.68,2023-05-24 16:00:00+00:00,2023
2024-05-24 17:00:00+00:00,288.0,28.11,2023-05-24 17:00:00+00:00,2023
2024-05-24 18:00:00+00:00,115.0,19.42,2023-05-24 18:00:00+00:00,2023
2024-05-24 19:00:00+00:00,56.0,11.0,2023-05-24 19:00:00+00:00,2023
2024-05-24 20:00:00+00:00,2.0,3.21,2023-05-24 20:00:00+00:00,2023
2024-05-24 21:00:00+00:00,0.0,0.0,2023-05-24 21:00:00+00:00,2023
2024-05-24 22:00:00+00:00,0.0,0.0,2023-05-24 22:00:00+00:00,2023
2024-05-24 23:00:00+00:00,0.0,0.0,2023-05-24 23:00:00+00:00,2023
2024-05-25 00:00:00+00:00,0.0,0.0,2023-05-25 00:00:00+00:00,2023
2024-05-25 01:00:00+00:00,0.0,0.0,2023-05-25 01:00:00+00:00,2023
2024-05-25 02:00:00+00:00,0.0,0.0,2023-05-25 02:00:00+00:00,2023
2024-05-25 03:00:00+00:00,0.0,0.0,2023-05-25 03:00:00+00:00,2023
2024-05-25 04:00:00+00:00,0.0,0.0,2023-05-25 04:00:00+00:00,2023
2024-05-25 05:00:00+00:00,67.0,6.23,2023-05-25 05:00:00+00:00,2023
2024-05-25 06:00:00+00:00,120.0,14.3,2023-05-25 06:00:00+00:00,2023
2024-05-25 07:00:00+00:00,255.0,22.86,2023-05-25 07:00:00+00:00,2023
2024-05-25 08:00:00+00:00,349.0,31.55,2023-05-25 08:00:00+00:00,2023
2024-05-25 09:00:00+00:00,343.0,39.96,2023-05-25 09:00:00+00:00,2023
2024-05-25 10:00:00+00:00,419.0,47.5,2023-05-25 10:00:00+00:00,2023
2024-05-25 11:00:00+00:00,517.0,53.32,2023-05-25 11:00:00+00:00,2023
2024-05-25 12:00:00+00:00,487.0,56.28,2023-05-25 12:00:00+00:00,2023
2024-05-25 13:00:00+00:00,444.0,55.56,2023-05-25 13:00:00+00:00,2023
2024-05-25 14:00:00+00:00,392.0,51.38,2023-05-25 14:00:00+00:00,2023
2024-05-25 15:00:00+00:00,357.0,44.79,2023-05-25 15:00:00+00:00,2023
2024-05-25 16:00:00+00:00,283.0,36.83,2023-05-25 16:00:00+00:00,2023
2024-05-25 17:00:00+00:00,231.0,28.26,2023-05-25 17:00:00+00:00,2023
2024-05-25 18:00:00+00:00,155.0,19.58,2023-05-25 18:00:00+00:00,2023
2024-05-25 19:00:00+00:00,75.0,11.16,2023-05-25 19:00:00+00:00,2023
2024-05-25 20:00:00+00:00,2.0,3.37,2023-05-25 20:00:00+00:00,2023
2024-05-25 21:00:00+00:00,0.0,0.0,2023-05-25 21:00:00+00:00,2023
2024-05-25 22:00:00+00:00,0.0,0.0,2023-05-25 22:00:00+00:00,2023
2024-05-25 23:00:00+00:00,0.0,0.0,2023-05-25 23:00:00+00:00,2023
2024-05-26 00:00:00+00:00,0.0,0.0,2023-05-26 00:00:00+00:00,2023
2024-05-26 01:00:00+00:00,0.0,0.0,2023-05-26 01:00:00+00:00,2023
2024-05-26 02:00:00+00:00,0.0,0.0,2023-05-26 02:00:00+00:00,2023
2024-05-26 03:00:00+00:00,0.0,0.0,2023-05-26 03:00:00+00:00,2023
2024-05-26 04:00:00+00:00,0.0,0.0,2023-05-26 04:00:00+00:00,2023
2024-05-26 05:00:00+00:00,52.0,6.37,2023-05-26 05:00:00+00:00,2023
2024-05-26 06:00:00+00:00,144.0,14.43,2023-05-26 06:00:00+00:00,2023
2024-05-26 07:00:00+00:00,228.0,22.98,2023-05-26 07:00:00+00:00,2023
2024-05-26 08:00:00+00:00,326.0,31.68,2023-05-26 08:00:00+00:00,2023
2024-05-26 09:00:00+00:00,575.0,40.09,2023-05-26 09:00:00+00:00,2023
2024-05-26 10:00:00+00:00,746.01,47.64,2023-05-26 10:00:00+00:00,2023
2024-05-26 11:00:00+00:00,832.01,53.47,2023-05-26 11:00:00+00:00,2023
2024-05-26 12:00:00+00:00,854.01,56.45,2023-05-26 12:00:00+00:00,2023
2024-05-26 13:00:00+00:00,846.01,55.74,2023-05-26 13:00:00+00:00,2023
2024-05-26 14:00:00+00:00,802.01,51.55,2023-05-26 14:00:00+00:00,2023
2024-05-26 15:00:00+00:00,691.0,44.95,2023-05-26 15:00:00+00:00,2023
2024-05-26 16:00:00+00:00,401.0,36.99,2023-05-26 16:00:00+00:00,2023
2024-05-26 17:00:00+00:00,271.0,28.41,2023-05-26 17:00:00+00:00,2023
2024-05-26 18:00:00+00:00,276.0,19.73,2023-05-26 18:00:00+00:00,2023
2024-05-26 19:00:00+00:00,116.0,11.32,2023-05-26 19:00:00+00:00,2023
2024-05-26 20:00:00+00:00,6.0,3.53,2023-05-26 20:00:00+00:00,2023
2024-05-26 21:00:00+00:00,0.0,0.0,2023-05-26 21:00:00+00:00,2023
2024-05-26 22:00:00+00:00,0.0,0.0,2023-05-26 22:00:00+00:00,2023
2024-05-26 23:00:00+00:00,0.0,0.0,2023-05-26 23:00:00+00:00,2023
2024-05-27 00:00:00+00:00,0.0,0.0,2023-05-27 00:00:00+00:00,2023
2024-05-27 01:00:00+00:00,0.0,0.0,2023-05-27 01:00:00+00:00,2023
2024-05-27 02:00:00+00:00,0.0,0.0,2023-05-27 02:00:00+00:00,2023
2024-05-27 03:00:00+00:00,0.0,0.0,2023-05-27 03:00:00+00:00,2023
2024-05-27 04:00:00+00:00,0.0,0.0,2023-05-27 04:00:00+00:00,2023
2024-05-27 05:00:00+00:00,71.0,6.5,2023-05-27 05:00:00+00:00,2023
2024-05-27 06:00:00+00:00,161.0,14.55,2023-05-27 06:00:00+00:00,2023
2024-05-27 07:00:00+00:00,278.0,23.1,2023-05-27 07:00:00+00:00,2023
2024-05-27 08:00:00+00:00,303.0,31.8,2023-05-27 08:00:00+00:00,2023
2024-05-27 09:00:00+00:00,438.0,40.21,2023-05-27 09:00:00+00:00,2023
2024-05-27 10:00:00+00:00,427.0,47.78,2023-05-27 10:00:00+00:00,2023
2024-05-27 11:00:00+00:00,433.0,53.63,2023-05-27 11:00:00+00:00,2023
2024-05-27 12:00:00+00:00,527.0,56.62,2023-05-27 12:00:00+00:00,2023
2024-05-27 13:00:00+00:00,526.0,55.91,2023-05-27 13:00:00+00:00,2023
2024-05-27 14:00:00+00:00,424.0,51.72,2023-05-27 14:00:00+00:00,2023
2024-05-27 15:00:00+00:00,513.0,45.11,2023-05-27 15:00:00+00:00,2023
2024-05-27 16:00:00+00:00,481.0,37.14,2023-05-27 16:00:00+00:00,2023
2024-05-27 17:00:00+00:00,214.0,28.56,2023-05-27 17:00:00+00:00,2023
2024-05-27 18:00:00+00:00,144.0,19.88,2023-05-27 18:00:00+00:00,2023
2024-05-27 19:00:00+00:00,36.0,11.47,2023-05-27 19:00:00+00:00,2023
2024-05-27 20:00:00+00:00,3.0,3.69,2023-05-27 20:00:00+00:00,2023
2024-05-27 21:00:00+00:00,0.0,0.0,2023-05-27 21:00:00+00:00,2023
2024-05-27 22:00:00+00:00,0.0,0.0,2023-05-27 22:00:00+00:00,2023
2024-05-27 23:00:00+00:00,0.0,0.0,2023-05-27 23:00:00+00:00,2023
2024-05-28 00:00:00+00:00,0.0,0.0,2023-05-28 00:00:00+00:00,2023
2024-05-28 01:00:00+00:00,0.0,0.0,2023-05-28 01:00:00+00:00,2023
2024-05-28 02:00:00+00:00,0.0,0.0,2023-05-28 02:00:00+00:00,2023
2024-05-28 03:00:00+00:00,0.0,0.0,2023-05-28 03:00:00+00:00,2023
2024-05-28 04:00:00+00:00,0.0,0.0,2023-05-28 04:00:00+00:00,2023
2024-05-28 05:00:00+00:00,41.0,6.62,2023-05-28 05:00:00+00:00,2023
2024-05-28 06:00:00+00:00,116.0,14.67,2023-05-28 06:00:00+00:00,2023
2024-05-28 07:00:00+00:00,215.0,23.21,2023-05-28 07:00:00+00:00,2023
2024-05-28 08:00:00+00:00,264.0,31.91,2023-05-28 08:00:00+00:00,2023
2024-05-28 09:00:00+00:00,345.0,40.33,2023-05-28 09:00:00+00:00,2023
2024-05-28 10:00:00+00:00,563.0,47.91,2023-05-28 10:00:00+00:00,2023
2024-05-28 11:00:00+00:00,782.01,53.77,2023-05-28 11:00:00+00:00,2023
2024-05-28 12:00:00+00:00,793.01,56.78,2023-05-28 12:00:00+00:00,2023
2024-05-28 13:00:00+00:00,812.01,56.07,2023-05-28 13:00:00+00:00,2023
2024-05-28 14:00:00+00:00,810.01,51.88,2023-05-28 14:00:00+00:00,2023
2024-05-28 15:00:00+00:00,651.0,45.26,2023-05-28 15:00:00+00:00,2023
2024-05-28 16:00:00+00:00,555.0,37.29,2023-05-28 16:00:00+00:00,2023
2024-05-28 17:00:00+00:00,364.0,28.71,2023-05-28 17:00:00+00:00,2023
2024-05-28 18:00:00+00:00,174.0,20.02,2023-05-28 18:00:00+00:00,2023
2024-05-28 19:00:00+00:00,74.0,11.62,2023-05-28 19:00:00+00:00,2023
2024-05-28 20:00:00+00:00,3.0,3.84,2023-05-28 20:00:00+00:00,2023
2024-05-28 21:00:00+00:00,0.0,0.0,2023-05-28 21:00:00+00:00,2023
2024-05-28 22:00:00+00:00,0.0,0.0,2023-05-28 22:00:00+00:00,2023
2024-05-28 23:00:00+00:00,0.0,0.0,2023-05-28 23:00:00+00:00,2023
2024-05-29 00:00:00+00:00,0.0,0.0,2023-05-29 00:00:00+00:00,2023
2024-05-29 01:00:00+00:00,0.0,0.0,2023-05-29 01:00:00+00:00,2023
2024-05-29 02:00:00+00:00,0.0,0.0,2023-05-29 02:00:00+00:00,2023
2024-05-29 03:00:00+00:00,0.0,0.0,2023-05-29 03:00:00+00:00,2023
2024-05-29 04:00:00+00:00,0.0,0.0,2023-05-29 04:00:00+00:00,2023
2024-05-29 05:00:00+00:00,71.0,6.73,2023-05-29 05:00:00+00:00,2023
2024-05-29 06:00:00+00:00,210.0,14.78,2023-05-29 06:00:00+00:00,2023
2024-05-29 07:00:00+00:00,371.0,23.32,2023-05-29 07:00:00+00:00,2023
2024-05-29 08:00:00+00:00,505.0,32.01,2023-05-29 08:00:00+00:00,2023
2024-05-29 09:00:00+00:00,656.0,40.44,2023-05-29 09:00:00+00:00,2023
2024-05-29 10:00:00+00:00,741.01,48.03,2023-05-29 10:00:00+00:00,2023
2024-05-29 11:00:00+00:00,839.01,53.91,2023-05-29 11:00:00+00:00,2023
2024-05-29 12:00:00+00:00,856.01,56.93,2023-05-29 12:00:00+00:00,2023
2024-05-29 13:00:00+00:00,848.01,56.23,2023-05-29 13:00:00+00:00,2023
2024-05-29 14:00:00+00:00,797.01,52.03,2023-05-29 14:00:00+00:00,2023
2024-05-29 15:00:00+00:00,731.01,45.41,2023-05-29 15:00:00+00:00,2023
2024-05-29 16:00:00+00:00,599.0,37.43,2023-05-29 16:00:00+00:00,2023
2024-05-29 17:00:00+00:00,473.0,28.85,2023-05-29 17:00:00+00:00,2023
2024-05-29 18:00:00+00:00,307.0,20.17,2023-05-29 18:00:00+00:00,2023
2024-05-29 19:00:00+00:00,141.0,11.77,2023-05-29 19:00:00+00:00,2023
2024-05-29 20:00:00+00:00,22.35,3.99,2023-05-29 20:00:00+00:00,2023
2024-05-29 21:00:00+00:00,0.0,0.0,2023-05-29 21:00:00+00:00,2023
2024-05-29 22:00:00+00:00,0.0,0.0,2023-05-29 22:00:00+00:00,2023
2024-05-29 23:00:00+00:00,0.0,0.0,2023-05-29 23:00:00+00:00,2023
2024-05-30 00:00:00+00:00,0.0,0.0,2023-05-30 00:00:00+00:00,2023
2024-05-30 01:00:00+00:00,0.0,0.0,2023-05-30 01:00:00+00:00,2023
2024-05-30 02:00:00+00:00,0.0,0.0,2023-05-30 02:00:00+00:00,2023
2024-05-30 03:00:00+00:00,0.0,0.0,2023-05-30 03:00:00+00:00,2023
2024-05-30 04:00:00+00:00,0.0,0.0,2023-05-30 04:00:00+00:00,2023
2024-05-30 05:00:00+00:00,80.0,6.84,2023-05-30 05:00:00+00:00,2023
2024-05-30 06:00:00+00:00,214.0,14.88,2023-05-30 06:00:00+00:00,2023
2024-05-30 07:00:00+00:00,372.0,23.42,2023-05-30 07:00:00+00:00,2023
2024-05-30 08:00:00+00:00,528.0,32.11,2023-05-30 08:00:00+00:00,2023
2024-05-30 09:00:00+00:00,670.0,40.55,2023-05-30 09:00:00+00:00,2023
2024-05-30 10:00:00+00:00,778.01,48.15,2023-05-30 10:00:00+00:00,2023
2024-05-30 11:00:00+00:00,862.01,54.04,2023-05-30 11:00:00+00:00,2023
2024-05-30 12:00:00+00:00,880.01,57.08,2023-05-30 12:00:00+00:00,2023
2024-05-30 13:00:00+00:00,886.01,56.39,2023-05-30 13:00:00+00:00,2023
2024-05-30 14:00:00+00:00,833.01,52.18,2023-05-30 14:00:00+00:00,2023
2024-05-30 15:00:00+00:00,735.01,45.55,2023-05-30 15:00:00+00:00,2023
2024-05-30 16:00:00+00:00,623.0,37.57,2023-05-30 16:00:00+00:00,2023
2024-05-30 17:00:00+00:00,471.0,28.99,2023-05-30 17:00:00+00:00,2023
2024-05-30 18:00:00+00:00,312.0,20.3,2023-05-30 18:00:00+00:00,2023
2024-05-30 19:00:00+00:00,152.0,11.91,2023-05-30 19:00:00+00:00,2023
2024-05-30 20:00:00+00:00,19.8,4.14,2023-05-30 20:00:00+00:00,2023
2024-05-30 21:00:00+00:00,0.0,0.0,2023-05-30 21:00:00+00:00,2023
2024-05-30 22:00:00+00:00,0.0,0.0,2023-05-30 22:00:00+00:00,2023
2024-05-30 23:00:00+00:00,0.0,0.0,2023-05-30 23:00:00+00:00,2023
2024-05-31 00:00:00+00:00,0.0,0.0,2023-05-31 00:00:00+00:00,2023
2024-05-31 01:00:00+00:00,0.0,0.0,2023-05-31 01:00:00+00:00,2023
2024-05-31 02:00:00+00:00,0.0,0.0,2023-05-31 02:00:00+00:00,2023
2024-05-31 03:00:00+00:00,0.0,0.0,2023-05-31 03:00:00+00:00,2023
2024-05-31 04:00:00+00:00,0.0,0.0,2023-05-31 04:00:00+00:00,2023
2024-05-31 05:00:00+00:00,81.0,6.95,2023-05-31 05:00:00+00:00,2023
2024-05-31 06:00:00+00:00,217.0,14.98,2023-05-31 06:00:00+00:00,2023
2024-05-31 07:00:00+00:00,365.0,23.51,2023-05-31 07:00:00+00:00,2023
2024-05-31 08:00:00+00:00,525.0,32.21,2023-05-31 08:00:00+00:00,2023
2024-05-31 09:00:00+00:00,663.0,40.65,2023-05-31 09:00:00+00:00,2023
2024-05-31 10:00:00+00:00,778.01,48.26,2023-05-31 10:00:00+00:00,2023
2024-05-31 11:00:00+00:00,852.01,54.17,2023-05-31 11:00:00+00:00,2023
2024-05-31 12:00:00+00:00,880.01,57.22,2023-05-31 12:00:00+00:00,2023
2024-05-31 13:00:00+00:00,886.01,56.54,2023-05-31 13:00:00+00:00,2023
2024-05-31 14:00:00+00:00,833.01,52.33,2023-05-31 14:00:00+00:00,2023
2024-05-31 15:00:00+00:00,732.01,45.69,2023-05-31 15:00:00+00:00,2023
2024-05-31 16:00:00+00:00,617.0,37.71,2023-05-31 16:00:00+00:00,2023
2024-05-31 17:00:00+00:00,470.0,29.12,2023-05-31 17:00:00+00:00,2023
2024-05-31 18:00:00+00:00,310.0,20.44,2023-05-31 18:00:00+00:00,2023
2024-05-31 19:00:00+00:00,151.0,12.04,2023-05-31 19:00:00+00:00,2023
2024-05-31 20:00:00+00:00,23.56,4.28,2023-05-31 20:00:00+00:00,2023
2024-05-31 21:00:00+00:00,0.0,0.0,2023-05-31 21:00:00+00:00,2023
2024-05-31 22:00:00+00:00,0.0,0.0,2023-05-31 22:00:00+00:00,2023
2024-05-31 23:00:00+00:00,0.0,0.0,2023-05-31 23:00:00+00:00,2023
2024-06-01 00:00:00+00:00,0.0,0.0,2023-06-01 00:00:00+00:00,2023
2024-06-01 01:00:00+00:00,0.0,0.0,2023-06-01 01:00:00+00:00,2023
2024-06-01 02:00:00+00:00,0.0,0.0,2023-06-01 02:00:00+00:00,2023
2024-06-01 03:00:00+00:00,0.0,0.0,2023-06-01 03:00:00+00:00,2023
2024-06-01 04:00:00+00:00,0.0,0.0,2023-06-01 04:00:00+00:00,2023
2024-06-01 05:00:00+00:00,82.0,7.05,2023-06-01 05:00:00+00:00,2023
2024-06-01 06:00:00+00:00,218.0,15.07,2023-06-01 06:00:00+00:00,2023
2024-06-01 07:00:00+00:00,362.0,23.6,2023-06-01 07:00:00+00:00,2023
2024-06-01 08:00:00+00:00,526.0,32.3,2023-06-01 08:00:00+00:00,2023
2024-06-01 09:00:00+00:00,660.0,40.74,2023-06-01 09:00:00+00:00,2023
2024-06-01 10:00:00+00:00,773.01,48.36,2023-06-01 10:00:00+00:00,2023
2024-06-01 11:00:00+00:00,852.01,54.29,2023-06-01 11:00:00+00:00,2023
2024-06-01 12:00:00+00:00,879.01,57.36,2023-06-01 12:00:00+00:00,2023
2024-06-01 13:00:00+00:00,866.01,56.68,2023-06-01 13:00:00+00:00,2023
2024-06-01 14:00:00+00:00,810.01,52.47,2023-06-01 14:00:00+00:00,2023
2024-06-01 15:00:00+00:00,700.0,45.83,2023-06-01 15:00:00+00:00,2023
2024-06-01 16:00:00+00:00,579.0,37.84,2023-06-01 16:00:00+00:00,2023
2024-06-01 17:00:00+00:00,459.0,29.25,2023-06-01 17:00:00+00:00,2023
2024-06-01 18:00:00+00:00,290.0,20.57,2023-06-01 18:00:00+00:00,2023
2024-06-01 19:00:00+00:00,115.0,12.18,2023-06-01 19:00:00+00:00,2023
2024-06-01 20:00:00+00:00,14.0,4.41,2023-06-01 20:00:00+00:00,2023
2024-06-01 21:00:00+00:00,0.0,0.0,2023-06-01 21:00:00+00:00,2023
2024-06-01 22:00:00+00:00,0.0,0.0,2023-06-01 22:00:00+00:00,2023
2024-06-01 23:00:00+00:00,0.0,0.0,2023-06-01 23:00:00+00:00,2023
2024-06-02 00:00:00+00:00,0.0,0.0,2023-06-02 00:00:00+00:00,2023
2024-06-02 01:00:00+00:00,0.0,0.0,2023-06-02 01:00:00+00:00,2023
2024-06-02 02:00:00+00:00,0.0,0.0,2023-06-02 02:00:00+00:00,2023
2024-06-02 03:00:00+00:00,0.0,0.0,2023-06-02 03:00:00+00:00,2023
2024-06-02 04:00:00+00:00,0.0,0.0,2023-06-02 04:00:00+00:00,2023
2024-06-02 05:00:00+00:00,82.0,7.14,2023-06-02 05:00:00+00:00,2023
2024-06-02 06:00:00+00:00,215.0,15.15,2023-06-02 06:00:00+00:00,2023
2024-06-02 07:00:00+00:00,362.0,23.68,2023-06-02 07:00:00+00:00,2023
2024-06-02 08:00:00+00:00,494.0,32.38,2023-06-02 08:00:00+00:00,2023
2024-06-02 09:00:00+00:00,633.0,40.83,2023-06-02 09:00:00+00:00,2023
2024-06-02 10:00:00+00:00,742.01,48.46,2023-06-02 10:00:00+00:00,2023
2024-06-02 11:00:00+00:00,845.01,54.4,2023-06-02 11:00:00+00:00,2023
2024-06-02 12:00:00+00:00,862.01,57.49,2023-06-02 12:00:00+00:00,2023
2024-06-02 13:00:00+00:00,855.01,56.82,2023-06-02 13:00:00+00:00,2023
2024-06-02 14:00:00+00:00,800.01,52.61,2023-06-02 14:00:00+00:00,2023
2024-06-02 15:00:00+00:00,731.01,45.96,2023-06-02 15:00:00+00:00,2023
2024-06-02 16:00:00+00:00,618.0,37.96,2023-06-02 16:00:00+00:00,2023
2024-06-02 17:00:00+00:00,464.0,29.37,2023-06-02 17:00:00+00:00,2023
2024-06-02 18:00:00+00:00,310.0,20.69,2023-06-02 18:00:00+00:00,2023
2024-06-02 19:00:00+00:00,157.0,12.3,2023-06-02 19:00:00+00:00,2023
2024-06-02 20:00:00+00:00,22.6,4.54,2023-06-02 20:00:00+00:00,2023
2024-06-02 21:00:00+00:00,0.0,0.0,2023-06-02 21:00:00+00:00,2023
2024-06-02 22:00:00+00:00,0.0,0.0,2023-06-02 22:00:00+00:00,2023
2024-06-02 23:00:00+00:00,0.0,0.0,2023-06-02 23:00:00+00:00,2023
2024-06-03 00:00:00+00:00,0.0,0.0,2023-06-03 00:00:00+00:00,2023
2024-06-03 01:00:00+00:00,0.0,0.0,2023-06-03 01:00:00+00:00,2023
2024-06-03 02:00:00+00:00,0.0,0.0,2023-06-03 02:00:00+00:00,2023
2024-06-03 03:00:00+00:00,0.0,0.0,2023-06-03 03:00:00+00:00,2023
2024-06-03 04:00:00+00:00,0.0,0.0,2023-06-03 04:00:00+00:00,2023
2024-06-03 05:00:00+00:00,69.0,7.22,2023-06-03 05:00:00+00:00,2023
2024-06-03 06:00:00+00:00,178.0,15.23,2023-06-03 06:00:00+00:00,2023
2024-06-03 07:00:00+00:00,356.0,23.76,2023-06-03 07:00:00+00:00,2023
2024-06-03 08:00:00+00:00,525.0,32.45,2023-06-03 08:00:00+00:00,2023
2024-06-03 09:00:00+00:00,657.0,40.91,2023-06-03 09:00:00+00:00,2023
2024-06-03 10:00:00+00:00,774.01,48.55,2023-06-03 10:00:00+00:00,2023
2024-06-03 11:00:00+00:00,843.01,54.51,2023-06-03 11:00:00+00:00,2023
2024-06-03 12:00:00+00:00,880.01,57.61,2023-06-03 12:00:00+00:00,2023
2024-06-03 13:00:00+00:00,877.01,56.95,2023-06-03 13:00:00+00:00,2023
2024-06-03 14:00:00+00:00,830.01,52.74,2023-06-03 14:00:00+00:00,2023
2024-06-03 15:00:00+00:00,734.01,46.08,2023-06-03 15:00:00+00:00,2023
2024-06-03 16:00:00+00:00,615.0,38.09,2023-06-03 16:00:00+00:00,2023
2024-06-03 17:00:00+00:00,462.0,29.49,2023-06-03 17:00:00+00:00,2023
2024-06-03 18:00:00+00:00,306.0,20.81,2023-06-03 18:00:00+00:00,2023
2024-06-03 19:00:00+00:00,114.0,12.43,2023-06-03 19:00:00+00:00,2023
2024-06-03 20:00:00+00:00,20.82,4.67,2023-06-03 20:00:00+00:00,2023
2024-06-03 21:00:00+00:00,0.0,0.0,2023-06-03 21:00:00+00:00,2023
2024-06-03 22:00:00+00:00,0.0,0.0,2023-06-03 22:00:00+00:00,2023
2024-06-03 23:00:00+00:00,0.0,0.0,2023-06-03 23:00:00+00:00,2023
2024-06-04 00:00:00+00:00,0.0,0.0,2023-06-04 00:00:00+00:00,2023
2024-06-04 01:00:00+00:00,0.0,0.0,2023-06-04 01:00:00+00:00,2023
2024-06-04 02:00:00+00:00,0.0,0.0,2023-06-04 02:00:00+00:00,2023
2024-06-04 03:00:00+00:00,0.0,0.0,2023-06-04 03:00:00+00:00,2023
2024-06-04 04:00:00+00:00,0.0,0.0,2023-06-04 04:00:00+00:00,2023
2024-06-04 05:00:00+00:00,83.0,7.3,2023-06-04 05:00:00+00:00,2023
2024-06-04 06:00:00+00:00,220.0,15.3,2023-06-04 06:00:00+00:00,2023
2024-06-04 07:00:00+00:00,367.0,23.83,2023-06-04 07:00:00+00:00,2023
2024-06-04 08:00:00+00:00,528.0,32.52,2023-06-04 08:00:00+00:00,2023
2024-06-04 09:00:00+00:00,665.0,40.98,2023-06-04 09:00:00+00:00,2023
2024-06-04 10:00:00+00:00,774.01,48.63,2023-06-04 10:00:00+00:00,2023
2024-06-04 11:00:00+00:00,848.01,54.61,2023-06-04 11:00:00+00:00,2023
2024-06-04 12:00:00+00:00,865.01,57.73,2023-06-04 12:00:00+00:00,2023
2024-06-04 13:00:00+00:00,827.01,57.07,2023-06-04 13:00:00+00:00,2023
2024-06-04 14:00:00+00:00,736.0,52.86,2023-06-04 14:00:00+00:00,2023
2024-06-04 15:00:00+00:00,636.0,46.2,2023-06-04 15:00:00+00:00,2023
2024-06-04 16:00:00+00:00,543.0,38.2,2023-06-04 16:00:00+00:00,2023
2024-06-04 17:00:00+00:00,393.0,29.61,2023-06-04 17:00:00+00:00,2023
2024-06-04 18:00:00+00:00,285.0,20.93,2023-06-04 18:00:00+00:00,2023
2024-06-04 19:00:00+00:00,147.0,12.55,2023-06-04 19:00:00+00:00,2023
2024-06-04 20:00:00+00:00,14.0,4.79,2023-06-04 20:00:00+00:00,2023
2024-06-04 21:00:00+00:00,0.0,0.0,2023-06-04 21:00:00+00:00,2023
2024-06-04 22:00:00+00:00,0.0,0.0,2023-06-04 22:00:00+00:00,2023
2024-06-04 23:00:00+00:00,0.0,0.0,2023-06-04 23:00:00+00:00,2023
2024-06-05 00:00:00+00:00,0.0,0.0,2023-06-05 00:00:00+00:00,2023
2024-06-05 01:00:00+00:00,0.0,0.0,2023-06-05 01:00:00+00:00,2023
2024-06-05 02:00:00+00:00,0.0,0.0,2023-06-05 02:00:00+00:00,2023
2024-06-05 03:00:00+00:00,0.0,0.0,2023-06-05 03:00:00+00:00,2023
2024-06-05 04:00:00+00:00,0.0,0.0,2023-06-05 04:00:00+00:00,2023
2024-06-05 05:00:00+00:00,75.0,7.37,2023-06-05 05:00:00+00:00,2023
2024-06-05 06:00:00+00:00,207.0,15.37,2023-06-05 06:00:00+00:00,2023
2024-06-05 07:00:00+00:00,363.0,23.89,2023-06-05 07:00:00+00:00,2023
2024-06-05 08:00:00+00:00,520.0,32.59,2023-06-05 08:00:00+00:00,2023
2024-06-05 09:00:00+00:00,658.0,41.05,2023-06-05 09:00:00+00:00,2023
2024-06-05 10:00:00+00:00,771.01,48.71,2023-06-05 10:00:00+00:00,2023
2024-06-05 11:00:00+00:00,700.0,54.7,2023-06-05 11:00:00+00:00,2023
2024-06-05 12:00:00+00:00,776.01,57.83,2023-06-05 12:00:00+00:00,2023
2024-06-05 13:00:00+00:00,671.0,57.19,2023-06-05 13:00:00+00:00,2023
2024-06-05 14:00:00+00:00,674.0,52.98,2023-06-05 14:00:00+00:00,2023
2024-06-05 15:00:00+00:00,506.0,46.32,2023-06-05 15:00:00+00:00,2023
2024-06-05 16:00:00+00:00,232.0,38.32,2023-06-05 16:00:00+00:00,2023
2024-06-05 17:00:00+00:00,428.0,29.72,2023-06-05 17:00:00+00:00,2023
2024-06-05 18:00:00+00:00,69.0,21.04,2023-06-05 18:00:00+00:00,2023
2024-06-05 19:00:00+00:00,67.0,12.66,2023-06-05 19:00:00+00:00,2023
2024-06-05 20:00:00+00:00,4.0,4.91,2023-06-05 20:00:00+00:00,2023
2024-06-05 21:00:00+00:00,0.0,0.0,2023-06-05 21:00:00+00:00,2023
2024-06-05 22:00:00+00:00,0.0,0.0,2023-06-05 22:00:00+00:00,2023
2024-06-05 23:00:00+00:00,0.0,0.0,2023-06-05 23:00:00+00:00,2023
2024-06-06 00:00:00+00:00,0.0,0.0,2023-06-06 00:00:00+00:00,2023
2024-06-06 01:00:00+00:00,0.0,0.0,2023-06-06 01:00:00+00:00,2023
2024-06-06 02:00:00+00:00,0.0,0.0,2023-06-06 02:00:00+00:00,2023
2024-06-06 03:00:00+00:00,0.0,0.0,2023-06-06 03:00:00+00:00,2023
2024-06-06 04:00:00+00:00,0.0,0.0,2023-06-06 04:00:00+00:00,2023
2024-06-06 05:00:00+00:00,28.0,7.44,2023-06-06 05:00:00+00:00,2023
2024-06-06 06:00:00+00:00,181.0,15.43,2023-06-06 06:00:00+00:00,2023
2024-06-06 07:00:00+00:00,0.0,0.0,2023-06-06 07:00:00+00:00,2023
2024-06-06 08:00:00+00:00,517.0,32.64,2023-06-06 08:00:00+00:00,2023
2024-06-06 09:00:00+00:00,651.0,41.11,2023-06-06 09:00:00+00:00,2023
2024-06-06 10:00:00+00:00,758.01,48.78,2023-06-06 10:00:00+00:00,2023
2024-06-06 11:00:00+00:00,831.01,54.79,2023-06-06 11:00:00+00:00,2023
2024-06-06 12:00:00+00:00,872.01,57.94,2023-06-06 12:00:00+00:00,2023
2024-06-06 13:00:00+00:00,855.01,57.3,2023-06-06 13:00:00+00:00,2023
2024-06-06 14:00:00+00:00,810.01,53.09,2023-06-06 14:00:00+00:00,2023
2024-06-06 15:00:00+00:00,721.0,46.43,2023-06-06 15:00:00+00:00,2023
2024-06-06 16:00:00+00:00,598.0,38.43,2023-06-06 16:00:00+00:00,2023
2024-06-06 17:00:00+00:00,461.0,29.83,2023-06-06 17:00:00+00:00,2023
2024-06-06 18:00:00+00:00,310.0,21.15,2023-06-06 18:00:00+00:00,2023
2024-06-06 19:00:00+00:00,136.0,12.77,2023-06-06 19:00:00+00:00,2023
2024-06-06 20:00:00+00:00,23.8,5.02,2023-06-06 20:00:00+00:00,2023
2024-06-06 21:00:00+00:00,0.0,0.0,2023-06-06 21:00:00+00:00,2023
2024-06-06 22:00:00+00:00,0.0,0.0,2023-06-06 22:00:00+00:00,2023
2024-06-06 23:00:00+00:00,0.0,0.0,2023-06-06 23:00:00+00:00,2023
2024-06-07 00:00:00+00:00,0.0,0.0,2023-06-07 00:00:00+00:00,2023
2024-06-07 01:00:00+00:00,0.0,0.0,2023-06-07 01:00:00+00:00,2023
2024-06-07 02:00:00+00:00,0.0,0.0,2023-06-07 02:00:00+00:00,2023
2024-06-07 03:00:00+00:00,0.0,0.0,2023-06-07 03:00:00+00:00,2023
2024-06-07 04:00:00+00:00,0.0,0.0,2023-06-07 04:00:00+00:00,2023
2024-06-07 05:00:00+00:00,84.0,7.5,2023-06-07 05:00:00+00:00,2023
2024-06-07 06:00:00+00:00,219.0,15.49,2023-06-07 06:00:00+00:00,2023
2024-06-07 07:00:00+00:00,369.0,24.0,2023-06-07 07:00:00+00:00,2023
2024-06-07 08:00:00+00:00,505.0,32.7,2023-06-07 08:00:00+00:00,2023
2024-06-07 09:00:00+00:00,564.0,41.17,2023-06-07 09:00:00+00:00,2023
2024-06-07 10:00:00+00:00,247.0,48.85,2023-06-07 10:00:00+00:00,2023
2024-06-07 11:00:00+00:00,318.0,54.86,2023-06-07 11:00:00+00:00,2023
2024-06-07 12:00:00+00:00,433.0,58.03,2023-06-07 12:00:00+00:00,2023
2024-06-07 13:00:00+00:00,541.0,57.41,2023-06-07 13:00:00+00:00,2023
2024-06-07 14:00:00+00:00,743.0,53.2,2023-06-07 14:00:00+00:00,2023
2024-06-07 15:00:00+00:00,685.0,46.54,2023-06-07 15:00:00+00:00,2023
2024-06-07 16:00:00+00:00,556.0,38.53,2023-06-07 16:00:00+00:00,2023
2024-06-07 17:00:00+00:00,339.0,29.93,2023-06-07 17:00:00+00:00,2023
2024-06-07 18:00:00+00:00,260.0,21.26,2023-06-07 18:00:00+00:00,2023
2024-06-07 19:00:00+00:00,96.0,12.87,2023-06-07 19:00:00+00:00,2023
2024-06-07 20:00:00+00:00,29.32,5.13,2023-06-07 20:00:00+00:00,2023
2024-06-07 21:00:00+00:00,0.0,0.0,2023-06-07 21:00:00+00:00,2023
2024-06-07 22:00:00+00:00,0.0,0.0,2023-06-07 22:00:00+00:00,2023
2024-06-07 23:00:00+00:00,0.0,0.0,2023-06-07 23:00:00+00:00,2023
2024-06-08 00:00:00+00:00,0.0,0.0,2023-06-08 00:00:00+00:00,2023
2024-06-08 01:00:00+00:00,0.0,0.0,2023-06-08 01:00:00+00:00,2023
2024-06-08 02:00:00+00:00,0.0,0.0,2023-06-08 02:00:00+00:00,2023
2024-06-08 03:00:00+00:00,0.0,0.0,2023-06-08 03:00:00+00:00,2023
2024-06-08 04:00:00+00:00,0.0,0.0,2023-06-08 04:00:00+00:00,2023
2024-06-08 05:00:00+00:00,32.0,7.56,2023-06-08 05:00:00+00:00,2023
2024-06-08 06:00:00+00:00,85.0,15.54,2023-06-08 06:00:00+00:00,2023
2024-06-08 07:00:00+00:00,260.0,24.05,2023-06-08 07:00:00+00:00,2023
2024-06-08 08:00:00+00:00,341.0,32.74,2023-06-08 08:00:00+00:00,2023
2024-06-08 09:00:00+00:00,564.0,41.22,2023-06-08 09:00:00+00:00,2023
2024-06-08 10:00:00+00:00,729.0,48.91,2023-06-08 10:00:00+00:00,2023
2024-06-08 11:00:00+00:00,818.01,54.94,2023-06-08 11:00:00+00:00,2023
2024-06-08 12:00:00+00:00,868.01,58.12,2023-06-08 12:00:00+00:00,2023
2024-06-08 13:00:00+00:00,835.01,57.51,2023-06-08 13:00:00+00:00,2023
2024-06-08 14:00:00+00:00,803.01,53.3,2023-06-08 14:00:00+00:00,2023
2024-06-08 15:00:00+00:00,745.01,46.64,2023-06-08 15:00:00+00:00,2023
2024-06-08 16:00:00+00:00,619.0,38.63,2023-06-08 16:00:00+00:00,2023
2024-06-08 17:00:00+00:00,476.0,30.03,2023-06-08 17:00:00+00:00,2023
2024-06-08 18:00:00+00:00,328.0,21.36,2023-06-08 18:00:00+00:00,2023
2024-06-08 19:00:00+00:00,181.0,12.97,2023-06-08 19:00:00+00:00,2023
2024-06-08 20:00:00+00:00,33.760000000000005,5.23,2023-06-08 20:00:00+00:00,2023
2024-06-08 21:00:00+00:00,0.0,0.0,2023-06-08 21:00:00+00:00,2023
2024-06-08 22:00:00+00:00,0.0,0.0,2023-06-08 22:00:00+00:00,2023
2024-06-08 23:00:00+00:00,0.0,0.0,2023-06-08 23:00:00+00:00,2023
2024-06-09 00:00:00+00:00,0.0,0.0,2023-06-09 00:00:00+00:00,2023
2024-06-09 01:00:00+00:00,0.0,0.0,2023-06-09 01:00:00+00:00,2023
2024-06-09 02:00:00+00:00,0.0,0.0,2023-06-09 02:00:00+00:00,2023
2024-06-09 03:00:00+00:00,0.0,0.0,2023-06-09 03:00:00+00:00,2023
2024-06-09 04:00:00+00:00,0.0,0.0,2023-06-09 04:00:00+00:00,2023
2024-06-09 05:00:00+00:00,62.0,7.6,2023-06-09 05:00:00+00:00,2023
2024-06-09 06:00:00+00:00,197.0,15.58,2023-06-09 06:00:00+00:00,2023
2024-06-09 07:00:00+00:00,325.0,24.09,2023-06-09 07:00:00+00:00,2023
2024-06-09 08:00:00+00:00,489.0,32.78,2023-06-09 08:00:00+00:00,2023
2024-06-09 09:00:00+00:00,598.0,41.26,2023-06-09 09:00:00+00:00,2023
2024-06-09 10:00:00+00:00,503.0,48.96,2023-06-09 10:00:00+00:00,2023
2024-06-09 11:00:00+00:00,727.0,55.0,2023-06-09 11:00:00+00:00,2023
2024-06-09 12:00:00+00:00,867.01,58.2,2023-06-09 12:00:00+00:00,2023
2024-06-09 13:00:00+00:00,870.01,57.6,2023-06-09 13:00:00+00:00,2023
2024-06-09 14:00:00+00:00,838.01,53.4,2023-06-09 14:00:00+00:00,2023
2024-06-09 15:00:00+00:00,739.01,46.74,2023-06-09 15:00:00+00:00,2023
2024-06-09 16:00:00+00:00,598.0,38.72,2023-06-09 16:00:00+00:00,2023
2024-06-09 17:00:00+00:00,449.0,30.13,2023-06-09 17:00:00+00:00,2023
2024-06-09 18:00:00+00:00,280.0,21.45,2023-06-09 18:00:00+00:00,2023
2024-06-09 19:00:00+00:00,103.0,13.07,2023-06-09 19:00:00+00:00,2023
2024-06-09 20:00:00+00:00,25.8,5.32,2023-06-09 20:00:00+00:00,2023
2024-06-09 21:00:00+00:00,0.0,0.0,2023-06-09 21:00:00+00:00,2023
2024-06-09 22:00:00+00:00,0.0,0.0,2023-06-09 22:00:00+00:00,2023
2024-06-09 23:00:00+00:00,0.0,0.0,2023-06-09 23:00:00+00:00,2023
2024-06-10 00:00:00+00:00,0.0,0.0,2023-06-10 00:00:00+00:00,2023
2024-06-10 01:00:00+00:00,0.0,0.0,2023-06-10 01:00:00+00:00,2023
2024-06-10 02:00:00+00:00,0.0,0.0,2023-06-10 02:00:00+00:00,2023
2024-06-10 03:00:00+00:00,0.0,0.0,2023-06-10 03:00:00+00:00,2023
2024-06-10 04:00:00+00:00,0.0,0.0,2023-06-10 04:00:00+00:00,2023
2024-06-10 05:00:00+00:00,11.0,7.65,2023-06-10 05:00:00+00:00,2023
2024-06-10 06:00:00+00:00,64.0,15.62,2023-06-10 06:00:00+00:00,2023
2024-06-10 07:00:00+00:00,206.0,24.12,2023-06-10 07:00:00+00:00,2023
2024-06-10 08:00:00+00:00,255.0,32.82,2023-06-10 08:00:00+00:00,2023
2024-06-10 09:00:00+00:00,322.0,41.3,2023-06-10 09:00:00+00:00,2023
2024-06-10 10:00:00+00:00,351.0,49.01,2023-06-10 10:00:00+00:00,2023
2024-06-10 11:00:00+00:00,441.0,55.06,2023-06-10 11:00:00+00:00,2023
2024-06-10 12:00:00+00:00,263.0,58.28,2023-06-10 12:00:00+00:00,2023
2024-06-10 13:00:00+00:00,140.0,57.69,2023-06-10 13:00:00+00:00,2023
2024-06-10 14:00:00+00:00,125.0,53.49,2023-06-10 14:00:00+00:00,2023
2024-06-10 15:00:00+00:00,121.0,46.83,2023-06-10 15:00:00+00:00,2023
2024-06-10 16:00:00+00:00,199.0,38.81,2023-06-10 16:00:00+00:00,2023
2024-06-10 17:00:00+00:00,284.0,30.22,2023-06-10 17:00:00+00:00,2023
2024-06-10 18:00:00+00:00,122.0,21.54,2023-06-10 18:00:00+00:00,2023
2024-06-10 19:00:00+00:00,18.0,13.16,2023-06-10 19:00:00+00:00,2023
2024-06-10 20:00:00+00:00,5.0,5.42,2023-06-10 20:00:00+00:00,2023
2024-06-10 21:00:00+00:00,0.0,0.0,2023-06-10 21:00:00+00:00,2023
2024-06-10 22:00:00+00:00,0.0,0.0,2023-06-10 22:00:00+00:00,2023
2024-06-10 23:00:00+00:00,0.0,0.0,2023-06-10 23:00:00+00:00,2023
2024-06-11 00:00:00+00:00,0.0,0.0,2023-06-11 00:00:00+00:00,2023
2024-06-11 01:00:00+00:00,0.0,0.0,2023-06-11 01:00:00+00:00,2023
2024-06-11 02:00:00+00:00,0.0,0.0,2023-06-11 02:00:00+00:00,2023
2024-06-11 03:00:00+00:00,0.0,0.0,2023-06-11 03:00:00+00:00,2023
2024-06-11 04:00:00+00:00,0.0,0.0,2023-06-11 04:00:00+00:00,2023
2024-06-11 05:00:00+00:00,25.0,7.68,2023-06-11 05:00:00+00:00,2023
2024-06-11 06:00:00+00:00,121.0,15.65,2023-06-11 06:00:00+00:00,2023
2024-06-11 07:00:00+00:00,137.0,24.15,2023-06-11 07:00:00+00:00,2023
2024-06-11 08:00:00+00:00,352.0,32.85,2023-06-11 08:00:00+00:00,2023
2024-06-11 09:00:00+00:00,566.0,41.33,2023-06-11 09:00:00+00:00,2023
2024-06-11 10:00:00+00:00,458.0,49.05,2023-06-11 10:00:00+00:00,2023
2024-06-11 11:00:00+00:00,383.0,55.12,2023-06-11 11:00:00+00:00,2023
2024-06-11 12:00:00+00:00,291.0,58.35,2023-06-11 12:00:00+00:00,2023
2024-06-11 13:00:00+00:00,344.0,57.77,2023-06-11 13:00:00+00:00,2023
2024-06-11 14:00:00+00:00,370.0,53.58,2023-06-11 14:00:00+00:00,2023
2024-06-11 15:00:00+00:00,487.0,46.91,2023-06-11 15:00:00+00:00,2023
2024-06-11 16:00:00+00:00,404.0,38.9,2023-06-11 16:00:00+00:00,2023
2024-06-11 17:00:00+00:00,235.0,30.3,2023-06-11 17:00:00+00:00,2023
2024-06-11 18:00:00+00:00,64.0,21.63,2023-06-11 18:00:00+00:00,2023
2024-06-11 19:00:00+00:00,28.0,13.25,2023-06-11 19:00:00+00:00,2023
2024-06-11 20:00:00+00:00,7.0,5.5,2023-06-11 20:00:00+00:00,2023
2024-06-11 21:00:00+00:00,0.0,0.0,2023-06-11 21:00:00+00:00,2023
2024-06-11 22:00:00+00:00,0.0,0.0,2023-06-11 22:00:00+00:00,2023
2024-06-11 23:00:00+00:00,0.0,0.0,2023-06-11 23:00:00+00:00,2023
2024-06-12 00:00:00+00:00,0.0,0.0,2023-06-12 00:00:00+00:00,2023
2024-06-12 01:00:00+00:00,0.0,0.0,2023-06-12 01:00:00+00:00,2023
2024-06-12 02:00:00+00:00,0.0,0.0,2023-06-12 02:00:00+00:00,2023
2024-06-12 03:00:00+00:00,0.0,0.0,2023-06-12 03:00:00+00:00,2023
2024-06-12 04:00:00+00:00,0.0,0.0,2023-06-12 04:00:00+00:00,2023
2024-06-12 05:00:00+00:00,16.0,7.71,2023-06-12 05:00:00+00:00,2023
2024-06-12 06:00:00+00:00,73.0,15.67,2023-06-12 06:00:00+00:00,2023
2024-06-12 07:00:00+00:00,138.0,24.17,2023-06-12 07:00:00+00:00,2023
2024-06-12 08:00:00+00:00,184.0,32.87,2023-06-12 08:00:00+00:00,2023
2024-06-12 09:00:00+00:00,0.0,0.0,2023-06-12 09:00:00+00:00,2023
2024-06-12 10:00:00+00:00,229.0,49.08,2023-06-12 10:00:00+00:00,2023
2024-06-12 11:00:00+00:00,454.0,55.16,2023-06-12 11:00:00+00:00,2023
2024-06-12 12:00:00+00:00,670.0,58.41,2023-06-12 12:00:00+00:00,2023
2024-06-12 13:00:00+00:00,509.0,57.84,2023-06-12 13:00:00+00:00,2023
2024-06-12 14:00:00+00:00,460.0,53.65,2023-06-12 14:00:00+00:00,2023
2024-06-12 15:00:00+00:00,102.0,46.99,2023-06-12 15:00:00+00:00,2023
2024-06-12 16:00:00+00:00,109.0,38.98,2023-06-12 16:00:00+00:00,2023
2024-06-12 17:00:00+00:00,231.0,30.38,2023-06-12 17:00:00+00:00,2023
2024-06-12 18:00:00+00:00,58.0,21.71,2023-06-12 18:00:00+00:00,2023
2024-06-12 19:00:00+00:00,15.0,13.33,2023-06-12 19:00:00+00:00,2023
2024-06-12 20:00:00+00:00,14.0,5.58,2023-06-12 20:00:00+00:00,2023
2024-06-12 21:00:00+00:00,0.0,0.0,2023-06-12 21:00:00+00:00,2023
2024-06-12 22:00:00+00:00,0.0,0.0,2023-06-12 22:00:00+00:00,2023
2024-06-12 23:00:00+00:00,0.0,0.0,2023-06-12 23:00:00+00:00,2023
2024-06-13 00:00:00+00:00,0.0,0.0,2023-06-13 00:00:00+00:00,2023
2024-06-13 01:00:00+00:00,0.0,0.0,2023-06-13 01:00:00+00:00,2023
2024-06-13 02:00:00+00:00,0.0,0.0,2023-06-13 02:00:00+00:00,2023
2024-06-13 03:00:00+00:00,0.0,0.0,2023-06-13 03:00:00+00:00,2023
2024-06-13 04:00:00+00:00,0.0,0.0,2023-06-13 04:00:00+00:00,2023
2024-06-13 05:00:00+00:00,60.0,7.74,2023-06-13 05:00:00+00:00,2023
2024-06-13 06:00:00+00:00,164.0,15.69,2023-06-13 06:00:00+00:00,2023
2024-06-13 07:00:00+00:00,244.0,24.19,2023-06-13 07:00:00+00:00,2023
2024-06-13 08:00:00+00:00,321.0,32.89,2023-06-13 08:00:00+00:00,2023
2024-06-13 09:00:00+00:00,383.0,41.38,2023-06-13 09:00:00+00:00,2023
2024-06-13 10:00:00+00:00,415.0,49.11,2023-06-13 10:00:00+00:00,2023
2024-06-13 11:00:00+00:00,437.0,55.2,2023-06-13 11:00:00+00:00,2023
2024-06-13 12:00:00+00:00,460.0,58.46,2023-06-13 12:00:00+00:00,2023
2024-06-13 13:00:00+00:00,121.0,57.91,2023-06-13 13:00:00+00:00,2023
2024-06-13 14:00:00+00:00,394.0,53.73,2023-06-13 14:00:00+00:00,2023
2024-06-13 15:00:00+00:00,483.0,47.07,2023-06-13 15:00:00+00:00,2023
2024-06-13 16:00:00+00:00,395.0,39.06,2023-06-13 16:00:00+00:00,2023
2024-06-13 17:00:00+00:00,45.0,30.46,2023-06-13 17:00:00+00:00,2023
2024-06-13 18:00:00+00:00,45.0,21.78,2023-06-13 18:00:00+00:00,2023
2024-06-13 19:00:00+00:00,163.0,13.4,2023-06-13 19:00:00+00:00,2023
2024-06-13 20:00:00+00:00,49.44,5.66,2023-06-13 20:00:00+00:00,2023
2024-06-13 21:00:00+00:00,0.0,0.0,2023-06-13 21:00:00+00:00,2023
2024-06-13 22:00:00+00:00,0.0,0.0,2023-06-13 22:00:00+00:00,2023
2024-06-13 23:00:00+00:00,0.0,0.0,2023-06-13 23:00:00+00:00,2023
2024-06-14 00:00:00+00:00,0.0,0.0,2023-06-14 00:00:00+00:00,2023
2024-06-14 01:00:00+00:00,0.0,0.0,2023-06-14 01:00:00+00:00,2023
2024-06-14 02:00:00+00:00,0.0,0.0,2023-06-14 02:00:00+00:00,2023
2024-06-14 03:00:00+00:00,0.0,0.0,2023-06-14 03:00:00+00:00,2023
2024-06-14 04:00:00+00:00,0.0,0.0,2023-06-14 04:00:00+00:00,2023
2024-06-14 05:00:00+00:00,78.0,7.76,2023-06-14 05:00:00+00:00,2023
2024-06-14 06:00:00+00:00,200.0,15.71,2023-06-14 06:00:00+00:00,2023
2024-06-14 07:00:00+00:00,348.0,24.2,2023-06-14 07:00:00+00:00,2023
2024-06-14 08:00:00+00:00,502.0,32.9,2023-06-14 08:00:00+00:00,2023
2024-06-14 09:00:00+00:00,638.0,41.39,2023-06-14 09:00:00+00:00,2023
2024-06-14 10:00:00+00:00,730.0,49.13,2023-06-14 10:00:00+00:00,2023
2024-06-14 11:00:00+00:00,814.01,55.23,2023-06-14 11:00:00+00:00,2023
2024-06-14 12:00:00+00:00,864.01,58.51,2023-06-14 12:00:00+00:00,2023
2024-06-14 13:00:00+00:00,751.0,57.97,2023-06-14 13:00:00+00:00,2023
2024-06-14 14:00:00+00:00,801.01,53.8,2023-06-14 14:00:00+00:00,2023
2024-06-14 15:00:00+00:00,699.0,47.14,2023-06-14 15:00:00+00:00,2023
2024-06-14 16:00:00+00:00,634.0,39.13,2023-06-14 16:00:00+00:00,2023
2024-06-14 17:00:00+00:00,489.0,30.53,2023-06-14 17:00:00+00:00,2023
2024-06-14 18:00:00+00:00,335.0,21.85,2023-06-14 18:00:00+00:00,2023
2024-06-14 19:00:00+00:00,175.0,13.47,2023-06-14 19:00:00+00:00,2023
2024-06-14 20:00:00+00:00,34.06,5.73,2023-06-14 20:00:00+00:00,2023
2024-06-14 21:00:00+00:00,0.0,0.0,2023-06-14 21:00:00+00:00,2023
2024-06-14 22:00:00+00:00,0.0,0.0,2023-06-14 22:00:00+00:00,2023
2024-06-14 23:00:00+00:00,0.0,0.0,2023-06-14 23:00:00+00:00,2023
2024-06-15 00:00:00+00:00,0.0,0.0,2023-06-15 00:00:00+00:00,2023
2024-06-15 01:00:00+00:00,0.0,0.0,2023-06-15 01:00:00+00:00,2023
2024-06-15 02:00:00+00:00,0.0,0.0,2023-06-15 02:00:00+00:00,2023
2024-06-15 03:00:00+00:00,0.0,0.0,2023-06-15 03:00:00+00:00,2023
2024-06-15 04:00:00+00:00,0.0,0.0,2023-06-15 04:00:00+00:00,2023
2024-06-15 05:00:00+00:00,45.0,7.77,2023-06-15 05:00:00+00:00,2023
2024-06-15 06:00:00+00:00,190.0,15.72,2023-06-15 06:00:00+00:00,2023
2024-06-15 07:00:00+00:00,357.0,24.21,2023-06-15 07:00:00+00:00,2023
2024-06-15 08:00:00+00:00,478.0,32.9,2023-06-15 08:00:00+00:00,2023
2024-06-15 09:00:00+00:00,650.0,41.4,2023-06-15 09:00:00+00:00,2023
2024-06-15 10:00:00+00:00,757.01,49.14,2023-06-15 10:00:00+00:00,2023
2024-06-15 11:00:00+00:00,757.0,55.26,2023-06-15 11:00:00+00:00,2023
2024-06-15 12:00:00+00:00,737.0,58.55,2023-06-15 12:00:00+00:00,2023
2024-06-15 13:00:00+00:00,527.0,58.02,2023-06-15 13:00:00+00:00,2023
2024-06-15 14:00:00+00:00,775.01,53.86,2023-06-15 14:00:00+00:00,2023
2024-06-15 15:00:00+00:00,692.0,47.2,2023-06-15 15:00:00+00:00,2023
2024-06-15 16:00:00+00:00,461.0,39.19,2023-06-15 16:00:00+00:00,2023
2024-06-15 17:00:00+00:00,252.0,30.59,2023-06-15 17:00:00+00:00,2023
2024-06-15 18:00:00+00:00,274.0,21.92,2023-06-15 18:00:00+00:00,2023
2024-06-15 19:00:00+00:00,68.0,13.54,2023-06-15 19:00:00+00:00,2023
2024-06-15 20:00:00+00:00,5.0,5.79,2023-06-15 20:00:00+00:00,2023
2024-06-15 21:00:00+00:00,0.0,0.0,2023-06-15 21:00:00+00:00,2023
2024-06-15 22:00:00+00:00,0.0,0.0,2023-06-15 22:00:00+00:00,2023
2024-06-15 23:00:00+00:00,0.0,0.0,2023-06-15 23:00:00+00:00,2023
2024-06-16 00:00:00+00:00,0.0,0.0,2023-06-16 00:00:00+00:00,2023
2024-06-16 01:00:00+00:00,0.0,0.0,2023-06-16 01:00:00+00:00,2023
2024-06-16 02:00:00+00:00,0.0,0.0,2023-06-16 02:00:00+00:00,2023
2024-06-16 03:00:00+00:00,0.0,0.0,2023-06-16 03:00:00+00:00,2023
2024-06-16 04:00:00+00:00,0.0,0.0,2023-06-16 04:00:00+00:00,2023
2024-06-16 05:00:00+00:00,47.0,7.78,2023-06-16 05:00:00+00:00,2023
2024-06-16 06:00:00+00:00,171.0,15.72,2023-06-16 06:00:00+00:00,2023
2024-06-16 07:00:00+00:00,304.0,24.21,2023-06-16 07:00:00+00:00,2023
2024-06-16 08:00:00+00:00,310.0,32.91,2023-06-16 08:00:00+00:00,2023
2024-06-16 09:00:00+00:00,586.0,41.41,2023-06-16 09:00:00+00:00,2023
2024-06-16 10:00:00+00:00,478.0,49.15,2023-06-16 10:00:00+00:00,2023
2024-06-16 11:00:00+00:00,590.0,55.28,2023-06-16 11:00:00+00:00,2023
2024-06-16 12:00:00+00:00,803.01,58.58,2023-06-16 12:00:00+00:00,2023
2024-06-16 13:00:00+00:00,551.0,58.07,2023-06-16 13:00:00+00:00,2023
2024-06-16 14:00:00+00:00,454.0,53.91,2023-06-16 14:00:00+00:00,2023
2024-06-16 15:00:00+00:00,278.0,47.26,2023-06-16 15:00:00+00:00,2023
2024-06-16 16:00:00+00:00,116.0,39.25,2023-06-16 16:00:00+00:00,2023
2024-06-16 17:00:00+00:00,301.0,30.65,2023-06-16 17:00:00+00:00,2023
2024-06-16 18:00:00+00:00,238.0,21.98,2023-06-16 18:00:00+00:00,2023
2024-06-16 19:00:00+00:00,76.0,13.6,2023-06-16 19:00:00+00:00,2023
2024-06-16 20:00:00+00:00,11.0,5.85,2023-06-16 20:00:00+00:00,2023
2024-06-16 21:00:00+00:00,0.0,0.0,2023-06-16 21:00:00+00:00,2023
2024-06-16 22:00:00+00:00,0.0,0.0,2023-06-16 22:00:00+00:00,2023
2024-06-16 23:00:00+00:00,0.0,0.0,2023-06-16 23:00:00+00:00,2023
2024-06-17 00:00:00+00:00,0.0,0.0,2023-06-17 00:00:00+00:00,2023
2024-06-17 01:00:00+00:00,0.0,0.0,2023-06-17 01:00:00+00:00,2023
2024-06-17 02:00:00+00:00,0.0,0.0,2023-06-17 02:00:00+00:00,2023
2024-06-17 03:00:00+00:00,0.0,0.0,2023-06-17 03:00:00+00:00,2023
2024-06-17 04:00:00+00:00,0.0,0.0,2023-06-17 04:00:00+00:00,2023
2024-06-17 05:00:00+00:00,51.0,7.78,2023-06-17 05:00:00+00:00,2023
2024-06-17 06:00:00+00:00,131.0,15.72,2023-06-17 06:00:00+00:00,2023
2024-06-17 07:00:00+00:00,224.0,24.2,2023-06-17 07:00:00+00:00,2023
2024-06-17 08:00:00+00:00,302.0,32.9,2023-06-17 08:00:00+00:00,2023
2024-06-17 09:00:00+00:00,365.0,41.4,2023-06-17 09:00:00+00:00,2023
2024-06-17 10:00:00+00:00,288.0,49.16,2023-06-17 10:00:00+00:00,2023
2024-06-17 11:00:00+00:00,273.0,55.29,2023-06-17 11:00:00+00:00,2023
2024-06-17 12:00:00+00:00,318.0,58.61,2023-06-17 12:00:00+00:00,2023
2024-06-17 13:00:00+00:00,481.0,58.11,2023-06-17 13:00:00+00:00,2023
2024-06-17 14:00:00+00:00,629.0,53.96,2023-06-17 14:00:00+00:00,2023
2024-06-17 15:00:00+00:00,477.0,47.31,2023-06-17 15:00:00+00:00,2023
2024-06-17 16:00:00+00:00,428.0,39.31,2023-06-17 16:00:00+00:00,2023
2024-06-17 17:00:00+00:00,263.0,30.71,2023-06-17 17:00:00+00:00,2023
2024-06-17 18:00:00+00:00,29.0,22.03,2023-06-17 18:00:00+00:00,2023
2024-06-17 19:00:00+00:00,16.0,13.65,2023-06-17 19:00:00+00:00,2023
2024-06-17 20:00:00+00:00,5.0,5.9,2023-06-17 20:00:00+00:00,2023
2024-06-17 21:00:00+00:00,0.0,0.0,2023-06-17 21:00:00+00:00,2023
2024-06-17 22:00:00+00:00,0.0,0.0,2023-06-17 22:00:00+00:00,2023
2024-06-17 23:00:00+00:00,0.0,0.0,2023-06-17 23:00:00+00:00,2023
2024-06-18 00:00:00+00:00,0.0,0.0,2023-06-18 00:00:00+00:00,2023
2024-06-18 01:00:00+00:00,0.0,0.0,2023-06-18 01:00:00+00:00,2023
2024-06-18 02:00:00+00:00,0.0,0.0,2023-06-18 02:00:00+00:00,2023
2024-06-18 03:00:00+00:00,0.0,0.0,2023-06-18 03:00:00+00:00,2023
2024-06-18 04:00:00+00:00,0.0,0.0,2023-06-18 04:00:00+00:00,2023
2024-06-18 05:00:00+00:00,34.0,7.77,2023-06-18 05:00:00+00:00,2023
2024-06-18 06:00:00+00:00,153.0,15.71,2023-06-18 06:00:00+00:00,2023
2024-06-18 07:00:00+00:00,294.0,24.19,2023-06-18 07:00:00+00:00,2023
2024-06-18 08:00:00+00:00,368.0,32.89,2023-06-18 08:00:00+00:00,2023
2024-06-18 09:00:00+00:00,383.0,41.4,2023-06-18 09:00:00+00:00,2023
2024-06-18 10:00:00+00:00,352.0,49.15,2023-06-18 10:00:00+00:00,2023
2024-06-18 11:00:00+00:00,682.0,55.3,2023-06-18 11:00:00+00:00,2023
2024-06-18 12:00:00+00:00,686.0,58.63,2023-06-18 12:00:00+00:00,2023
2024-06-18 13:00:00+00:00,655.0,58.14,2023-06-18 13:00:00+00:00,2023
2024-06-18 14:00:00+00:00,598.0,54.0,2023-06-18 14:00:00+00:00,2023
2024-06-18 15:00:00+00:00,287.0,47.36,2023-06-18 15:00:00+00:00,2023
2024-06-18 16:00:00+00:00,414.0,39.36,2023-06-18 16:00:00+00:00,2023
2024-06-18 17:00:00+00:00,145.0,30.76,2023-06-18 17:00:00+00:00,2023
2024-06-18 18:00:00+00:00,29.0,22.08,2023-06-18 18:00:00+00:00,2023
2024-06-18 19:00:00+00:00,66.0,13.7,2023-06-18 19:00:00+00:00,2023
2024-06-18 20:00:00+00:00,5.0,5.95,2023-06-18 20:00:00+00:00,2023
2024-06-18 21:00:00+00:00,0.0,0.0,2023-06-18 21:00:00+00:00,2023
2024-06-18 22:00:00+00:00,0.0,0.0,2023-06-18 22:00:00+00:00,2023
2024-06-18 23:00:00+00:00,0.0,0.0,2023-06-18 23:00:00+00:00,2023
2024-06-19 00:00:00+00:00,0.0,0.0,2023-06-19 00:00:00+00:00,2023
2024-06-19 01:00:00+00:00,0.0,0.0,2023-06-19 01:00:00+00:00,2023
2024-06-19 02:00:00+00:00,0.0,0.0,2023-06-19 02:00:00+00:00,2023
2024-06-19 03:00:00+00:00,0.0,0.0,2023-06-19 03:00:00+00:00,2023
2024-06-19 04:00:00+00:00,0.0,0.0,2023-06-19 04:00:00+00:00,2023
2024-06-19 05:00:00+00:00,8.0,7.76,2023-06-19 05:00:00+00:00,2023
2024-06-19 06:00:00+00:00,22.0,15.69,2023-06-19 06:00:00+00:00,2023
2024-06-19 07:00:00+00:00,214.0,24.18,2023-06-19 07:00:00+00:00,2023
2024-06-19 08:00:00+00:00,206.0,32.87,2023-06-19 08:00:00+00:00,2023
2024-06-19 09:00:00+00:00,458.0,41.38,2023-06-19 09:00:00+00:00,2023
2024-06-19 10:00:00+00:00,510.0,49.14,2023-06-19 10:00:00+00:00,2023
2024-06-19 11:00:00+00:00,541.0,55.3,2023-06-19 11:00:00+00:00,2023
2024-06-19 12:00:00+00:00,248.0,58.64,2023-06-19 12:00:00+00:00,2023
2024-06-19 13:00:00+00:00,425.0,58.17,2023-06-19 13:00:00+00:00,2023
2024-06-19 14:00:00+00:00,435.0,54.04,2023-06-19 14:00:00+00:00,2023
2024-06-19 15:00:00+00:00,647.0,47.4,2023-06-19 15:00:00+00:00,2023
2024-06-19 16:00:00+00:00,540.0,39.4,2023-06-19 16:00:00+00:00,2023
2024-06-19 17:00:00+00:00,42.0,30.81,2023-06-19 17:00:00+00:00,2023
2024-06-19 18:00:00+00:00,41.0,22.13,2023-06-19 18:00:00+00:00,2023
2024-06-19 19:00:00+00:00,62.0,13.74,2023-06-19 19:00:00+00:00,2023
2024-06-19 20:00:00+00:00,8.0,5.99,2023-06-19 20:00:00+00:00,2023
2024-06-19 21:00:00+00:00,0.0,0.0,2023-06-19 21:00:00+00:00,2023
2024-06-19 22:00:00+00:00,0.0,0.0,2023-06-19 22:00:00+00:00,2023
2024-06-19 23:00:00+00:00,0.0,0.0,2023-06-19 23:00:00+00:00,2023
2024-06-20 00:00:00+00:00,0.0,0.0,2023-06-20 00:00:00+00:00,2023
2024-06-20 01:00:00+00:00,0.0,0.0,2023-06-20 01:00:00+00:00,2023
2024-06-20 02:00:00+00:00,0.0,0.0,2023-06-20 02:00:00+00:00,2023
2024-06-20 03:00:00+00:00,0.0,0.0,2023-06-20 03:00:00+00:00,2023
2024-06-20 04:00:00+00:00,0.0,0.0,2023-06-20 04:00:00+00:00,2023
2024-06-20 05:00:00+00:00,45.0,7.74,2023-06-20 05:00:00+00:00,2023
2024-06-20 06:00:00+00:00,178.0,15.67,2023-06-20 06:00:00+00:00,2023
2024-06-20 07:00:00+00:00,279.0,24.16,2023-06-20 07:00:00+00:00,2023
2024-06-20 08:00:00+00:00,373.0,32.85,2023-06-20 08:00:00+00:00,2023
2024-06-20 09:00:00+00:00,442.0,41.36,2023-06-20 09:00:00+00:00,2023
2024-06-20 10:00:00+00:00,472.0,49.13,2023-06-20 10:00:00+00:00,2023
2024-06-20 11:00:00+00:00,397.0,55.29,2023-06-20 11:00:00+00:00,2023
2024-06-20 12:00:00+00:00,78.0,58.65,2023-06-20 12:00:00+00:00,2023
2024-06-20 13:00:00+00:00,104.0,58.19,2023-06-20 13:00:00+00:00,2023
2024-06-20 14:00:00+00:00,91.0,54.07,2023-06-20 14:00:00+00:00,2023
2024-06-20 15:00:00+00:00,83.0,47.44,2023-06-20 15:00:00+00:00,2023
2024-06-20 16:00:00+00:00,109.0,39.44,2023-06-20 16:00:00+00:00,2023
2024-06-20 17:00:00+00:00,42.0,30.85,2023-06-20 17:00:00+00:00,2023
2024-06-20 18:00:00+00:00,216.0,22.17,2023-06-20 18:00:00+00:00,2023
2024-06-20 19:00:00+00:00,192.0,13.78,2023-06-20 19:00:00+00:00,2023
2024-06-20 20:00:00+00:00,37.0,6.03,2023-06-20 20:00:00+00:00,2023
2024-06-20 21:00:00+00:00,0.0,0.0,2023-06-20 21:00:00+00:00,2023
2024-06-20 22:00:00+00:00,0.0,0.0,2023-06-20 22:00:00+00:00,2023
2024-06-20 23:00:00+00:00,0.0,0.0,2023-06-20 23:00:00+00:00,2023
2024-06-21 00:00:00+00:00,0.0,0.0,2023-06-21 00:00:00+00:00,2023
2024-06-21 01:00:00+00:00,0.0,0.0,2023-06-21 01:00:00+00:00,2023
2024-06-21 02:00:00+00:00,0.0,0.0,2023-06-21 02:00:00+00:00,2023
2024-06-21 03:00:00+00:00,0.0,0.0,2023-06-21 03:00:00+00:00,2023
2024-06-21 04:00:00+00:00,0.0,0.0,2023-06-21 04:00:00+00:00,2023
2024-06-21 05:00:00+00:00,16.0,7.72,2023-06-21 05:00:00+00:00,2023
2024-06-21 06:00:00+00:00,92.0,15.65,2023-06-21 06:00:00+00:00,2023
2024-06-21 07:00:00+00:00,237.0,24.13,2023-06-21 07:00:00+00:00,2023
2024-06-21 08:00:00+00:00,204.0,32.83,2023-06-21 08:00:00+00:00,2023
2024-06-21 09:00:00+00:00,181.0,41.34,2023-06-21 09:00:00+00:00,2023
2024-06-21 10:00:00+00:00,237.0,49.11,2023-06-21 10:00:00+00:00,2023
2024-06-21 11:00:00+00:00,167.0,55.28,2023-06-21 11:00:00+00:00,2023
2024-06-21 12:00:00+00:00,311.0,58.65,2023-06-21 12:00:00+00:00,2023
2024-06-21 13:00:00+00:00,187.0,58.2,2023-06-21 13:00:00+00:00,2023
2024-06-21 14:00:00+00:00,513.0,54.1,2023-06-21 14:00:00+00:00,2023
2024-06-21 15:00:00+00:00,686.0,47.47,2023-06-21 15:00:00+00:00,2023
2024-06-21 16:00:00+00:00,589.0,39.47,2023-06-21 16:00:00+00:00,2023
2024-06-21 17:00:00+00:00,471.0,30.88,2023-06-21 17:00:00+00:00,2023
2024-06-21 18:00:00+00:00,318.0,22.2,2023-06-21 18:00:00+00:00,2023
2024-06-21 19:00:00+00:00,167.0,13.82,2023-06-21 19:00:00+00:00,2023
2024-06-21 20:00:00+00:00,26.0,6.06,2023-06-21 20:00:00+00:00,2023
2024-06-21 21:00:00+00:00,0.0,0.0,2023-06-21 21:00:00+00:00,2023
2024-06-21 22:00:00+00:00,0.0,0.0,2023-06-21 22:00:00+00:00,2023
2024-06-21 23:00:00+00:00,0.0,0.0,2023-06-21 23:00:00+00:00,2023
2024-06-22 00:00:00+00:00,0.0,0.0,2023-06-22 00:00:00+00:00,2023
2024-06-22 01:00:00+00:00,0.0,0.0,2023-06-22 01:00:00+00:00,2023
2024-06-22 02:00:00+00:00,0.0,0.0,2023-06-22 02:00:00+00:00,2023
2024-06-22 03:00:00+00:00,0.0,0.0,2023-06-22 03:00:00+00:00,2023
2024-06-22 04:00:00+00:00,0.0,0.0,2023-06-22 04:00:00+00:00,2023
2024-06-22 05:00:00+00:00,93.0,7.69,2023-06-22 05:00:00+00:00,2023
2024-06-22 06:00:00+00:00,225.0,15.62,2023-06-22 06:00:00+00:00,2023
2024-06-22 07:00:00+00:00,380.0,24.1,2023-06-22 07:00:00+00:00,2023
2024-06-22 08:00:00+00:00,524.0,32.79,2023-06-22 08:00:00+00:00,2023
2024-06-22 09:00:00+00:00,663.0,41.31,2023-06-22 09:00:00+00:00,2023
2024-06-22 10:00:00+00:00,777.01,49.08,2023-06-22 10:00:00+00:00,2023
2024-06-22 11:00:00+00:00,861.01,55.26,2023-06-22 11:00:00+00:00,2023
2024-06-22 12:00:00+00:00,895.01,58.64,2023-06-22 12:00:00+00:00,2023
2024-06-22 13:00:00+00:00,695.0,58.21,2023-06-22 13:00:00+00:00,2023
2024-06-22 14:00:00+00:00,610.0,54.11,2023-06-22 14:00:00+00:00,2023
2024-06-22 15:00:00+00:00,692.0,47.5,2023-06-22 15:00:00+00:00,2023
2024-06-22 16:00:00+00:00,252.0,39.5,2023-06-22 16:00:00+00:00,2023
2024-06-22 17:00:00+00:00,398.0,30.91,2023-06-22 17:00:00+00:00,2023
2024-06-22 18:00:00+00:00,198.0,22.23,2023-06-22 18:00:00+00:00,2023
2024-06-22 19:00:00+00:00,17.0,13.84,2023-06-22 19:00:00+00:00,2023
2024-06-22 20:00:00+00:00,6.0,6.08,2023-06-22 20:00:00+00:00,2023
2024-06-22 21:00:00+00:00,0.0,0.0,2023-06-22 21:00:00+00:00,2023
2024-06-22 22:00:00+00:00,0.0,0.0,2023-06-22 22:00:00+00:00,2023
2024-06-22 23:00:00+00:00,0.0,0.0,2023-06-22 23:00:00+00:00,2023
2024-06-23 00:00:00+00:00,0.0,0.0,2023-06-23 00:00:00+00:00,2023
2024-06-23 01:00:00+00:00,0.0,0.0,2023-06-23 01:00:00+00:00,2023
2024-06-23 02:00:00+00:00,0.0,0.0,2023-06-23 02:00:00+00:00,2023
2024-06-23 03:00:00+00:00,0.0,0.0,2023-06-23 03:00:00+00:00,2023
2024-06-23 04:00:00+00:00,0.0,0.0,2023-06-23 04:00:00+00:00,2023
2024-06-23 05:00:00+00:00,73.0,7.66,2023-06-23 05:00:00+00:00,2023
2024-06-23 06:00:00+00:00,114.0,15.58,2023-06-23 06:00:00+00:00,2023
2024-06-23 07:00:00+00:00,236.0,24.06,2023-06-23 07:00:00+00:00,2023
2024-06-23 08:00:00+00:00,294.0,32.76,2023-06-23 08:00:00+00:00,2023
2024-06-23 09:00:00+00:00,295.0,41.27,2023-06-23 09:00:00+00:00,2023
2024-06-23 10:00:00+00:00,256.0,49.05,2023-06-23 10:00:00+00:00,2023
2024-06-23 11:00:00+00:00,225.0,55.23,2023-06-23 11:00:00+00:00,2023
2024-06-23 12:00:00+00:00,287.0,58.63,2023-06-23 12:00:00+00:00,2023
2024-06-23 13:00:00+00:00,345.0,58.21,2023-06-23 13:00:00+00:00,2023
2024-06-23 14:00:00+00:00,248.0,54.13,2023-06-23 14:00:00+00:00,2023
2024-06-23 15:00:00+00:00,190.0,47.51,2023-06-23 15:00:00+00:00,2023
2024-06-23 16:00:00+00:00,134.0,39.52,2023-06-23 16:00:00+00:00,2023
2024-06-23 17:00:00+00:00,99.0,30.93,2023-06-23 17:00:00+00:00,2023
2024-06-23 18:00:00+00:00,59.0,22.25,2023-06-23 18:00:00+00:00,2023
2024-06-23 19:00:00+00:00,59.0,13.86,2023-06-23 19:00:00+00:00,2023
2024-06-23 20:00:00+00:00,5.0,6.1,2023-06-23 20:00:00+00:00,2023
2024-06-23 21:00:00+00:00,0.0,0.0,2023-06-23 21:00:00+00:00,2023
2024-06-23 22:00:00+00:00,0.0,0.0,2023-06-23 22:00:00+00:00,2023
2024-06-23 23:00:00+00:00,0.0,0.0,2023-06-23 23:00:00+00:00,2023
2024-06-24 00:00:00+00:00,0.0,0.0,2023-06-24 00:00:00+00:00,2023
2024-06-24 01:00:00+00:00,0.0,0.0,2023-06-24 01:00:00+00:00,2023
2024-06-24 02:00:00+00:00,0.0,0.0,2023-06-24 02:00:00+00:00,2023
2024-06-24 03:00:00+00:00,0.0,0.0,2023-06-24 03:00:00+00:00,2023
2024-06-24 04:00:00+00:00,0.0,0.0,2023-06-24 04:00:00+00:00,2023
2024-06-24 05:00:00+00:00,7.0,7.62,2023-06-24 05:00:00+00:00,2023
2024-06-24 06:00:00+00:00,30.0,15.54,2023-06-24 06:00:00+00:00,2023
2024-06-24 07:00:00+00:00,221.0,24.02,2023-06-24 07:00:00+00:00,2023
2024-06-24 08:00:00+00:00,428.0,32.71,2023-06-24 08:00:00+00:00,2023
2024-06-24 09:00:00+00:00,481.0,41.23,2023-06-24 09:00:00+00:00,2023
2024-06-24 10:00:00+00:00,425.0,49.01,2023-06-24 10:00:00+00:00,2023
2024-06-24 11:00:00+00:00,674.0,55.2,2023-06-24 11:00:00+00:00,2023
2024-06-24 12:00:00+00:00,806.01,58.61,2023-06-24 12:00:00+00:00,2023
2024-06-24 13:00:00+00:00,775.01,58.2,2023-06-24 13:00:00+00:00,2023
2024-06-24 14:00:00+00:00,589.0,54.13,2023-06-24 14:00:00+00:00,2023
2024-06-24 15:00:00+00:00,695.0,47.53,2023-06-24 15:00:00+00:00,2023
2024-06-24 16:00:00+00:00,186.0,39.54,2023-06-24 16:00:00+00:00,2023
2024-06-24 17:00:00+00:00,162.0,30.95,2023-06-24 17:00:00+00:00,2023
2024-06-24 18:00:00+00:00,29.0,22.27,2023-06-24 18:00:00+00:00,2023
2024-06-24 19:00:00+00:00,74.0,13.88,2023-06-24 19:00:00+00:00,2023
2024-06-24 20:00:00+00:00,5.0,6.11,2023-06-24 20:00:00+00:00,2023
2024-06-24 21:00:00+00:00,0.0,0.0,2023-06-24 21:00:00+00:00,2023
2024-06-24 22:00:00+00:00,0.0,0.0,2023-06-24 22:00:00+00:00,2023
2024-06-24 23:00:00+00:00,0.0,0.0,2023-06-24 23:00:00+00:00,2023
2024-06-25 00:00:00+00:00,0.0,0.0,2023-06-25 00:00:00+00:00,2023
2024-06-25 01:00:00+00:00,0.0,0.0,2023-06-25 01:00:00+00:00,2023
2024-06-25 02:00:00+00:00,0.0,0.0,2023-06-25 02:00:00+00:00,2023
2024-06-25 03:00:00+00:00,0.0,0.0,2023-06-25 03:00:00+00:00,2023
2024-06-25 04:00:00+00:00,0.0,0.0,2023-06-25 04:00:00+00:00,2023
2024-06-25 05:00:00+00:00,53.0,7.57,2023-06-25 05:00:00+00:00,2023
2024-06-25 06:00:00+00:00,30.0,15.49,2023-06-25 06:00:00+00:00,2023
2024-06-25 07:00:00+00:00,226.0,23.97,2023-06-25 07:00:00+00:00,2023
2024-06-25 08:00:00+00:00,530.0,32.67,2023-06-25 08:00:00+00:00,2023
2024-06-25 09:00:00+00:00,624.0,41.18,2023-06-25 09:00:00+00:00,2023
2024-06-25 10:00:00+00:00,713.0,48.97,2023-06-25 10:00:00+00:00,2023
2024-06-25 11:00:00+00:00,774.01,55.16,2023-06-25 11:00:00+00:00,2023
2024-06-25 12:00:00+00:00,78.0,58.58,2023-06-25 12:00:00+00:00,2023
2024-06-25 13:00:00+00:00,173.0,58.19,2023-06-25 13:00:00+00:00,2023
2024-06-25 14:00:00+00:00,475.0,54.13,2023-06-25 14:00:00+00:00,2023
2024-06-25 15:00:00+00:00,581.0,47.54,2023-06-25 15:00:00+00:00,2023
2024-06-25 16:00:00+00:00,304.0,39.55,2023-06-25 16:00:00+00:00,2023
2024-06-25 17:00:00+00:00,361.0,30.97,2023-06-25 17:00:00+00:00,2023
2024-06-25 18:00:00+00:00,187.0,22.28,2023-06-25 18:00:00+00:00,2023
2024-06-25 19:00:00+00:00,110.0,13.89,2023-06-25 19:00:00+00:00,2023
2024-06-25 20:00:00+00:00,64.0,6.12,2023-06-25 20:00:00+00:00,2023
2024-06-25 21:00:00+00:00,0.0,0.0,2023-06-25 21:00:00+00:00,2023
2024-06-25 22:00:00+00:00,0.0,0.0,2023-06-25 22:00:00+00:00,2023
2024-06-25 23:00:00+00:00,0.0,0.0,2023-06-25 23:00:00+00:00,2023
2024-06-26 00:00:00+00:00,0.0,0.0,2023-06-26 00:00:00+00:00,2023
2024-06-26 01:00:00+00:00,0.0,0.0,2023-06-26 01:00:00+00:00,2023
2024-06-26 02:00:00+00:00,0.0,0.0,2023-06-26 02:00:00+00:00,2023
2024-06-26 03:00:00+00:00,0.0,0.0,2023-06-26 03:00:00+00:00,2023
2024-06-26 04:00:00+00:00,0.0,0.0,2023-06-26 04:00:00+00:00,2023
2024-06-26 05:00:00+00:00,90.0,7.52,2023-06-26 05:00:00+00:00,2023
2024-06-26 06:00:00+00:00,225.0,15.44,2023-06-26 06:00:00+00:00,2023
2024-06-26 07:00:00+00:00,365.0,23.92,2023-06-26 07:00:00+00:00,2023
2024-06-26 08:00:00+00:00,492.0,32.61,2023-06-26 08:00:00+00:00,2023
2024-06-26 09:00:00+00:00,614.0,41.13,2023-06-26 09:00:00+00:00,2023
2024-06-26 10:00:00+00:00,474.0,48.92,2023-06-26 10:00:00+00:00,2023
2024-06-26 11:00:00+00:00,639.0,55.12,2023-06-26 11:00:00+00:00,2023
2024-06-26 12:00:00+00:00,498.0,58.54,2023-06-26 12:00:00+00:00,2023
2024-06-26 13:00:00+00:00,738.0,58.17,2023-06-26 13:00:00+00:00,2023
2024-06-26 14:00:00+00:00,655.0,54.12,2023-06-26 14:00:00+00:00,2023
2024-06-26 15:00:00+00:00,656.0,47.54,2023-06-26 15:00:00+00:00,2023
2024-06-26 16:00:00+00:00,251.0,39.56,2023-06-26 16:00:00+00:00,2023
2024-06-26 17:00:00+00:00,127.0,30.97,2023-06-26 17:00:00+00:00,2023
2024-06-26 18:00:00+00:00,97.0,22.29,2023-06-26 18:00:00+00:00,2023
2024-06-26 19:00:00+00:00,53.0,13.9,2023-06-26 19:00:00+00:00,2023
2024-06-26 20:00:00+00:00,11.0,6.12,2023-06-26 20:00:00+00:00,2023
2024-06-26 21:00:00+00:00,0.0,0.0,2023-06-26 21:00:00+00:00,2023
2024-06-26 22:00:00+00:00,0.0,0.0,2023-06-26 22:00:00+00:00,2023
2024-06-26 23:00:00+00:00,0.0,0.0,2023-06-26 23:00:00+00:00,2023
2024-06-27 00:00:00+00:00,0.0,0.0,2023-06-27 00:00:00+00:00,2023
2024-06-27 01:00:00+00:00,0.0,0.0,2023-06-27 01:00:00+00:00,2023
2024-06-27 02:00:00+00:00,0.0,0.0,2023-06-27 02:00:00+00:00,2023
2024-06-27 03:00:00+00:00,0.0,0.0,2023-06-27 03:00:00+00:00,2023
2024-06-27 04:00:00+00:00,0.0,0.0,2023-06-27 04:00:00+00:00,2023
2024-06-27 05:00:00+00:00,12.0,7.47,2023-06-27 05:00:00+00:00,2023
2024-06-27 06:00:00+00:00,43.0,15.39,2023-06-27 06:00:00+00:00,2023
2024-06-27 07:00:00+00:00,46.0,23.86,2023-06-27 07:00:00+00:00,2023
2024-06-27 08:00:00+00:00,228.0,32.56,2023-06-27 08:00:00+00:00,2023
2024-06-27 09:00:00+00:00,155.0,41.07,2023-06-27 09:00:00+00:00,2023
2024-06-27 10:00:00+00:00,266.0,48.86,2023-06-27 10:00:00+00:00,2023
2024-06-27 11:00:00+00:00,148.0,55.07,2023-06-27 11:00:00+00:00,2023
2024-06-27 12:00:00+00:00,175.0,58.5,2023-06-27 12:00:00+00:00,2023
2024-06-27 13:00:00+00:00,192.0,58.14,2023-06-27 13:00:00+00:00,2023
2024-06-27 14:00:00+00:00,121.0,54.11,2023-06-27 14:00:00+00:00,2023
2024-06-27 15:00:00+00:00,144.0,47.53,2023-06-27 15:00:00+00:00,2023
2024-06-27 16:00:00+00:00,224.0,39.56,2023-06-27 16:00:00+00:00,2023
2024-06-27 17:00:00+00:00,141.0,30.97,2023-06-27 17:00:00+00:00,2023
2024-06-27 18:00:00+00:00,73.0,22.29,2023-06-27 18:00:00+00:00,2023
2024-06-27 19:00:00+00:00,48.0,13.89,2023-06-27 19:00:00+00:00,2023
2024-06-27 20:00:00+00:00,6.0,6.11,2023-06-27 20:00:00+00:00,2023
2024-06-27 21:00:00+00:00,0.0,0.0,2023-06-27 21:00:00+00:00,2023
2024-06-27 22:00:00+00:00,0.0,0.0,2023-06-27 22:00:00+00:00,2023
2024-06-27 23:00:00+00:00,0.0,0.0,2023-06-27 23:00:00+00:00,2023
2024-06-28 00:00:00+00:00,0.0,0.0,2023-06-28 00:00:00+00:00,2023
2024-06-28 01:00:00+00:00,0.0,0.0,2023-06-28 01:00:00+00:00,2023
2024-06-28 02:00:00+00:00,0.0,0.0,2023-06-28 02:00:00+00:00,2023
2024-06-28 03:00:00+00:00,0.0,0.0,2023-06-28 03:00:00+00:00,2023
2024-06-28 04:00:00+00:00,0.0,0.0,2023-06-28 04:00:00+00:00,2023
2024-06-28 05:00:00+00:00,14.0,7.41,2023-06-28 05:00:00+00:00,2023
2024-06-28 06:00:00+00:00,48.0,15.32,2023-06-28 06:00:00+00:00,2023
2024-06-28 07:00:00+00:00,79.0,23.8,2023-06-28 07:00:00+00:00,2023
2024-06-28 08:00:00+00:00,100.0,32.49,2023-06-28 08:00:00+00:00,2023
2024-06-28 09:00:00+00:00,498.0,41.01,2023-06-28 09:00:00+00:00,2023
2024-06-28 10:00:00+00:00,271.0,48.8,2023-06-28 10:00:00+00:00,2023
2024-06-28 11:00:00+00:00,731.0,55.01,2023-06-28 11:00:00+00:00,2023
2024-06-28 12:00:00+00:00,770.01,58.46,2023-06-28 12:00:00+00:00,2023
2024-06-28 13:00:00+00:00,642.0,58.11,2023-06-28 13:00:00+00:00,2023
2024-06-28 14:00:00+00:00,692.0,54.09,2023-06-28 14:00:00+00:00,2023
2024-06-28 15:00:00+00:00,582.0,47.52,2023-06-28 15:00:00+00:00,2023
2024-06-28 16:00:00+00:00,590.0,39.55,2023-06-28 16:00:00+00:00,2023
2024-06-28 17:00:00+00:00,441.0,30.97,2023-06-28 17:00:00+00:00,2023
2024-06-28 18:00:00+00:00,247.0,22.29,2023-06-28 18:00:00+00:00,2023
2024-06-28 19:00:00+00:00,147.0,13.89,2023-06-28 19:00:00+00:00,2023
2024-06-28 20:00:00+00:00,11.0,6.1,2023-06-28 20:00:00+00:00,2023
2024-06-28 21:00:00+00:00,0.0,0.0,2023-06-28 21:00:00+00:00,2023
2024-06-28 22:00:00+00:00,0.0,0.0,2023-06-28 22:00:00+00:00,2023
2024-06-28 23:00:00+00:00,0.0,0.0,2023-06-28 23:00:00+00:00,2023
2024-06-29 00:00:00+00:00,0.0,0.0,2023-06-29 00:00:00+00:00,2023
2024-06-29 01:00:00+00:00,0.0,0.0,2023-06-29 01:00:00+00:00,2023
2024-06-29 02:00:00+00:00,0.0,0.0,2023-06-29 02:00:00+00:00,2023
2024-06-29 03:00:00+00:00,0.0,0.0,2023-06-29 03:00:00+00:00,2023
2024-06-29 04:00:00+00:00,0.0,0.0,2023-06-29 04:00:00+00:00,2023
2024-06-29 05:00:00+00:00,53.0,7.34,2023-06-29 05:00:00+00:00,2023
2024-06-29 06:00:00+00:00,79.0,15.26,2023-06-29 06:00:00+00:00,2023
2024-06-29 07:00:00+00:00,149.0,23.73,2023-06-29 07:00:00+00:00,2023
2024-06-29 08:00:00+00:00,355.0,32.43,2023-06-29 08:00:00+00:00,2023
2024-06-29 09:00:00+00:00,547.0,40.94,2023-06-29 09:00:00+00:00,2023
2024-06-29 10:00:00+00:00,352.0,48.73,2023-06-29 10:00:00+00:00,2023
2024-06-29 11:00:00+00:00,512.0,54.95,2023-06-29 11:00:00+00:00,2023
2024-06-29 12:00:00+00:00,568.0,58.4,2023-06-29 12:00:00+00:00,2023
2024-06-29 13:00:00+00:00,592.0,58.07,2023-06-29 13:00:00+00:00,2023
2024-06-29 14:00:00+00:00,599.0,54.06,2023-06-29 14:00:00+00:00,2023
2024-06-29 15:00:00+00:00,548.0,47.5,2023-06-29 15:00:00+00:00,2023
2024-06-29 16:00:00+00:00,410.0,39.54,2023-06-29 16:00:00+00:00,2023
2024-06-29 17:00:00+00:00,392.0,30.96,2023-06-29 17:00:00+00:00,2023
2024-06-29 18:00:00+00:00,66.0,22.28,2023-06-29 18:00:00+00:00,2023
2024-06-29 19:00:00+00:00,18.0,13.87,2023-06-29 19:00:00+00:00,2023
2024-06-29 20:00:00+00:00,6.0,6.09,2023-06-29 20:00:00+00:00,2023
2024-06-29 21:00:00+00:00,0.0,0.0,2023-06-29 21:00:00+00:00,2023
2024-06-29 22:00:00+00:00,0.0,0.0,2023-06-29 22:00:00+00:00,2023
2024-06-29 23:00:00+00:00,0.0,0.0,2023-06-29 23:00:00+00:00,2023
2024-06-30 00:00:00+00:00,0.0,0.0,2023-06-30 00:00:00+00:00,2023
2024-06-30 01:00:00+00:00,0.0,0.0,2023-06-30 01:00:00+00:00,2023
2024-06-30 02:00:00+00:00,0.0,0.0,2023-06-30 02:00:00+00:00,2023
2024-06-30 03:00:00+00:00,0.0,0.0,2023-06-30 03:00:00+00:00,2023
2024-06-30 04:00:00+00:00,0.0,0.0,2023-06-30 04:00:00+00:00,2023
2024-06-30 05:00:00+00:00,7.0,7.27,2023-06-30 05:00:00+00:00,2023
2024-06-30 06:00:00+00:00,54.0,15.18,2023-06-30 06:00:00+00:00,2023
2024-06-30 07:00:00+00:00,116.0,23.66,2023-06-30 07:00:00+00:00,2023
2024-06-30 08:00:00+00:00,149.0,32.35,2023-06-30 08:00:00+00:00,2023
2024-06-30 09:00:00+00:00,210.0,40.87,2023-06-30 09:00:00+00:00,2023
2024-06-30 10:00:00+00:00,211.0,48.66,2023-06-30 10:00:00+00:00,2023
2024-06-30 11:00:00+00:00,0.0,0.0,2023-06-30 11:00:00+00:00,2023
2024-06-30 12:00:00+00:00,249.0,58.34,2023-06-30 12:00:00+00:00,2023
2024-06-30 13:00:00+00:00,184.0,58.02,2023-06-30 13:00:00+00:00,2023
2024-06-30 14:00:00+00:00,313.0,54.03,2023-06-30 14:00:00+00:00,2023
2024-06-30 15:00:00+00:00,292.0,47.48,2023-06-30 15:00:00+00:00,2023
2024-06-30 16:00:00+00:00,190.0,39.52,2023-06-30 16:00:00+00:00,2023
2024-06-30 17:00:00+00:00,90.0,30.95,2023-06-30 17:00:00+00:00,2023
2024-06-30 18:00:00+00:00,156.0,22.26,2023-06-30 18:00:00+00:00,2023
2024-06-30 19:00:00+00:00,24.0,13.86,2023-06-30 19:00:00+00:00,2023
2024-06-30 20:00:00+00:00,10.0,6.06,2023-06-30 20:00:00+00:00,2023
2024-06-30 21:00:00+00:00,0.0,0.0,2023-06-30 21:00:00+00:00,2023
2024-06-30 22:00:00+00:00,0.0,0.0,2023-06-30 22:00:00+00:00,2023
2024-06-30 23:00:00+00:00,0.0,0.0,2023-06-30 23:00:00+00:00,2023
2024-07-01 00:00:00+00:00,0.0,0.0,2023-07-01 00:00:00+00:00,2023
2024-07-01 01:00:00+00:00,0.0,0.0,2023-07-01 01:00:00+00:00,2023
2024-07-01 02:00:00+00:00,0.0,0.0,2023-07-01 02:00:00+00:00,2023
2024-07-01 03:00:00+00:00,0.0,0.0,2023-07-01 03:00:00+00:00,2023
2024-07-01 04:00:00+00:00,0.0,0.0,2023-07-01 04:00:00+00:00,2023
2024-07-01 05:00:00+00:00,33.0,7.19,2023-07-01 05:00:00+00:00,2023
2024-07-01 06:00:00+00:00,83.0,15.11,2023-07-01 06:00:00+00:00,2023
2024-07-01 07:00:00+00:00,120.0,23.58,2023-07-01 07:00:00+00:00,2023
2024-07-01 08:00:00+00:00,211.0,32.28,2023-07-01 08:00:00+00:00,2023
2024-07-01 09:00:00+00:00,233.0,40.79,2023-07-01 09:00:00+00:00,2023
2024-07-01 10:00:00+00:00,595.0,48.58,2023-07-01 10:00:00+00:00,2023
2024-07-01 11:00:00+00:00,167.0,54.81,2023-07-01 11:00:00+00:00,2023
2024-07-01 12:00:00+00:00,283.0,58.27,2023-07-01 12:00:00+00:00,2023
2024-07-01 13:00:00+00:00,475.0,57.96,2023-07-01 13:00:00+00:00,2023
2024-07-01 14:00:00+00:00,709.0,53.99,2023-07-01 14:00:00+00:00,2023
2024-07-01 15:00:00+00:00,467.0,47.45,2023-07-01 15:00:00+00:00,2023
2024-07-01 16:00:00+00:00,470.0,39.5,2023-07-01 16:00:00+00:00,2023
2024-07-01 17:00:00+00:00,333.0,30.93,2023-07-01 17:00:00+00:00,2023
2024-07-01 18:00:00+00:00,327.0,22.24,2023-07-01 18:00:00+00:00,2023
2024-07-01 19:00:00+00:00,54.0,13.83,2023-07-01 19:00:00+00:00,2023
2024-07-01 20:00:00+00:00,6.0,6.03,2023-07-01 20:00:00+00:00,2023
2024-07-01 21:00:00+00:00,0.0,0.0,2023-07-01 21:00:00+00:00,2023
2024-07-01 22:00:00+00:00,0.0,0.0,2023-07-01 22:00:00+00:00,2023
2024-07-01 23:00:00+00:00,0.0,0.0,2023-07-01 23:00:00+00:00,2023
2024-07-02 00:00:00+00:00,0.0,0.0,2023-07-02 00:00:00+00:00,2023
2024-07-02 01:00:00+00:00,0.0,0.0,2023-07-02 01:00:00+00:00,2023
2024-07-02 02:00:00+00:00,0.0,0.0,2023-07-02 02:00:00+00:00,2023
2024-07-02 03:00:00+00:00,0.0,0.0,2023-07-02 03:00:00+00:00,2023
2024-07-02 04:00:00+00:00,0.0,0.0,2023-07-02 04:00:00+00:00,2023
2024-07-02 05:00:00+00:00,16.0,7.11,2023-07-02 05:00:00+00:00,2023
2024-07-02 06:00:00+00:00,33.0,15.02,2023-07-02 06:00:00+00:00,2023
2024-07-02 07:00:00+00:00,165.0,23.5,2023-07-02 07:00:00+00:00,2023
2024-07-02 08:00:00+00:00,147.0,32.2,2023-07-02 08:00:00+00:00,2023
2024-07-02 09:00:00+00:00,173.0,40.71,2023-07-02 09:00:00+00:00,2023
2024-07-02 10:00:00+00:00,458.0,48.5,2023-07-02 10:00:00+00:00,2023
2024-07-02 11:00:00+00:00,399.0,54.72,2023-07-02 11:00:00+00:00,2023
2024-07-02 12:00:00+00:00,666.0,58.2,2023-07-02 12:00:00+00:00,2023
2024-07-02 13:00:00+00:00,368.0,57.9,2023-07-02 13:00:00+00:00,2023
2024-07-02 14:00:00+00:00,662.0,53.94,2023-07-02 14:00:00+00:00,2023
2024-07-02 15:00:00+00:00,736.0,47.42,2023-07-02 15:00:00+00:00,2023
2024-07-02 16:00:00+00:00,262.0,39.47,2023-07-02 16:00:00+00:00,2023
2024-07-02 17:00:00+00:00,201.0,30.9,2023-07-02 17:00:00+00:00,2023
2024-07-02 18:00:00+00:00,202.0,22.21,2023-07-02 18:00:00+00:00,2023
2024-07-02 19:00:00+00:00,90.0,13.8,2023-07-02 19:00:00+00:00,2023
2024-07-02 20:00:00+00:00,68.0,6.0,2023-07-02 20:00:00+00:00,2023
2024-07-02 21:00:00+00:00,0.0,0.0,2023-07-02 21:00:00+00:00,2023
2024-07-02 22:00:00+00:00,0.0,0.0,2023-07-02 22:00:00+00:00,2023
2024-07-02 23:00:00+00:00,0.0,0.0,2023-07-02 23:00:00+00:00,2023
2024-07-03 00:00:00+00:00,0.0,0.0,2023-07-03 00:00:00+00:00,2023
2024-07-03 01:00:00+00:00,0.0,0.0,2023-07-03 01:00:00+00:00,2023
2024-07-03 02:00:00+00:00,0.0,0.0,2023-07-03 02:00:00+00:00,2023
2024-07-03 03:00:00+00:00,0.0,0.0,2023-07-03 03:00:00+00:00,2023
2024-07-03 04:00:00+00:00,0.0,0.0,2023-07-03 04:00:00+00:00,2023
2024-07-03 05:00:00+00:00,7.0,7.02,2023-07-03 05:00:00+00:00,2023
2024-07-03 06:00:00+00:00,38.0,14.94,2023-07-03 06:00:00+00:00,2023
2024-07-03 07:00:00+00:00,290.0,23.41,2023-07-03 07:00:00+00:00,2023
2024-07-03 08:00:00+00:00,378.0,32.11,2023-07-03 08:00:00+00:00,2023
2024-07-03 09:00:00+00:00,345.0,40.63,2023-07-03 09:00:00+00:00,2023
2024-07-03 10:00:00+00:00,130.0,48.42,2023-07-03 10:00:00+00:00,2023
2024-07-03 11:00:00+00:00,643.0,54.64,2023-07-03 11:00:00+00:00,2023
2024-07-03 12:00:00+00:00,278.0,58.12,2023-07-03 12:00:00+00:00,2023
2024-07-03 13:00:00+00:00,802.01,57.83,2023-07-03 13:00:00+00:00,2023
2024-07-03 14:00:00+00:00,772.01,53.89,2023-07-03 14:00:00+00:00,2023
2024-07-03 15:00:00+00:00,730.0,47.37,2023-07-03 15:00:00+00:00,2023
2024-07-03 16:00:00+00:00,415.0,39.44,2023-07-03 16:00:00+00:00,2023
2024-07-03 17:00:00+00:00,334.0,30.87,2023-07-03 17:00:00+00:00,2023
2024-07-03 18:00:00+00:00,333.0,22.18,2023-07-03 18:00:00+00:00,2023
2024-07-03 19:00:00+00:00,122.0,13.76,2023-07-03 19:00:00+00:00,2023
2024-07-03 20:00:00+00:00,32.0,5.96,2023-07-03 20:00:00+00:00,2023
2024-07-03 21:00:00+00:00,0.0,0.0,2023-07-03 21:00:00+00:00,2023
2024-07-03 22:00:00+00:00,0.0,0.0,2023-07-03 22:00:00+00:00,2023
2024-07-03 23:00:00+00:00,0.0,0.0,2023-07-03 23:00:00+00:00,2023
2024-07-04 00:00:00+00:00,0.0,0.0,2023-07-04 00:00:00+00:00,2023
2024-07-04 01:00:00+00:00,0.0,0.0,2023-07-04 01:00:00+00:00,2023
2024-07-04 02:00:00+00:00,0.0,0.0,2023-07-04 02:00:00+00:00,2023
2024-07-04 03:00:00+00:00,0.0,0.0,2023-07-04 03:00:00+00:00,2023
2024-07-04 04:00:00+00:00,0.0,0.0,2023-07-04 04:00:00+00:00,2023
2024-07-04 05:00:00+00:00,57.0,6.93,2023-07-04 05:00:00+00:00,2023
2024-07-04 06:00:00+00:00,104.0,14.85,2023-07-04 06:00:00+00:00,2023
2024-07-04 07:00:00+00:00,167.0,23.32,2023-07-04 07:00:00+00:00,2023
2024-07-04 08:00:00+00:00,324.0,32.02,2023-07-04 08:00:00+00:00,2023
2024-07-04 09:00:00+00:00,380.0,40.53,2023-07-04 09:00:00+00:00,2023
2024-07-04 10:00:00+00:00,302.0,48.32,2023-07-04 10:00:00+00:00,2023
2024-07-04 11:00:00+00:00,500.0,54.55,2023-07-04 11:00:00+00:00,2023
2024-07-04 12:00:00+00:00,537.0,58.03,2023-07-04 12:00:00+00:00,2023
2024-07-04 13:00:00+00:00,699.0,57.76,2023-07-04 13:00:00+00:00,2023
2024-07-04 14:00:00+00:00,300.0,53.83,2023-07-04 14:00:00+00:00,2023
2024-07-04 15:00:00+00:00,277.0,47.33,2023-07-04 15:00:00+00:00,2023
2024-07-04 16:00:00+00:00,169.0,39.4,2023-07-04 16:00:00+00:00,2023
2024-07-04 17:00:00+00:00,152.0,30.83,2023-07-04 17:00:00+00:00,2023
2024-07-04 18:00:00+00:00,66.0,22.14,2023-07-04 18:00:00+00:00,2023
2024-07-04 19:00:00+00:00,18.0,13.72,2023-07-04 19:00:00+00:00,2023
2024-07-04 20:00:00+00:00,5.0,5.91,2023-07-04 20:00:00+00:00,2023
2024-07-04 21:00:00+00:00,0.0,0.0,2023-07-04 21:00:00+00:00,2023
2024-07-04 22:00:00+00:00,0.0,0.0,2023-07-04 22:00:00+00:00,2023
2024-07-04 23:00:00+00:00,0.0,0.0,2023-07-04 23:00:00+00:00,2023
2024-07-05 00:00:00+00:00,0.0,0.0,2023-07-05 00:00:00+00:00,2023
2024-07-05 01:00:00+00:00,0.0,0.0,2023-07-05 01:00:00+00:00,2023
2024-07-05 02:00:00+00:00,0.0,0.0,2023-07-05 02:00:00+00:00,2023
2024-07-05 03:00:00+00:00,0.0,0.0,2023-07-05 03:00:00+00:00,2023
2024-07-05 04:00:00+00:00,0.0,0.0,2023-07-05 04:00:00+00:00,2023
2024-07-05 05:00:00+00:00,23.0,6.83,2023-07-05 05:00:00+00:00,2023
2024-07-05 06:00:00+00:00,65.0,14.75,2023-07-05 06:00:00+00:00,2023
2024-07-05 07:00:00+00:00,0.0,0.0,2023-07-05 07:00:00+00:00,2023
2024-07-05 08:00:00+00:00,420.0,31.92,2023-07-05 08:00:00+00:00,2023
2024-07-05 09:00:00+00:00,548.0,40.44,2023-07-05 09:00:00+00:00,2023
2024-07-05 10:00:00+00:00,453.0,48.23,2023-07-05 10:00:00+00:00,2023
2024-07-05 11:00:00+00:00,510.0,54.45,2023-07-05 11:00:00+00:00,2023
2024-07-05 12:00:00+00:00,790.01,57.93,2023-07-05 12:00:00+00:00,2023
2024-07-05 13:00:00+00:00,729.0,57.68,2023-07-05 13:00:00+00:00,2023
2024-07-05 14:00:00+00:00,784.01,53.76,2023-07-05 14:00:00+00:00,2023
2024-07-05 15:00:00+00:00,619.0,47.27,2023-07-05 15:00:00+00:00,2023
2024-07-05 16:00:00+00:00,342.0,39.35,2023-07-05 16:00:00+00:00,2023
2024-07-05 17:00:00+00:00,118.0,30.78,2023-07-05 17:00:00+00:00,2023
2024-07-05 18:00:00+00:00,64.0,22.1,2023-07-05 18:00:00+00:00,2023
2024-07-05 19:00:00+00:00,20.0,13.67,2023-07-05 19:00:00+00:00,2023
2024-07-05 20:00:00+00:00,5.0,5.85,2023-07-05 20:00:00+00:00,2023
2024-07-05 21:00:00+00:00,0.0,0.0,2023-07-05 21:00:00+00:00,2023
2024-07-05 22:00:00+00:00,0.0,0.0,2023-07-05 22:00:00+00:00,2023
2024-07-05 23:00:00+00:00,0.0,0.0,2023-07-05 23:00:00+00:00,2023
2024-07-06 00:00:00+00:00,0.0,0.0,2023-07-06 00:00:00+00:00,2023
2024-07-06 01:00:00+00:00,0.0,0.0,2023-07-06 01:00:00+00:00,2023
2024-07-06 02:00:00+00:00,0.0,0.0,2023-07-06 02:00:00+00:00,2023
2024-07-06 03:00:00+00:00,0.0,0.0,2023-07-06 03:00:00+00:00,2023
2024-07-06 04:00:00+00:00,0.0,0.0,2023-07-06 04:00:00+00:00,2023
2024-07-06 05:00:00+00:00,18.0,6.73,2023-07-06 05:00:00+00:00,2023
2024-07-06 06:00:00+00:00,98.0,14.65,2023-07-06 06:00:00+00:00,2023
2024-07-06 07:00:00+00:00,86.0,23.13,2023-07-06 07:00:00+00:00,2023
2024-07-06 08:00:00+00:00,121.0,31.82,2023-07-06 08:00:00+00:00,2023
2024-07-06 09:00:00+00:00,198.0,40.34,2023-07-06 09:00:00+00:00,2023
2024-07-06 10:00:00+00:00,132.0,48.12,2023-07-06 10:00:00+00:00,2023
2024-07-06 11:00:00+00:00,172.0,54.34,2023-07-06 11:00:00+00:00,2023
2024-07-06 12:00:00+00:00,169.0,57.83,2023-07-06 12:00:00+00:00,2023
2024-07-06 13:00:00+00:00,152.0,57.59,2023-07-06 13:00:00+00:00,2023
2024-07-06 14:00:00+00:00,88.0,53.69,2023-07-06 14:00:00+00:00,2023
2024-07-06 15:00:00+00:00,273.0,47.21,2023-07-06 15:00:00+00:00,2023
2024-07-06 16:00:00+00:00,177.0,39.3,2023-07-06 16:00:00+00:00,2023
2024-07-06 17:00:00+00:00,74.0,30.73,2023-07-06 17:00:00+00:00,2023
2024-07-06 18:00:00+00:00,33.0,22.05,2023-07-06 18:00:00+00:00,2023
2024-07-06 19:00:00+00:00,16.0,13.62,2023-07-06 19:00:00+00:00,2023
2024-07-06 20:00:00+00:00,5.0,5.79,2023-07-06 20:00:00+00:00,2023
2024-07-06 21:00:00+00:00,0.0,0.0,2023-07-06 21:00:00+00:00,2023
2024-07-06 22:00:00+00:00,0.0,0.0,2023-07-06 22:00:00+00:00,2023
2024-07-06 23:00:00+00:00,0.0,0.0,2023-07-06 23:00:00+00:00,2023
2024-07-07 00:00:00+00:00,0.0,0.0,2023-07-07 00:00:00+00:00,2023
2024-07-07 01:00:00+00:00,0.0,0.0,2023-07-07 01:00:00+00:00,2023
2024-07-07 02:00:00+00:00,0.0,0.0,2023-07-07 02:00:00+00:00,2023
2024-07-07 03:00:00+00:00,0.0,0.0,2023-07-07 03:00:00+00:00,2023
2024-07-07 04:00:00+00:00,0.0,0.0,2023-07-07 04:00:00+00:00,2023
2024-07-07 05:00:00+00:00,38.0,6.62,2023-07-07 05:00:00+00:00,2023
2024-07-07 06:00:00+00:00,98.0,14.54,2023-07-07 06:00:00+00:00,2023
2024-07-07 07:00:00+00:00,177.0,23.02,2023-07-07 07:00:00+00:00,2023
2024-07-07 08:00:00+00:00,175.0,31.72,2023-07-07 08:00:00+00:00,2023
2024-07-07 09:00:00+00:00,167.0,40.23,2023-07-07 09:00:00+00:00,2023
2024-07-07 10:00:00+00:00,670.0,48.01,2023-07-07 10:00:00+00:00,2023
2024-07-07 11:00:00+00:00,548.0,54.23,2023-07-07 11:00:00+00:00,2023
2024-07-07 12:00:00+00:00,636.0,57.73,2023-07-07 12:00:00+00:00,2023
2024-07-07 13:00:00+00:00,591.0,57.49,2023-07-07 13:00:00+00:00,2023
2024-07-07 14:00:00+00:00,563.0,53.61,2023-07-07 14:00:00+00:00,2023
2024-07-07 15:00:00+00:00,611.0,47.14,2023-07-07 15:00:00+00:00,2023
2024-07-07 16:00:00+00:00,455.0,39.24,2023-07-07 16:00:00+00:00,2023
2024-07-07 17:00:00+00:00,363.0,30.68,2023-07-07 17:00:00+00:00,2023
2024-07-07 18:00:00+00:00,317.0,21.99,2023-07-07 18:00:00+00:00,2023
2024-07-07 19:00:00+00:00,108.0,13.56,2023-07-07 19:00:00+00:00,2023
2024-07-07 20:00:00+00:00,36.75,5.73,2023-07-07 20:00:00+00:00,2023
2024-07-07 21:00:00+00:00,0.0,0.0,2023-07-07 21:00:00+00:00,2023
2024-07-07 22:00:00+00:00,0.0,0.0,2023-07-07 22:00:00+00:00,2023
2024-07-07 23:00:00+00:00,0.0,0.0,2023-07-07 23:00:00+00:00,2023
2024-07-08 00:00:00+00:00,0.0,0.0,2023-07-08 00:00:00+00:00,2023
2024-07-08 01:00:00+00:00,0.0,0.0,2023-07-08 01:00:00+00:00,2023
2024-07-08 02:00:00+00:00,0.0,0.0,2023-07-08 02:00:00+00:00,2023
2024-07-08 03:00:00+00:00,0.0,0.0,2023-07-08 03:00:00+00:00,2023
2024-07-08 04:00:00+00:00,0.0,0.0,2023-07-08 04:00:00+00:00,2023
2024-07-08 05:00:00+00:00,6.0,6.51,2023-07-08 05:00:00+00:00,2023
2024-07-08 06:00:00+00:00,23.0,14.44,2023-07-08 06:00:00+00:00,2023
2024-07-08 07:00:00+00:00,90.0,22.92,2023-07-08 07:00:00+00:00,2023
2024-07-08 08:00:00+00:00,260.0,31.61,2023-07-08 08:00:00+00:00,2023
2024-07-08 09:00:00+00:00,212.0,40.12,2023-07-08 09:00:00+00:00,2023
2024-07-08 10:00:00+00:00,472.0,47.9,2023-07-08 10:00:00+00:00,2023
2024-07-08 11:00:00+00:00,490.0,54.12,2023-07-08 11:00:00+00:00,2023
2024-07-08 12:00:00+00:00,333.0,57.61,2023-07-08 12:00:00+00:00,2023
2024-07-08 13:00:00+00:00,464.0,57.39,2023-07-08 13:00:00+00:00,2023
2024-07-08 14:00:00+00:00,552.0,53.52,2023-07-08 14:00:00+00:00,2023
2024-07-08 15:00:00+00:00,424.0,47.07,2023-07-08 15:00:00+00:00,2023
2024-07-08 16:00:00+00:00,284.0,39.17,2023-07-08 16:00:00+00:00,2023
2024-07-08 17:00:00+00:00,365.0,30.62,2023-07-08 17:00:00+00:00,2023
2024-07-08 18:00:00+00:00,242.0,21.93,2023-07-08 18:00:00+00:00,2023
2024-07-08 19:00:00+00:00,16.0,13.49,2023-07-08 19:00:00+00:00,2023
2024-07-08 20:00:00+00:00,43.769999999999996,5.65,2023-07-08 20:00:00+00:00,2023
2024-07-08 21:00:00+00:00,0.0,0.0,2023-07-08 21:00:00+00:00,2023
2024-07-08 22:00:00+00:00,0.0,0.0,2023-07-08 22:00:00+00:00,2023
2024-07-08 23:00:00+00:00,0.0,0.0,2023-07-08 23:00:00+00:00,2023
2024-07-09 00:00:00+00:00,0.0,0.0,2023-07-09 00:00:00+00:00,2023
2024-07-09 01:00:00+00:00,0.0,0.0,2023-07-09 01:00:00+00:00,2023
2024-07-09 02:00:00+00:00,0.0,0.0,2023-07-09 02:00:00+00:00,2023
2024-07-09 03:00:00+00:00,0.0,0.0,2023-07-09 03:00:00+00:00,2023
2024-07-09 04:00:00+00:00,0.0,0.0,2023-07-09 04:00:00+00:00,2023
2024-07-09 05:00:00+00:00,69.0,6.4,2023-07-09 05:00:00+00:00,2023
2024-07-09 06:00:00+00:00,144.0,14.32,2023-07-09 06:00:00+00:00,2023
2024-07-09 07:00:00+00:00,293.0,22.8,2023-07-09 07:00:00+00:00,2023
2024-07-09 08:00:00+00:00,234.0,31.5,2023-07-09 08:00:00+00:00,2023
2024-07-09 09:00:00+00:00,135.0,40.01,2023-07-09 09:00:00+00:00,2023
2024-07-09 10:00:00+00:00,635.0,47.79,2023-07-09 10:00:00+00:00,2023
2024-07-09 11:00:00+00:00,594.0,54.0,2023-07-09 11:00:00+00:00,2023
2024-07-09 12:00:00+00:00,486.0,57.49,2023-07-09 12:00:00+00:00,2023
2024-07-09 13:00:00+00:00,292.0,57.28,2023-07-09 13:00:00+00:00,2023
2024-07-09 14:00:00+00:00,509.0,53.43,2023-07-09 14:00:00+00:00,2023
2024-07-09 15:00:00+00:00,663.0,46.99,2023-07-09 15:00:00+00:00,2023
2024-07-09 16:00:00+00:00,459.0,39.1,2023-07-09 16:00:00+00:00,2023
2024-07-09 17:00:00+00:00,250.0,30.55,2023-07-09 17:00:00+00:00,2023
2024-07-09 18:00:00+00:00,62.0,21.86,2023-07-09 18:00:00+00:00,2023
2024-07-09 19:00:00+00:00,149.0,13.42,2023-07-09 19:00:00+00:00,2023
2024-07-09 20:00:00+00:00,40.620000000000005,5.58,2023-07-09 20:00:00+00:00,2023
2024-07-09 21:00:00+00:00,0.0,0.0,2023-07-09 21:00:00+00:00,2023
2024-07-09 22:00:00+00:00,0.0,0.0,2023-07-09 22:00:00+00:00,2023
2024-07-09 23:00:00+00:00,0.0,0.0,2023-07-09 23:00:00+00:00,2023
2024-07-10 00:00:00+00:00,0.0,0.0,2023-07-10 00:00:00+00:00,2023
2024-07-10 01:00:00+00:00,0.0,0.0,2023-07-10 01:00:00+00:00,2023
2024-07-10 02:00:00+00:00,0.0,0.0,2023-07-10 02:00:00+00:00,2023
2024-07-10 03:00:00+00:00,0.0,0.0,2023-07-10 03:00:00+00:00,2023
2024-07-10 04:00:00+00:00,0.0,0.0,2023-07-10 04:00:00+00:00,2023
2024-07-10 05:00:00+00:00,34.0,6.28,2023-07-10 05:00:00+00:00,2023
2024-07-10 06:00:00+00:00,27.0,14.2,2023-07-10 06:00:00+00:00,2023
2024-07-10 07:00:00+00:00,133.0,22.69,2023-07-10 07:00:00+00:00,2023
2024-07-10 08:00:00+00:00,172.0,31.38,2023-07-10 08:00:00+00:00,2023
2024-07-10 09:00:00+00:00,144.0,39.89,2023-07-10 09:00:00+00:00,2023
2024-07-10 10:00:00+00:00,369.0,47.66,2023-07-10 10:00:00+00:00,2023
2024-07-10 11:00:00+00:00,543.0,53.87,2023-07-10 11:00:00+00:00,2023
2024-07-10 12:00:00+00:00,332.0,57.37,2023-07-10 12:00:00+00:00,2023
2024-07-10 13:00:00+00:00,394.0,57.17,2023-07-10 13:00:00+00:00,2023
2024-07-10 14:00:00+00:00,142.0,53.33,2023-07-10 14:00:00+00:00,2023
2024-07-10 15:00:00+00:00,360.0,46.91,2023-07-10 15:00:00+00:00,2023
2024-07-10 16:00:00+00:00,170.0,39.02,2023-07-10 16:00:00+00:00,2023
2024-07-10 17:00:00+00:00,42.0,30.47,2023-07-10 17:00:00+00:00,2023
2024-07-10 18:00:00+00:00,183.0,21.78,2023-07-10 18:00:00+00:00,2023
2024-07-10 19:00:00+00:00,101.0,13.34,2023-07-10 19:00:00+00:00,2023
2024-07-10 20:00:00+00:00,36.480000000000004,5.49,2023-07-10 20:00:00+00:00,2023
2024-07-10 21:00:00+00:00,0.0,0.0,2023-07-10 21:00:00+00:00,2023
2024-07-10 22:00:00+00:00,0.0,0.0,2023-07-10 22:00:00+00:00,2023
2024-07-10 23:00:00+00:00,0.0,0.0,2023-07-10 23:00:00+00:00,2023
2024-07-11 00:00:00+00:00,0.0,0.0,2023-07-11 00:00:00+00:00,2023
2024-07-11 01:00:00+00:00,0.0,0.0,2023-07-11 01:00:00+00:00,2023
2024-07-11 02:00:00+00:00,0.0,0.0,2023-07-11 02:00:00+00:00,2023
2024-07-11 03:00:00+00:00,0.0,0.0,2023-07-11 03:00:00+00:00,2023
2024-07-11 04:00:00+00:00,0.0,0.0,2023-07-11 04:00:00+00:00,2023
2024-07-11 05:00:00+00:00,44.0,6.15,2023-07-11 05:00:00+00:00,2023
2024-07-11 06:00:00+00:00,64.0,14.08,2023-07-11 06:00:00+00:00,2023
2024-07-11 07:00:00+00:00,281.0,22.57,2023-07-11 07:00:00+00:00,2023
2024-07-11 08:00:00+00:00,427.0,31.26,2023-07-11 08:00:00+00:00,2023
2024-07-11 09:00:00+00:00,592.0,39.77,2023-07-11 09:00:00+00:00,2023
2024-07-11 10:00:00+00:00,561.0,47.54,2023-07-11 10:00:00+00:00,2023
2024-07-11 11:00:00+00:00,778.01,53.74,2023-07-11 11:00:00+00:00,2023
2024-07-11 12:00:00+00:00,636.0,57.24,2023-07-11 12:00:00+00:00,2023
2024-07-11 13:00:00+00:00,735.0,57.04,2023-07-11 13:00:00+00:00,2023
2024-07-11 14:00:00+00:00,593.0,53.22,2023-07-11 14:00:00+00:00,2023
2024-07-11 15:00:00+00:00,449.0,46.81,2023-07-11 15:00:00+00:00,2023
2024-07-11 16:00:00+00:00,154.0,38.94,2023-07-11 16:00:00+00:00,2023
2024-07-11 17:00:00+00:00,113.0,30.39,2023-07-11 17:00:00+00:00,2023
2024-07-11 18:00:00+00:00,63.0,21.7,2023-07-11 18:00:00+00:00,2023
2024-07-11 19:00:00+00:00,16.0,13.26,2023-07-11 19:00:00+00:00,2023
2024-07-11 20:00:00+00:00,12.0,5.4,2023-07-11 20:00:00+00:00,2023
2024-07-11 21:00:00+00:00,0.0,0.0,2023-07-11 21:00:00+00:00,2023
2024-07-11 22:00:00+00:00,0.0,0.0,2023-07-11 22:00:00+00:00,2023
2024-07-11 23:00:00+00:00,0.0,0.0,2023-07-11 23:00:00+00:00,2023
2024-07-12 00:00:00+00:00,0.0,0.0,2023-07-12 00:00:00+00:00,2023
2024-07-12 01:00:00+00:00,0.0,0.0,2023-07-12 01:00:00+00:00,2023
2024-07-12 02:00:00+00:00,0.0,0.0,2023-07-12 02:00:00+00:00,2023
2024-07-12 03:00:00+00:00,0.0,0.0,2023-07-12 03:00:00+00:00,2023
2024-07-12 04:00:00+00:00,0.0,0.0,2023-07-12 04:00:00+00:00,2023
2024-07-12 05:00:00+00:00,57.0,6.02,2023-07-12 05:00:00+00:00,2023
2024-07-12 06:00:00+00:00,115.0,13.95,2023-07-12 06:00:00+00:00,2023
2024-07-12 07:00:00+00:00,268.0,22.44,2023-07-12 07:00:00+00:00,2023
2024-07-12 08:00:00+00:00,253.0,31.14,2023-07-12 08:00:00+00:00,2023
2024-07-12 09:00:00+00:00,477.0,39.64,2023-07-12 09:00:00+00:00,2023
2024-07-12 10:00:00+00:00,433.0,47.41,2023-07-12 10:00:00+00:00,2023
2024-07-12 11:00:00+00:00,451.0,53.6,2023-07-12 11:00:00+00:00,2023
2024-07-12 12:00:00+00:00,623.0,57.1,2023-07-12 12:00:00+00:00,2023
2024-07-12 13:00:00+00:00,337.0,56.92,2023-07-12 13:00:00+00:00,2023
2024-07-12 14:00:00+00:00,394.0,53.11,2023-07-12 14:00:00+00:00,2023
2024-07-12 15:00:00+00:00,509.0,46.71,2023-07-12 15:00:00+00:00,2023
2024-07-12 16:00:00+00:00,333.0,38.85,2023-07-12 16:00:00+00:00,2023
2024-07-12 17:00:00+00:00,224.0,30.31,2023-07-12 17:00:00+00:00,2023
2024-07-12 18:00:00+00:00,182.0,21.62,2023-07-12 18:00:00+00:00,2023
2024-07-12 19:00:00+00:00,82.0,13.17,2023-07-12 19:00:00+00:00,2023
2024-07-12 20:00:00+00:00,10.0,5.3,2023-07-12 20:00:00+00:00,2023
2024-07-12 21:00:00+00:00,0.0,0.0,2023-07-12 21:00:00+00:00,2023
2024-07-12 22:00:00+00:00,0.0,0.0,2023-07-12 22:00:00+00:00,2023
2024-07-12 23:00:00+00:00,0.0,0.0,2023-07-12 23:00:00+00:00,2023
2024-07-13 00:00:00+00:00,0.0,0.0,2023-07-13 00:00:00+00:00,2023
2024-07-13 01:00:00+00:00,0.0,0.0,2023-07-13 01:00:00+00:00,2023
2024-07-13 02:00:00+00:00,0.0,0.0,2023-07-13 02:00:00+00:00,2023
2024-07-13 03:00:00+00:00,0.0,0.0,2023-07-13 03:00:00+00:00,2023
2024-07-13 04:00:00+00:00,0.0,0.0,2023-07-13 04:00:00+00:00,2023
2024-07-13 05:00:00+00:00,31.0,5.89,2023-07-13 05:00:00+00:00,2023
2024-07-13 06:00:00+00:00,106.0,13.82,2023-07-13 06:00:00+00:00,2023
2024-07-13 07:00:00+00:00,319.0,22.31,2023-07-13 07:00:00+00:00,2023
2024-07-13 08:00:00+00:00,396.0,31.01,2023-07-13 08:00:00+00:00,2023
2024-07-13 09:00:00+00:00,557.0,39.51,2023-07-13 09:00:00+00:00,2023
2024-07-13 10:00:00+00:00,606.0,47.27,2023-07-13 10:00:00+00:00,2023
2024-07-13 11:00:00+00:00,589.0,53.46,2023-07-13 11:00:00+00:00,2023
2024-07-13 12:00:00+00:00,584.0,56.96,2023-07-13 12:00:00+00:00,2023
2024-07-13 13:00:00+00:00,600.0,56.78,2023-07-13 13:00:00+00:00,2023
2024-07-13 14:00:00+00:00,432.0,52.99,2023-07-13 14:00:00+00:00,2023
2024-07-13 15:00:00+00:00,372.0,46.61,2023-07-13 15:00:00+00:00,2023
2024-07-13 16:00:00+00:00,173.0,38.75,2023-07-13 16:00:00+00:00,2023
2024-07-13 17:00:00+00:00,141.0,30.22,2023-07-13 17:00:00+00:00,2023
2024-07-13 18:00:00+00:00,179.0,21.52,2023-07-13 18:00:00+00:00,2023
2024-07-13 19:00:00+00:00,20.0,13.07,2023-07-13 19:00:00+00:00,2023
2024-07-13 20:00:00+00:00,5.0,5.2,2023-07-13 20:00:00+00:00,2023
2024-07-13 21:00:00+00:00,0.0,0.0,2023-07-13 21:00:00+00:00,2023
2024-07-13 22:00:00+00:00,0.0,0.0,2023-07-13 22:00:00+00:00,2023
2024-07-13 23:00:00+00:00,0.0,0.0,2023-07-13 23:00:00+00:00,2023
2024-07-14 00:00:00+00:00,0.0,0.0,2023-07-14 00:00:00+00:00,2023
2024-07-14 01:00:00+00:00,0.0,0.0,2023-07-14 01:00:00+00:00,2023
2024-07-14 02:00:00+00:00,0.0,0.0,2023-07-14 02:00:00+00:00,2023
2024-07-14 03:00:00+00:00,0.0,0.0,2023-07-14 03:00:00+00:00,2023
2024-07-14 04:00:00+00:00,0.0,0.0,2023-07-14 04:00:00+00:00,2023
2024-07-14 05:00:00+00:00,20.0,5.75,2023-07-14 05:00:00+00:00,2023
2024-07-14 06:00:00+00:00,86.0,13.69,2023-07-14 06:00:00+00:00,2023
2024-07-14 07:00:00+00:00,77.0,22.18,2023-07-14 07:00:00+00:00,2023
2024-07-14 08:00:00+00:00,95.0,30.88,2023-07-14 08:00:00+00:00,2023
2024-07-14 09:00:00+00:00,128.0,39.38,2023-07-14 09:00:00+00:00,2023
2024-07-14 10:00:00+00:00,75.0,47.13,2023-07-14 10:00:00+00:00,2023
2024-07-14 11:00:00+00:00,115.0,53.31,2023-07-14 11:00:00+00:00,2023
2024-07-14 12:00:00+00:00,109.0,56.81,2023-07-14 12:00:00+00:00,2023
2024-07-14 13:00:00+00:00,122.0,56.64,2023-07-14 13:00:00+00:00,2023
2024-07-14 14:00:00+00:00,112.0,52.86,2023-07-14 14:00:00+00:00,2023
2024-07-14 15:00:00+00:00,254.0,46.5,2023-07-14 15:00:00+00:00,2023
2024-07-14 16:00:00+00:00,112.0,38.65,2023-07-14 16:00:00+00:00,2023
2024-07-14 17:00:00+00:00,41.0,30.12,2023-07-14 17:00:00+00:00,2023
2024-07-14 18:00:00+00:00,28.0,21.42,2023-07-14 18:00:00+00:00,2023
2024-07-14 19:00:00+00:00,15.0,12.97,2023-07-14 19:00:00+00:00,2023
2024-07-14 20:00:00+00:00,22.81,5.09,2023-07-14 20:00:00+00:00,2023
2024-07-14 21:00:00+00:00,0.0,0.0,2023-07-14 21:00:00+00:00,2023
2024-07-14 22:00:00+00:00,0.0,0.0,2023-07-14 22:00:00+00:00,2023
2024-07-14 23:00:00+00:00,0.0,0.0,2023-07-14 23:00:00+00:00,2023
2024-07-15 00:00:00+00:00,0.0,0.0,2023-07-15 00:00:00+00:00,2023
2024-07-15 01:00:00+00:00,0.0,0.0,2023-07-15 01:00:00+00:00,2023
2024-07-15 02:00:00+00:00,0.0,0.0,2023-07-15 02:00:00+00:00,2023
2024-07-15 03:00:00+00:00,0.0,0.0,2023-07-15 03:00:00+00:00,2023
2024-07-15 04:00:00+00:00,0.0,0.0,2023-07-15 04:00:00+00:00,2023
2024-07-15 05:00:00+00:00,45.05,5.6,2023-07-15 05:00:00+00:00,2023
2024-07-15 06:00:00+00:00,123.0,13.55,2023-07-15 06:00:00+00:00,2023
2024-07-15 07:00:00+00:00,208.0,22.04,2023-07-15 07:00:00+00:00,2023
2024-07-15 08:00:00+00:00,106.0,30.74,2023-07-15 08:00:00+00:00,2023
2024-07-15 09:00:00+00:00,67.0,39.24,2023-07-15 09:00:00+00:00,2023
2024-07-15 10:00:00+00:00,94.0,46.98,2023-07-15 10:00:00+00:00,2023
2024-07-15 11:00:00+00:00,125.0,53.16,2023-07-15 11:00:00+00:00,2023
2024-07-15 12:00:00+00:00,158.0,56.65,2023-07-15 12:00:00+00:00,2023
2024-07-15 13:00:00+00:00,126.0,56.49,2023-07-15 13:00:00+00:00,2023
2024-07-15 14:00:00+00:00,214.0,52.73,2023-07-15 14:00:00+00:00,2023
2024-07-15 15:00:00+00:00,230.0,46.38,2023-07-15 15:00:00+00:00,2023
2024-07-15 16:00:00+00:00,85.0,38.54,2023-07-15 16:00:00+00:00,2023
2024-07-15 17:00:00+00:00,82.0,30.01,2023-07-15 17:00:00+00:00,2023
2024-07-15 18:00:00+00:00,61.0,21.32,2023-07-15 18:00:00+00:00,2023
2024-07-15 19:00:00+00:00,22.0,12.86,2023-07-15 19:00:00+00:00,2023
2024-07-15 20:00:00+00:00,16.0,4.97,2023-07-15 20:00:00+00:00,2023
2024-07-15 21:00:00+00:00,0.0,0.0,2023-07-15 21:00:00+00:00,2023
2024-07-15 22:00:00+00:00,0.0,0.0,2023-07-15 22:00:00+00:00,2023
2024-07-15 23:00:00+00:00,0.0,0.0,2023-07-15 23:00:00+00:00,2023
2024-07-16 00:00:00+00:00,0.0,0.0,2023-07-16 00:00:00+00:00,2023
2024-07-16 01:00:00+00:00,0.0,0.0,2023-07-16 01:00:00+00:00,2023
2024-07-16 02:00:00+00:00,0.0,0.0,2023-07-16 02:00:00+00:00,2023
2024-07-16 03:00:00+00:00,0.0,0.0,2023-07-16 03:00:00+00:00,2023
2024-07-16 04:00:00+00:00,0.0,0.0,2023-07-16 04:00:00+00:00,2023
2024-07-16 05:00:00+00:00,17.0,5.46,2023-07-16 05:00:00+00:00,2023
2024-07-16 06:00:00+00:00,87.0,13.41,2023-07-16 06:00:00+00:00,2023
2024-07-16 07:00:00+00:00,154.0,21.9,2023-07-16 07:00:00+00:00,2023
2024-07-16 08:00:00+00:00,265.0,30.6,2023-07-16 08:00:00+00:00,2023
2024-07-16 09:00:00+00:00,304.0,39.09,2023-07-16 09:00:00+00:00,2023
2024-07-16 10:00:00+00:00,192.0,46.83,2023-07-16 10:00:00+00:00,2023
2024-07-16 11:00:00+00:00,522.0,53.01,2023-07-16 11:00:00+00:00,2023
2024-07-16 12:00:00+00:00,754.01,56.49,2023-07-16 12:00:00+00:00,2023
2024-07-16 13:00:00+00:00,826.01,56.34,2023-07-16 13:00:00+00:00,2023
2024-07-16 14:00:00+00:00,552.0,52.59,2023-07-16 14:00:00+00:00,2023
2024-07-16 15:00:00+00:00,735.01,46.26,2023-07-16 15:00:00+00:00,2023
2024-07-16 16:00:00+00:00,586.0,38.43,2023-07-16 16:00:00+00:00,2023
2024-07-16 17:00:00+00:00,380.0,29.9,2023-07-16 17:00:00+00:00,2023
2024-07-16 18:00:00+00:00,263.0,21.21,2023-07-16 18:00:00+00:00,2023
2024-07-16 19:00:00+00:00,161.0,12.74,2023-07-16 19:00:00+00:00,2023
2024-07-16 20:00:00+00:00,38.78,4.85,2023-07-16 20:00:00+00:00,2023
2024-07-16 21:00:00+00:00,0.0,0.0,2023-07-16 21:00:00+00:00,2023
2024-07-16 22:00:00+00:00,0.0,0.0,2023-07-16 22:00:00+00:00,2023
2024-07-16 23:00:00+00:00,0.0,0.0,2023-07-16 23:00:00+00:00,2023
2024-07-17 00:00:00+00:00,0.0,0.0,2023-07-17 00:00:00+00:00,2023
2024-07-17 01:00:00+00:00,0.0,0.0,2023-07-17 01:00:00+00:00,2023
2024-07-17 02:00:00+00:00,0.0,0.0,2023-07-17 02:00:00+00:00,2023
2024-07-17 03:00:00+00:00,0.0,0.0,2023-07-17 03:00:00+00:00,2023
2024-07-17 04:00:00+00:00,0.0,0.0,2023-07-17 04:00:00+00:00,2023
2024-07-17 05:00:00+00:00,37.91,5.31,2023-07-17 05:00:00+00:00,2023
2024-07-17 06:00:00+00:00,172.0,13.26,2023-07-17 06:00:00+00:00,2023
2024-07-17 07:00:00+00:00,295.0,21.76,2023-07-17 07:00:00+00:00,2023
2024-07-17 08:00:00+00:00,424.0,30.46,2023-07-17 08:00:00+00:00,2023
2024-07-17 09:00:00+00:00,468.0,38.95,2023-07-17 09:00:00+00:00,2023
2024-07-17 10:00:00+00:00,620.0,46.68,2023-07-17 10:00:00+00:00,2023
2024-07-17 11:00:00+00:00,789.01,52.84,2023-07-17 11:00:00+00:00,2023
2024-07-17 12:00:00+00:00,848.01,56.32,2023-07-17 12:00:00+00:00,2023
2024-07-17 13:00:00+00:00,886.01,56.18,2023-07-17 13:00:00+00:00,2023
2024-07-17 14:00:00+00:00,797.01,52.45,2023-07-17 14:00:00+00:00,2023
2024-07-17 15:00:00+00:00,587.0,46.13,2023-07-17 15:00:00+00:00,2023
2024-07-17 16:00:00+00:00,513.0,38.31,2023-07-17 16:00:00+00:00,2023
2024-07-17 17:00:00+00:00,266.0,29.79,2023-07-17 17:00:00+00:00,2023
2024-07-17 18:00:00+00:00,148.0,21.09,2023-07-17 18:00:00+00:00,2023
2024-07-17 19:00:00+00:00,34.0,12.62,2023-07-17 19:00:00+00:00,2023
2024-07-17 20:00:00+00:00,8.0,4.72,2023-07-17 20:00:00+00:00,2023
2024-07-17 21:00:00+00:00,0.0,0.0,2023-07-17 21:00:00+00:00,2023
2024-07-17 22:00:00+00:00,0.0,0.0,2023-07-17 22:00:00+00:00,2023
2024-07-17 23:00:00+00:00,0.0,0.0,2023-07-17 23:00:00+00:00,2023
2024-07-18 00:00:00+00:00,0.0,0.0,2023-07-18 00:00:00+00:00,2023
2024-07-18 01:00:00+00:00,0.0,0.0,2023-07-18 01:00:00+00:00,2023
2024-07-18 02:00:00+00:00,0.0,0.0,2023-07-18 02:00:00+00:00,2023
2024-07-18 03:00:00+00:00,0.0,0.0,2023-07-18 03:00:00+00:00,2023
2024-07-18 04:00:00+00:00,0.0,0.0,2023-07-18 04:00:00+00:00,2023
2024-07-18 05:00:00+00:00,5.0,5.15,2023-07-18 05:00:00+00:00,2023
2024-07-18 06:00:00+00:00,39.0,13.11,2023-07-18 06:00:00+00:00,2023
2024-07-18 07:00:00+00:00,96.0,21.61,2023-07-18 07:00:00+00:00,2023
2024-07-18 08:00:00+00:00,192.0,30.31,2023-07-18 08:00:00+00:00,2023
2024-07-18 09:00:00+00:00,451.0,38.8,2023-07-18 09:00:00+00:00,2023
2024-07-18 10:00:00+00:00,403.0,46.52,2023-07-18 10:00:00+00:00,2023
2024-07-18 11:00:00+00:00,696.0,52.68,2023-07-18 11:00:00+00:00,2023
2024-07-18 12:00:00+00:00,571.0,56.15,2023-07-18 12:00:00+00:00,2023
2024-07-18 13:00:00+00:00,432.0,56.01,2023-07-18 13:00:00+00:00,2023
2024-07-18 14:00:00+00:00,223.0,52.3,2023-07-18 14:00:00+00:00,2023
2024-07-18 15:00:00+00:00,498.0,45.99,2023-07-18 15:00:00+00:00,2023
2024-07-18 16:00:00+00:00,490.0,38.18,2023-07-18 16:00:00+00:00,2023
2024-07-18 17:00:00+00:00,237.0,29.67,2023-07-18 17:00:00+00:00,2023
2024-07-18 18:00:00+00:00,209.0,20.97,2023-07-18 18:00:00+00:00,2023
2024-07-18 19:00:00+00:00,149.0,12.5,2023-07-18 19:00:00+00:00,2023
2024-07-18 20:00:00+00:00,22.79,4.59,2023-07-18 20:00:00+00:00,2023
2024-07-18 21:00:00+00:00,0.0,0.0,2023-07-18 21:00:00+00:00,2023
2024-07-18 22:00:00+00:00,0.0,0.0,2023-07-18 22:00:00+00:00,2023
2024-07-18 23:00:00+00:00,0.0,0.0,2023-07-18 23:00:00+00:00,2023
2024-07-19 00:00:00+00:00,0.0,0.0,2023-07-19 00:00:00+00:00,2023
2024-07-19 01:00:00+00:00,0.0,0.0,2023-07-19 01:00:00+00:00,2023
2024-07-19 02:00:00+00:00,0.0,0.0,2023-07-19 02:00:00+00:00,2023
2024-07-19 03:00:00+00:00,0.0,0.0,2023-07-19 03:00:00+00:00,2023
2024-07-19 04:00:00+00:00,0.0,0.0,2023-07-19 04:00:00+00:00,2023
2024-07-19 05:00:00+00:00,10.0,4.99,2023-07-19 05:00:00+00:00,2023
2024-07-19 06:00:00+00:00,142.0,12.96,2023-07-19 06:00:00+00:00,2023
2024-07-19 07:00:00+00:00,274.0,21.46,2023-07-19 07:00:00+00:00,2023
2024-07-19 08:00:00+00:00,231.0,30.16,2023-07-19 08:00:00+00:00,2023
2024-07-19 09:00:00+00:00,443.0,38.64,2023-07-19 09:00:00+00:00,2023
2024-07-19 10:00:00+00:00,345.0,46.36,2023-07-19 10:00:00+00:00,2023
2024-07-19 11:00:00+00:00,524.0,52.5,2023-07-19 11:00:00+00:00,2023
2024-07-19 12:00:00+00:00,682.0,55.97,2023-07-19 12:00:00+00:00,2023
2024-07-19 13:00:00+00:00,129.0,55.84,2023-07-19 13:00:00+00:00,2023
2024-07-19 14:00:00+00:00,160.0,52.14,2023-07-19 14:00:00+00:00,2023
2024-07-19 15:00:00+00:00,510.0,45.85,2023-07-19 15:00:00+00:00,2023
2024-07-19 16:00:00+00:00,501.0,38.05,2023-07-19 16:00:00+00:00,2023
2024-07-19 17:00:00+00:00,478.0,29.54,2023-07-19 17:00:00+00:00,2023
2024-07-19 18:00:00+00:00,216.0,20.84,2023-07-19 18:00:00+00:00,2023
2024-07-19 19:00:00+00:00,87.0,12.36,2023-07-19 19:00:00+00:00,2023
2024-07-19 20:00:00+00:00,4.0,4.45,2023-07-19 20:00:00+00:00,2023
2024-07-19 21:00:00+00:00,0.0,0.0,2023-07-19 21:00:00+00:00,2023
2024-07-19 22:00:00+00:00,0.0,0.0,2023-07-19 22:00:00+00:00,2023
2024-07-19 23:00:00+00:00,0.0,0.0,2023-07-19 23:00:00+00:00,2023
2024-07-20 00:00:00+00:00,0.0,0.0,2023-07-20 00:00:00+00:00,2023
2024-07-20 01:00:00+00:00,0.0,0.0,2023-07-20 01:00:00+00:00,2023
2024-07-20 02:00:00+00:00,0.0,0.0,2023-07-20 02:00:00+00:00,2023
2024-07-20 03:00:00+00:00,0.0,0.0,2023-07-20 03:00:00+00:00,2023
2024-07-20 04:00:00+00:00,0.0,0.0,2023-07-20 04:00:00+00:00,2023
2024-07-20 05:00:00+00:00,5.0,4.83,2023-07-20 05:00:00+00:00,2023
2024-07-20 06:00:00+00:00,39.0,12.8,2023-07-20 06:00:00+00:00,2023
2024-07-20 07:00:00+00:00,153.0,21.31,2023-07-20 07:00:00+00:00,2023
2024-07-20 08:00:00+00:00,153.0,30.01,2023-07-20 08:00:00+00:00,2023
2024-07-20 09:00:00+00:00,182.0,38.49,2023-07-20 09:00:00+00:00,2023
2024-07-20 10:00:00+00:00,462.0,46.2,2023-07-20 10:00:00+00:00,2023
2024-07-20 11:00:00+00:00,676.0,52.33,2023-07-20 11:00:00+00:00,2023
2024-07-20 12:00:00+00:00,659.0,55.79,2023-07-20 12:00:00+00:00,2023
2024-07-20 13:00:00+00:00,813.01,55.66,2023-07-20 13:00:00+00:00,2023
2024-07-20 14:00:00+00:00,770.01,51.97,2023-07-20 14:00:00+00:00,2023
2024-07-20 15:00:00+00:00,731.01,45.7,2023-07-20 15:00:00+00:00,2023
2024-07-20 16:00:00+00:00,517.0,37.91,2023-07-20 16:00:00+00:00,2023
2024-07-20 17:00:00+00:00,370.0,29.4,2023-07-20 17:00:00+00:00,2023
2024-07-20 18:00:00+00:00,227.0,20.71,2023-07-20 18:00:00+00:00,2023
2024-07-20 19:00:00+00:00,100.0,12.22,2023-07-20 19:00:00+00:00,2023
2024-07-20 20:00:00+00:00,7.0,4.3,2023-07-20 20:00:00+00:00,2023
2024-07-20 21:00:00+00:00,0.0,0.0,2023-07-20 21:00:00+00:00,2023
2024-07-20 22:00:00+00:00,0.0,0.0,2023-07-20 22:00:00+00:00,2023
2024-07-20 23:00:00+00:00,0.0,0.0,2023-07-20 23:00:00+00:00,2023
2024-07-21 00:00:00+00:00,0.0,0.0,2023-07-21 00:00:00+00:00,2023
2024-07-21 01:00:00+00:00,0.0,0.0,2023-07-21 01:00:00+00:00,2023
2024-07-21 02:00:00+00:00,0.0,0.0,2023-07-21 02:00:00+00:00,2023
2024-07-21 03:00:00+00:00,0.0,0.0,2023-07-21 03:00:00+00:00,2023
2024-07-21 04:00:00+00:00,0.0,0.0,2023-07-21 04:00:00+00:00,2023
2024-07-21 05:00:00+00:00,4.0,4.66,2023-07-21 05:00:00+00:00,2023
2024-07-21 06:00:00+00:00,32.0,12.64,2023-07-21 06:00:00+00:00,2023
2024-07-21 07:00:00+00:00,95.0,21.15,2023-07-21 07:00:00+00:00,2023
2024-07-21 08:00:00+00:00,218.0,29.85,2023-07-21 08:00:00+00:00,2023
2024-07-21 09:00:00+00:00,153.0,38.32,2023-07-21 09:00:00+00:00,2023
2024-07-21 10:00:00+00:00,142.0,46.03,2023-07-21 10:00:00+00:00,2023
2024-07-21 11:00:00+00:00,247.0,52.15,2023-07-21 11:00:00+00:00,2023
2024-07-21 12:00:00+00:00,175.0,55.6,2023-07-21 12:00:00+00:00,2023
2024-07-21 13:00:00+00:00,210.0,55.47,2023-07-21 13:00:00+00:00,2023
2024-07-21 14:00:00+00:00,267.0,51.8,2023-07-21 14:00:00+00:00,2023
2024-07-21 15:00:00+00:00,204.0,45.54,2023-07-21 15:00:00+00:00,2023
2024-07-21 16:00:00+00:00,180.0,37.77,2023-07-21 16:00:00+00:00,2023
2024-07-21 17:00:00+00:00,169.0,29.26,2023-07-21 17:00:00+00:00,2023
2024-07-21 18:00:00+00:00,57.0,20.57,2023-07-21 18:00:00+00:00,2023
2024-07-21 19:00:00+00:00,28.0,12.08,2023-07-21 19:00:00+00:00,2023
2024-07-21 20:00:00+00:00,5.0,4.15,2023-07-21 20:00:00+00:00,2023
2024-07-21 21:00:00+00:00,0.0,0.0,2023-07-21 21:00:00+00:00,2023
2024-07-21 22:00:00+00:00,0.0,0.0,2023-07-21 22:00:00+00:00,2023
2024-07-21 23:00:00+00:00,0.0,0.0,2023-07-21 23:00:00+00:00,2023
2024-07-22 00:00:00+00:00,0.0,0.0,2023-07-22 00:00:00+00:00,2023
2024-07-22 01:00:00+00:00,0.0,0.0,2023-07-22 01:00:00+00:00,2023
2024-07-22 02:00:00+00:00,0.0,0.0,2023-07-22 02:00:00+00:00,2023
2024-07-22 03:00:00+00:00,0.0,0.0,2023-07-22 03:00:00+00:00,2023
2024-07-22 04:00:00+00:00,0.0,0.0,2023-07-22 04:00:00+00:00,2023
2024-07-22 05:00:00+00:00,4.0,4.49,2023-07-22 05:00:00+00:00,2023
2024-07-22 06:00:00+00:00,46.0,12.48,2023-07-22 06:00:00+00:00,2023
2024-07-22 07:00:00+00:00,120.0,20.99,2023-07-22 07:00:00+00:00,2023
2024-07-22 08:00:00+00:00,189.0,29.69,2023-07-22 08:00:00+00:00,2023
2024-07-22 09:00:00+00:00,224.0,38.16,2023-07-22 09:00:00+00:00,2023
2024-07-22 10:00:00+00:00,165.0,45.85,2023-07-22 10:00:00+00:00,2023
2024-07-22 11:00:00+00:00,106.0,51.96,2023-07-22 11:00:00+00:00,2023
2024-07-22 12:00:00+00:00,135.0,55.41,2023-07-22 12:00:00+00:00,2023
2024-07-22 13:00:00+00:00,164.0,55.28,2023-07-22 13:00:00+00:00,2023
2024-07-22 14:00:00+00:00,192.0,51.63,2023-07-22 14:00:00+00:00,2023
2024-07-22 15:00:00+00:00,142.0,45.38,2023-07-22 15:00:00+00:00,2023
2024-07-22 16:00:00+00:00,100.0,37.62,2023-07-22 16:00:00+00:00,2023
2024-07-22 17:00:00+00:00,57.0,29.12,2023-07-22 17:00:00+00:00,2023
2024-07-22 18:00:00+00:00,36.0,20.42,2023-07-22 18:00:00+00:00,2023
2024-07-22 19:00:00+00:00,14.0,11.93,2023-07-22 19:00:00+00:00,2023
2024-07-22 20:00:00+00:00,3.0,3.99,2023-07-22 20:00:00+00:00,2023
2024-07-22 21:00:00+00:00,0.0,0.0,2023-07-22 21:00:00+00:00,2023
2024-07-22 22:00:00+00:00,0.0,0.0,2023-07-22 22:00:00+00:00,2023
2024-07-22 23:00:00+00:00,0.0,0.0,2023-07-22 23:00:00+00:00,2023
2024-07-23 00:00:00+00:00,0.0,0.0,2023-07-23 00:00:00+00:00,2023
2024-07-23 01:00:00+00:00,0.0,0.0,2023-07-23 01:00:00+00:00,2023
2024-07-23 02:00:00+00:00,0.0,0.0,2023-07-23 02:00:00+00:00,2023
2024-07-23 03:00:00+00:00,0.0,0.0,2023-07-23 03:00:00+00:00,2023
2024-07-23 04:00:00+00:00,0.0,0.0,2023-07-23 04:00:00+00:00,2023
2024-07-23 05:00:00+00:00,6.0,4.32,2023-07-23 05:00:00+00:00,2023
2024-07-23 06:00:00+00:00,46.0,12.31,2023-07-23 06:00:00+00:00,2023
2024-07-23 07:00:00+00:00,163.0,20.83,2023-07-23 07:00:00+00:00,2023
2024-07-23 08:00:00+00:00,99.0,29.53,2023-07-23 08:00:00+00:00,2023
2024-07-23 09:00:00+00:00,244.0,37.99,2023-07-23 09:00:00+00:00,2023
2024-07-23 10:00:00+00:00,212.0,45.67,2023-07-23 10:00:00+00:00,2023
2024-07-23 11:00:00+00:00,322.0,51.77,2023-07-23 11:00:00+00:00,2023
2024-07-23 12:00:00+00:00,382.0,55.21,2023-07-23 12:00:00+00:00,2023
2024-07-23 13:00:00+00:00,444.0,55.09,2023-07-23 13:00:00+00:00,2023
2024-07-23 14:00:00+00:00,608.0,51.44,2023-07-23 14:00:00+00:00,2023
2024-07-23 15:00:00+00:00,425.0,45.21,2023-07-23 15:00:00+00:00,2023
2024-07-23 16:00:00+00:00,292.0,37.46,2023-07-23 16:00:00+00:00,2023
2024-07-23 17:00:00+00:00,229.0,28.97,2023-07-23 17:00:00+00:00,2023
2024-07-23 18:00:00+00:00,113.0,20.27,2023-07-23 18:00:00+00:00,2023
2024-07-23 19:00:00+00:00,41.0,11.77,2023-07-23 19:00:00+00:00,2023
2024-07-23 20:00:00+00:00,3.0,3.83,2023-07-23 20:00:00+00:00,2023
2024-07-23 21:00:00+00:00,0.0,0.0,2023-07-23 21:00:00+00:00,2023
2024-07-23 22:00:00+00:00,0.0,0.0,2023-07-23 22:00:00+00:00,2023
2024-07-23 23:00:00+00:00,0.0,0.0,2023-07-23 23:00:00+00:00,2023
2024-07-24 00:00:00+00:00,0.0,0.0,2023-07-24 00:00:00+00:00,2023
2024-07-24 01:00:00+00:00,0.0,0.0,2023-07-24 01:00:00+00:00,2023
2024-07-24 02:00:00+00:00,0.0,0.0,2023-07-24 02:00:00+00:00,2023
2024-07-24 03:00:00+00:00,0.0,0.0,2023-07-24 03:00:00+00:00,2023
2024-07-24 04:00:00+00:00,0.0,0.0,2023-07-24 04:00:00+00:00,2023
2024-07-24 05:00:00+00:00,15.0,4.14,2023-07-24 05:00:00+00:00,2023
2024-07-24 06:00:00+00:00,118.0,12.14,2023-07-24 06:00:00+00:00,2023
2024-07-24 07:00:00+00:00,208.0,20.66,2023-07-24 07:00:00+00:00,2023
2024-07-24 08:00:00+00:00,312.0,29.36,2023-07-24 08:00:00+00:00,2023
2024-07-24 09:00:00+00:00,368.0,37.82,2023-07-24 09:00:00+00:00,2023
2024-07-24 10:00:00+00:00,620.0,45.49,2023-07-24 10:00:00+00:00,2023
2024-07-24 11:00:00+00:00,713.01,51.57,2023-07-24 11:00:00+00:00,2023
2024-07-24 12:00:00+00:00,819.01,55.0,2023-07-24 12:00:00+00:00,2023
2024-07-24 13:00:00+00:00,802.01,54.88,2023-07-24 13:00:00+00:00,2023
2024-07-24 14:00:00+00:00,488.0,51.25,2023-07-24 14:00:00+00:00,2023
2024-07-24 15:00:00+00:00,523.0,45.04,2023-07-24 15:00:00+00:00,2023
2024-07-24 16:00:00+00:00,494.0,37.3,2023-07-24 16:00:00+00:00,2023
2024-07-24 17:00:00+00:00,390.0,28.81,2023-07-24 17:00:00+00:00,2023
2024-07-24 18:00:00+00:00,285.0,20.11,2023-07-24 18:00:00+00:00,2023
2024-07-24 19:00:00+00:00,80.0,11.61,2023-07-24 19:00:00+00:00,2023
2024-07-24 20:00:00+00:00,5.0,3.66,2023-07-24 20:00:00+00:00,2023
2024-07-24 21:00:00+00:00,0.0,0.0,2023-07-24 21:00:00+00:00,2023
2024-07-24 22:00:00+00:00,0.0,0.0,2023-07-24 22:00:00+00:00,2023
2024-07-24 23:00:00+00:00,0.0,0.0,2023-07-24 23:00:00+00:00,2023
2024-07-25 00:00:00+00:00,0.0,0.0,2023-07-25 00:00:00+00:00,2023
2024-07-25 01:00:00+00:00,0.0,0.0,2023-07-25 01:00:00+00:00,2023
2024-07-25 02:00:00+00:00,0.0,0.0,2023-07-25 02:00:00+00:00,2023
2024-07-25 03:00:00+00:00,0.0,0.0,2023-07-25 03:00:00+00:00,2023
2024-07-25 04:00:00+00:00,0.0,0.0,2023-07-25 04:00:00+00:00,2023
2024-07-25 05:00:00+00:00,12.0,3.96,2023-07-25 05:00:00+00:00,2023
2024-07-25 06:00:00+00:00,77.0,11.97,2023-07-25 06:00:00+00:00,2023
2024-07-25 07:00:00+00:00,190.0,20.49,2023-07-25 07:00:00+00:00,2023
2024-07-25 08:00:00+00:00,287.0,29.19,2023-07-25 08:00:00+00:00,2023
2024-07-25 09:00:00+00:00,378.0,37.64,2023-07-25 09:00:00+00:00,2023
2024-07-25 10:00:00+00:00,259.0,45.31,2023-07-25 10:00:00+00:00,2023
2024-07-25 11:00:00+00:00,526.0,51.37,2023-07-25 11:00:00+00:00,2023
2024-07-25 12:00:00+00:00,584.0,54.79,2023-07-25 12:00:00+00:00,2023
2024-07-25 13:00:00+00:00,668.0,54.67,2023-07-25 13:00:00+00:00,2023
2024-07-25 14:00:00+00:00,539.0,51.06,2023-07-25 14:00:00+00:00,2023
2024-07-25 15:00:00+00:00,503.0,44.86,2023-07-25 15:00:00+00:00,2023
2024-07-25 16:00:00+00:00,484.0,37.13,2023-07-25 16:00:00+00:00,2023
2024-07-25 17:00:00+00:00,293.0,28.64,2023-07-25 17:00:00+00:00,2023
2024-07-25 18:00:00+00:00,186.0,19.95,2023-07-25 18:00:00+00:00,2023
2024-07-25 19:00:00+00:00,47.0,11.44,2023-07-25 19:00:00+00:00,2023
2024-07-25 20:00:00+00:00,12.0,3.48,2023-07-25 20:00:00+00:00,2023
2024-07-25 21:00:00+00:00,0.0,0.0,2023-07-25 21:00:00+00:00,2023
2024-07-25 22:00:00+00:00,0.0,0.0,2023-07-25 22:00:00+00:00,2023
2024-07-25 23:00:00+00:00,0.0,0.0,2023-07-25 23:00:00+00:00,2023
2024-07-26 00:00:00+00:00,0.0,0.0,2023-07-26 00:00:00+00:00,2023
2024-07-26 01:00:00+00:00,0.0,0.0,2023-07-26 01:00:00+00:00,2023
2024-07-26 02:00:00+00:00,0.0,0.0,2023-07-26 02:00:00+00:00,2023
2024-07-26 03:00:00+00:00,0.0,0.0,2023-07-26 03:00:00+00:00,2023
2024-07-26 04:00:00+00:00,0.0,0.0,2023-07-26 04:00:00+00:00,2023
2024-07-26 05:00:00+00:00,6.0,3.78,2023-07-26 05:00:00+00:00,2023
2024-07-26 06:00:00+00:00,48.0,11.79,2023-07-26 06:00:00+00:00,2023
2024-07-26 07:00:00+00:00,93.0,20.32,2023-07-26 07:00:00+00:00,2023
2024-07-26 08:00:00+00:00,63.0,29.02,2023-07-26 08:00:00+00:00,2023
2024-07-26 09:00:00+00:00,221.0,37.47,2023-07-26 09:00:00+00:00,2023
2024-07-26 10:00:00+00:00,149.0,45.12,2023-07-26 10:00:00+00:00,2023
2024-07-26 11:00:00+00:00,213.0,51.17,2023-07-26 11:00:00+00:00,2023
2024-07-26 12:00:00+00:00,154.0,54.58,2023-07-26 12:00:00+00:00,2023
2024-07-26 13:00:00+00:00,156.0,54.46,2023-07-26 13:00:00+00:00,2023
2024-07-26 14:00:00+00:00,138.0,50.86,2023-07-26 14:00:00+00:00,2023
2024-07-26 15:00:00+00:00,170.0,44.67,2023-07-26 15:00:00+00:00,2023
2024-07-26 16:00:00+00:00,147.0,36.95,2023-07-26 16:00:00+00:00,2023
2024-07-26 17:00:00+00:00,135.0,28.47,2023-07-26 17:00:00+00:00,2023
2024-07-26 18:00:00+00:00,78.0,19.78,2023-07-26 18:00:00+00:00,2023
2024-07-26 19:00:00+00:00,126.0,11.27,2023-07-26 19:00:00+00:00,2023
2024-07-26 20:00:00+00:00,2.0,3.3,2023-07-26 20:00:00+00:00,2023
2024-07-26 21:00:00+00:00,0.0,0.0,2023-07-26 21:00:00+00:00,2023
2024-07-26 22:00:00+00:00,0.0,0.0,2023-07-26 22:00:00+00:00,2023
2024-07-26 23:00:00+00:00,0.0,0.0,2023-07-26 23:00:00+00:00,2023
2024-07-27 00:00:00+00:00,0.0,0.0,2023-07-27 00:00:00+00:00,2023
2024-07-27 01:00:00+00:00,0.0,0.0,2023-07-27 01:00:00+00:00,2023
2024-07-27 02:00:00+00:00,0.0,0.0,2023-07-27 02:00:00+00:00,2023
2024-07-27 03:00:00+00:00,0.0,0.0,2023-07-27 03:00:00+00:00,2023
2024-07-27 04:00:00+00:00,0.0,0.0,2023-07-27 04:00:00+00:00,2023
2024-07-27 05:00:00+00:00,11.0,3.59,2023-07-27 05:00:00+00:00,2023
2024-07-27 06:00:00+00:00,86.0,11.61,2023-07-27 06:00:00+00:00,2023
2024-07-27 07:00:00+00:00,202.0,20.14,2023-07-27 07:00:00+00:00,2023
2024-07-27 08:00:00+00:00,277.0,28.84,2023-07-27 08:00:00+00:00,2023
2024-07-27 09:00:00+00:00,361.0,37.28,2023-07-27 09:00:00+00:00,2023
2024-07-27 10:00:00+00:00,372.0,44.92,2023-07-27 10:00:00+00:00,2023
2024-07-27 11:00:00+00:00,460.0,50.96,2023-07-27 11:00:00+00:00,2023
2024-07-27 12:00:00+00:00,477.0,54.36,2023-07-27 12:00:00+00:00,2023
2024-07-27 13:00:00+00:00,455.0,54.24,2023-07-27 13:00:00+00:00,2023
2024-07-27 14:00:00+00:00,526.0,50.65,2023-07-27 14:00:00+00:00,2023
2024-07-27 15:00:00+00:00,546.0,44.48,2023-07-27 15:00:00+00:00,2023
2024-07-27 16:00:00+00:00,380.0,36.77,2023-07-27 16:00:00+00:00,2023
2024-07-27 17:00:00+00:00,171.0,28.3,2023-07-27 17:00:00+00:00,2023
2024-07-27 18:00:00+00:00,113.0,19.6,2023-07-27 18:00:00+00:00,2023
2024-07-27 19:00:00+00:00,73.0,11.09,2023-07-27 19:00:00+00:00,2023
2024-07-27 20:00:00+00:00,4.0,3.12,2023-07-27 20:00:00+00:00,2023
2024-07-27 21:00:00+00:00,0.0,0.0,2023-07-27 21:00:00+00:00,2023
2024-07-27 22:00:00+00:00,0.0,0.0,2023-07-27 22:00:00+00:00,2023
2024-07-27 23:00:00+00:00,0.0,0.0,2023-07-27 23:00:00+00:00,2023
2024-07-28 00:00:00+00:00,0.0,0.0,2023-07-28 00:00:00+00:00,2023
2024-07-28 01:00:00+00:00,0.0,0.0,2023-07-28 01:00:00+00:00,2023
2024-07-28 02:00:00+00:00,0.0,0.0,2023-07-28 02:00:00+00:00,2023
2024-07-28 03:00:00+00:00,0.0,0.0,2023-07-28 03:00:00+00:00,2023
2024-07-28 04:00:00+00:00,0.0,0.0,2023-07-28 04:00:00+00:00,2023
2024-07-28 05:00:00+00:00,23.55,3.4,2023-07-28 05:00:00+00:00,2023
2024-07-28 06:00:00+00:00,105.0,11.43,2023-07-28 06:00:00+00:00,2023
2024-07-28 07:00:00+00:00,255.0,19.97,2023-07-28 07:00:00+00:00,2023
2024-07-28 08:00:00+00:00,386.0,28.66,2023-07-28 08:00:00+00:00,2023
2024-07-28 09:00:00+00:00,459.0,37.1,2023-07-28 09:00:00+00:00,2023
2024-07-28 10:00:00+00:00,648.0,44.73,2023-07-28 10:00:00+00:00,2023
2024-07-28 11:00:00+00:00,799.01,50.75,2023-07-28 11:00:00+00:00,2023
2024-07-28 12:00:00+00:00,528.0,54.13,2023-07-28 12:00:00+00:00,2023
2024-07-28 13:00:00+00:00,244.0,54.01,2023-07-28 13:00:00+00:00,2023
2024-07-28 14:00:00+00:00,277.0,50.44,2023-07-28 14:00:00+00:00,2023
2024-07-28 15:00:00+00:00,182.0,44.28,2023-07-28 15:00:00+00:00,2023
2024-07-28 16:00:00+00:00,164.0,36.59,2023-07-28 16:00:00+00:00,2023
2024-07-28 17:00:00+00:00,157.0,28.12,2023-07-28 17:00:00+00:00,2023
2024-07-28 18:00:00+00:00,25.0,19.42,2023-07-28 18:00:00+00:00,2023
2024-07-28 19:00:00+00:00,18.0,10.9,2023-07-28 19:00:00+00:00,2023
2024-07-28 20:00:00+00:00,2.0,2.92,2023-07-28 20:00:00+00:00,2023
2024-07-28 21:00:00+00:00,0.0,0.0,2023-07-28 21:00:00+00:00,2023
2024-07-28 22:00:00+00:00,0.0,0.0,2023-07-28 22:00:00+00:00,2023
2024-07-28 23:00:00+00:00,0.0,0.0,2023-07-28 23:00:00+00:00,2023
2024-07-29 00:00:00+00:00,0.0,0.0,2023-07-29 00:00:00+00:00,2023
2024-07-29 01:00:00+00:00,0.0,0.0,2023-07-29 01:00:00+00:00,2023
2024-07-29 02:00:00+00:00,0.0,0.0,2023-07-29 02:00:00+00:00,2023
2024-07-29 03:00:00+00:00,0.0,0.0,2023-07-29 03:00:00+00:00,2023
2024-07-29 04:00:00+00:00,0.0,0.0,2023-07-29 04:00:00+00:00,2023
2024-07-29 05:00:00+00:00,19.31,3.21,2023-07-29 05:00:00+00:00,2023
2024-07-29 06:00:00+00:00,115.0,11.24,2023-07-29 06:00:00+00:00,2023
2024-07-29 07:00:00+00:00,279.0,19.78,2023-07-29 07:00:00+00:00,2023
2024-07-29 08:00:00+00:00,222.0,28.48,2023-07-29 08:00:00+00:00,2023
2024-07-29 09:00:00+00:00,402.0,36.91,2023-07-29 09:00:00+00:00,2023
2024-07-29 10:00:00+00:00,461.0,44.53,2023-07-29 10:00:00+00:00,2023
2024-07-29 11:00:00+00:00,377.0,50.53,2023-07-29 11:00:00+00:00,2023
2024-07-29 12:00:00+00:00,418.0,53.9,2023-07-29 12:00:00+00:00,2023
2024-07-29 13:00:00+00:00,413.0,53.78,2023-07-29 13:00:00+00:00,2023
2024-07-29 14:00:00+00:00,606.0,50.22,2023-07-29 14:00:00+00:00,2023
2024-07-29 15:00:00+00:00,401.0,44.08,2023-07-29 15:00:00+00:00,2023
2024-07-29 16:00:00+00:00,241.0,36.39,2023-07-29 16:00:00+00:00,2023
2024-07-29 17:00:00+00:00,202.0,27.93,2023-07-29 17:00:00+00:00,2023
2024-07-29 18:00:00+00:00,111.0,19.23,2023-07-29 18:00:00+00:00,2023
2024-07-29 19:00:00+00:00,87.0,10.71,2023-07-29 19:00:00+00:00,2023
2024-07-29 20:00:00+00:00,15.56,2.72,2023-07-29 20:00:00+00:00,2023
2024-07-29 21:00:00+00:00,0.0,0.0,2023-07-29 21:00:00+00:00,2023
2024-07-29 22:00:00+00:00,0.0,0.0,2023-07-29 22:00:00+00:00,2023
2024-07-29 23:00:00+00:00,0.0,0.0,2023-07-29 23:00:00+00:00,2023
2024-07-30 00:00:00+00:00,0.0,0.0,2023-07-30 00:00:00+00:00,2023
2024-07-30 01:00:00+00:00,0.0,0.0,2023-07-30 01:00:00+00:00,2023
2024-07-30 02:00:00+00:00,0.0,0.0,2023-07-30 02:00:00+00:00,2023
2024-07-30 03:00:00+00:00,0.0,0.0,2023-07-30 03:00:00+00:00,2023
2024-07-30 04:00:00+00:00,0.0,0.0,2023-07-30 04:00:00+00:00,2023
2024-07-30 05:00:00+00:00,4.0,3.01,2023-07-30 05:00:00+00:00,2023
2024-07-30 06:00:00+00:00,81.0,11.05,2023-07-30 06:00:00+00:00,2023
2024-07-30 07:00:00+00:00,216.0,19.6,2023-07-30 07:00:00+00:00,2023
2024-07-30 08:00:00+00:00,223.0,28.29,2023-07-30 08:00:00+00:00,2023
2024-07-30 09:00:00+00:00,318.0,36.72,2023-07-30 09:00:00+00:00,2023
2024-07-30 10:00:00+00:00,285.0,44.32,2023-07-30 10:00:00+00:00,2023
2024-07-30 11:00:00+00:00,437.0,50.31,2023-07-30 11:00:00+00:00,2023
2024-07-30 12:00:00+00:00,152.0,53.66,2023-07-30 12:00:00+00:00,2023
2024-07-30 13:00:00+00:00,163.0,53.55,2023-07-30 13:00:00+00:00,2023
2024-07-30 14:00:00+00:00,151.0,49.99,2023-07-30 14:00:00+00:00,2023
2024-07-30 15:00:00+00:00,100.0,43.87,2023-07-30 15:00:00+00:00,2023
2024-07-30 16:00:00+00:00,65.0,36.19,2023-07-30 16:00:00+00:00,2023
2024-07-30 17:00:00+00:00,215.0,27.74,2023-07-30 17:00:00+00:00,2023
2024-07-30 18:00:00+00:00,36.0,19.04,2023-07-30 18:00:00+00:00,2023
2024-07-30 19:00:00+00:00,46.0,10.52,2023-07-30 19:00:00+00:00,2023
2024-07-30 20:00:00+00:00,2.0,2.52,2023-07-30 20:00:00+00:00,2023
2024-07-30 21:00:00+00:00,0.0,0.0,2023-07-30 21:00:00+00:00,2023
2024-07-30 22:00:00+00:00,0.0,0.0,2023-07-30 22:00:00+00:00,2023
2024-07-30 23:00:00+00:00,0.0,0.0,2023-07-30 23:00:00+00:00,2023
2024-07-31 00:00:00+00:00,0.0,0.0,2023-07-31 00:00:00+00:00,2023
2024-07-31 01:00:00+00:00,0.0,0.0,2023-07-31 01:00:00+00:00,2023
2024-07-31 02:00:00+00:00,0.0,0.0,2023-07-31 02:00:00+00:00,2023
2024-07-31 03:00:00+00:00,0.0,0.0,2023-07-31 03:00:00+00:00,2023
2024-07-31 04:00:00+00:00,0.0,0.0,2023-07-31 04:00:00+00:00,2023
2024-07-31 05:00:00+00:00,2.0,2.81,2023-07-31 05:00:00+00:00,2023
2024-07-31 06:00:00+00:00,50.0,10.86,2023-07-31 06:00:00+00:00,2023
2024-07-31 07:00:00+00:00,43.0,19.41,2023-07-31 07:00:00+00:00,2023
2024-07-31 08:00:00+00:00,148.0,28.11,2023-07-31 08:00:00+00:00,2023
2024-07-31 09:00:00+00:00,134.0,36.53,2023-07-31 09:00:00+00:00,2023
2024-07-31 10:00:00+00:00,74.0,44.12,2023-07-31 10:00:00+00:00,2023
2024-07-31 11:00:00+00:00,305.0,50.09,2023-07-31 11:00:00+00:00,2023
2024-07-31 12:00:00+00:00,222.0,53.42,2023-07-31 12:00:00+00:00,2023
2024-07-31 13:00:00+00:00,243.0,53.31,2023-07-31 13:00:00+00:00,2023
2024-07-31 14:00:00+00:00,308.0,49.76,2023-07-31 14:00:00+00:00,2023
2024-07-31 15:00:00+00:00,447.0,43.66,2023-07-31 15:00:00+00:00,2023
2024-07-31 16:00:00+00:00,540.0,35.99,2023-07-31 16:00:00+00:00,2023
2024-07-31 17:00:00+00:00,196.0,27.54,2023-07-31 17:00:00+00:00,2023
2024-07-31 18:00:00+00:00,155.0,18.84,2023-07-31 18:00:00+00:00,2023
2024-07-31 19:00:00+00:00,11.0,10.31,2023-07-31 19:00:00+00:00,2023
2024-07-31 20:00:00+00:00,1.0,2.31,2023-07-31 20:00:00+00:00,2023
2024-07-31 21:00:00+00:00,0.0,0.0,2023-07-31 21:00:00+00:00,2023
2024-07-31 22:00:00+00:00,0.0,0.0,2023-07-31 22:00:00+00:00,2023
2024-07-31 23:00:00+00:00,0.0,0.0,2023-07-31 23:00:00+00:00,2023
2024-08-01 00:00:00+00:00,0.0,0.0,2023-08-01 00:00:00+00:00,2023
2024-08-01 01:00:00+00:00,0.0,0.0,2023-08-01 01:00:00+00:00,2023
2024-08-01 02:00:00+00:00,0.0,0.0,2023-08-01 02:00:00+00:00,2023
2024-08-01 03:00:00+00:00,0.0,0.0,2023-08-01 03:00:00+00:00,2023
2024-08-01 04:00:00+00:00,0.0,0.0,2023-08-01 04:00:00+00:00,2023
2024-08-01 05:00:00+00:00,3.0,2.61,2023-08-01 05:00:00+00:00,2023
2024-08-01 06:00:00+00:00,97.0,10.67,2023-08-01 06:00:00+00:00,2023
2024-08-01 07:00:00+00:00,234.0,19.23,2023-08-01 07:00:00+00:00,2023
2024-08-01 08:00:00+00:00,420.0,27.92,2023-08-01 08:00:00+00:00,2023
2024-08-01 09:00:00+00:00,402.0,36.33,2023-08-01 09:00:00+00:00,2023
2024-08-01 10:00:00+00:00,428.0,43.9,2023-08-01 10:00:00+00:00,2023
2024-08-01 11:00:00+00:00,319.0,49.86,2023-08-01 11:00:00+00:00,2023
2024-08-01 12:00:00+00:00,477.0,53.18,2023-08-01 12:00:00+00:00,2023
2024-08-01 13:00:00+00:00,378.0,53.06,2023-08-01 13:00:00+00:00,2023
2024-08-01 14:00:00+00:00,583.0,49.53,2023-08-01 14:00:00+00:00,2023
2024-08-01 15:00:00+00:00,334.0,43.43,2023-08-01 15:00:00+00:00,2023
2024-08-01 16:00:00+00:00,203.0,35.78,2023-08-01 16:00:00+00:00,2023
2024-08-01 17:00:00+00:00,86.0,27.33,2023-08-01 17:00:00+00:00,2023
2024-08-01 18:00:00+00:00,34.0,18.64,2023-08-01 18:00:00+00:00,2023
2024-08-01 19:00:00+00:00,45.0,10.1,2023-08-01 19:00:00+00:00,2023
2024-08-01 20:00:00+00:00,1.0,2.09,2023-08-01 20:00:00+00:00,2023
2024-08-01 21:00:00+00:00,0.0,0.0,2023-08-01 21:00:00+00:00,2023
2024-08-01 22:00:00+00:00,0.0,0.0,2023-08-01 22:00:00+00:00,2023
2024-08-01 23:00:00+00:00,0.0,0.0,2023-08-01 23:00:00+00:00,2023
2024-08-02 00:00:00+00:00,0.0,0.0,2023-08-02 00:00:00+00:00,2023
2024-08-02 01:00:00+00:00,0.0,0.0,2023-08-02 01:00:00+00:00,2023
2024-08-02 02:00:00+00:00,0.0,0.0,2023-08-02 02:00:00+00:00,2023
2024-08-02 03:00:00+00:00,0.0,0.0,2023-08-02 03:00:00+00:00,2023
2024-08-02 04:00:00+00:00,0.0,0.0,2023-08-02 04:00:00+00:00,2023
2024-08-02 05:00:00+00:00,9.84,2.41,2023-08-02 05:00:00+00:00,2023
2024-08-02 06:00:00+00:00,48.0,10.47,2023-08-02 06:00:00+00:00,2023
2024-08-02 07:00:00+00:00,128.0,19.03,2023-08-02 07:00:00+00:00,2023
2024-08-02 08:00:00+00:00,155.0,27.73,2023-08-02 08:00:00+00:00,2023
2024-08-02 09:00:00+00:00,440.0,36.13,2023-08-02 09:00:00+00:00,2023
2024-08-02 10:00:00+00:00,558.0,43.69,2023-08-02 10:00:00+00:00,2023
2024-08-02 11:00:00+00:00,295.0,49.62,2023-08-02 11:00:00+00:00,2023
2024-08-02 12:00:00+00:00,303.0,52.93,2023-08-02 12:00:00+00:00,2023
2024-08-02 13:00:00+00:00,329.0,52.81,2023-08-02 13:00:00+00:00,2023
2024-08-02 14:00:00+00:00,302.0,49.28,2023-08-02 14:00:00+00:00,2023
2024-08-02 15:00:00+00:00,250.0,43.21,2023-08-02 15:00:00+00:00,2023
2024-08-02 16:00:00+00:00,273.0,35.56,2023-08-02 16:00:00+00:00,2023
2024-08-02 17:00:00+00:00,198.0,27.12,2023-08-02 17:00:00+00:00,2023
2024-08-02 18:00:00+00:00,178.0,18.43,2023-08-02 18:00:00+00:00,2023
2024-08-02 19:00:00+00:00,71.0,9.89,2023-08-02 19:00:00+00:00,2023
2024-08-02 20:00:00+00:00,1.0,1.87,2023-08-02 20:00:00+00:00,2023
2024-08-02 21:00:00+00:00,0.0,0.0,2023-08-02 21:00:00+00:00,2023
2024-08-02 22:00:00+00:00,0.0,0.0,2023-08-02 22:00:00+00:00,2023
2024-08-02 23:00:00+00:00,0.0,0.0,2023-08-02 23:00:00+00:00,2023
2024-08-03 00:00:00+00:00,0.0,0.0,2023-08-03 00:00:00+00:00,2023
2024-08-03 01:00:00+00:00,0.0,0.0,2023-08-03 01:00:00+00:00,2023
2024-08-03 02:00:00+00:00,0.0,0.0,2023-08-03 02:00:00+00:00,2023
2024-08-03 03:00:00+00:00,0.0,0.0,2023-08-03 03:00:00+00:00,2023
2024-08-03 04:00:00+00:00,0.0,0.0,2023-08-03 04:00:00+00:00,2023
2024-08-03 05:00:00+00:00,1.0,2.2,2023-08-03 05:00:00+00:00,2023
2024-08-03 06:00:00+00:00,68.0,10.27,2023-08-03 06:00:00+00:00,2023
2024-08-03 07:00:00+00:00,175.0,18.84,2023-08-03 07:00:00+00:00,2023
2024-08-03 08:00:00+00:00,244.0,27.53,2023-08-03 08:00:00+00:00,2023
2024-08-03 09:00:00+00:00,333.0,35.93,2023-08-03 09:00:00+00:00,2023
2024-08-03 10:00:00+00:00,405.0,43.47,2023-08-03 10:00:00+00:00,2023
2024-08-03 11:00:00+00:00,412.0,49.39,2023-08-03 11:00:00+00:00,2023
2024-08-03 12:00:00+00:00,414.0,52.68,2023-08-03 12:00:00+00:00,2023
2024-08-03 13:00:00+00:00,393.0,52.55,2023-08-03 13:00:00+00:00,2023
2024-08-03 14:00:00+00:00,371.0,49.04,2023-08-03 14:00:00+00:00,2023
2024-08-03 15:00:00+00:00,248.0,42.97,2023-08-03 15:00:00+00:00,2023
2024-08-03 16:00:00+00:00,260.0,35.34,2023-08-03 16:00:00+00:00,2023
2024-08-03 17:00:00+00:00,194.0,26.91,2023-08-03 17:00:00+00:00,2023
2024-08-03 18:00:00+00:00,107.0,18.21,2023-08-03 18:00:00+00:00,2023
2024-08-03 19:00:00+00:00,85.0,9.67,2023-08-03 19:00:00+00:00,2023
2024-08-03 20:00:00+00:00,1.0,1.65,2023-08-03 20:00:00+00:00,2023
2024-08-03 21:00:00+00:00,0.0,0.0,2023-08-03 21:00:00+00:00,2023
2024-08-03 22:00:00+00:00,0.0,0.0,2023-08-03 22:00:00+00:00,2023
2024-08-03 23:00:00+00:00,0.0,0.0,2023-08-03 23:00:00+00:00,2023
2024-08-04 00:00:00+00:00,0.0,0.0,2023-08-04 00:00:00+00:00,2023
2024-08-04 01:00:00+00:00,0.0,0.0,2023-08-04 01:00:00+00:00,2023
2024-08-04 02:00:00+00:00,0.0,0.0,2023-08-04 02:00:00+00:00,2023
2024-08-04 03:00:00+00:00,0.0,0.0,2023-08-04 03:00:00+00:00,2023
2024-08-04 04:00:00+00:00,0.0,0.0,2023-08-04 04:00:00+00:00,2023
2024-08-04 05:00:00+00:00,1.0,1.99,2023-08-04 05:00:00+00:00,2023
2024-08-04 06:00:00+00:00,39.0,10.07,2023-08-04 06:00:00+00:00,2023
2024-08-04 07:00:00+00:00,136.0,18.64,2023-08-04 07:00:00+00:00,2023
2024-08-04 08:00:00+00:00,345.0,27.33,2023-08-04 08:00:00+00:00,2023
2024-08-04 09:00:00+00:00,428.0,35.72,2023-08-04 09:00:00+00:00,2023
2024-08-04 10:00:00+00:00,544.0,43.25,2023-08-04 10:00:00+00:00,2023
2024-08-04 11:00:00+00:00,603.0,49.15,2023-08-04 11:00:00+00:00,2023
2024-08-04 12:00:00+00:00,492.0,52.42,2023-08-04 12:00:00+00:00,2023
2024-08-04 13:00:00+00:00,421.0,52.29,2023-08-04 13:00:00+00:00,2023
2024-08-04 14:00:00+00:00,258.0,48.78,2023-08-04 14:00:00+00:00,2023
2024-08-04 15:00:00+00:00,145.0,42.74,2023-08-04 15:00:00+00:00,2023
2024-08-04 16:00:00+00:00,104.0,35.12,2023-08-04 16:00:00+00:00,2023
2024-08-04 17:00:00+00:00,49.0,26.69,2023-08-04 17:00:00+00:00,2023
2024-08-04 18:00:00+00:00,50.0,17.99,2023-08-04 18:00:00+00:00,2023
2024-08-04 19:00:00+00:00,20.0,9.45,2023-08-04 19:00:00+00:00,2023
2024-08-04 20:00:00+00:00,1.0,1.41,2023-08-04 20:00:00+00:00,2023
2024-08-04 21:00:00+00:00,0.0,0.0,2023-08-04 21:00:00+00:00,2023
2024-08-04 22:00:00+00:00,0.0,0.0,2023-08-04 22:00:00+00:00,2023
2024-08-04 23:00:00+00:00,0.0,0.0,2023-08-04 23:00:00+00:00,2023
2024-08-05 00:00:00+00:00,0.0,0.0,2023-08-05 00:00:00+00:00,2023
2024-08-05 01:00:00+00:00,0.0,0.0,2023-08-05 01:00:00+00:00,2023
2024-08-05 02:00:00+00:00,0.0,0.0,2023-08-05 02:00:00+00:00,2023
2024-08-05 03:00:00+00:00,0.0,0.0,2023-08-05 03:00:00+00:00,2023
2024-08-05 04:00:00+00:00,0.0,0.0,2023-08-05 04:00:00+00:00,2023
2024-08-05 05:00:00+00:00,8.0,1.77,2023-08-05 05:00:00+00:00,2023
2024-08-05 06:00:00+00:00,122.0,9.87,2023-08-05 06:00:00+00:00,2023
2024-08-05 07:00:00+00:00,168.0,18.44,2023-08-05 07:00:00+00:00,2023
2024-08-05 08:00:00+00:00,225.0,27.13,2023-08-05 08:00:00+00:00,2023
2024-08-05 09:00:00+00:00,484.0,35.51,2023-08-05 09:00:00+00:00,2023
2024-08-05 10:00:00+00:00,555.0,43.03,2023-08-05 10:00:00+00:00,2023
2024-08-05 11:00:00+00:00,588.0,48.9,2023-08-05 11:00:00+00:00,2023
2024-08-05 12:00:00+00:00,671.0,52.16,2023-08-05 12:00:00+00:00,2023
2024-08-05 13:00:00+00:00,771.01,52.02,2023-08-05 13:00:00+00:00,2023
2024-08-05 14:00:00+00:00,723.01,48.53,2023-08-05 14:00:00+00:00,2023
2024-08-05 15:00:00+00:00,497.0,42.49,2023-08-05 15:00:00+00:00,2023
2024-08-05 16:00:00+00:00,355.0,34.88,2023-08-05 16:00:00+00:00,2023
2024-08-05 17:00:00+00:00,400.0,26.46,2023-08-05 17:00:00+00:00,2023
2024-08-05 18:00:00+00:00,257.0,17.77,2023-08-05 18:00:00+00:00,2023
2024-08-05 19:00:00+00:00,115.0,9.22,2023-08-05 19:00:00+00:00,2023
2024-08-05 20:00:00+00:00,0.0,0.0,2023-08-05 20:00:00+00:00,2023
2024-08-05 21:00:00+00:00,0.0,0.0,2023-08-05 21:00:00+00:00,2023
2024-08-05 22:00:00+00:00,0.0,0.0,2023-08-05 22:00:00+00:00,2023
2024-08-05 23:00:00+00:00,0.0,0.0,2023-08-05 23:00:00+00:00,2023
2024-08-06 00:00:00+00:00,0.0,0.0,2023-08-06 00:00:00+00:00,2023
2024-08-06 01:00:00+00:00,0.0,0.0,2023-08-06 01:00:00+00:00,2023
2024-08-06 02:00:00+00:00,0.0,0.0,2023-08-06 02:00:00+00:00,2023
2024-08-06 03:00:00+00:00,0.0,0.0,2023-08-06 03:00:00+00:00,2023
2024-08-06 04:00:00+00:00,0.0,0.0,2023-08-06 04:00:00+00:00,2023
2024-08-06 05:00:00+00:00,1.0,1.56,2023-08-06 05:00:00+00:00,2023
2024-08-06 06:00:00+00:00,57.0,9.66,2023-08-06 06:00:00+00:00,2023
2024-08-06 07:00:00+00:00,222.0,18.24,2023-08-06 07:00:00+00:00,2023
2024-08-06 08:00:00+00:00,359.0,26.93,2023-08-06 08:00:00+00:00,2023
2024-08-06 09:00:00+00:00,488.0,35.3,2023-08-06 09:00:00+00:00,2023
2024-08-06 10:00:00+00:00,615.0,42.8,2023-08-06 10:00:00+00:00,2023
2024-08-06 11:00:00+00:00,746.01,48.65,2023-08-06 11:00:00+00:00,2023
2024-08-06 12:00:00+00:00,751.01,51.89,2023-08-06 12:00:00+00:00,2023
2024-08-06 13:00:00+00:00,786.01,51.75,2023-08-06 13:00:00+00:00,2023
2024-08-06 14:00:00+00:00,722.01,48.26,2023-08-06 14:00:00+00:00,2023
2024-08-06 15:00:00+00:00,653.01,42.24,2023-08-06 15:00:00+00:00,2023
2024-08-06 16:00:00+00:00,560.0,34.65,2023-08-06 16:00:00+00:00,2023
2024-08-06 17:00:00+00:00,413.0,26.23,2023-08-06 17:00:00+00:00,2023
2024-08-06 18:00:00+00:00,256.0,17.54,2023-08-06 18:00:00+00:00,2023
2024-08-06 19:00:00+00:00,115.0,8.98,2023-08-06 19:00:00+00:00,2023
2024-08-06 20:00:00+00:00,0.0,0.0,2023-08-06 20:00:00+00:00,2023
2024-08-06 21:00:00+00:00,0.0,0.0,2023-08-06 21:00:00+00:00,2023
2024-08-06 22:00:00+00:00,0.0,0.0,2023-08-06 22:00:00+00:00,2023
2024-08-06 23:00:00+00:00,0.0,0.0,2023-08-06 23:00:00+00:00,2023
2024-08-07 00:00:00+00:00,0.0,0.0,2023-08-07 00:00:00+00:00,2023
2024-08-07 01:00:00+00:00,0.0,0.0,2023-08-07 01:00:00+00:00,2023
2024-08-07 02:00:00+00:00,0.0,0.0,2023-08-07 02:00:00+00:00,2023
2024-08-07 03:00:00+00:00,0.0,0.0,2023-08-07 03:00:00+00:00,2023
2024-08-07 04:00:00+00:00,0.0,0.0,2023-08-07 04:00:00+00:00,2023
2024-08-07 05:00:00+00:00,1.0,1.34,2023-08-07 05:00:00+00:00,2023
2024-08-07 06:00:00+00:00,39.0,9.46,2023-08-07 06:00:00+00:00,2023
2024-08-07 07:00:00+00:00,215.0,18.04,2023-08-07 07:00:00+00:00,2023
2024-08-07 08:00:00+00:00,248.0,26.73,2023-08-07 08:00:00+00:00,2023
2024-08-07 09:00:00+00:00,301.0,35.09,2023-08-07 09:00:00+00:00,2023
2024-08-07 10:00:00+00:00,457.0,42.57,2023-08-07 10:00:00+00:00,2023
2024-08-07 11:00:00+00:00,387.0,48.4,2023-08-07 11:00:00+00:00,2023
2024-08-07 12:00:00+00:00,519.0,51.62,2023-08-07 12:00:00+00:00,2023
2024-08-07 13:00:00+00:00,766.01,51.47,2023-08-07 13:00:00+00:00,2023
2024-08-07 14:00:00+00:00,642.0,47.99,2023-08-07 14:00:00+00:00,2023
2024-08-07 15:00:00+00:00,592.0,41.99,2023-08-07 15:00:00+00:00,2023
2024-08-07 16:00:00+00:00,519.0,34.4,2023-08-07 16:00:00+00:00,2023
2024-08-07 17:00:00+00:00,278.0,25.99,2023-08-07 17:00:00+00:00,2023
2024-08-07 18:00:00+00:00,179.0,17.3,2023-08-07 18:00:00+00:00,2023
2024-08-07 19:00:00+00:00,44.0,8.74,2023-08-07 19:00:00+00:00,2023
2024-08-07 20:00:00+00:00,0.0,0.0,2023-08-07 20:00:00+00:00,2023
2024-08-07 21:00:00+00:00,0.0,0.0,2023-08-07 21:00:00+00:00,2023
2024-08-07 22:00:00+00:00,0.0,0.0,2023-08-07 22:00:00+00:00,2023
2024-08-07 23:00:00+00:00,0.0,0.0,2023-08-07 23:00:00+00:00,2023
2024-08-08 00:00:00+00:00,0.0,0.0,2023-08-08 00:00:00+00:00,2023
2024-08-08 01:00:00+00:00,0.0,0.0,2023-08-08 01:00:00+00:00,2023
2024-08-08 02:00:00+00:00,0.0,0.0,2023-08-08 02:00:00+00:00,2023
2024-08-08 03:00:00+00:00,0.0,0.0,2023-08-08 03:00:00+00:00,2023
2024-08-08 04:00:00+00:00,0.0,0.0,2023-08-08 04:00:00+00:00,2023
2024-08-08 05:00:00+00:00,0.0,0.0,2023-08-08 05:00:00+00:00,2023
2024-08-08 06:00:00+00:00,66.0,9.25,2023-08-08 06:00:00+00:00,2023
2024-08-08 07:00:00+00:00,240.0,17.84,2023-08-08 07:00:00+00:00,2023
2024-08-08 08:00:00+00:00,353.0,26.52,2023-08-08 08:00:00+00:00,2023
2024-08-08 09:00:00+00:00,322.0,34.87,2023-08-08 09:00:00+00:00,2023
2024-08-08 10:00:00+00:00,377.0,42.34,2023-08-08 10:00:00+00:00,2023
2024-08-08 11:00:00+00:00,621.0,48.15,2023-08-08 11:00:00+00:00,2023
2024-08-08 12:00:00+00:00,689.01,51.34,2023-08-08 12:00:00+00:00,2023
2024-08-08 13:00:00+00:00,688.01,51.19,2023-08-08 13:00:00+00:00,2023
2024-08-08 14:00:00+00:00,773.01,47.72,2023-08-08 14:00:00+00:00,2023
2024-08-08 15:00:00+00:00,672.01,41.73,2023-08-08 15:00:00+00:00,2023
2024-08-08 16:00:00+00:00,559.0,34.15,2023-08-08 16:00:00+00:00,2023
2024-08-08 17:00:00+00:00,397.0,25.75,2023-08-08 17:00:00+00:00,2023
2024-08-08 18:00:00+00:00,258.0,17.06,2023-08-08 18:00:00+00:00,2023
2024-08-08 19:00:00+00:00,109.0,8.5,2023-08-08 19:00:00+00:00,2023
2024-08-08 20:00:00+00:00,0.0,0.0,2023-08-08 20:00:00+00:00,2023
2024-08-08 21:00:00+00:00,0.0,0.0,2023-08-08 21:00:00+00:00,2023
2024-08-08 22:00:00+00:00,0.0,0.0,2023-08-08 22:00:00+00:00,2023
2024-08-08 23:00:00+00:00,0.0,0.0,2023-08-08 23:00:00+00:00,2023
2024-08-09 00:00:00+00:00,0.0,0.0,2023-08-09 00:00:00+00:00,2023
2024-08-09 01:00:00+00:00,0.0,0.0,2023-08-09 01:00:00+00:00,2023
2024-08-09 02:00:00+00:00,0.0,0.0,2023-08-09 02:00:00+00:00,2023
2024-08-09 03:00:00+00:00,0.0,0.0,2023-08-09 03:00:00+00:00,2023
2024-08-09 04:00:00+00:00,0.0,0.0,2023-08-09 04:00:00+00:00,2023
2024-08-09 05:00:00+00:00,0.0,0.0,2023-08-09 05:00:00+00:00,2023
2024-08-09 06:00:00+00:00,22.0,9.03,2023-08-09 06:00:00+00:00,2023
2024-08-09 07:00:00+00:00,134.0,17.63,2023-08-09 07:00:00+00:00,2023
2024-08-09 08:00:00+00:00,166.0,26.31,2023-08-09 08:00:00+00:00,2023
2024-08-09 09:00:00+00:00,190.0,34.65,2023-08-09 09:00:00+00:00,2023
2024-08-09 10:00:00+00:00,140.0,42.1,2023-08-09 10:00:00+00:00,2023
2024-08-09 11:00:00+00:00,249.0,47.89,2023-08-09 11:00:00+00:00,2023
2024-08-09 12:00:00+00:00,280.0,51.06,2023-08-09 12:00:00+00:00,2023
2024-08-09 13:00:00+00:00,254.0,50.9,2023-08-09 13:00:00+00:00,2023
2024-08-09 14:00:00+00:00,336.0,47.44,2023-08-09 14:00:00+00:00,2023
2024-08-09 15:00:00+00:00,256.0,41.46,2023-08-09 15:00:00+00:00,2023
2024-08-09 16:00:00+00:00,189.0,33.9,2023-08-09 16:00:00+00:00,2023
2024-08-09 17:00:00+00:00,147.0,25.5,2023-08-09 17:00:00+00:00,2023
2024-08-09 18:00:00+00:00,236.0,16.81,2023-08-09 18:00:00+00:00,2023
2024-08-09 19:00:00+00:00,93.0,8.25,2023-08-09 19:00:00+00:00,2023
2024-08-09 20:00:00+00:00,0.0,0.0,2023-08-09 20:00:00+00:00,2023
2024-08-09 21:00:00+00:00,0.0,0.0,2023-08-09 21:00:00+00:00,2023
2024-08-09 22:00:00+00:00,0.0,0.0,2023-08-09 22:00:00+00:00,2023
2024-08-09 23:00:00+00:00,0.0,0.0,2023-08-09 23:00:00+00:00,2023
2024-08-10 00:00:00+00:00,0.0,0.0,2023-08-10 00:00:00+00:00,2023
2024-08-10 01:00:00+00:00,0.0,0.0,2023-08-10 01:00:00+00:00,2023
2024-08-10 02:00:00+00:00,0.0,0.0,2023-08-10 02:00:00+00:00,2023
2024-08-10 03:00:00+00:00,0.0,0.0,2023-08-10 03:00:00+00:00,2023
2024-08-10 04:00:00+00:00,0.0,0.0,2023-08-10 04:00:00+00:00,2023
2024-08-10 05:00:00+00:00,0.0,0.0,2023-08-10 05:00:00+00:00,2023
2024-08-10 06:00:00+00:00,52.0,8.82,2023-08-10 06:00:00+00:00,2023
2024-08-10 07:00:00+00:00,130.0,17.42,2023-08-10 07:00:00+00:00,2023
2024-08-10 08:00:00+00:00,229.0,26.1,2023-08-10 08:00:00+00:00,2023
2024-08-10 09:00:00+00:00,208.0,34.43,2023-08-10 09:00:00+00:00,2023
2024-08-10 10:00:00+00:00,334.0,41.86,2023-08-10 10:00:00+00:00,2023
2024-08-10 11:00:00+00:00,473.0,47.62,2023-08-10 11:00:00+00:00,2023
2024-08-10 12:00:00+00:00,445.0,50.78,2023-08-10 12:00:00+00:00,2023
2024-08-10 13:00:00+00:00,436.0,50.61,2023-08-10 13:00:00+00:00,2023
2024-08-10 14:00:00+00:00,462.0,47.16,2023-08-10 14:00:00+00:00,2023
2024-08-10 15:00:00+00:00,105.0,41.19,2023-08-10 15:00:00+00:00,2023
2024-08-10 16:00:00+00:00,141.0,33.64,2023-08-10 16:00:00+00:00,2023
2024-08-10 17:00:00+00:00,101.0,25.25,2023-08-10 17:00:00+00:00,2023
2024-08-10 18:00:00+00:00,42.0,16.56,2023-08-10 18:00:00+00:00,2023
2024-08-10 19:00:00+00:00,36.0,7.99,2023-08-10 19:00:00+00:00,2023
2024-08-10 20:00:00+00:00,0.0,0.0,2023-08-10 20:00:00+00:00,2023
2024-08-10 21:00:00+00:00,0.0,0.0,2023-08-10 21:00:00+00:00,2023
2024-08-10 22:00:00+00:00,0.0,0.0,2023-08-10 22:00:00+00:00,2023
2024-08-10 23:00:00+00:00,0.0,0.0,2023-08-10 23:00:00+00:00,2023
2024-08-11 00:00:00+00:00,0.0,0.0,2023-08-11 00:00:00+00:00,2023
2024-08-11 01:00:00+00:00,0.0,0.0,2023-08-11 01:00:00+00:00,2023
2024-08-11 02:00:00+00:00,0.0,0.0,2023-08-11 02:00:00+00:00,2023
2024-08-11 03:00:00+00:00,0.0,0.0,2023-08-11 03:00:00+00:00,2023
2024-08-11 04:00:00+00:00,0.0,0.0,2023-08-11 04:00:00+00:00,2023
2024-08-11 05:00:00+00:00,0.0,0.0,2023-08-11 05:00:00+00:00,2023
2024-08-11 06:00:00+00:00,67.0,8.6,2023-08-11 06:00:00+00:00,2023
2024-08-11 07:00:00+00:00,222.0,17.21,2023-08-11 07:00:00+00:00,2023
2024-08-11 08:00:00+00:00,325.0,25.88,2023-08-11 08:00:00+00:00,2023
2024-08-11 09:00:00+00:00,212.0,34.21,2023-08-11 09:00:00+00:00,2023
2024-08-11 10:00:00+00:00,417.0,41.62,2023-08-11 10:00:00+00:00,2023
2024-08-11 11:00:00+00:00,123.0,47.36,2023-08-11 11:00:00+00:00,2023
2024-08-11 12:00:00+00:00,270.0,50.49,2023-08-11 12:00:00+00:00,2023
2024-08-11 13:00:00+00:00,464.0,50.31,2023-08-11 13:00:00+00:00,2023
2024-08-11 14:00:00+00:00,606.0,46.87,2023-08-11 14:00:00+00:00,2023
2024-08-11 15:00:00+00:00,458.0,40.92,2023-08-11 15:00:00+00:00,2023
2024-08-11 16:00:00+00:00,373.0,33.38,2023-08-11 16:00:00+00:00,2023
2024-08-11 17:00:00+00:00,215.0,24.99,2023-08-11 17:00:00+00:00,2023
2024-08-11 18:00:00+00:00,124.0,16.3,2023-08-11 18:00:00+00:00,2023
2024-08-11 19:00:00+00:00,18.0,7.73,2023-08-11 19:00:00+00:00,2023
2024-08-11 20:00:00+00:00,0.0,0.0,2023-08-11 20:00:00+00:00,2023
2024-08-11 21:00:00+00:00,0.0,0.0,2023-08-11 21:00:00+00:00,2023
2024-08-11 22:00:00+00:00,0.0,0.0,2023-08-11 22:00:00+00:00,2023
2024-08-11 23:00:00+00:00,0.0,0.0,2023-08-11 23:00:00+00:00,2023
2024-08-12 00:00:00+00:00,0.0,0.0,2023-08-12 00:00:00+00:00,2023
2024-08-12 01:00:00+00:00,0.0,0.0,2023-08-12 01:00:00+00:00,2023
2024-08-12 02:00:00+00:00,0.0,0.0,2023-08-12 02:00:00+00:00,2023
2024-08-12 03:00:00+00:00,0.0,0.0,2023-08-12 03:00:00+00:00,2023
2024-08-12 04:00:00+00:00,0.0,0.0,2023-08-12 04:00:00+00:00,2023
2024-08-12 05:00:00+00:00,0.0,0.0,2023-08-12 05:00:00+00:00,2023
2024-08-12 06:00:00+00:00,96.0,8.38,2023-08-12 06:00:00+00:00,2023
2024-08-12 07:00:00+00:00,182.0,16.99,2023-08-12 07:00:00+00:00,2023
2024-08-12 08:00:00+00:00,254.0,25.67,2023-08-12 08:00:00+00:00,2023
2024-08-12 09:00:00+00:00,304.0,33.98,2023-08-12 09:00:00+00:00,2023
2024-08-12 10:00:00+00:00,202.0,41.38,2023-08-12 10:00:00+00:00,2023
2024-08-12 11:00:00+00:00,490.0,47.09,2023-08-12 11:00:00+00:00,2023
2024-08-12 12:00:00+00:00,482.0,50.2,2023-08-12 12:00:00+00:00,2023
2024-08-12 13:00:00+00:00,158.0,50.01,2023-08-12 13:00:00+00:00,2023
2024-08-12 14:00:00+00:00,408.0,46.58,2023-08-12 14:00:00+00:00,2023
2024-08-12 15:00:00+00:00,483.0,40.64,2023-08-12 15:00:00+00:00,2023
2024-08-12 16:00:00+00:00,344.0,33.11,2023-08-12 16:00:00+00:00,2023
2024-08-12 17:00:00+00:00,158.0,24.73,2023-08-12 17:00:00+00:00,2023
2024-08-12 18:00:00+00:00,147.0,16.04,2023-08-12 18:00:00+00:00,2023
2024-08-12 19:00:00+00:00,45.0,7.46,2023-08-12 19:00:00+00:00,2023
2024-08-12 20:00:00+00:00,0.0,0.0,2023-08-12 20:00:00+00:00,2023
2024-08-12 21:00:00+00:00,0.0,0.0,2023-08-12 21:00:00+00:00,2023
2024-08-12 22:00:00+00:00,0.0,0.0,2023-08-12 22:00:00+00:00,2023
2024-08-12 23:00:00+00:00,0.0,0.0,2023-08-12 23:00:00+00:00,2023
2024-08-13 00:00:00+00:00,0.0,0.0,2023-08-13 00:00:00+00:00,2023
2024-08-13 01:00:00+00:00,0.0,0.0,2023-08-13 01:00:00+00:00,2023
2024-08-13 02:00:00+00:00,0.0,0.0,2023-08-13 02:00:00+00:00,2023
2024-08-13 03:00:00+00:00,0.0,0.0,2023-08-13 03:00:00+00:00,2023
2024-08-13 04:00:00+00:00,0.0,0.0,2023-08-13 04:00:00+00:00,2023
2024-08-13 05:00:00+00:00,0.0,0.0,2023-08-13 05:00:00+00:00,2023
2024-08-13 06:00:00+00:00,41.0,8.16,2023-08-13 06:00:00+00:00,2023
2024-08-13 07:00:00+00:00,159.0,16.78,2023-08-13 07:00:00+00:00,2023
2024-08-13 08:00:00+00:00,263.0,25.45,2023-08-13 08:00:00+00:00,2023
2024-08-13 09:00:00+00:00,434.0,33.75,2023-08-13 09:00:00+00:00,2023
2024-08-13 10:00:00+00:00,335.0,41.13,2023-08-13 10:00:00+00:00,2023
2024-08-13 11:00:00+00:00,244.0,46.82,2023-08-13 11:00:00+00:00,2023
2024-08-13 12:00:00+00:00,212.0,49.91,2023-08-13 12:00:00+00:00,2023
2024-08-13 13:00:00+00:00,150.0,49.71,2023-08-13 13:00:00+00:00,2023
2024-08-13 14:00:00+00:00,131.0,46.28,2023-08-13 14:00:00+00:00,2023
2024-08-13 15:00:00+00:00,294.0,40.35,2023-08-13 15:00:00+00:00,2023
2024-08-13 16:00:00+00:00,238.0,32.83,2023-08-13 16:00:00+00:00,2023
2024-08-13 17:00:00+00:00,299.0,24.46,2023-08-13 17:00:00+00:00,2023
2024-08-13 18:00:00+00:00,147.0,15.78,2023-08-13 18:00:00+00:00,2023
2024-08-13 19:00:00+00:00,18.0,7.19,2023-08-13 19:00:00+00:00,2023
2024-08-13 20:00:00+00:00,0.0,0.0,2023-08-13 20:00:00+00:00,2023
2024-08-13 21:00:00+00:00,0.0,0.0,2023-08-13 21:00:00+00:00,2023
2024-08-13 22:00:00+00:00,0.0,0.0,2023-08-13 22:00:00+00:00,2023
2024-08-13 23:00:00+00:00,0.0,0.0,2023-08-13 23:00:00+00:00,2023
2024-08-14 00:00:00+00:00,0.0,0.0,2023-08-14 00:00:00+00:00,2023
2024-08-14 01:00:00+00:00,0.0,0.0,2023-08-14 01:00:00+00:00,2023
2024-08-14 02:00:00+00:00,0.0,0.0,2023-08-14 02:00:00+00:00,2023
2024-08-14 03:00:00+00:00,0.0,0.0,2023-08-14 03:00:00+00:00,2023
2024-08-14 04:00:00+00:00,0.0,0.0,2023-08-14 04:00:00+00:00,2023
2024-08-14 05:00:00+00:00,0.0,0.0,2023-08-14 05:00:00+00:00,2023
2024-08-14 06:00:00+00:00,31.0,7.94,2023-08-14 06:00:00+00:00,2023
2024-08-14 07:00:00+00:00,178.0,16.56,2023-08-14 07:00:00+00:00,2023
2024-08-14 08:00:00+00:00,254.0,25.23,2023-08-14 08:00:00+00:00,2023
2024-08-14 09:00:00+00:00,373.0,33.52,2023-08-14 09:00:00+00:00,2023
2024-08-14 10:00:00+00:00,533.0,40.88,2023-08-14 10:00:00+00:00,2023
2024-08-14 11:00:00+00:00,307.0,46.54,2023-08-14 11:00:00+00:00,2023
2024-08-14 12:00:00+00:00,597.0,49.61,2023-08-14 12:00:00+00:00,2023
2024-08-14 13:00:00+00:00,670.01,49.4,2023-08-14 13:00:00+00:00,2023
2024-08-14 14:00:00+00:00,703.01,45.97,2023-08-14 14:00:00+00:00,2023
2024-08-14 15:00:00+00:00,455.0,40.06,2023-08-14 15:00:00+00:00,2023
2024-08-14 16:00:00+00:00,308.0,32.55,2023-08-14 16:00:00+00:00,2023
2024-08-14 17:00:00+00:00,207.0,24.19,2023-08-14 17:00:00+00:00,2023
2024-08-14 18:00:00+00:00,128.0,15.51,2023-08-14 18:00:00+00:00,2023
2024-08-14 19:00:00+00:00,40.0,6.92,2023-08-14 19:00:00+00:00,2023
2024-08-14 20:00:00+00:00,0.0,0.0,2023-08-14 20:00:00+00:00,2023
2024-08-14 21:00:00+00:00,0.0,0.0,2023-08-14 21:00:00+00:00,2023
2024-08-14 22:00:00+00:00,0.0,0.0,2023-08-14 22:00:00+00:00,2023
2024-08-14 23:00:00+00:00,0.0,0.0,2023-08-14 23:00:00+00:00,2023
2024-08-15 00:00:00+00:00,0.0,0.0,2023-08-15 00:00:00+00:00,2023
2024-08-15 01:00:00+00:00,0.0,0.0,2023-08-15 01:00:00+00:00,2023
2024-08-15 02:00:00+00:00,0.0,0.0,2023-08-15 02:00:00+00:00,2023
2024-08-15 03:00:00+00:00,0.0,0.0,2023-08-15 03:00:00+00:00,2023
2024-08-15 04:00:00+00:00,0.0,0.0,2023-08-15 04:00:00+00:00,2023
2024-08-15 05:00:00+00:00,0.0,0.0,2023-08-15 05:00:00+00:00,2023
2024-08-15 06:00:00+00:00,27.0,7.72,2023-08-15 06:00:00+00:00,2023
2024-08-15 07:00:00+00:00,204.0,16.34,2023-08-15 07:00:00+00:00,2023
2024-08-15 08:00:00+00:00,323.0,25.01,2023-08-15 08:00:00+00:00,2023
2024-08-15 09:00:00+00:00,422.0,33.29,2023-08-15 09:00:00+00:00,2023
2024-08-15 10:00:00+00:00,507.0,40.63,2023-08-15 10:00:00+00:00,2023
2024-08-15 11:00:00+00:00,491.0,46.26,2023-08-15 11:00:00+00:00,2023
2024-08-15 12:00:00+00:00,607.0,49.3,2023-08-15 12:00:00+00:00,2023
2024-08-15 13:00:00+00:00,680.01,49.09,2023-08-15 13:00:00+00:00,2023
2024-08-15 14:00:00+00:00,627.01,45.67,2023-08-15 14:00:00+00:00,2023
2024-08-15 15:00:00+00:00,547.0,39.77,2023-08-15 15:00:00+00:00,2023
2024-08-15 16:00:00+00:00,410.0,32.27,2023-08-15 16:00:00+00:00,2023
2024-08-15 17:00:00+00:00,205.0,23.91,2023-08-15 17:00:00+00:00,2023
2024-08-15 18:00:00+00:00,173.0,15.23,2023-08-15 18:00:00+00:00,2023
2024-08-15 19:00:00+00:00,74.0,6.64,2023-08-15 19:00:00+00:00,2023
2024-08-15 20:00:00+00:00,0.0,0.0,2023-08-15 20:00:00+00:00,2023
2024-08-15 21:00:00+00:00,0.0,0.0,2023-08-15 21:00:00+00:00,2023
2024-08-15 22:00:00+00:00,0.0,0.0,2023-08-15 22:00:00+00:00,2023
2024-08-15 23:00:00+00:00,0.0,0.0,2023-08-15 23:00:00+00:00,2023
2024-08-16 00:00:00+00:00,0.0,0.0,2023-08-16 00:00:00+00:00,2023
2024-08-16 01:00:00+00:00,0.0,0.0,2023-08-16 01:00:00+00:00,2023
2024-08-16 02:00:00+00:00,0.0,0.0,2023-08-16 02:00:00+00:00,2023
2024-08-16 03:00:00+00:00,0.0,0.0,2023-08-16 03:00:00+00:00,2023
2024-08-16 04:00:00+00:00,0.0,0.0,2023-08-16 04:00:00+00:00,2023
2024-08-16 05:00:00+00:00,0.0,0.0,2023-08-16 05:00:00+00:00,2023
2024-08-16 06:00:00+00:00,59.0,7.49,2023-08-16 06:00:00+00:00,2023
2024-08-16 07:00:00+00:00,179.0,16.12,2023-08-16 07:00:00+00:00,2023
2024-08-16 08:00:00+00:00,302.0,24.79,2023-08-16 08:00:00+00:00,2023
2024-08-16 09:00:00+00:00,427.0,33.05,2023-08-16 09:00:00+00:00,2023
2024-08-16 10:00:00+00:00,573.0,40.37,2023-08-16 10:00:00+00:00,2023
2024-08-16 11:00:00+00:00,495.0,45.98,2023-08-16 11:00:00+00:00,2023
2024-08-16 12:00:00+00:00,472.0,49.0,2023-08-16 12:00:00+00:00,2023
2024-08-16 13:00:00+00:00,385.0,48.77,2023-08-16 13:00:00+00:00,2023
2024-08-16 14:00:00+00:00,236.0,45.36,2023-08-16 14:00:00+00:00,2023
2024-08-16 15:00:00+00:00,319.0,39.47,2023-08-16 15:00:00+00:00,2023
2024-08-16 16:00:00+00:00,310.0,31.98,2023-08-16 16:00:00+00:00,2023
2024-08-16 17:00:00+00:00,288.0,23.63,2023-08-16 17:00:00+00:00,2023
2024-08-16 18:00:00+00:00,150.0,14.95,2023-08-16 18:00:00+00:00,2023
2024-08-16 19:00:00+00:00,59.0,6.36,2023-08-16 19:00:00+00:00,2023
2024-08-16 20:00:00+00:00,0.0,0.0,2023-08-16 20:00:00+00:00,2023
2024-08-16 21:00:00+00:00,0.0,0.0,2023-08-16 21:00:00+00:00,2023
2024-08-16 22:00:00+00:00,0.0,0.0,2023-08-16 22:00:00+00:00,2023
2024-08-16 23:00:00+00:00,0.0,0.0,2023-08-16 23:00:00+00:00,2023
2024-08-17 00:00:00+00:00,0.0,0.0,2023-08-17 00:00:00+00:00,2023
2024-08-17 01:00:00+00:00,0.0,0.0,2023-08-17 01:00:00+00:00,2023
2024-08-17 02:00:00+00:00,0.0,0.0,2023-08-17 02:00:00+00:00,2023
2024-08-17 03:00:00+00:00,0.0,0.0,2023-08-17 03:00:00+00:00,2023
2024-08-17 04:00:00+00:00,0.0,0.0,2023-08-17 04:00:00+00:00,2023
2024-08-17 05:00:00+00:00,0.0,0.0,2023-08-17 05:00:00+00:00,2023
2024-08-17 06:00:00+00:00,54.0,7.27,2023-08-17 06:00:00+00:00,2023
2024-08-17 07:00:00+00:00,179.0,15.9,2023-08-17 07:00:00+00:00,2023
2024-08-17 08:00:00+00:00,378.0,24.56,2023-08-17 08:00:00+00:00,2023
2024-08-17 09:00:00+00:00,514.0,32.82,2023-08-17 09:00:00+00:00,2023
2024-08-17 10:00:00+00:00,631.01,40.11,2023-08-17 10:00:00+00:00,2023
2024-08-17 11:00:00+00:00,722.01,45.69,2023-08-17 11:00:00+00:00,2023
2024-08-17 12:00:00+00:00,611.0,48.69,2023-08-17 12:00:00+00:00,2023
2024-08-17 13:00:00+00:00,496.0,48.45,2023-08-17 13:00:00+00:00,2023
2024-08-17 14:00:00+00:00,690.01,45.04,2023-08-17 14:00:00+00:00,2023
2024-08-17 15:00:00+00:00,506.0,39.16,2023-08-17 15:00:00+00:00,2023
2024-08-17 16:00:00+00:00,137.0,31.69,2023-08-17 16:00:00+00:00,2023
2024-08-17 17:00:00+00:00,278.0,23.35,2023-08-17 17:00:00+00:00,2023
2024-08-17 18:00:00+00:00,64.0,14.66,2023-08-17 18:00:00+00:00,2023
2024-08-17 19:00:00+00:00,23.0,6.07,2023-08-17 19:00:00+00:00,2023
2024-08-17 20:00:00+00:00,0.0,0.0,2023-08-17 20:00:00+00:00,2023
2024-08-17 21:00:00+00:00,0.0,0.0,2023-08-17 21:00:00+00:00,2023
2024-08-17 22:00:00+00:00,0.0,0.0,2023-08-17 22:00:00+00:00,2023
2024-08-17 23:00:00+00:00,0.0,0.0,2023-08-17 23:00:00+00:00,2023
2024-08-18 00:00:00+00:00,0.0,0.0,2023-08-18 00:00:00+00:00,2023
2024-08-18 01:00:00+00:00,0.0,0.0,2023-08-18 01:00:00+00:00,2023
2024-08-18 02:00:00+00:00,0.0,0.0,2023-08-18 02:00:00+00:00,2023
2024-08-18 03:00:00+00:00,0.0,0.0,2023-08-18 03:00:00+00:00,2023
2024-08-18 04:00:00+00:00,0.0,0.0,2023-08-18 04:00:00+00:00,2023
2024-08-18 05:00:00+00:00,0.0,0.0,2023-08-18 05:00:00+00:00,2023
2024-08-18 06:00:00+00:00,29.0,7.04,2023-08-18 06:00:00+00:00,2023
2024-08-18 07:00:00+00:00,64.0,15.67,2023-08-18 07:00:00+00:00,2023
2024-08-18 08:00:00+00:00,127.0,24.33,2023-08-18 08:00:00+00:00,2023
2024-08-18 09:00:00+00:00,84.0,32.58,2023-08-18 09:00:00+00:00,2023
2024-08-18 10:00:00+00:00,101.0,39.85,2023-08-18 10:00:00+00:00,2023
2024-08-18 11:00:00+00:00,158.0,45.41,2023-08-18 11:00:00+00:00,2023
2024-08-18 12:00:00+00:00,128.0,48.38,2023-08-18 12:00:00+00:00,2023
2024-08-18 13:00:00+00:00,234.0,48.13,2023-08-18 13:00:00+00:00,2023
2024-08-18 14:00:00+00:00,130.0,44.72,2023-08-18 14:00:00+00:00,2023
2024-08-18 15:00:00+00:00,99.0,38.85,2023-08-18 15:00:00+00:00,2023
2024-08-18 16:00:00+00:00,79.0,31.39,2023-08-18 16:00:00+00:00,2023
2024-08-18 17:00:00+00:00,33.0,23.05,2023-08-18 17:00:00+00:00,2023
2024-08-18 18:00:00+00:00,19.0,14.37,2023-08-18 18:00:00+00:00,2023
2024-08-18 19:00:00+00:00,9.0,5.78,2023-08-18 19:00:00+00:00,2023
2024-08-18 20:00:00+00:00,0.0,0.0,2023-08-18 20:00:00+00:00,2023
2024-08-18 21:00:00+00:00,0.0,0.0,2023-08-18 21:00:00+00:00,2023
2024-08-18 22:00:00+00:00,0.0,0.0,2023-08-18 22:00:00+00:00,2023
2024-08-18 23:00:00+00:00,0.0,0.0,2023-08-18 23:00:00+00:00,2023
2024-08-19 00:00:00+00:00,0.0,0.0,2023-08-19 00:00:00+00:00,2023
2024-08-19 01:00:00+00:00,0.0,0.0,2023-08-19 01:00:00+00:00,2023
2024-08-19 02:00:00+00:00,0.0,0.0,2023-08-19 02:00:00+00:00,2023
2024-08-19 03:00:00+00:00,0.0,0.0,2023-08-19 03:00:00+00:00,2023
2024-08-19 04:00:00+00:00,0.0,0.0,2023-08-19 04:00:00+00:00,2023
2024-08-19 05:00:00+00:00,0.0,0.0,2023-08-19 05:00:00+00:00,2023
2024-08-19 06:00:00+00:00,31.0,6.81,2023-08-19 06:00:00+00:00,2023
2024-08-19 07:00:00+00:00,19.0,15.45,2023-08-19 07:00:00+00:00,2023
2024-08-19 08:00:00+00:00,197.0,24.1,2023-08-19 08:00:00+00:00,2023
2024-08-19 09:00:00+00:00,279.0,32.33,2023-08-19 09:00:00+00:00,2023
2024-08-19 10:00:00+00:00,391.0,39.59,2023-08-19 10:00:00+00:00,2023
2024-08-19 11:00:00+00:00,565.0,45.11,2023-08-19 11:00:00+00:00,2023
2024-08-19 12:00:00+00:00,534.0,48.06,2023-08-19 12:00:00+00:00,2023
2024-08-19 13:00:00+00:00,422.0,47.8,2023-08-19 13:00:00+00:00,2023
2024-08-19 14:00:00+00:00,579.0,44.4,2023-08-19 14:00:00+00:00,2023
2024-08-19 15:00:00+00:00,388.0,38.54,2023-08-19 15:00:00+00:00,2023
2024-08-19 16:00:00+00:00,196.0,31.09,2023-08-19 16:00:00+00:00,2023
2024-08-19 17:00:00+00:00,185.0,22.76,2023-08-19 17:00:00+00:00,2023
2024-08-19 18:00:00+00:00,149.0,14.08,2023-08-19 18:00:00+00:00,2023
2024-08-19 19:00:00+00:00,14.0,5.48,2023-08-19 19:00:00+00:00,2023
2024-08-19 20:00:00+00:00,0.0,0.0,2023-08-19 20:00:00+00:00,2023
2024-08-19 21:00:00+00:00,0.0,0.0,2023-08-19 21:00:00+00:00,2023
2024-08-19 22:00:00+00:00,0.0,0.0,2023-08-19 22:00:00+00:00,2023
2024-08-19 23:00:00+00:00,0.0,0.0,2023-08-19 23:00:00+00:00,2023
2024-08-20 00:00:00+00:00,0.0,0.0,2023-08-20 00:00:00+00:00,2023
2024-08-20 01:00:00+00:00,0.0,0.0,2023-08-20 01:00:00+00:00,2023
2024-08-20 02:00:00+00:00,0.0,0.0,2023-08-20 02:00:00+00:00,2023
2024-08-20 03:00:00+00:00,0.0,0.0,2023-08-20 03:00:00+00:00,2023
2024-08-20 04:00:00+00:00,0.0,0.0,2023-08-20 04:00:00+00:00,2023
2024-08-20 05:00:00+00:00,0.0,0.0,2023-08-20 05:00:00+00:00,2023
2024-08-20 06:00:00+00:00,37.0,6.58,2023-08-20 06:00:00+00:00,2023
2024-08-20 07:00:00+00:00,159.0,15.22,2023-08-20 07:00:00+00:00,2023
2024-08-20 08:00:00+00:00,270.0,23.87,2023-08-20 08:00:00+00:00,2023
2024-08-20 09:00:00+00:00,179.0,32.09,2023-08-20 09:00:00+00:00,2023
2024-08-20 10:00:00+00:00,157.0,39.32,2023-08-20 10:00:00+00:00,2023
2024-08-20 11:00:00+00:00,159.0,44.82,2023-08-20 11:00:00+00:00,2023
2024-08-20 12:00:00+00:00,727.01,47.74,2023-08-20 12:00:00+00:00,2023
2024-08-20 13:00:00+00:00,499.0,47.47,2023-08-20 13:00:00+00:00,2023
2024-08-20 14:00:00+00:00,438.0,44.07,2023-08-20 14:00:00+00:00,2023
2024-08-20 15:00:00+00:00,326.0,38.22,2023-08-20 15:00:00+00:00,2023
2024-08-20 16:00:00+00:00,395.0,30.78,2023-08-20 16:00:00+00:00,2023
2024-08-20 17:00:00+00:00,277.0,22.46,2023-08-20 17:00:00+00:00,2023
2024-08-20 18:00:00+00:00,99.0,13.78,2023-08-20 18:00:00+00:00,2023
2024-08-20 19:00:00+00:00,18.0,5.18,2023-08-20 19:00:00+00:00,2023
2024-08-20 20:00:00+00:00,0.0,0.0,2023-08-20 20:00:00+00:00,2023
2024-08-20 21:00:00+00:00,0.0,0.0,2023-08-20 21:00:00+00:00,2023
2024-08-20 22:00:00+00:00,0.0,0.0,2023-08-20 22:00:00+00:00,2023
2024-08-20 23:00:00+00:00,0.0,0.0,2023-08-20 23:00:00+00:00,2023
2024-08-21 00:00:00+00:00,0.0,0.0,2023-08-21 00:00:00+00:00,2023
2024-08-21 01:00:00+00:00,0.0,0.0,2023-08-21 01:00:00+00:00,2023
2024-08-21 02:00:00+00:00,0.0,0.0,2023-08-21 02:00:00+00:00,2023
2024-08-21 03:00:00+00:00,0.0,0.0,2023-08-21 03:00:00+00:00,2023
2024-08-21 04:00:00+00:00,0.0,0.0,2023-08-21 04:00:00+00:00,2023
2024-08-21 05:00:00+00:00,0.0,0.0,2023-08-21 05:00:00+00:00,2023
2024-08-21 06:00:00+00:00,38.0,6.34,2023-08-21 06:00:00+00:00,2023
2024-08-21 07:00:00+00:00,212.0,14.99,2023-08-21 07:00:00+00:00,2023
2024-08-21 08:00:00+00:00,302.0,23.64,2023-08-21 08:00:00+00:00,2023
2024-08-21 09:00:00+00:00,404.0,31.84,2023-08-21 09:00:00+00:00,2023
2024-08-21 10:00:00+00:00,474.0,39.05,2023-08-21 10:00:00+00:00,2023
2024-08-21 11:00:00+00:00,348.0,44.52,2023-08-21 11:00:00+00:00,2023
2024-08-21 12:00:00+00:00,268.0,47.42,2023-08-21 12:00:00+00:00,2023
2024-08-21 13:00:00+00:00,454.0,47.13,2023-08-21 13:00:00+00:00,2023
2024-08-21 14:00:00+00:00,392.0,43.74,2023-08-21 14:00:00+00:00,2023
2024-08-21 15:00:00+00:00,210.0,37.9,2023-08-21 15:00:00+00:00,2023
2024-08-21 16:00:00+00:00,292.0,30.47,2023-08-21 16:00:00+00:00,2023
2024-08-21 17:00:00+00:00,191.0,22.16,2023-08-21 17:00:00+00:00,2023
2024-08-21 18:00:00+00:00,124.0,13.48,2023-08-21 18:00:00+00:00,2023
2024-08-21 19:00:00+00:00,32.72,4.87,2023-08-21 19:00:00+00:00,2023
2024-08-21 20:00:00+00:00,0.0,0.0,2023-08-21 20:00:00+00:00,2023
2024-08-21 21:00:00+00:00,0.0,0.0,2023-08-21 21:00:00+00:00,2023
2024-08-21 22:00:00+00:00,0.0,0.0,2023-08-21 22:00:00+00:00,2023
2024-08-21 23:00:00+00:00,0.0,0.0,2023-08-21 23:00:00+00:00,2023
2024-08-22 00:00:00+00:00,0.0,0.0,2023-08-22 00:00:00+00:00,2023
2024-08-22 01:00:00+00:00,0.0,0.0,2023-08-22 01:00:00+00:00,2023
2024-08-22 02:00:00+00:00,0.0,0.0,2023-08-22 02:00:00+00:00,2023
2024-08-22 03:00:00+00:00,0.0,0.0,2023-08-22 03:00:00+00:00,2023
2024-08-22 04:00:00+00:00,0.0,0.0,2023-08-22 04:00:00+00:00,2023
2024-08-22 05:00:00+00:00,0.0,0.0,2023-08-22 05:00:00+00:00,2023
2024-08-22 06:00:00+00:00,55.0,6.11,2023-08-22 06:00:00+00:00,2023
2024-08-22 07:00:00+00:00,167.0,14.76,2023-08-22 07:00:00+00:00,2023
2024-08-22 08:00:00+00:00,298.0,23.4,2023-08-22 08:00:00+00:00,2023
2024-08-22 09:00:00+00:00,202.0,31.6,2023-08-22 09:00:00+00:00,2023
2024-08-22 10:00:00+00:00,151.0,38.78,2023-08-22 10:00:00+00:00,2023
2024-08-22 11:00:00+00:00,362.0,44.22,2023-08-22 11:00:00+00:00,2023
2024-08-22 12:00:00+00:00,350.0,47.09,2023-08-22 12:00:00+00:00,2023
2024-08-22 13:00:00+00:00,161.0,46.79,2023-08-22 13:00:00+00:00,2023
2024-08-22 14:00:00+00:00,151.0,43.4,2023-08-22 14:00:00+00:00,2023
2024-08-22 15:00:00+00:00,243.0,37.58,2023-08-22 15:00:00+00:00,2023
2024-08-22 16:00:00+00:00,191.0,30.16,2023-08-22 16:00:00+00:00,2023
2024-08-22 17:00:00+00:00,136.0,21.85,2023-08-22 17:00:00+00:00,2023
2024-08-22 18:00:00+00:00,119.0,13.18,2023-08-22 18:00:00+00:00,2023
2024-08-22 19:00:00+00:00,22.79,4.56,2023-08-22 19:00:00+00:00,2023
2024-08-22 20:00:00+00:00,0.0,0.0,2023-08-22 20:00:00+00:00,2023
2024-08-22 21:00:00+00:00,0.0,0.0,2023-08-22 21:00:00+00:00,2023
2024-08-22 22:00:00+00:00,0.0,0.0,2023-08-22 22:00:00+00:00,2023
2024-08-22 23:00:00+00:00,0.0,0.0,2023-08-22 23:00:00+00:00,2023
2024-08-23 00:00:00+00:00,0.0,0.0,2023-08-23 00:00:00+00:00,2023
2024-08-23 01:00:00+00:00,0.0,0.0,2023-08-23 01:00:00+00:00,2023
2024-08-23 02:00:00+00:00,0.0,0.0,2023-08-23 02:00:00+00:00,2023
2024-08-23 03:00:00+00:00,0.0,0.0,2023-08-23 03:00:00+00:00,2023
2024-08-23 04:00:00+00:00,0.0,0.0,2023-08-23 04:00:00+00:00,2023
2024-08-23 05:00:00+00:00,0.0,0.0,2023-08-23 05:00:00+00:00,2023
2024-08-23 06:00:00+00:00,47.0,5.87,2023-08-23 06:00:00+00:00,2023
2024-08-23 07:00:00+00:00,146.0,14.53,2023-08-23 07:00:00+00:00,2023
2024-08-23 08:00:00+00:00,260.0,23.17,2023-08-23 08:00:00+00:00,2023
2024-08-23 09:00:00+00:00,169.0,31.34,2023-08-23 09:00:00+00:00,2023
2024-08-23 10:00:00+00:00,229.0,38.51,2023-08-23 10:00:00+00:00,2023
2024-08-23 11:00:00+00:00,208.0,43.92,2023-08-23 11:00:00+00:00,2023
2024-08-23 12:00:00+00:00,165.0,46.76,2023-08-23 12:00:00+00:00,2023
2024-08-23 13:00:00+00:00,443.0,46.45,2023-08-23 13:00:00+00:00,2023
2024-08-23 14:00:00+00:00,260.0,43.06,2023-08-23 14:00:00+00:00,2023
2024-08-23 15:00:00+00:00,219.0,37.25,2023-08-23 15:00:00+00:00,2023
2024-08-23 16:00:00+00:00,174.0,29.84,2023-08-23 16:00:00+00:00,2023
2024-08-23 17:00:00+00:00,52.0,21.54,2023-08-23 17:00:00+00:00,2023
2024-08-23 18:00:00+00:00,113.0,12.87,2023-08-23 18:00:00+00:00,2023
2024-08-23 19:00:00+00:00,4.0,4.25,2023-08-23 19:00:00+00:00,2023
2024-08-23 20:00:00+00:00,0.0,0.0,2023-08-23 20:00:00+00:00,2023
2024-08-23 21:00:00+00:00,0.0,0.0,2023-08-23 21:00:00+00:00,2023
2024-08-23 22:00:00+00:00,0.0,0.0,2023-08-23 22:00:00+00:00,2023
2024-08-23 23:00:00+00:00,0.0,0.0,2023-08-23 23:00:00+00:00,2023
2024-08-24 00:00:00+00:00,0.0,0.0,2023-08-24 00:00:00+00:00,2023
2024-08-24 01:00:00+00:00,0.0,0.0,2023-08-24 01:00:00+00:00,2023
2024-08-24 02:00:00+00:00,0.0,0.0,2023-08-24 02:00:00+00:00,2023
2024-08-24 03:00:00+00:00,0.0,0.0,2023-08-24 03:00:00+00:00,2023
2024-08-24 04:00:00+00:00,0.0,0.0,2023-08-24 04:00:00+00:00,2023
2024-08-24 05:00:00+00:00,0.0,0.0,2023-08-24 05:00:00+00:00,2023
2024-08-24 06:00:00+00:00,44.71,5.64,2023-08-24 06:00:00+00:00,2023
2024-08-24 07:00:00+00:00,209.0,14.3,2023-08-24 07:00:00+00:00,2023
2024-08-24 08:00:00+00:00,365.0,22.93,2023-08-24 08:00:00+00:00,2023
2024-08-24 09:00:00+00:00,475.0,31.09,2023-08-24 09:00:00+00:00,2023
2024-08-24 10:00:00+00:00,174.0,38.23,2023-08-24 10:00:00+00:00,2023
2024-08-24 11:00:00+00:00,631.01,43.61,2023-08-24 11:00:00+00:00,2023
2024-08-24 12:00:00+00:00,290.0,46.43,2023-08-24 12:00:00+00:00,2023
2024-08-24 13:00:00+00:00,506.0,46.11,2023-08-24 13:00:00+00:00,2023
2024-08-24 14:00:00+00:00,280.0,42.72,2023-08-24 14:00:00+00:00,2023
2024-08-24 15:00:00+00:00,337.0,36.92,2023-08-24 15:00:00+00:00,2023
2024-08-24 16:00:00+00:00,375.0,29.52,2023-08-24 16:00:00+00:00,2023
2024-08-24 17:00:00+00:00,87.0,21.22,2023-08-24 17:00:00+00:00,2023
2024-08-24 18:00:00+00:00,94.0,12.55,2023-08-24 18:00:00+00:00,2023
2024-08-24 19:00:00+00:00,10.0,3.93,2023-08-24 19:00:00+00:00,2023
2024-08-24 20:00:00+00:00,0.0,0.0,2023-08-24 20:00:00+00:00,2023
2024-08-24 21:00:00+00:00,0.0,0.0,2023-08-24 21:00:00+00:00,2023
2024-08-24 22:00:00+00:00,0.0,0.0,2023-08-24 22:00:00+00:00,2023
2024-08-24 23:00:00+00:00,0.0,0.0,2023-08-24 23:00:00+00:00,2023
2024-08-25 00:00:00+00:00,0.0,0.0,2023-08-25 00:00:00+00:00,2023
2024-08-25 01:00:00+00:00,0.0,0.0,2023-08-25 01:00:00+00:00,2023
2024-08-25 02:00:00+00:00,0.0,0.0,2023-08-25 02:00:00+00:00,2023
2024-08-25 03:00:00+00:00,0.0,0.0,2023-08-25 03:00:00+00:00,2023
2024-08-25 04:00:00+00:00,0.0,0.0,2023-08-25 04:00:00+00:00,2023
2024-08-25 05:00:00+00:00,0.0,0.0,2023-08-25 05:00:00+00:00,2023
2024-08-25 06:00:00+00:00,40.379999999999995,5.4,2023-08-25 06:00:00+00:00,2023
2024-08-25 07:00:00+00:00,189.0,14.06,2023-08-25 07:00:00+00:00,2023
2024-08-25 08:00:00+00:00,289.0,22.69,2023-08-25 08:00:00+00:00,2023
2024-08-25 09:00:00+00:00,429.0,30.84,2023-08-25 09:00:00+00:00,2023
2024-08-25 10:00:00+00:00,489.0,37.95,2023-08-25 10:00:00+00:00,2023
2024-08-25 11:00:00+00:00,578.0,43.31,2023-08-25 11:00:00+00:00,2023
2024-08-25 12:00:00+00:00,737.01,46.09,2023-08-25 12:00:00+00:00,2023
2024-08-25 13:00:00+00:00,475.0,45.76,2023-08-25 13:00:00+00:00,2023
2024-08-25 14:00:00+00:00,557.0,42.37,2023-08-25 14:00:00+00:00,2023
2024-08-25 15:00:00+00:00,500.0,36.58,2023-08-25 15:00:00+00:00,2023
2024-08-25 16:00:00+00:00,335.0,29.19,2023-08-25 16:00:00+00:00,2023
2024-08-25 17:00:00+00:00,57.0,20.9,2023-08-25 17:00:00+00:00,2023
2024-08-25 18:00:00+00:00,116.0,12.23,2023-08-25 18:00:00+00:00,2023
2024-08-25 19:00:00+00:00,16.810000000000002,3.61,2023-08-25 19:00:00+00:00,2023
2024-08-25 20:00:00+00:00,0.0,0.0,2023-08-25 20:00:00+00:00,2023
2024-08-25 21:00:00+00:00,0.0,0.0,2023-08-25 21:00:00+00:00,2023
2024-08-25 22:00:00+00:00,0.0,0.0,2023-08-25 22:00:00+00:00,2023
2024-08-25 23:00:00+00:00,0.0,0.0,2023-08-25 23:00:00+00:00,2023
2024-08-26 00:00:00+00:00,0.0,0.0,2023-08-26 00:00:00+00:00,2023
2024-08-26 01:00:00+00:00,0.0,0.0,2023-08-26 01:00:00+00:00,2023
2024-08-26 02:00:00+00:00,0.0,0.0,2023-08-26 02:00:00+00:00,2023
2024-08-26 03:00:00+00:00,0.0,0.0,2023-08-26 03:00:00+00:00,2023
2024-08-26 04:00:00+00:00,0.0,0.0,2023-08-26 04:00:00+00:00,2023
2024-08-26 05:00:00+00:00,0.0,0.0,2023-08-26 05:00:00+00:00,2023
2024-08-26 06:00:00+00:00,14.0,5.16,2023-08-26 06:00:00+00:00,2023
2024-08-26 07:00:00+00:00,199.0,13.83,2023-08-26 07:00:00+00:00,2023
2024-08-26 08:00:00+00:00,309.0,22.45,2023-08-26 08:00:00+00:00,2023
2024-08-26 09:00:00+00:00,148.0,30.58,2023-08-26 09:00:00+00:00,2023
2024-08-26 10:00:00+00:00,444.0,37.67,2023-08-26 10:00:00+00:00,2023
2024-08-26 11:00:00+00:00,401.0,43.0,2023-08-26 11:00:00+00:00,2023
2024-08-26 12:00:00+00:00,381.0,45.76,2023-08-26 12:00:00+00:00,2023
2024-08-26 13:00:00+00:00,346.0,45.41,2023-08-26 13:00:00+00:00,2023
2024-08-26 14:00:00+00:00,369.0,42.02,2023-08-26 14:00:00+00:00,2023
2024-08-26 15:00:00+00:00,272.0,36.24,2023-08-26 15:00:00+00:00,2023
2024-08-26 16:00:00+00:00,189.0,28.86,2023-08-26 16:00:00+00:00,2023
2024-08-26 17:00:00+00:00,177.0,20.58,2023-08-26 17:00:00+00:00,2023
2024-08-26 18:00:00+00:00,74.0,11.91,2023-08-26 18:00:00+00:00,2023
2024-08-26 19:00:00+00:00,7.0,3.29,2023-08-26 19:00:00+00:00,2023
2024-08-26 20:00:00+00:00,0.0,0.0,2023-08-26 20:00:00+00:00,2023
2024-08-26 21:00:00+00:00,0.0,0.0,2023-08-26 21:00:00+00:00,2023
2024-08-26 22:00:00+00:00,0.0,0.0,2023-08-26 22:00:00+00:00,2023
2024-08-26 23:00:00+00:00,0.0,0.0,2023-08-26 23:00:00+00:00,2023
2024-08-27 00:00:00+00:00,0.0,0.0,2023-08-27 00:00:00+00:00,2023
2024-08-27 01:00:00+00:00,0.0,0.0,2023-08-27 01:00:00+00:00,2023
2024-08-27 02:00:00+00:00,0.0,0.0,2023-08-27 02:00:00+00:00,2023
2024-08-27 03:00:00+00:00,0.0,0.0,2023-08-27 03:00:00+00:00,2023
2024-08-27 04:00:00+00:00,0.0,0.0,2023-08-27 04:00:00+00:00,2023
2024-08-27 05:00:00+00:00,0.0,0.0,2023-08-27 05:00:00+00:00,2023
2024-08-27 06:00:00+00:00,18.0,4.92,2023-08-27 06:00:00+00:00,2023
2024-08-27 07:00:00+00:00,91.0,13.59,2023-08-27 07:00:00+00:00,2023
2024-08-27 08:00:00+00:00,102.0,22.2,2023-08-27 08:00:00+00:00,2023
2024-08-27 09:00:00+00:00,191.0,30.32,2023-08-27 09:00:00+00:00,2023
2024-08-27 10:00:00+00:00,447.0,37.39,2023-08-27 10:00:00+00:00,2023
2024-08-27 11:00:00+00:00,362.0,42.68,2023-08-27 11:00:00+00:00,2023
2024-08-27 12:00:00+00:00,241.0,45.42,2023-08-27 12:00:00+00:00,2023
2024-08-27 13:00:00+00:00,189.0,45.05,2023-08-27 13:00:00+00:00,2023
2024-08-27 14:00:00+00:00,129.0,41.67,2023-08-27 14:00:00+00:00,2023
2024-08-27 15:00:00+00:00,142.0,35.9,2023-08-27 15:00:00+00:00,2023
2024-08-27 16:00:00+00:00,124.0,28.53,2023-08-27 16:00:00+00:00,2023
2024-08-27 17:00:00+00:00,109.0,20.25,2023-08-27 17:00:00+00:00,2023
2024-08-27 18:00:00+00:00,58.0,11.59,2023-08-27 18:00:00+00:00,2023
2024-08-27 19:00:00+00:00,4.0,2.96,2023-08-27 19:00:00+00:00,2023
2024-08-27 20:00:00+00:00,0.0,0.0,2023-08-27 20:00:00+00:00,2023
2024-08-27 21:00:00+00:00,0.0,0.0,2023-08-27 21:00:00+00:00,2023
2024-08-27 22:00:00+00:00,0.0,0.0,2023-08-27 22:00:00+00:00,2023
2024-08-27 23:00:00+00:00,0.0,0.0,2023-08-27 23:00:00+00:00,2023
2024-08-28 00:00:00+00:00,0.0,0.0,2023-08-28 00:00:00+00:00,2023
2024-08-28 01:00:00+00:00,0.0,0.0,2023-08-28 01:00:00+00:00,2023
2024-08-28 02:00:00+00:00,0.0,0.0,2023-08-28 02:00:00+00:00,2023
2024-08-28 03:00:00+00:00,0.0,0.0,2023-08-28 03:00:00+00:00,2023
2024-08-28 04:00:00+00:00,0.0,0.0,2023-08-28 04:00:00+00:00,2023
2024-08-28 05:00:00+00:00,0.0,0.0,2023-08-28 05:00:00+00:00,2023
2024-08-28 06:00:00+00:00,22.8,4.68,2023-08-28 06:00:00+00:00,2023
2024-08-28 07:00:00+00:00,153.0,13.35,2023-08-28 07:00:00+00:00,2023
2024-08-28 08:00:00+00:00,270.0,21.96,2023-08-28 08:00:00+00:00,2023
2024-08-28 09:00:00+00:00,286.0,30.06,2023-08-28 09:00:00+00:00,2023
2024-08-28 10:00:00+00:00,315.0,37.1,2023-08-28 10:00:00+00:00,2023
2024-08-28 11:00:00+00:00,366.0,42.37,2023-08-28 11:00:00+00:00,2023
2024-08-28 12:00:00+00:00,472.0,45.07,2023-08-28 12:00:00+00:00,2023
2024-08-28 13:00:00+00:00,389.0,44.69,2023-08-28 13:00:00+00:00,2023
2024-08-28 14:00:00+00:00,191.0,41.31,2023-08-28 14:00:00+00:00,2023
2024-08-28 15:00:00+00:00,187.0,35.55,2023-08-28 15:00:00+00:00,2023
2024-08-28 16:00:00+00:00,214.0,28.19,2023-08-28 16:00:00+00:00,2023
2024-08-28 17:00:00+00:00,108.0,19.92,2023-08-28 17:00:00+00:00,2023
2024-08-28 18:00:00+00:00,28.0,11.26,2023-08-28 18:00:00+00:00,2023
2024-08-28 19:00:00+00:00,4.0,2.63,2023-08-28 19:00:00+00:00,2023
2024-08-28 20:00:00+00:00,0.0,0.0,2023-08-28 20:00:00+00:00,2023
2024-08-28 21:00:00+00:00,0.0,0.0,2023-08-28 21:00:00+00:00,2023
2024-08-28 22:00:00+00:00,0.0,0.0,2023-08-28 22:00:00+00:00,2023
2024-08-28 23:00:00+00:00,0.0,0.0,2023-08-28 23:00:00+00:00,2023
2024-08-29 00:00:00+00:00,0.0,0.0,2023-08-29 00:00:00+00:00,2023
2024-08-29 01:00:00+00:00,0.0,0.0,2023-08-29 01:00:00+00:00,2023
2024-08-29 02:00:00+00:00,0.0,0.0,2023-08-29 02:00:00+00:00,2023
2024-08-29 03:00:00+00:00,0.0,0.0,2023-08-29 03:00:00+00:00,2023
2024-08-29 04:00:00+00:00,0.0,0.0,2023-08-29 04:00:00+00:00,2023
2024-08-29 05:00:00+00:00,0.0,0.0,2023-08-29 05:00:00+00:00,2023
2024-08-29 06:00:00+00:00,22.79,4.43,2023-08-29 06:00:00+00:00,2023
2024-08-29 07:00:00+00:00,146.0,13.11,2023-08-29 07:00:00+00:00,2023
2024-08-29 08:00:00+00:00,259.0,21.71,2023-08-29 08:00:00+00:00,2023
2024-08-29 09:00:00+00:00,257.0,29.8,2023-08-29 09:00:00+00:00,2023
2024-08-29 10:00:00+00:00,571.01,36.82,2023-08-29 10:00:00+00:00,2023
2024-08-29 11:00:00+00:00,509.0,42.05,2023-08-29 11:00:00+00:00,2023
2024-08-29 12:00:00+00:00,356.0,44.73,2023-08-29 12:00:00+00:00,2023
2024-08-29 13:00:00+00:00,470.0,44.33,2023-08-29 13:00:00+00:00,2023
2024-08-29 14:00:00+00:00,324.0,40.95,2023-08-29 14:00:00+00:00,2023
2024-08-29 15:00:00+00:00,308.0,35.2,2023-08-29 15:00:00+00:00,2023
2024-08-29 16:00:00+00:00,213.0,27.85,2023-08-29 16:00:00+00:00,2023
2024-08-29 17:00:00+00:00,88.0,19.59,2023-08-29 17:00:00+00:00,2023
2024-08-29 18:00:00+00:00,77.0,10.93,2023-08-29 18:00:00+00:00,2023
2024-08-29 19:00:00+00:00,2.0,2.3,2023-08-29 19:00:00+00:00,2023
2024-08-29 20:00:00+00:00,0.0,0.0,2023-08-29 20:00:00+00:00,2023
2024-08-29 21:00:00+00:00,0.0,0.0,2023-08-29 21:00:00+00:00,2023
2024-08-29 22:00:00+00:00,0.0,0.0,2023-08-29 22:00:00+00:00,2023
2024-08-29 23:00:00+00:00,0.0,0.0,2023-08-29 23:00:00+00:00,2023
2024-08-30 00:00:00+00:00,0.0,0.0,2023-08-30 00:00:00+00:00,2023
2024-08-30 01:00:00+00:00,0.0,0.0,2023-08-30 01:00:00+00:00,2023
2024-08-30 02:00:00+00:00,0.0,0.0,2023-08-30 02:00:00+00:00,2023
2024-08-30 03:00:00+00:00,0.0,0.0,2023-08-30 03:00:00+00:00,2023
2024-08-30 04:00:00+00:00,0.0,0.0,2023-08-30 04:00:00+00:00,2023
2024-08-30 05:00:00+00:00,0.0,0.0,2023-08-30 05:00:00+00:00,2023
2024-08-30 06:00:00+00:00,4.0,4.19,2023-08-30 06:00:00+00:00,2023
2024-08-30 07:00:00+00:00,129.0,12.87,2023-08-30 07:00:00+00:00,2023
2024-08-30 08:00:00+00:00,271.0,21.46,2023-08-30 08:00:00+00:00,2023
2024-08-30 09:00:00+00:00,323.0,29.54,2023-08-30 09:00:00+00:00,2023
2024-08-30 10:00:00+00:00,492.0,36.53,2023-08-30 10:00:00+00:00,2023
2024-08-30 11:00:00+00:00,315.0,41.73,2023-08-30 11:00:00+00:00,2023
2024-08-30 12:00:00+00:00,377.0,44.38,2023-08-30 12:00:00+00:00,2023
2024-08-30 13:00:00+00:00,493.0,43.97,2023-08-30 13:00:00+00:00,2023
2024-08-30 14:00:00+00:00,434.0,40.59,2023-08-30 14:00:00+00:00,2023
2024-08-30 15:00:00+00:00,272.0,34.84,2023-08-30 15:00:00+00:00,2023
2024-08-30 16:00:00+00:00,105.0,27.51,2023-08-30 16:00:00+00:00,2023
2024-08-30 17:00:00+00:00,79.0,19.25,2023-08-30 17:00:00+00:00,2023
2024-08-30 18:00:00+00:00,50.0,10.6,2023-08-30 18:00:00+00:00,2023
2024-08-30 19:00:00+00:00,4.0,1.96,2023-08-30 19:00:00+00:00,2023
2024-08-30 20:00:00+00:00,0.0,0.0,2023-08-30 20:00:00+00:00,2023
2024-08-30 21:00:00+00:00,0.0,0.0,2023-08-30 21:00:00+00:00,2023
2024-08-30 22:00:00+00:00,0.0,0.0,2023-08-30 22:00:00+00:00,2023
2024-08-30 23:00:00+00:00,0.0,0.0,2023-08-30 23:00:00+00:00,2023
2024-08-31 00:00:00+00:00,0.0,0.0,2023-08-31 00:00:00+00:00,2023
2024-08-31 01:00:00+00:00,0.0,0.0,2023-08-31 01:00:00+00:00,2023
2024-08-31 02:00:00+00:00,0.0,0.0,2023-08-31 02:00:00+00:00,2023
2024-08-31 03:00:00+00:00,0.0,0.0,2023-08-31 03:00:00+00:00,2023
2024-08-31 04:00:00+00:00,0.0,0.0,2023-08-31 04:00:00+00:00,2023
2024-08-31 05:00:00+00:00,0.0,0.0,2023-08-31 05:00:00+00:00,2023
2024-08-31 06:00:00+00:00,18.8,3.94,2023-08-31 06:00:00+00:00,2023
2024-08-31 07:00:00+00:00,126.0,12.62,2023-08-31 07:00:00+00:00,2023
2024-08-31 08:00:00+00:00,119.0,21.21,2023-08-31 08:00:00+00:00,2023
2024-08-31 09:00:00+00:00,98.0,29.27,2023-08-31 09:00:00+00:00,2023
2024-08-31 10:00:00+00:00,188.0,36.23,2023-08-31 10:00:00+00:00,2023
2024-08-31 11:00:00+00:00,162.0,41.4,2023-08-31 11:00:00+00:00,2023
2024-08-31 12:00:00+00:00,494.0,44.03,2023-08-31 12:00:00+00:00,2023
2024-08-31 13:00:00+00:00,465.0,43.6,2023-08-31 13:00:00+00:00,2023
2024-08-31 14:00:00+00:00,476.0,40.22,2023-08-31 14:00:00+00:00,2023
2024-08-31 15:00:00+00:00,218.0,34.49,2023-08-31 15:00:00+00:00,2023
2024-08-31 16:00:00+00:00,202.0,27.16,2023-08-31 16:00:00+00:00,2023
2024-08-31 17:00:00+00:00,140.0,18.91,2023-08-31 17:00:00+00:00,2023
2024-08-31 18:00:00+00:00,24.0,10.26,2023-08-31 18:00:00+00:00,2023
2024-08-31 19:00:00+00:00,1.0,1.62,2023-08-31 19:00:00+00:00,2023
2024-08-31 20:00:00+00:00,0.0,0.0,2023-08-31 20:00:00+00:00,2023
2024-08-31 21:00:00+00:00,0.0,0.0,2023-08-31 21:00:00+00:00,2023
2024-08-31 22:00:00+00:00,0.0,0.0,2023-08-31 22:00:00+00:00,2023
2024-08-31 23:00:00+00:00,0.0,0.0,2023-08-31 23:00:00+00:00,2023
2024-09-01 00:00:00+00:00,0.0,0.0,2023-09-01 00:00:00+00:00,2023
2024-09-01 01:00:00+00:00,0.0,0.0,2023-09-01 01:00:00+00:00,2023
2024-09-01 02:00:00+00:00,0.0,0.0,2023-09-01 02:00:00+00:00,2023
2024-09-01 03:00:00+00:00,0.0,0.0,2023-09-01 03:00:00+00:00,2023
2024-09-01 04:00:00+00:00,0.0,0.0,2023-09-01 04:00:00+00:00,2023
2024-09-01 05:00:00+00:00,0.0,0.0,2023-09-01 05:00:00+00:00,2023
2024-09-01 06:00:00+00:00,23.08,3.7,2023-09-01 06:00:00+00:00,2023
2024-09-01 07:00:00+00:00,110.0,12.38,2023-09-01 07:00:00+00:00,2023
2024-09-01 08:00:00+00:00,177.0,20.96,2023-09-01 08:00:00+00:00,2023
2024-09-01 09:00:00+00:00,175.0,29.0,2023-09-01 09:00:00+00:00,2023
2024-09-01 10:00:00+00:00,199.0,35.94,2023-09-01 10:00:00+00:00,2023
2024-09-01 11:00:00+00:00,416.0,41.08,2023-09-01 11:00:00+00:00,2023
2024-09-01 12:00:00+00:00,459.0,43.67,2023-09-01 12:00:00+00:00,2023
2024-09-01 13:00:00+00:00,497.0,43.24,2023-09-01 13:00:00+00:00,2023
2024-09-01 14:00:00+00:00,528.0,39.85,2023-09-01 14:00:00+00:00,2023
2024-09-01 15:00:00+00:00,523.01,34.13,2023-09-01 15:00:00+00:00,2023
2024-09-01 16:00:00+00:00,367.0,26.82,2023-09-01 16:00:00+00:00,2023
2024-09-01 17:00:00+00:00,251.0,18.57,2023-09-01 17:00:00+00:00,2023
2024-09-01 18:00:00+00:00,109.0,9.92,2023-09-01 18:00:00+00:00,2023
2024-09-01 19:00:00+00:00,1.0,1.28,2023-09-01 19:00:00+00:00,2023
2024-09-01 20:00:00+00:00,0.0,0.0,2023-09-01 20:00:00+00:00,2023
2024-09-01 21:00:00+00:00,0.0,0.0,2023-09-01 21:00:00+00:00,2023
2024-09-01 22:00:00+00:00,0.0,0.0,2023-09-01 22:00:00+00:00,2023
2024-09-01 23:00:00+00:00,0.0,0.0,2023-09-01 23:00:00+00:00,2023
2024-09-02 00:00:00+00:00,0.0,0.0,2023-09-02 00:00:00+00:00,2023
2024-09-02 01:00:00+00:00,0.0,0.0,2023-09-02 01:00:00+00:00,2023
2024-09-02 02:00:00+00:00,0.0,0.0,2023-09-02 02:00:00+00:00,2023
2024-09-02 03:00:00+00:00,0.0,0.0,2023-09-02 03:00:00+00:00,2023
2024-09-02 04:00:00+00:00,0.0,0.0,2023-09-02 04:00:00+00:00,2023
2024-09-02 05:00:00+00:00,0.0,0.0,2023-09-02 05:00:00+00:00,2023
2024-09-02 06:00:00+00:00,19.55,3.45,2023-09-02 06:00:00+00:00,2023
2024-09-02 07:00:00+00:00,156.0,12.13,2023-09-02 07:00:00+00:00,2023
2024-09-02 08:00:00+00:00,298.0,20.71,2023-09-02 08:00:00+00:00,2023
2024-09-02 09:00:00+00:00,385.0,28.73,2023-09-02 09:00:00+00:00,2023
2024-09-02 10:00:00+00:00,558.01,35.64,2023-09-02 10:00:00+00:00,2023
2024-09-02 11:00:00+00:00,628.01,40.75,2023-09-02 11:00:00+00:00,2023
2024-09-02 12:00:00+00:00,717.01,43.32,2023-09-02 12:00:00+00:00,2023
2024-09-02 13:00:00+00:00,622.01,42.86,2023-09-02 13:00:00+00:00,2023
2024-09-02 14:00:00+00:00,588.01,39.48,2023-09-02 14:00:00+00:00,2023
2024-09-02 15:00:00+00:00,518.01,33.77,2023-09-02 15:00:00+00:00,2023
2024-09-02 16:00:00+00:00,373.0,26.46,2023-09-02 16:00:00+00:00,2023
2024-09-02 17:00:00+00:00,238.0,18.23,2023-09-02 17:00:00+00:00,2023
2024-09-02 18:00:00+00:00,94.0,9.58,2023-09-02 18:00:00+00:00,2023
2024-09-02 19:00:00+00:00,0.0,0.0,2023-09-02 19:00:00+00:00,2023
2024-09-02 20:00:00+00:00,0.0,0.0,2023-09-02 20:00:00+00:00,2023
2024-09-02 21:00:00+00:00,0.0,0.0,2023-09-02 21:00:00+00:00,2023
2024-09-02 22:00:00+00:00,0.0,0.0,2023-09-02 22:00:00+00:00,2023
2024-09-02 23:00:00+00:00,0.0,0.0,2023-09-02 23:00:00+00:00,2023
2024-09-03 00:00:00+00:00,0.0,0.0,2023-09-03 00:00:00+00:00,2023
2024-09-03 01:00:00+00:00,0.0,0.0,2023-09-03 01:00:00+00:00,2023
2024-09-03 02:00:00+00:00,0.0,0.0,2023-09-03 02:00:00+00:00,2023
2024-09-03 03:00:00+00:00,0.0,0.0,2023-09-03 03:00:00+00:00,2023
2024-09-03 04:00:00+00:00,0.0,0.0,2023-09-03 04:00:00+00:00,2023
2024-09-03 05:00:00+00:00,0.0,0.0,2023-09-03 05:00:00+00:00,2023
2024-09-03 06:00:00+00:00,18.55,3.2,2023-09-03 06:00:00+00:00,2023
2024-09-03 07:00:00+00:00,157.0,11.89,2023-09-03 07:00:00+00:00,2023
2024-09-03 08:00:00+00:00,145.0,20.46,2023-09-03 08:00:00+00:00,2023
2024-09-03 09:00:00+00:00,264.0,28.46,2023-09-03 09:00:00+00:00,2023
2024-09-03 10:00:00+00:00,433.0,35.35,2023-09-03 10:00:00+00:00,2023
2024-09-03 11:00:00+00:00,509.0,40.42,2023-09-03 11:00:00+00:00,2023
2024-09-03 12:00:00+00:00,627.01,42.96,2023-09-03 12:00:00+00:00,2023
2024-09-03 13:00:00+00:00,610.01,42.49,2023-09-03 13:00:00+00:00,2023
2024-09-03 14:00:00+00:00,563.01,39.11,2023-09-03 14:00:00+00:00,2023
2024-09-03 15:00:00+00:00,490.01,33.4,2023-09-03 15:00:00+00:00,2023
2024-09-03 16:00:00+00:00,324.0,26.11,2023-09-03 16:00:00+00:00,2023
2024-09-03 17:00:00+00:00,208.0,17.88,2023-09-03 17:00:00+00:00,2023
2024-09-03 18:00:00+00:00,75.0,9.23,2023-09-03 18:00:00+00:00,2023
2024-09-03 19:00:00+00:00,0.0,0.0,2023-09-03 19:00:00+00:00,2023
2024-09-03 20:00:00+00:00,0.0,0.0,2023-09-03 20:00:00+00:00,2023
2024-09-03 21:00:00+00:00,0.0,0.0,2023-09-03 21:00:00+00:00,2023
2024-09-03 22:00:00+00:00,0.0,0.0,2023-09-03 22:00:00+00:00,2023
2024-09-03 23:00:00+00:00,0.0,0.0,2023-09-03 23:00:00+00:00,2023
2024-09-04 00:00:00+00:00,0.0,0.0,2023-09-04 00:00:00+00:00,2023
2024-09-04 01:00:00+00:00,0.0,0.0,2023-09-04 01:00:00+00:00,2023
2024-09-04 02:00:00+00:00,0.0,0.0,2023-09-04 02:00:00+00:00,2023
2024-09-04 03:00:00+00:00,0.0,0.0,2023-09-04 03:00:00+00:00,2023
2024-09-04 04:00:00+00:00,0.0,0.0,2023-09-04 04:00:00+00:00,2023
2024-09-04 05:00:00+00:00,0.0,0.0,2023-09-04 05:00:00+00:00,2023
2024-09-04 06:00:00+00:00,16.57,2.95,2023-09-04 06:00:00+00:00,2023
2024-09-04 07:00:00+00:00,160.0,11.64,2023-09-04 07:00:00+00:00,2023
2024-09-04 08:00:00+00:00,299.0,20.2,2023-09-04 08:00:00+00:00,2023
2024-09-04 09:00:00+00:00,402.0,28.19,2023-09-04 09:00:00+00:00,2023
2024-09-04 10:00:00+00:00,572.01,35.05,2023-09-04 10:00:00+00:00,2023
2024-09-04 11:00:00+00:00,652.01,40.09,2023-09-04 11:00:00+00:00,2023
2024-09-04 12:00:00+00:00,688.01,42.6,2023-09-04 12:00:00+00:00,2023
2024-09-04 13:00:00+00:00,692.01,42.12,2023-09-04 13:00:00+00:00,2023
2024-09-04 14:00:00+00:00,628.01,38.73,2023-09-04 14:00:00+00:00,2023
2024-09-04 15:00:00+00:00,534.01,33.04,2023-09-04 15:00:00+00:00,2023
2024-09-04 16:00:00+00:00,397.0,25.75,2023-09-04 16:00:00+00:00,2023
2024-09-04 17:00:00+00:00,249.0,17.53,2023-09-04 17:00:00+00:00,2023
2024-09-04 18:00:00+00:00,106.0,8.88,2023-09-04 18:00:00+00:00,2023
2024-09-04 19:00:00+00:00,0.0,0.0,2023-09-04 19:00:00+00:00,2023
2024-09-04 20:00:00+00:00,0.0,0.0,2023-09-04 20:00:00+00:00,2023
2024-09-04 21:00:00+00:00,0.0,0.0,2023-09-04 21:00:00+00:00,2023
2024-09-04 22:00:00+00:00,0.0,0.0,2023-09-04 22:00:00+00:00,2023
2024-09-04 23:00:00+00:00,0.0,0.0,2023-09-04 23:00:00+00:00,2023
2024-09-05 00:00:00+00:00,0.0,0.0,2023-09-05 00:00:00+00:00,2023
2024-09-05 01:00:00+00:00,0.0,0.0,2023-09-05 01:00:00+00:00,2023
2024-09-05 02:00:00+00:00,0.0,0.0,2023-09-05 02:00:00+00:00,2023
2024-09-05 03:00:00+00:00,0.0,0.0,2023-09-05 03:00:00+00:00,2023
2024-09-05 04:00:00+00:00,0.0,0.0,2023-09-05 04:00:00+00:00,2023
2024-09-05 05:00:00+00:00,0.0,0.0,2023-09-05 05:00:00+00:00,2023
2024-09-05 06:00:00+00:00,11.0,2.7,2023-09-05 06:00:00+00:00,2023
2024-09-05 07:00:00+00:00,123.0,11.39,2023-09-05 07:00:00+00:00,2023
2024-09-05 08:00:00+00:00,256.0,19.95,2023-09-05 08:00:00+00:00,2023
2024-09-05 09:00:00+00:00,357.0,27.91,2023-09-05 09:00:00+00:00,2023
2024-09-05 10:00:00+00:00,497.01,34.74,2023-09-05 10:00:00+00:00,2023
2024-09-05 11:00:00+00:00,472.0,39.76,2023-09-05 11:00:00+00:00,2023
2024-09-05 12:00:00+00:00,639.01,42.24,2023-09-05 12:00:00+00:00,2023
2024-09-05 13:00:00+00:00,449.0,41.74,2023-09-05 13:00:00+00:00,2023
2024-09-05 14:00:00+00:00,331.0,38.36,2023-09-05 14:00:00+00:00,2023
2024-09-05 15:00:00+00:00,82.0,32.67,2023-09-05 15:00:00+00:00,2023
2024-09-05 16:00:00+00:00,278.0,25.39,2023-09-05 16:00:00+00:00,2023
2024-09-05 17:00:00+00:00,213.0,17.18,2023-09-05 17:00:00+00:00,2023
2024-09-05 18:00:00+00:00,34.0,8.53,2023-09-05 18:00:00+00:00,2023
2024-09-05 19:00:00+00:00,0.0,0.0,2023-09-05 19:00:00+00:00,2023
2024-09-05 20:00:00+00:00,0.0,0.0,2023-09-05 20:00:00+00:00,2023
2024-09-05 21:00:00+00:00,0.0,0.0,2023-09-05 21:00:00+00:00,2023
2024-09-05 22:00:00+00:00,0.0,0.0,2023-09-05 22:00:00+00:00,2023
2024-09-05 23:00:00+00:00,0.0,0.0,2023-09-05 23:00:00+00:00,2023
2024-09-06 00:00:00+00:00,0.0,0.0,2023-09-06 00:00:00+00:00,2023
2024-09-06 01:00:00+00:00,0.0,0.0,2023-09-06 01:00:00+00:00,2023
2024-09-06 02:00:00+00:00,0.0,0.0,2023-09-06 02:00:00+00:00,2023
2024-09-06 03:00:00+00:00,0.0,0.0,2023-09-06 03:00:00+00:00,2023
2024-09-06 04:00:00+00:00,0.0,0.0,2023-09-06 04:00:00+00:00,2023
2024-09-06 05:00:00+00:00,0.0,0.0,2023-09-06 05:00:00+00:00,2023
2024-09-06 06:00:00+00:00,6.0,2.45,2023-09-06 06:00:00+00:00,2023
2024-09-06 07:00:00+00:00,106.0,11.14,2023-09-06 07:00:00+00:00,2023
2024-09-06 08:00:00+00:00,260.0,19.69,2023-09-06 08:00:00+00:00,2023
2024-09-06 09:00:00+00:00,359.0,27.64,2023-09-06 09:00:00+00:00,2023
2024-09-06 10:00:00+00:00,369.0,34.44,2023-09-06 10:00:00+00:00,2023
2024-09-06 11:00:00+00:00,356.0,39.42,2023-09-06 11:00:00+00:00,2023
2024-09-06 12:00:00+00:00,387.0,41.87,2023-09-06 12:00:00+00:00,2023
2024-09-06 13:00:00+00:00,265.0,41.36,2023-09-06 13:00:00+00:00,2023
2024-09-06 14:00:00+00:00,322.0,37.98,2023-09-06 14:00:00+00:00,2023
2024-09-06 15:00:00+00:00,262.0,32.29,2023-09-06 15:00:00+00:00,2023
2024-09-06 16:00:00+00:00,323.0,25.03,2023-09-06 16:00:00+00:00,2023
2024-09-06 17:00:00+00:00,163.0,16.82,2023-09-06 17:00:00+00:00,2023
2024-09-06 18:00:00+00:00,62.0,8.18,2023-09-06 18:00:00+00:00,2023
2024-09-06 19:00:00+00:00,0.0,0.0,2023-09-06 19:00:00+00:00,2023
2024-09-06 20:00:00+00:00,0.0,0.0,2023-09-06 20:00:00+00:00,2023
2024-09-06 21:00:00+00:00,0.0,0.0,2023-09-06 21:00:00+00:00,2023
2024-09-06 22:00:00+00:00,0.0,0.0,2023-09-06 22:00:00+00:00,2023
2024-09-06 23:00:00+00:00,0.0,0.0,2023-09-06 23:00:00+00:00,2023
2024-09-07 00:00:00+00:00,0.0,0.0,2023-09-07 00:00:00+00:00,2023
2024-09-07 01:00:00+00:00,0.0,0.0,2023-09-07 01:00:00+00:00,2023
2024-09-07 02:00:00+00:00,0.0,0.0,2023-09-07 02:00:00+00:00,2023
2024-09-07 03:00:00+00:00,0.0,0.0,2023-09-07 03:00:00+00:00,2023
2024-09-07 04:00:00+00:00,0.0,0.0,2023-09-07 04:00:00+00:00,2023
2024-09-07 05:00:00+00:00,0.0,0.0,2023-09-07 05:00:00+00:00,2023
2024-09-07 06:00:00+00:00,7.0,2.2,2023-09-07 06:00:00+00:00,2023
2024-09-07 07:00:00+00:00,136.0,10.89,2023-09-07 07:00:00+00:00,2023
2024-09-07 08:00:00+00:00,219.0,19.43,2023-09-07 08:00:00+00:00,2023
2024-09-07 09:00:00+00:00,400.0,27.36,2023-09-07 09:00:00+00:00,2023
2024-09-07 10:00:00+00:00,520.01,34.14,2023-09-07 10:00:00+00:00,2023
2024-09-07 11:00:00+00:00,465.0,39.08,2023-09-07 11:00:00+00:00,2023
2024-09-07 12:00:00+00:00,583.01,41.51,2023-09-07 12:00:00+00:00,2023
2024-09-07 13:00:00+00:00,566.01,40.98,2023-09-07 13:00:00+00:00,2023
2024-09-07 14:00:00+00:00,460.0,37.59,2023-09-07 14:00:00+00:00,2023
2024-09-07 15:00:00+00:00,452.0,31.92,2023-09-07 15:00:00+00:00,2023
2024-09-07 16:00:00+00:00,366.0,24.67,2023-09-07 16:00:00+00:00,2023
2024-09-07 17:00:00+00:00,179.0,16.46,2023-09-07 17:00:00+00:00,2023
2024-09-07 18:00:00+00:00,75.0,7.82,2023-09-07 18:00:00+00:00,2023
2024-09-07 19:00:00+00:00,0.0,0.0,2023-09-07 19:00:00+00:00,2023
2024-09-07 20:00:00+00:00,0.0,0.0,2023-09-07 20:00:00+00:00,2023
2024-09-07 21:00:00+00:00,0.0,0.0,2023-09-07 21:00:00+00:00,2023
2024-09-07 22:00:00+00:00,0.0,0.0,2023-09-07 22:00:00+00:00,2023
2024-09-07 23:00:00+00:00,0.0,0.0,2023-09-07 23:00:00+00:00,2023
2024-09-08 00:00:00+00:00,0.0,0.0,2023-09-08 00:00:00+00:00,2023
2024-09-08 01:00:00+00:00,0.0,0.0,2023-09-08 01:00:00+00:00,2023
2024-09-08 02:00:00+00:00,0.0,0.0,2023-09-08 02:00:00+00:00,2023
2024-09-08 03:00:00+00:00,0.0,0.0,2023-09-08 03:00:00+00:00,2023
2024-09-08 04:00:00+00:00,0.0,0.0,2023-09-08 04:00:00+00:00,2023
2024-09-08 05:00:00+00:00,0.0,0.0,2023-09-08 05:00:00+00:00,2023
2024-09-08 06:00:00+00:00,3.0,1.94,2023-09-08 06:00:00+00:00,2023
2024-09-08 07:00:00+00:00,95.0,10.64,2023-09-08 07:00:00+00:00,2023
2024-09-08 08:00:00+00:00,239.0,19.17,2023-09-08 08:00:00+00:00,2023
2024-09-08 09:00:00+00:00,257.0,27.08,2023-09-08 09:00:00+00:00,2023
2024-09-08 10:00:00+00:00,368.0,33.83,2023-09-08 10:00:00+00:00,2023
2024-09-08 11:00:00+00:00,576.01,38.74,2023-09-08 11:00:00+00:00,2023
2024-09-08 12:00:00+00:00,577.01,41.14,2023-09-08 12:00:00+00:00,2023
2024-09-08 13:00:00+00:00,599.01,40.59,2023-09-08 13:00:00+00:00,2023
2024-09-08 14:00:00+00:00,511.01,37.21,2023-09-08 14:00:00+00:00,2023
2024-09-08 15:00:00+00:00,466.01,31.54,2023-09-08 15:00:00+00:00,2023
2024-09-08 16:00:00+00:00,348.0,24.3,2023-09-08 16:00:00+00:00,2023
2024-09-08 17:00:00+00:00,204.0,16.11,2023-09-08 17:00:00+00:00,2023
2024-09-08 18:00:00+00:00,80.0,7.47,2023-09-08 18:00:00+00:00,2023
2024-09-08 19:00:00+00:00,0.0,0.0,2023-09-08 19:00:00+00:00,2023
2024-09-08 20:00:00+00:00,0.0,0.0,2023-09-08 20:00:00+00:00,2023
2024-09-08 21:00:00+00:00,0.0,0.0,2023-09-08 21:00:00+00:00,2023
2024-09-08 22:00:00+00:00,0.0,0.0,2023-09-08 22:00:00+00:00,2023
2024-09-08 23:00:00+00:00,0.0,0.0,2023-09-08 23:00:00+00:00,2023
2024-09-09 00:00:00+00:00,0.0,0.0,2023-09-09 00:00:00+00:00,2023
2024-09-09 01:00:00+00:00,0.0,0.0,2023-09-09 01:00:00+00:00,2023
2024-09-09 02:00:00+00:00,0.0,0.0,2023-09-09 02:00:00+00:00,2023
2024-09-09 03:00:00+00:00,0.0,0.0,2023-09-09 03:00:00+00:00,2023
2024-09-09 04:00:00+00:00,0.0,0.0,2023-09-09 04:00:00+00:00,2023
2024-09-09 05:00:00+00:00,0.0,0.0,2023-09-09 05:00:00+00:00,2023
2024-09-09 06:00:00+00:00,1.0,1.69,2023-09-09 06:00:00+00:00,2023
2024-09-09 07:00:00+00:00,43.0,10.39,2023-09-09 07:00:00+00:00,2023
2024-09-09 08:00:00+00:00,146.0,18.9,2023-09-09 08:00:00+00:00,2023
2024-09-09 09:00:00+00:00,117.0,26.8,2023-09-09 09:00:00+00:00,2023
2024-09-09 10:00:00+00:00,177.0,33.52,2023-09-09 10:00:00+00:00,2023
2024-09-09 11:00:00+00:00,109.0,38.4,2023-09-09 11:00:00+00:00,2023
2024-09-09 12:00:00+00:00,203.0,40.77,2023-09-09 12:00:00+00:00,2023
2024-09-09 13:00:00+00:00,381.0,40.21,2023-09-09 13:00:00+00:00,2023
2024-09-09 14:00:00+00:00,408.0,36.82,2023-09-09 14:00:00+00:00,2023
2024-09-09 15:00:00+00:00,402.0,31.17,2023-09-09 15:00:00+00:00,2023
2024-09-09 16:00:00+00:00,228.0,23.93,2023-09-09 16:00:00+00:00,2023
2024-09-09 17:00:00+00:00,138.0,15.74,2023-09-09 17:00:00+00:00,2023
2024-09-09 18:00:00+00:00,31.0,7.11,2023-09-09 18:00:00+00:00,2023
2024-09-09 19:00:00+00:00,0.0,0.0,2023-09-09 19:00:00+00:00,2023
2024-09-09 20:00:00+00:00,0.0,0.0,2023-09-09 20:00:00+00:00,2023
2024-09-09 21:00:00+00:00,0.0,0.0,2023-09-09 21:00:00+00:00,2023
2024-09-09 22:00:00+00:00,0.0,0.0,2023-09-09 22:00:00+00:00,2023
2024-09-09 23:00:00+00:00,0.0,0.0,2023-09-09 23:00:00+00:00,2023
2024-09-10 00:00:00+00:00,0.0,0.0,2023-09-10 00:00:00+00:00,2023
2024-09-10 01:00:00+00:00,0.0,0.0,2023-09-10 01:00:00+00:00,2023
2024-09-10 02:00:00+00:00,0.0,0.0,2023-09-10 02:00:00+00:00,2023
2024-09-10 03:00:00+00:00,0.0,0.0,2023-09-10 03:00:00+00:00,2023
2024-09-10 04:00:00+00:00,0.0,0.0,2023-09-10 04:00:00+00:00,2023
2024-09-10 05:00:00+00:00,0.0,0.0,2023-09-10 05:00:00+00:00,2023
2024-09-10 06:00:00+00:00,1.0,1.43,2023-09-10 06:00:00+00:00,2023
2024-09-10 07:00:00+00:00,49.0,10.13,2023-09-10 07:00:00+00:00,2023
2024-09-10 08:00:00+00:00,140.0,18.64,2023-09-10 08:00:00+00:00,2023
2024-09-10 09:00:00+00:00,91.0,26.52,2023-09-10 09:00:00+00:00,2023
2024-09-10 10:00:00+00:00,381.0,33.21,2023-09-10 10:00:00+00:00,2023
2024-09-10 11:00:00+00:00,390.0,38.06,2023-09-10 11:00:00+00:00,2023
2024-09-10 12:00:00+00:00,187.0,40.4,2023-09-10 12:00:00+00:00,2023
2024-09-10 13:00:00+00:00,161.0,39.82,2023-09-10 13:00:00+00:00,2023
2024-09-10 14:00:00+00:00,310.0,36.44,2023-09-10 14:00:00+00:00,2023
2024-09-10 15:00:00+00:00,357.0,30.79,2023-09-10 15:00:00+00:00,2023
2024-09-10 16:00:00+00:00,140.0,23.56,2023-09-10 16:00:00+00:00,2023
2024-09-10 17:00:00+00:00,86.0,15.38,2023-09-10 17:00:00+00:00,2023
2024-09-10 18:00:00+00:00,72.0,6.75,2023-09-10 18:00:00+00:00,2023
2024-09-10 19:00:00+00:00,0.0,0.0,2023-09-10 19:00:00+00:00,2023
2024-09-10 20:00:00+00:00,0.0,0.0,2023-09-10 20:00:00+00:00,2023
2024-09-10 21:00:00+00:00,0.0,0.0,2023-09-10 21:00:00+00:00,2023
2024-09-10 22:00:00+00:00,0.0,0.0,2023-09-10 22:00:00+00:00,2023
2024-09-10 23:00:00+00:00,0.0,0.0,2023-09-10 23:00:00+00:00,2023
2024-09-11 00:00:00+00:00,0.0,0.0,2023-09-11 00:00:00+00:00,2023
2024-09-11 01:00:00+00:00,0.0,0.0,2023-09-11 01:00:00+00:00,2023
2024-09-11 02:00:00+00:00,0.0,0.0,2023-09-11 02:00:00+00:00,2023
2024-09-11 03:00:00+00:00,0.0,0.0,2023-09-11 03:00:00+00:00,2023
2024-09-11 04:00:00+00:00,0.0,0.0,2023-09-11 04:00:00+00:00,2023
2024-09-11 05:00:00+00:00,0.0,0.0,2023-09-11 05:00:00+00:00,2023
2024-09-11 06:00:00+00:00,0.0,0.0,2023-09-11 06:00:00+00:00,2023
2024-09-11 07:00:00+00:00,23.0,9.88,2023-09-11 07:00:00+00:00,2023
2024-09-11 08:00:00+00:00,105.0,18.38,2023-09-11 08:00:00+00:00,2023
2024-09-11 09:00:00+00:00,122.0,26.23,2023-09-11 09:00:00+00:00,2023
2024-09-11 10:00:00+00:00,218.0,32.9,2023-09-11 10:00:00+00:00,2023
2024-09-11 11:00:00+00:00,252.0,37.71,2023-09-11 11:00:00+00:00,2023
2024-09-11 12:00:00+00:00,345.0,40.02,2023-09-11 12:00:00+00:00,2023
2024-09-11 13:00:00+00:00,333.0,39.43,2023-09-11 13:00:00+00:00,2023
2024-09-11 14:00:00+00:00,270.0,36.05,2023-09-11 14:00:00+00:00,2023
2024-09-11 15:00:00+00:00,282.0,30.41,2023-09-11 15:00:00+00:00,2023
2024-09-11 16:00:00+00:00,198.0,23.19,2023-09-11 16:00:00+00:00,2023
2024-09-11 17:00:00+00:00,68.0,15.02,2023-09-11 17:00:00+00:00,2023
2024-09-11 18:00:00+00:00,8.0,6.39,2023-09-11 18:00:00+00:00,2023
2024-09-11 19:00:00+00:00,0.0,0.0,2023-09-11 19:00:00+00:00,2023
2024-09-11 20:00:00+00:00,0.0,0.0,2023-09-11 20:00:00+00:00,2023
2024-09-11 21:00:00+00:00,0.0,0.0,2023-09-11 21:00:00+00:00,2023
2024-09-11 22:00:00+00:00,0.0,0.0,2023-09-11 22:00:00+00:00,2023
2024-09-11 23:00:00+00:00,0.0,0.0,2023-09-11 23:00:00+00:00,2023
2024-09-12 00:00:00+00:00,0.0,0.0,2023-09-12 00:00:00+00:00,2023
2024-09-12 01:00:00+00:00,0.0,0.0,2023-09-12 01:00:00+00:00,2023
2024-09-12 02:00:00+00:00,0.0,0.0,2023-09-12 02:00:00+00:00,2023
2024-09-12 03:00:00+00:00,0.0,0.0,2023-09-12 03:00:00+00:00,2023
2024-09-12 04:00:00+00:00,0.0,0.0,2023-09-12 04:00:00+00:00,2023
2024-09-12 05:00:00+00:00,0.0,0.0,2023-09-12 05:00:00+00:00,2023
2024-09-12 06:00:00+00:00,0.0,0.0,2023-09-12 06:00:00+00:00,2023
2024-09-12 07:00:00+00:00,125.0,9.62,2023-09-12 07:00:00+00:00,2023
2024-09-12 08:00:00+00:00,201.0,18.11,2023-09-12 08:00:00+00:00,2023
2024-09-12 09:00:00+00:00,124.0,25.95,2023-09-12 09:00:00+00:00,2023
2024-09-12 10:00:00+00:00,470.01,32.58,2023-09-12 10:00:00+00:00,2023
2024-09-12 11:00:00+00:00,598.01,37.37,2023-09-12 11:00:00+00:00,2023
2024-09-12 12:00:00+00:00,451.0,39.65,2023-09-12 12:00:00+00:00,2023
2024-09-12 13:00:00+00:00,346.0,39.04,2023-09-12 13:00:00+00:00,2023
2024-09-12 14:00:00+00:00,238.0,35.66,2023-09-12 14:00:00+00:00,2023
2024-09-12 15:00:00+00:00,467.01,30.02,2023-09-12 15:00:00+00:00,2023
2024-09-12 16:00:00+00:00,361.0,22.82,2023-09-12 16:00:00+00:00,2023
2024-09-12 17:00:00+00:00,215.0,14.65,2023-09-12 17:00:00+00:00,2023
2024-09-12 18:00:00+00:00,70.0,6.02,2023-09-12 18:00:00+00:00,2023
2024-09-12 19:00:00+00:00,0.0,0.0,2023-09-12 19:00:00+00:00,2023
2024-09-12 20:00:00+00:00,0.0,0.0,2023-09-12 20:00:00+00:00,2023
2024-09-12 21:00:00+00:00,0.0,0.0,2023-09-12 21:00:00+00:00,2023
2024-09-12 22:00:00+00:00,0.0,0.0,2023-09-12 22:00:00+00:00,2023
2024-09-12 23:00:00+00:00,0.0,0.0,2023-09-12 23:00:00+00:00,2023
2024-09-13 00:00:00+00:00,0.0,0.0,2023-09-13 00:00:00+00:00,2023
2024-09-13 01:00:00+00:00,0.0,0.0,2023-09-13 01:00:00+00:00,2023
2024-09-13 02:00:00+00:00,0.0,0.0,2023-09-13 02:00:00+00:00,2023
2024-09-13 03:00:00+00:00,0.0,0.0,2023-09-13 03:00:00+00:00,2023
2024-09-13 04:00:00+00:00,0.0,0.0,2023-09-13 04:00:00+00:00,2023
2024-09-13 05:00:00+00:00,0.0,0.0,2023-09-13 05:00:00+00:00,2023
2024-09-13 06:00:00+00:00,0.0,0.0,2023-09-13 06:00:00+00:00,2023
2024-09-13 07:00:00+00:00,31.0,9.36,2023-09-13 07:00:00+00:00,2023
2024-09-13 08:00:00+00:00,59.0,17.84,2023-09-13 08:00:00+00:00,2023
2024-09-13 09:00:00+00:00,74.0,25.66,2023-09-13 09:00:00+00:00,2023
2024-09-13 10:00:00+00:00,147.0,32.27,2023-09-13 10:00:00+00:00,2023
2024-09-13 11:00:00+00:00,95.0,37.02,2023-09-13 11:00:00+00:00,2023
2024-09-13 12:00:00+00:00,94.0,39.27,2023-09-13 12:00:00+00:00,2023
2024-09-13 13:00:00+00:00,66.0,38.65,2023-09-13 13:00:00+00:00,2023
2024-09-13 14:00:00+00:00,61.0,35.26,2023-09-13 14:00:00+00:00,2023
2024-09-13 15:00:00+00:00,81.0,29.64,2023-09-13 15:00:00+00:00,2023
2024-09-13 16:00:00+00:00,41.0,22.44,2023-09-13 16:00:00+00:00,2023
2024-09-13 17:00:00+00:00,18.0,14.28,2023-09-13 17:00:00+00:00,2023
2024-09-13 18:00:00+00:00,34.28,5.66,2023-09-13 18:00:00+00:00,2023
2024-09-13 19:00:00+00:00,0.0,0.0,2023-09-13 19:00:00+00:00,2023
2024-09-13 20:00:00+00:00,0.0,0.0,2023-09-13 20:00:00+00:00,2023
2024-09-13 21:00:00+00:00,0.0,0.0,2023-09-13 21:00:00+00:00,2023
2024-09-13 22:00:00+00:00,0.0,0.0,2023-09-13 22:00:00+00:00,2023
2024-09-13 23:00:00+00:00,0.0,0.0,2023-09-13 23:00:00+00:00,2023
2024-09-14 00:00:00+00:00,0.0,0.0,2023-09-14 00:00:00+00:00,2023
2024-09-14 01:00:00+00:00,0.0,0.0,2023-09-14 01:00:00+00:00,2023
2024-09-14 02:00:00+00:00,0.0,0.0,2023-09-14 02:00:00+00:00,2023
2024-09-14 03:00:00+00:00,0.0,0.0,2023-09-14 03:00:00+00:00,2023
2024-09-14 04:00:00+00:00,0.0,0.0,2023-09-14 04:00:00+00:00,2023
2024-09-14 05:00:00+00:00,0.0,0.0,2023-09-14 05:00:00+00:00,2023
2024-09-14 06:00:00+00:00,0.0,0.0,2023-09-14 06:00:00+00:00,2023
2024-09-14 07:00:00+00:00,83.0,9.1,2023-09-14 07:00:00+00:00,2023
2024-09-14 08:00:00+00:00,208.0,17.57,2023-09-14 08:00:00+00:00,2023
2024-09-14 09:00:00+00:00,257.0,25.37,2023-09-14 09:00:00+00:00,2023
2024-09-14 10:00:00+00:00,371.0,31.95,2023-09-14 10:00:00+00:00,2023
2024-09-14 11:00:00+00:00,389.0,36.67,2023-09-14 11:00:00+00:00,2023
2024-09-14 12:00:00+00:00,604.01,38.9,2023-09-14 12:00:00+00:00,2023
2024-09-14 13:00:00+00:00,615.01,38.26,2023-09-14 13:00:00+00:00,2023
2024-09-14 14:00:00+00:00,411.0,34.87,2023-09-14 14:00:00+00:00,2023
2024-09-14 15:00:00+00:00,330.0,29.25,2023-09-14 15:00:00+00:00,2023
2024-09-14 16:00:00+00:00,135.0,22.07,2023-09-14 16:00:00+00:00,2023
2024-09-14 17:00:00+00:00,52.0,13.91,2023-09-14 17:00:00+00:00,2023
2024-09-14 18:00:00+00:00,19.0,5.29,2023-09-14 18:00:00+00:00,2023
2024-09-14 19:00:00+00:00,0.0,0.0,2023-09-14 19:00:00+00:00,2023
2024-09-14 20:00:00+00:00,0.0,0.0,2023-09-14 20:00:00+00:00,2023
2024-09-14 21:00:00+00:00,0.0,0.0,2023-09-14 21:00:00+00:00,2023
2024-09-14 22:00:00+00:00,0.0,0.0,2023-09-14 22:00:00+00:00,2023
2024-09-14 23:00:00+00:00,0.0,0.0,2023-09-14 23:00:00+00:00,2023
2024-09-15 00:00:00+00:00,0.0,0.0,2023-09-15 00:00:00+00:00,2023
2024-09-15 01:00:00+00:00,0.0,0.0,2023-09-15 01:00:00+00:00,2023
2024-09-15 02:00:00+00:00,0.0,0.0,2023-09-15 02:00:00+00:00,2023
2024-09-15 03:00:00+00:00,0.0,0.0,2023-09-15 03:00:00+00:00,2023
2024-09-15 04:00:00+00:00,0.0,0.0,2023-09-15 04:00:00+00:00,2023
2024-09-15 05:00:00+00:00,0.0,0.0,2023-09-15 05:00:00+00:00,2023
2024-09-15 06:00:00+00:00,0.0,0.0,2023-09-15 06:00:00+00:00,2023
2024-09-15 07:00:00+00:00,74.0,8.84,2023-09-15 07:00:00+00:00,2023
2024-09-15 08:00:00+00:00,170.0,17.3,2023-09-15 08:00:00+00:00,2023
2024-09-15 09:00:00+00:00,62.0,25.08,2023-09-15 09:00:00+00:00,2023
2024-09-15 10:00:00+00:00,168.0,31.63,2023-09-15 10:00:00+00:00,2023
2024-09-15 11:00:00+00:00,122.0,36.32,2023-09-15 11:00:00+00:00,2023
2024-09-15 12:00:00+00:00,150.0,38.52,2023-09-15 12:00:00+00:00,2023
2024-09-15 13:00:00+00:00,131.0,37.87,2023-09-15 13:00:00+00:00,2023
2024-09-15 14:00:00+00:00,122.0,34.48,2023-09-15 14:00:00+00:00,2023
2024-09-15 15:00:00+00:00,158.0,28.87,2023-09-15 15:00:00+00:00,2023
2024-09-15 16:00:00+00:00,82.0,21.69,2023-09-15 16:00:00+00:00,2023
2024-09-15 17:00:00+00:00,130.0,13.54,2023-09-15 17:00:00+00:00,2023
2024-09-15 18:00:00+00:00,44.32,4.93,2023-09-15 18:00:00+00:00,2023
2024-09-15 19:00:00+00:00,0.0,0.0,2023-09-15 19:00:00+00:00,2023
2024-09-15 20:00:00+00:00,0.0,0.0,2023-09-15 20:00:00+00:00,2023
2024-09-15 21:00:00+00:00,0.0,0.0,2023-09-15 21:00:00+00:00,2023
2024-09-15 22:00:00+00:00,0.0,0.0,2023-09-15 22:00:00+00:00,2023
2024-09-15 23:00:00+00:00,0.0,0.0,2023-09-15 23:00:00+00:00,2023
2024-09-16 00:00:00+00:00,0.0,0.0,2023-09-16 00:00:00+00:00,2023
2024-09-16 01:00:00+00:00,0.0,0.0,2023-09-16 01:00:00+00:00,2023
2024-09-16 02:00:00+00:00,0.0,0.0,2023-09-16 02:00:00+00:00,2023
2024-09-16 03:00:00+00:00,0.0,0.0,2023-09-16 03:00:00+00:00,2023
2024-09-16 04:00:00+00:00,0.0,0.0,2023-09-16 04:00:00+00:00,2023
2024-09-16 05:00:00+00:00,0.0,0.0,2023-09-16 05:00:00+00:00,2023
2024-09-16 06:00:00+00:00,0.0,0.0,2023-09-16 06:00:00+00:00,2023
2024-09-16 07:00:00+00:00,96.0,8.58,2023-09-16 07:00:00+00:00,2023
2024-09-16 08:00:00+00:00,235.0,17.03,2023-09-16 08:00:00+00:00,2023
2024-09-16 09:00:00+00:00,220.0,24.79,2023-09-16 09:00:00+00:00,2023
2024-09-16 10:00:00+00:00,425.0,31.31,2023-09-16 10:00:00+00:00,2023
2024-09-16 11:00:00+00:00,362.0,35.97,2023-09-16 11:00:00+00:00,2023
2024-09-16 12:00:00+00:00,420.0,38.14,2023-09-16 12:00:00+00:00,2023
2024-09-16 13:00:00+00:00,250.0,37.47,2023-09-16 13:00:00+00:00,2023
2024-09-16 14:00:00+00:00,143.0,34.08,2023-09-16 14:00:00+00:00,2023
2024-09-16 15:00:00+00:00,263.0,28.48,2023-09-16 15:00:00+00:00,2023
2024-09-16 16:00:00+00:00,214.0,21.31,2023-09-16 16:00:00+00:00,2023
2024-09-16 17:00:00+00:00,98.0,13.17,2023-09-16 17:00:00+00:00,2023
2024-09-16 18:00:00+00:00,11.0,4.56,2023-09-16 18:00:00+00:00,2023
2024-09-16 19:00:00+00:00,0.0,0.0,2023-09-16 19:00:00+00:00,2023
2024-09-16 20:00:00+00:00,0.0,0.0,2023-09-16 20:00:00+00:00,2023
2024-09-16 21:00:00+00:00,0.0,0.0,2023-09-16 21:00:00+00:00,2023
2024-09-16 22:00:00+00:00,0.0,0.0,2023-09-16 22:00:00+00:00,2023
2024-09-16 23:00:00+00:00,0.0,0.0,2023-09-16 23:00:00+00:00,2023
2024-09-17 00:00:00+00:00,0.0,0.0,2023-09-17 00:00:00+00:00,2023
2024-09-17 01:00:00+00:00,0.0,0.0,2023-09-17 01:00:00+00:00,2023
2024-09-17 02:00:00+00:00,0.0,0.0,2023-09-17 02:00:00+00:00,2023
2024-09-17 03:00:00+00:00,0.0,0.0,2023-09-17 03:00:00+00:00,2023
2024-09-17 04:00:00+00:00,0.0,0.0,2023-09-17 04:00:00+00:00,2023
2024-09-17 05:00:00+00:00,0.0,0.0,2023-09-17 05:00:00+00:00,2023
2024-09-17 06:00:00+00:00,0.0,0.0,2023-09-17 06:00:00+00:00,2023
2024-09-17 07:00:00+00:00,48.0,8.32,2023-09-17 07:00:00+00:00,2023
2024-09-17 08:00:00+00:00,85.0,16.76,2023-09-17 08:00:00+00:00,2023
2024-09-17 09:00:00+00:00,68.0,24.49,2023-09-17 09:00:00+00:00,2023
2024-09-17 10:00:00+00:00,93.0,30.99,2023-09-17 10:00:00+00:00,2023
2024-09-17 11:00:00+00:00,188.0,35.61,2023-09-17 11:00:00+00:00,2023
2024-09-17 12:00:00+00:00,82.0,37.76,2023-09-17 12:00:00+00:00,2023
2024-09-17 13:00:00+00:00,105.0,37.08,2023-09-17 13:00:00+00:00,2023
2024-09-17 14:00:00+00:00,92.0,33.69,2023-09-17 14:00:00+00:00,2023
2024-09-17 15:00:00+00:00,182.0,28.09,2023-09-17 15:00:00+00:00,2023
2024-09-17 16:00:00+00:00,127.0,20.93,2023-09-17 16:00:00+00:00,2023
2024-09-17 17:00:00+00:00,62.0,12.8,2023-09-17 17:00:00+00:00,2023
2024-09-17 18:00:00+00:00,30.42,4.19,2023-09-17 18:00:00+00:00,2023
2024-09-17 19:00:00+00:00,0.0,0.0,2023-09-17 19:00:00+00:00,2023
2024-09-17 20:00:00+00:00,0.0,0.0,2023-09-17 20:00:00+00:00,2023
2024-09-17 21:00:00+00:00,0.0,0.0,2023-09-17 21:00:00+00:00,2023
2024-09-17 22:00:00+00:00,0.0,0.0,2023-09-17 22:00:00+00:00,2023
2024-09-17 23:00:00+00:00,0.0,0.0,2023-09-17 23:00:00+00:00,2023
2024-09-18 00:00:00+00:00,0.0,0.0,2023-09-18 00:00:00+00:00,2023
2024-09-18 01:00:00+00:00,0.0,0.0,2023-09-18 01:00:00+00:00,2023
2024-09-18 02:00:00+00:00,0.0,0.0,2023-09-18 02:00:00+00:00,2023
2024-09-18 03:00:00+00:00,0.0,0.0,2023-09-18 03:00:00+00:00,2023
2024-09-18 04:00:00+00:00,0.0,0.0,2023-09-18 04:00:00+00:00,2023
2024-09-18 05:00:00+00:00,0.0,0.0,2023-09-18 05:00:00+00:00,2023
2024-09-18 06:00:00+00:00,0.0,0.0,2023-09-18 06:00:00+00:00,2023
2024-09-18 07:00:00+00:00,68.0,8.06,2023-09-18 07:00:00+00:00,2023
2024-09-18 08:00:00+00:00,235.0,16.49,2023-09-18 08:00:00+00:00,2023
2024-09-18 09:00:00+00:00,294.0,24.2,2023-09-18 09:00:00+00:00,2023
2024-09-18 10:00:00+00:00,318.0,30.67,2023-09-18 10:00:00+00:00,2023
2024-09-18 11:00:00+00:00,558.01,35.26,2023-09-18 11:00:00+00:00,2023
2024-09-18 12:00:00+00:00,392.0,37.38,2023-09-18 12:00:00+00:00,2023
2024-09-18 13:00:00+00:00,595.01,36.68,2023-09-18 13:00:00+00:00,2023
2024-09-18 14:00:00+00:00,351.0,33.29,2023-09-18 14:00:00+00:00,2023
2024-09-18 15:00:00+00:00,305.0,27.7,2023-09-18 15:00:00+00:00,2023
2024-09-18 16:00:00+00:00,192.0,20.55,2023-09-18 16:00:00+00:00,2023
2024-09-18 17:00:00+00:00,149.0,12.43,2023-09-18 17:00:00+00:00,2023
2024-09-18 18:00:00+00:00,16.0,3.82,2023-09-18 18:00:00+00:00,2023
2024-09-18 19:00:00+00:00,0.0,0.0,2023-09-18 19:00:00+00:00,2023
2024-09-18 20:00:00+00:00,0.0,0.0,2023-09-18 20:00:00+00:00,2023
2024-09-18 21:00:00+00:00,0.0,0.0,2023-09-18 21:00:00+00:00,2023
2024-09-18 22:00:00+00:00,0.0,0.0,2023-09-18 22:00:00+00:00,2023
2024-09-18 23:00:00+00:00,0.0,0.0,2023-09-18 23:00:00+00:00,2023
2024-09-19 00:00:00+00:00,0.0,0.0,2023-09-19 00:00:00+00:00,2023
2024-09-19 01:00:00+00:00,0.0,0.0,2023-09-19 01:00:00+00:00,2023
2024-09-19 02:00:00+00:00,0.0,0.0,2023-09-19 02:00:00+00:00,2023
2024-09-19 03:00:00+00:00,0.0,0.0,2023-09-19 03:00:00+00:00,2023
2024-09-19 04:00:00+00:00,0.0,0.0,2023-09-19 04:00:00+00:00,2023
2024-09-19 05:00:00+00:00,0.0,0.0,2023-09-19 05:00:00+00:00,2023
2024-09-19 06:00:00+00:00,0.0,0.0,2023-09-19 06:00:00+00:00,2023
2024-09-19 07:00:00+00:00,58.0,7.8,2023-09-19 07:00:00+00:00,2023
2024-09-19 08:00:00+00:00,153.0,16.21,2023-09-19 08:00:00+00:00,2023
2024-09-19 09:00:00+00:00,80.0,23.9,2023-09-19 09:00:00+00:00,2023
2024-09-19 10:00:00+00:00,246.0,30.34,2023-09-19 10:00:00+00:00,2023
2024-09-19 11:00:00+00:00,113.0,34.9,2023-09-19 11:00:00+00:00,2023
2024-09-19 12:00:00+00:00,100.0,36.99,2023-09-19 12:00:00+00:00,2023
2024-09-19 13:00:00+00:00,63.0,36.28,2023-09-19 13:00:00+00:00,2023
2024-09-19 14:00:00+00:00,137.0,32.89,2023-09-19 14:00:00+00:00,2023
2024-09-19 15:00:00+00:00,103.0,27.31,2023-09-19 15:00:00+00:00,2023
2024-09-19 16:00:00+00:00,191.0,20.17,2023-09-19 16:00:00+00:00,2023
2024-09-19 17:00:00+00:00,28.0,12.06,2023-09-19 17:00:00+00:00,2023
2024-09-19 18:00:00+00:00,21.3,3.45,2023-09-19 18:00:00+00:00,2023
2024-09-19 19:00:00+00:00,0.0,0.0,2023-09-19 19:00:00+00:00,2023
2024-09-19 20:00:00+00:00,0.0,0.0,2023-09-19 20:00:00+00:00,2023
2024-09-19 21:00:00+00:00,0.0,0.0,2023-09-19 21:00:00+00:00,2023
2024-09-19 22:00:00+00:00,0.0,0.0,2023-09-19 22:00:00+00:00,2023
2024-09-19 23:00:00+00:00,0.0,0.0,2023-09-19 23:00:00+00:00,2023
2024-09-20 00:00:00+00:00,0.0,0.0,2023-09-20 00:00:00+00:00,2023
2024-09-20 01:00:00+00:00,0.0,0.0,2023-09-20 01:00:00+00:00,2023
2024-09-20 02:00:00+00:00,0.0,0.0,2023-09-20 02:00:00+00:00,2023
2024-09-20 03:00:00+00:00,0.0,0.0,2023-09-20 03:00:00+00:00,2023
2024-09-20 04:00:00+00:00,0.0,0.0,2023-09-20 04:00:00+00:00,2023
2024-09-20 05:00:00+00:00,0.0,0.0,2023-09-20 05:00:00+00:00,2023
2024-09-20 06:00:00+00:00,0.0,0.0,2023-09-20 06:00:00+00:00,2023
2024-09-20 07:00:00+00:00,49.0,7.53,2023-09-20 07:00:00+00:00,2023
2024-09-20 08:00:00+00:00,69.0,15.94,2023-09-20 08:00:00+00:00,2023
2024-09-20 09:00:00+00:00,57.0,23.61,2023-09-20 09:00:00+00:00,2023
2024-09-20 10:00:00+00:00,152.0,30.02,2023-09-20 10:00:00+00:00,2023
2024-09-20 11:00:00+00:00,108.0,34.55,2023-09-20 11:00:00+00:00,2023
2024-09-20 12:00:00+00:00,303.0,36.61,2023-09-20 12:00:00+00:00,2023
2024-09-20 13:00:00+00:00,454.0,35.89,2023-09-20 13:00:00+00:00,2023
2024-09-20 14:00:00+00:00,515.01,32.49,2023-09-20 14:00:00+00:00,2023
2024-09-20 15:00:00+00:00,339.0,26.92,2023-09-20 15:00:00+00:00,2023
2024-09-20 16:00:00+00:00,196.0,19.79,2023-09-20 16:00:00+00:00,2023
2024-09-20 17:00:00+00:00,131.0,11.68,2023-09-20 17:00:00+00:00,2023
2024-09-20 18:00:00+00:00,15.79,3.08,2023-09-20 18:00:00+00:00,2023
2024-09-20 19:00:00+00:00,0.0,0.0,2023-09-20 19:00:00+00:00,2023
2024-09-20 20:00:00+00:00,0.0,0.0,2023-09-20 20:00:00+00:00,2023
2024-09-20 21:00:00+00:00,0.0,0.0,2023-09-20 21:00:00+00:00,2023
2024-09-20 22:00:00+00:00,0.0,0.0,2023-09-20 22:00:00+00:00,2023
2024-09-20 23:00:00+00:00,0.0,0.0,2023-09-20 23:00:00+00:00,2023
2024-09-21 00:00:00+00:00,0.0,0.0,2023-09-21 00:00:00+00:00,2023
2024-09-21 01:00:00+00:00,0.0,0.0,2023-09-21 01:00:00+00:00,2023
2024-09-21 02:00:00+00:00,0.0,0.0,2023-09-21 02:00:00+00:00,2023
2024-09-21 03:00:00+00:00,0.0,0.0,2023-09-21 03:00:00+00:00,2023
2024-09-21 04:00:00+00:00,0.0,0.0,2023-09-21 04:00:00+00:00,2023
2024-09-21 05:00:00+00:00,0.0,0.0,2023-09-21 05:00:00+00:00,2023
2024-09-21 06:00:00+00:00,0.0,0.0,2023-09-21 06:00:00+00:00,2023
2024-09-21 07:00:00+00:00,59.0,7.27,2023-09-21 07:00:00+00:00,2023
2024-09-21 08:00:00+00:00,114.0,15.66,2023-09-21 08:00:00+00:00,2023
2024-09-21 09:00:00+00:00,147.0,23.31,2023-09-21 09:00:00+00:00,2023
2024-09-21 10:00:00+00:00,112.0,29.69,2023-09-21 10:00:00+00:00,2023
2024-09-21 11:00:00+00:00,329.0,34.19,2023-09-21 11:00:00+00:00,2023
2024-09-21 12:00:00+00:00,293.0,36.23,2023-09-21 12:00:00+00:00,2023
2024-09-21 13:00:00+00:00,196.0,35.49,2023-09-21 13:00:00+00:00,2023
2024-09-21 14:00:00+00:00,114.0,32.1,2023-09-21 14:00:00+00:00,2023
2024-09-21 15:00:00+00:00,267.0,26.53,2023-09-21 15:00:00+00:00,2023
2024-09-21 16:00:00+00:00,149.0,19.41,2023-09-21 16:00:00+00:00,2023
2024-09-21 17:00:00+00:00,63.0,11.31,2023-09-21 17:00:00+00:00,2023
2024-09-21 18:00:00+00:00,6.0,2.71,2023-09-21 18:00:00+00:00,2023
2024-09-21 19:00:00+00:00,0.0,0.0,2023-09-21 19:00:00+00:00,2023
2024-09-21 20:00:00+00:00,0.0,0.0,2023-09-21 20:00:00+00:00,2023
2024-09-21 21:00:00+00:00,0.0,0.0,2023-09-21 21:00:00+00:00,2023
2024-09-21 22:00:00+00:00,0.0,0.0,2023-09-21 22:00:00+00:00,2023
2024-09-21 23:00:00+00:00,0.0,0.0,2023-09-21 23:00:00+00:00,2023
2024-09-22 00:00:00+00:00,0.0,0.0,2023-09-22 00:00:00+00:00,2023
2024-09-22 01:00:00+00:00,0.0,0.0,2023-09-22 01:00:00+00:00,2023
2024-09-22 02:00:00+00:00,0.0,0.0,2023-09-22 02:00:00+00:00,2023
2024-09-22 03:00:00+00:00,0.0,0.0,2023-09-22 03:00:00+00:00,2023
2024-09-22 04:00:00+00:00,0.0,0.0,2023-09-22 04:00:00+00:00,2023
2024-09-22 05:00:00+00:00,0.0,0.0,2023-09-22 05:00:00+00:00,2023
2024-09-22 06:00:00+00:00,0.0,0.0,2023-09-22 06:00:00+00:00,2023
2024-09-22 07:00:00+00:00,33.0,7.0,2023-09-22 07:00:00+00:00,2023
2024-09-22 08:00:00+00:00,155.0,15.38,2023-09-22 08:00:00+00:00,2023
2024-09-22 09:00:00+00:00,221.0,23.01,2023-09-22 09:00:00+00:00,2023
2024-09-22 10:00:00+00:00,378.0,29.36,2023-09-22 10:00:00+00:00,2023
2024-09-22 11:00:00+00:00,178.0,33.83,2023-09-22 11:00:00+00:00,2023
2024-09-22 12:00:00+00:00,519.01,35.84,2023-09-22 12:00:00+00:00,2023
2024-09-22 13:00:00+00:00,538.01,35.09,2023-09-22 13:00:00+00:00,2023
2024-09-22 14:00:00+00:00,265.0,31.7,2023-09-22 14:00:00+00:00,2023
2024-09-22 15:00:00+00:00,326.0,26.14,2023-09-22 15:00:00+00:00,2023
2024-09-22 16:00:00+00:00,280.0,19.03,2023-09-22 16:00:00+00:00,2023
2024-09-22 17:00:00+00:00,86.0,10.94,2023-09-22 17:00:00+00:00,2023
2024-09-22 18:00:00+00:00,5.0,2.34,2023-09-22 18:00:00+00:00,2023
2024-09-22 19:00:00+00:00,0.0,0.0,2023-09-22 19:00:00+00:00,2023
2024-09-22 20:00:00+00:00,0.0,0.0,2023-09-22 20:00:00+00:00,2023
2024-09-22 21:00:00+00:00,0.0,0.0,2023-09-22 21:00:00+00:00,2023
2024-09-22 22:00:00+00:00,0.0,0.0,2023-09-22 22:00:00+00:00,2023
2024-09-22 23:00:00+00:00,0.0,0.0,2023-09-22 23:00:00+00:00,2023
2024-09-23 00:00:00+00:00,0.0,0.0,2023-09-23 00:00:00+00:00,2023
2024-09-23 01:00:00+00:00,0.0,0.0,2023-09-23 01:00:00+00:00,2023
2024-09-23 02:00:00+00:00,0.0,0.0,2023-09-23 02:00:00+00:00,2023
2024-09-23 03:00:00+00:00,0.0,0.0,2023-09-23 03:00:00+00:00,2023
2024-09-23 04:00:00+00:00,0.0,0.0,2023-09-23 04:00:00+00:00,2023
2024-09-23 05:00:00+00:00,0.0,0.0,2023-09-23 05:00:00+00:00,2023
2024-09-23 06:00:00+00:00,0.0,0.0,2023-09-23 06:00:00+00:00,2023
2024-09-23 07:00:00+00:00,27.0,6.73,2023-09-23 07:00:00+00:00,2023
2024-09-23 08:00:00+00:00,136.0,15.1,2023-09-23 08:00:00+00:00,2023
2024-09-23 09:00:00+00:00,301.0,22.71,2023-09-23 09:00:00+00:00,2023
2024-09-23 10:00:00+00:00,445.01,29.03,2023-09-23 10:00:00+00:00,2023
2024-09-23 11:00:00+00:00,347.0,33.47,2023-09-23 11:00:00+00:00,2023
2024-09-23 12:00:00+00:00,174.0,35.46,2023-09-23 12:00:00+00:00,2023
2024-09-23 13:00:00+00:00,173.0,34.69,2023-09-23 13:00:00+00:00,2023
2024-09-23 14:00:00+00:00,63.0,31.3,2023-09-23 14:00:00+00:00,2023
2024-09-23 15:00:00+00:00,112.0,25.75,2023-09-23 15:00:00+00:00,2023
2024-09-23 16:00:00+00:00,177.0,18.65,2023-09-23 16:00:00+00:00,2023
2024-09-23 17:00:00+00:00,28.0,10.56,2023-09-23 17:00:00+00:00,2023
2024-09-23 18:00:00+00:00,3.0,1.97,2023-09-23 18:00:00+00:00,2023
2024-09-23 19:00:00+00:00,0.0,0.0,2023-09-23 19:00:00+00:00,2023
2024-09-23 20:00:00+00:00,0.0,0.0,2023-09-23 20:00:00+00:00,2023
2024-09-23 21:00:00+00:00,0.0,0.0,2023-09-23 21:00:00+00:00,2023
2024-09-23 22:00:00+00:00,0.0,0.0,2023-09-23 22:00:00+00:00,2023
2024-09-23 23:00:00+00:00,0.0,0.0,2023-09-23 23:00:00+00:00,2023
2024-09-24 00:00:00+00:00,0.0,0.0,2023-09-24 00:00:00+00:00,2023
2024-09-24 01:00:00+00:00,0.0,0.0,2023-09-24 01:00:00+00:00,2023
2024-09-24 02:00:00+00:00,0.0,0.0,2023-09-24 02:00:00+00:00,2023
2024-09-24 03:00:00+00:00,0.0,0.0,2023-09-24 03:00:00+00:00,2023
2024-09-24 04:00:00+00:00,0.0,0.0,2023-09-24 04:00:00+00:00,2023
2024-09-24 05:00:00+00:00,0.0,0.0,2023-09-24 05:00:00+00:00,2023
2024-09-24 06:00:00+00:00,0.0,0.0,2023-09-24 06:00:00+00:00,2023
2024-09-24 07:00:00+00:00,28.0,6.47,2023-09-24 07:00:00+00:00,2023
2024-09-24 08:00:00+00:00,48.0,14.82,2023-09-24 08:00:00+00:00,2023
2024-09-24 09:00:00+00:00,226.0,22.41,2023-09-24 09:00:00+00:00,2023
2024-09-24 10:00:00+00:00,73.0,28.7,2023-09-24 10:00:00+00:00,2023
2024-09-24 11:00:00+00:00,70.0,33.11,2023-09-24 11:00:00+00:00,2023
2024-09-24 12:00:00+00:00,81.0,35.07,2023-09-24 12:00:00+00:00,2023
2024-09-24 13:00:00+00:00,109.0,34.29,2023-09-24 13:00:00+00:00,2023
2024-09-24 14:00:00+00:00,229.0,30.9,2023-09-24 14:00:00+00:00,2023
2024-09-24 15:00:00+00:00,73.0,25.36,2023-09-24 15:00:00+00:00,2023
2024-09-24 16:00:00+00:00,108.0,18.27,2023-09-24 16:00:00+00:00,2023
2024-09-24 17:00:00+00:00,24.0,10.19,2023-09-24 17:00:00+00:00,2023
2024-09-24 18:00:00+00:00,3.0,1.6,2023-09-24 18:00:00+00:00,2023
2024-09-24 19:00:00+00:00,0.0,0.0,2023-09-24 19:00:00+00:00,2023
2024-09-24 20:00:00+00:00,0.0,0.0,2023-09-24 20:00:00+00:00,2023
2024-09-24 21:00:00+00:00,0.0,0.0,2023-09-24 21:00:00+00:00,2023
2024-09-24 22:00:00+00:00,0.0,0.0,2023-09-24 22:00:00+00:00,2023
2024-09-24 23:00:00+00:00,0.0,0.0,2023-09-24 23:00:00+00:00,2023
2024-09-25 00:00:00+00:00,0.0,0.0,2023-09-25 00:00:00+00:00,2023
2024-09-25 01:00:00+00:00,0.0,0.0,2023-09-25 01:00:00+00:00,2023
2024-09-25 02:00:00+00:00,0.0,0.0,2023-09-25 02:00:00+00:00,2023
2024-09-25 03:00:00+00:00,0.0,0.0,2023-09-25 03:00:00+00:00,2023
2024-09-25 04:00:00+00:00,0.0,0.0,2023-09-25 04:00:00+00:00,2023
2024-09-25 05:00:00+00:00,0.0,0.0,2023-09-25 05:00:00+00:00,2023
2024-09-25 06:00:00+00:00,0.0,0.0,2023-09-25 06:00:00+00:00,2023
2024-09-25 07:00:00+00:00,54.0,6.2,2023-09-25 07:00:00+00:00,2023
2024-09-25 08:00:00+00:00,178.0,14.54,2023-09-25 08:00:00+00:00,2023
2024-09-25 09:00:00+00:00,328.01,22.11,2023-09-25 09:00:00+00:00,2023
2024-09-25 10:00:00+00:00,374.0,28.37,2023-09-25 10:00:00+00:00,2023
2024-09-25 11:00:00+00:00,158.0,32.75,2023-09-25 11:00:00+00:00,2023
2024-09-25 12:00:00+00:00,441.0,34.69,2023-09-25 12:00:00+00:00,2023
2024-09-25 13:00:00+00:00,549.01,33.9,2023-09-25 13:00:00+00:00,2023
2024-09-25 14:00:00+00:00,378.0,30.5,2023-09-25 14:00:00+00:00,2023
2024-09-25 15:00:00+00:00,293.0,24.97,2023-09-25 15:00:00+00:00,2023
2024-09-25 16:00:00+00:00,205.0,17.89,2023-09-25 16:00:00+00:00,2023
2024-09-25 17:00:00+00:00,99.0,9.82,2023-09-25 17:00:00+00:00,2023
2024-09-25 18:00:00+00:00,3.0,1.23,2023-09-25 18:00:00+00:00,2023
2024-09-25 19:00:00+00:00,0.0,0.0,2023-09-25 19:00:00+00:00,2023
2024-09-25 20:00:00+00:00,0.0,0.0,2023-09-25 20:00:00+00:00,2023
2024-09-25 21:00:00+00:00,0.0,0.0,2023-09-25 21:00:00+00:00,2023
2024-09-25 22:00:00+00:00,0.0,0.0,2023-09-25 22:00:00+00:00,2023
2024-09-25 23:00:00+00:00,0.0,0.0,2023-09-25 23:00:00+00:00,2023
2024-09-26 00:00:00+00:00,0.0,0.0,2023-09-26 00:00:00+00:00,2023
2024-09-26 01:00:00+00:00,0.0,0.0,2023-09-26 01:00:00+00:00,2023
2024-09-26 02:00:00+00:00,0.0,0.0,2023-09-26 02:00:00+00:00,2023
2024-09-26 03:00:00+00:00,0.0,0.0,2023-09-26 03:00:00+00:00,2023
2024-09-26 04:00:00+00:00,0.0,0.0,2023-09-26 04:00:00+00:00,2023
2024-09-26 05:00:00+00:00,0.0,0.0,2023-09-26 05:00:00+00:00,2023
2024-09-26 06:00:00+00:00,0.0,0.0,2023-09-26 06:00:00+00:00,2023
2024-09-26 07:00:00+00:00,20.0,5.93,2023-09-26 07:00:00+00:00,2023
2024-09-26 08:00:00+00:00,209.0,14.26,2023-09-26 08:00:00+00:00,2023
2024-09-26 09:00:00+00:00,336.01,21.8,2023-09-26 09:00:00+00:00,2023
2024-09-26 10:00:00+00:00,343.0,28.04,2023-09-26 10:00:00+00:00,2023
2024-09-26 11:00:00+00:00,203.0,32.39,2023-09-26 11:00:00+00:00,2023
2024-09-26 12:00:00+00:00,424.0,34.3,2023-09-26 12:00:00+00:00,2023
2024-09-26 13:00:00+00:00,367.0,33.5,2023-09-26 13:00:00+00:00,2023
2024-09-26 14:00:00+00:00,180.0,30.1,2023-09-26 14:00:00+00:00,2023
2024-09-26 15:00:00+00:00,258.0,24.58,2023-09-26 15:00:00+00:00,2023
2024-09-26 16:00:00+00:00,23.0,17.51,2023-09-26 16:00:00+00:00,2023
2024-09-26 17:00:00+00:00,40.0,9.44,2023-09-26 17:00:00+00:00,2023
2024-09-26 18:00:00+00:00,0.0,0.0,2023-09-26 18:00:00+00:00,2023
2024-09-26 19:00:00+00:00,0.0,0.0,2023-09-26 19:00:00+00:00,2023
2024-09-26 20:00:00+00:00,0.0,0.0,2023-09-26 20:00:00+00:00,2023
2024-09-26 21:00:00+00:00,0.0,0.0,2023-09-26 21:00:00+00:00,2023
2024-09-26 22:00:00+00:00,0.0,0.0,2023-09-26 22:00:00+00:00,2023
2024-09-26 23:00:00+00:00,0.0,0.0,2023-09-26 23:00:00+00:00,2023
2024-09-27 00:00:00+00:00,0.0,0.0,2023-09-27 00:00:00+00:00,2023
2024-09-27 01:00:00+00:00,0.0,0.0,2023-09-27 01:00:00+00:00,2023
2024-09-27 02:00:00+00:00,0.0,0.0,2023-09-27 02:00:00+00:00,2023
2024-09-27 03:00:00+00:00,0.0,0.0,2023-09-27 03:00:00+00:00,2023
2024-09-27 04:00:00+00:00,0.0,0.0,2023-09-27 04:00:00+00:00,2023
2024-09-27 05:00:00+00:00,0.0,0.0,2023-09-27 05:00:00+00:00,2023
2024-09-27 06:00:00+00:00,0.0,0.0,2023-09-27 06:00:00+00:00,2023
2024-09-27 07:00:00+00:00,17.0,5.66,2023-09-27 07:00:00+00:00,2023
2024-09-27 08:00:00+00:00,31.0,13.98,2023-09-27 08:00:00+00:00,2023
2024-09-27 09:00:00+00:00,46.0,21.5,2023-09-27 09:00:00+00:00,2023
2024-09-27 10:00:00+00:00,65.0,27.71,2023-09-27 10:00:00+00:00,2023
2024-09-27 11:00:00+00:00,74.0,32.02,2023-09-27 11:00:00+00:00,2023
2024-09-27 12:00:00+00:00,63.0,33.91,2023-09-27 12:00:00+00:00,2023
2024-09-27 13:00:00+00:00,47.0,33.1,2023-09-27 13:00:00+00:00,2023
2024-09-27 14:00:00+00:00,252.0,29.7,2023-09-27 14:00:00+00:00,2023
2024-09-27 15:00:00+00:00,197.0,24.19,2023-09-27 15:00:00+00:00,2023
2024-09-27 16:00:00+00:00,73.0,17.13,2023-09-27 16:00:00+00:00,2023
2024-09-27 17:00:00+00:00,18.0,9.07,2023-09-27 17:00:00+00:00,2023
2024-09-27 18:00:00+00:00,0.0,0.0,2023-09-27 18:00:00+00:00,2023
2024-09-27 19:00:00+00:00,0.0,0.0,2023-09-27 19:00:00+00:00,2023
2024-09-27 20:00:00+00:00,0.0,0.0,2023-09-27 20:00:00+00:00,2023
2024-09-27 21:00:00+00:00,0.0,0.0,2023-09-27 21:00:00+00:00,2023
2024-09-27 22:00:00+00:00,0.0,0.0,2023-09-27 22:00:00+00:00,2023
2024-09-27 23:00:00+00:00,0.0,0.0,2023-09-27 23:00:00+00:00,2023
2024-09-28 00:00:00+00:00,0.0,0.0,2023-09-28 00:00:00+00:00,2023
2024-09-28 01:00:00+00:00,0.0,0.0,2023-09-28 01:00:00+00:00,2023
2024-09-28 02:00:00+00:00,0.0,0.0,2023-09-28 02:00:00+00:00,2023
2024-09-28 03:00:00+00:00,0.0,0.0,2023-09-28 03:00:00+00:00,2023
2024-09-28 04:00:00+00:00,0.0,0.0,2023-09-28 04:00:00+00:00,2023
2024-09-28 05:00:00+00:00,0.0,0.0,2023-09-28 05:00:00+00:00,2023
2024-09-28 06:00:00+00:00,0.0,0.0,2023-09-28 06:00:00+00:00,2023
2024-09-28 07:00:00+00:00,15.0,5.39,2023-09-28 07:00:00+00:00,2023
2024-09-28 08:00:00+00:00,201.0,13.69,2023-09-28 08:00:00+00:00,2023
2024-09-28 09:00:00+00:00,282.0,21.19,2023-09-28 09:00:00+00:00,2023
2024-09-28 10:00:00+00:00,351.0,27.37,2023-09-28 10:00:00+00:00,2023
2024-09-28 11:00:00+00:00,422.01,31.66,2023-09-28 11:00:00+00:00,2023
2024-09-28 12:00:00+00:00,103.0,33.53,2023-09-28 12:00:00+00:00,2023
2024-09-28 13:00:00+00:00,58.0,32.7,2023-09-28 13:00:00+00:00,2023
2024-09-28 14:00:00+00:00,101.0,29.31,2023-09-28 14:00:00+00:00,2023
2024-09-28 15:00:00+00:00,92.0,23.8,2023-09-28 15:00:00+00:00,2023
2024-09-28 16:00:00+00:00,53.0,16.75,2023-09-28 16:00:00+00:00,2023
2024-09-28 17:00:00+00:00,46.0,8.7,2023-09-28 17:00:00+00:00,2023
2024-09-28 18:00:00+00:00,0.0,0.0,2023-09-28 18:00:00+00:00,2023
2024-09-28 19:00:00+00:00,0.0,0.0,2023-09-28 19:00:00+00:00,2023
2024-09-28 20:00:00+00:00,0.0,0.0,2023-09-28 20:00:00+00:00,2023
2024-09-28 21:00:00+00:00,0.0,0.0,2023-09-28 21:00:00+00:00,2023
2024-09-28 22:00:00+00:00,0.0,0.0,2023-09-28 22:00:00+00:00,2023
2024-09-28 23:00:00+00:00,0.0,0.0,2023-09-28 23:00:00+00:00,2023
2024-09-29 00:00:00+00:00,0.0,0.0,2023-09-29 00:00:00+00:00,2023
2024-09-29 01:00:00+00:00,0.0,0.0,2023-09-29 01:00:00+00:00,2023
2024-09-29 02:00:00+00:00,0.0,0.0,2023-09-29 02:00:00+00:00,2023
2024-09-29 03:00:00+00:00,0.0,0.0,2023-09-29 03:00:00+00:00,2023
2024-09-29 04:00:00+00:00,0.0,0.0,2023-09-29 04:00:00+00:00,2023
2024-09-29 05:00:00+00:00,0.0,0.0,2023-09-29 05:00:00+00:00,2023
2024-09-29 06:00:00+00:00,0.0,0.0,2023-09-29 06:00:00+00:00,2023
2024-09-29 07:00:00+00:00,38.629999999999995,5.12,2023-09-29 07:00:00+00:00,2023
2024-09-29 08:00:00+00:00,165.0,13.41,2023-09-29 08:00:00+00:00,2023
2024-09-29 09:00:00+00:00,249.0,20.89,2023-09-29 09:00:00+00:00,2023
2024-09-29 10:00:00+00:00,393.01,27.04,2023-09-29 10:00:00+00:00,2023
2024-09-29 11:00:00+00:00,500.01,31.3,2023-09-29 11:00:00+00:00,2023
2024-09-29 12:00:00+00:00,468.01,33.14,2023-09-29 12:00:00+00:00,2023
2024-09-29 13:00:00+00:00,323.0,32.3,2023-09-29 13:00:00+00:00,2023
2024-09-29 14:00:00+00:00,268.0,28.91,2023-09-29 14:00:00+00:00,2023
2024-09-29 15:00:00+00:00,278.0,23.41,2023-09-29 15:00:00+00:00,2023
2024-09-29 16:00:00+00:00,213.0,16.37,2023-09-29 16:00:00+00:00,2023
2024-09-29 17:00:00+00:00,82.0,8.33,2023-09-29 17:00:00+00:00,2023
2024-09-29 18:00:00+00:00,0.0,0.0,2023-09-29 18:00:00+00:00,2023
2024-09-29 19:00:00+00:00,0.0,0.0,2023-09-29 19:00:00+00:00,2023
2024-09-29 20:00:00+00:00,0.0,0.0,2023-09-29 20:00:00+00:00,2023
2024-09-29 21:00:00+00:00,0.0,0.0,2023-09-29 21:00:00+00:00,2023
2024-09-29 22:00:00+00:00,0.0,0.0,2023-09-29 22:00:00+00:00,2023
2024-09-29 23:00:00+00:00,0.0,0.0,2023-09-29 23:00:00+00:00,2023
2024-09-30 00:00:00+00:00,0.0,0.0,2023-09-30 00:00:00+00:00,2023
2024-09-30 01:00:00+00:00,0.0,0.0,2023-09-30 01:00:00+00:00,2023
2024-09-30 02:00:00+00:00,0.0,0.0,2023-09-30 02:00:00+00:00,2023
2024-09-30 03:00:00+00:00,0.0,0.0,2023-09-30 03:00:00+00:00,2023
2024-09-30 04:00:00+00:00,0.0,0.0,2023-09-30 04:00:00+00:00,2023
2024-09-30 05:00:00+00:00,0.0,0.0,2023-09-30 05:00:00+00:00,2023
2024-09-30 06:00:00+00:00,0.0,0.0,2023-09-30 06:00:00+00:00,2023
2024-09-30 07:00:00+00:00,25.58,4.85,2023-09-30 07:00:00+00:00,2023
2024-09-30 08:00:00+00:00,97.0,13.12,2023-09-30 08:00:00+00:00,2023
2024-09-30 09:00:00+00:00,56.0,20.58,2023-09-30 09:00:00+00:00,2023
2024-09-30 10:00:00+00:00,86.0,26.71,2023-09-30 10:00:00+00:00,2023
2024-09-30 11:00:00+00:00,84.0,30.93,2023-09-30 11:00:00+00:00,2023
2024-09-30 12:00:00+00:00,58.0,32.75,2023-09-30 12:00:00+00:00,2023
2024-09-30 13:00:00+00:00,61.0,31.91,2023-09-30 13:00:00+00:00,2023
2024-09-30 14:00:00+00:00,55.0,28.51,2023-09-30 14:00:00+00:00,2023
2024-09-30 15:00:00+00:00,131.0,23.02,2023-09-30 15:00:00+00:00,2023
2024-09-30 16:00:00+00:00,88.0,15.99,2023-09-30 16:00:00+00:00,2023
2024-09-30 17:00:00+00:00,27.0,7.96,2023-09-30 17:00:00+00:00,2023
2024-09-30 18:00:00+00:00,0.0,0.0,2023-09-30 18:00:00+00:00,2023
2024-09-30 19:00:00+00:00,0.0,0.0,2023-09-30 19:00:00+00:00,2023
2024-09-30 20:00:00+00:00,0.0,0.0,2023-09-30 20:00:00+00:00,2023
2024-09-30 21:00:00+00:00,0.0,0.0,2023-09-30 21:00:00+00:00,2023
2024-09-30 22:00:00+00:00,0.0,0.0,2023-09-30 22:00:00+00:00,2023
2024-09-30 23:00:00+00:00,0.0,0.0,2023-09-30 23:00:00+00:00,2023
2024-10-01 00:00:00+00:00,0.0,0.0,2023-10-01 00:00:00+00:00,2023
2024-10-01 01:00:00+00:00,0.0,0.0,2023-10-01 01:00:00+00:00,2023
2024-10-01 02:00:00+00:00,0.0,0.0,2023-10-01 02:00:00+00:00,2023
2024-10-01 03:00:00+00:00,0.0,0.0,2023-10-01 03:00:00+00:00,2023
2024-10-01 04:00:00+00:00,0.0,0.0,2023-10-01 04:00:00+00:00,2023
2024-10-01 05:00:00+00:00,0.0,0.0,2023-10-01 05:00:00+00:00,2023
2024-10-01 06:00:00+00:00,0.0,0.0,2023-10-01 06:00:00+00:00,2023
2024-10-01 07:00:00+00:00,36.91,4.57,2023-10-01 07:00:00+00:00,2023
2024-10-01 08:00:00+00:00,178.0,12.84,2023-10-01 08:00:00+00:00,2023
2024-10-01 09:00:00+00:00,304.01,20.27,2023-10-01 09:00:00+00:00,2023
2024-10-01 10:00:00+00:00,415.01,26.37,2023-10-01 10:00:00+00:00,2023
2024-10-01 11:00:00+00:00,474.01,30.57,2023-10-01 11:00:00+00:00,2023
2024-10-01 12:00:00+00:00,440.01,32.37,2023-10-01 12:00:00+00:00,2023
2024-10-01 13:00:00+00:00,510.01,31.51,2023-10-01 13:00:00+00:00,2023
2024-10-01 14:00:00+00:00,400.01,28.12,2023-10-01 14:00:00+00:00,2023
2024-10-01 15:00:00+00:00,223.0,22.63,2023-10-01 15:00:00+00:00,2023
2024-10-01 16:00:00+00:00,107.0,15.61,2023-10-01 16:00:00+00:00,2023
2024-10-01 17:00:00+00:00,63.0,7.59,2023-10-01 17:00:00+00:00,2023
2024-10-01 18:00:00+00:00,0.0,0.0,2023-10-01 18:00:00+00:00,2023
2024-10-01 19:00:00+00:00,0.0,0.0,2023-10-01 19:00:00+00:00,2023
2024-10-01 20:00:00+00:00,0.0,0.0,2023-10-01 20:00:00+00:00,2023
2024-10-01 21:00:00+00:00,0.0,0.0,2023-10-01 21:00:00+00:00,2023
2024-10-01 22:00:00+00:00,0.0,0.0,2023-10-01 22:00:00+00:00,2023
2024-10-01 23:00:00+00:00,0.0,0.0,2023-10-01 23:00:00+00:00,2023
2024-10-02 00:00:00+00:00,0.0,0.0,2023-10-02 00:00:00+00:00,2023
2024-10-02 01:00:00+00:00,0.0,0.0,2023-10-02 01:00:00+00:00,2023
2024-10-02 02:00:00+00:00,0.0,0.0,2023-10-02 02:00:00+00:00,2023
2024-10-02 03:00:00+00:00,0.0,0.0,2023-10-02 03:00:00+00:00,2023
2024-10-02 04:00:00+00:00,0.0,0.0,2023-10-02 04:00:00+00:00,2023
2024-10-02 05:00:00+00:00,0.0,0.0,2023-10-02 05:00:00+00:00,2023
2024-10-02 06:00:00+00:00,0.0,0.0,2023-10-02 06:00:00+00:00,2023
2024-10-02 07:00:00+00:00,18.0,4.3,2023-10-02 07:00:00+00:00,2023
2024-10-02 08:00:00+00:00,60.0,12.55,2023-10-02 08:00:00+00:00,2023
2024-10-02 09:00:00+00:00,148.0,19.97,2023-10-02 09:00:00+00:00,2023
2024-10-02 10:00:00+00:00,256.0,26.04,2023-10-02 10:00:00+00:00,2023
2024-10-02 11:00:00+00:00,246.0,30.21,2023-10-02 11:00:00+00:00,2023
2024-10-02 12:00:00+00:00,323.0,31.98,2023-10-02 12:00:00+00:00,2023
2024-10-02 13:00:00+00:00,327.0,31.11,2023-10-02 13:00:00+00:00,2023
2024-10-02 14:00:00+00:00,252.0,27.72,2023-10-02 14:00:00+00:00,2023
2024-10-02 15:00:00+00:00,199.0,22.25,2023-10-02 15:00:00+00:00,2023
2024-10-02 16:00:00+00:00,194.0,15.24,2023-10-02 16:00:00+00:00,2023
2024-10-02 17:00:00+00:00,62.0,7.22,2023-10-02 17:00:00+00:00,2023
2024-10-02 18:00:00+00:00,0.0,0.0,2023-10-02 18:00:00+00:00,2023
2024-10-02 19:00:00+00:00,0.0,0.0,2023-10-02 19:00:00+00:00,2023
2024-10-02 20:00:00+00:00,0.0,0.0,2023-10-02 20:00:00+00:00,2023
2024-10-02 21:00:00+00:00,0.0,0.0,2023-10-02 21:00:00+00:00,2023
2024-10-02 22:00:00+00:00,0.0,0.0,2023-10-02 22:00:00+00:00,2023
2024-10-02 23:00:00+00:00,0.0,0.0,2023-10-02 23:00:00+00:00,2023
2024-10-03 00:00:00+00:00,0.0,0.0,2023-10-03 00:00:00+00:00,2023
2024-10-03 01:00:00+00:00,0.0,0.0,2023-10-03 01:00:00+00:00,2023
2024-10-03 02:00:00+00:00,0.0,0.0,2023-10-03 02:00:00+00:00,2023
2024-10-03 03:00:00+00:00,0.0,0.0,2023-10-03 03:00:00+00:00,2023
2024-10-03 04:00:00+00:00,0.0,0.0,2023-10-03 04:00:00+00:00,2023
2024-10-03 05:00:00+00:00,0.0,0.0,2023-10-03 05:00:00+00:00,2023
2024-10-03 06:00:00+00:00,0.0,0.0,2023-10-03 06:00:00+00:00,2023
2024-10-03 07:00:00+00:00,27.75,4.03,2023-10-03 07:00:00+00:00,2023
2024-10-03 08:00:00+00:00,125.0,12.26,2023-10-03 08:00:00+00:00,2023
2024-10-03 09:00:00+00:00,150.0,19.66,2023-10-03 09:00:00+00:00,2023
2024-10-03 10:00:00+00:00,273.0,25.7,2023-10-03 10:00:00+00:00,2023
2024-10-03 11:00:00+00:00,273.0,29.84,2023-10-03 11:00:00+00:00,2023
2024-10-03 12:00:00+00:00,446.01,31.6,2023-10-03 12:00:00+00:00,2023
2024-10-03 13:00:00+00:00,384.0,30.72,2023-10-03 13:00:00+00:00,2023
2024-10-03 14:00:00+00:00,337.0,27.33,2023-10-03 14:00:00+00:00,2023
2024-10-03 15:00:00+00:00,232.0,21.86,2023-10-03 15:00:00+00:00,2023
2024-10-03 16:00:00+00:00,116.0,14.86,2023-10-03 16:00:00+00:00,2023
2024-10-03 17:00:00+00:00,32.0,6.86,2023-10-03 17:00:00+00:00,2023
2024-10-03 18:00:00+00:00,0.0,0.0,2023-10-03 18:00:00+00:00,2023
2024-10-03 19:00:00+00:00,0.0,0.0,2023-10-03 19:00:00+00:00,2023
2024-10-03 20:00:00+00:00,0.0,0.0,2023-10-03 20:00:00+00:00,2023
2024-10-03 21:00:00+00:00,0.0,0.0,2023-10-03 21:00:00+00:00,2023
2024-10-03 22:00:00+00:00,0.0,0.0,2023-10-03 22:00:00+00:00,2023
2024-10-03 23:00:00+00:00,0.0,0.0,2023-10-03 23:00:00+00:00,2023
2024-10-04 00:00:00+00:00,0.0,0.0,2023-10-04 00:00:00+00:00,2023
2024-10-04 01:00:00+00:00,0.0,0.0,2023-10-04 01:00:00+00:00,2023
2024-10-04 02:00:00+00:00,0.0,0.0,2023-10-04 02:00:00+00:00,2023
2024-10-04 03:00:00+00:00,0.0,0.0,2023-10-04 03:00:00+00:00,2023
2024-10-04 04:00:00+00:00,0.0,0.0,2023-10-04 04:00:00+00:00,2023
2024-10-04 05:00:00+00:00,0.0,0.0,2023-10-04 05:00:00+00:00,2023
2024-10-04 06:00:00+00:00,0.0,0.0,2023-10-04 06:00:00+00:00,2023
2024-10-04 07:00:00+00:00,25.59,3.75,2023-10-04 07:00:00+00:00,2023
2024-10-04 08:00:00+00:00,57.0,11.98,2023-10-04 08:00:00+00:00,2023
2024-10-04 09:00:00+00:00,108.0,19.35,2023-10-04 09:00:00+00:00,2023
2024-10-04 10:00:00+00:00,159.0,25.36,2023-10-04 10:00:00+00:00,2023
2024-10-04 11:00:00+00:00,67.0,29.48,2023-10-04 11:00:00+00:00,2023
2024-10-04 12:00:00+00:00,118.0,31.21,2023-10-04 12:00:00+00:00,2023
2024-10-04 13:00:00+00:00,183.0,30.33,2023-10-04 13:00:00+00:00,2023
2024-10-04 14:00:00+00:00,126.0,26.94,2023-10-04 14:00:00+00:00,2023
2024-10-04 15:00:00+00:00,137.0,21.48,2023-10-04 15:00:00+00:00,2023
2024-10-04 16:00:00+00:00,105.0,14.49,2023-10-04 16:00:00+00:00,2023
2024-10-04 17:00:00+00:00,25.0,6.49,2023-10-04 17:00:00+00:00,2023
2024-10-04 18:00:00+00:00,0.0,0.0,2023-10-04 18:00:00+00:00,2023
2024-10-04 19:00:00+00:00,0.0,0.0,2023-10-04 19:00:00+00:00,2023
2024-10-04 20:00:00+00:00,0.0,0.0,2023-10-04 20:00:00+00:00,2023
2024-10-04 21:00:00+00:00,0.0,0.0,2023-10-04 21:00:00+00:00,2023
2024-10-04 22:00:00+00:00,0.0,0.0,2023-10-04 22:00:00+00:00,2023
2024-10-04 23:00:00+00:00,0.0,0.0,2023-10-04 23:00:00+00:00,2023
2024-10-05 00:00:00+00:00,0.0,0.0,2023-10-05 00:00:00+00:00,2023
2024-10-05 01:00:00+00:00,0.0,0.0,2023-10-05 01:00:00+00:00,2023
2024-10-05 02:00:00+00:00,0.0,0.0,2023-10-05 02:00:00+00:00,2023
2024-10-05 03:00:00+00:00,0.0,0.0,2023-10-05 03:00:00+00:00,2023
2024-10-05 04:00:00+00:00,0.0,0.0,2023-10-05 04:00:00+00:00,2023
2024-10-05 05:00:00+00:00,0.0,0.0,2023-10-05 05:00:00+00:00,2023
2024-10-05 06:00:00+00:00,0.0,0.0,2023-10-05 06:00:00+00:00,2023
2024-10-05 07:00:00+00:00,7.0,3.48,2023-10-05 07:00:00+00:00,2023
2024-10-05 08:00:00+00:00,23.0,11.69,2023-10-05 08:00:00+00:00,2023
2024-10-05 09:00:00+00:00,37.0,19.04,2023-10-05 09:00:00+00:00,2023
2024-10-05 10:00:00+00:00,317.0,25.03,2023-10-05 10:00:00+00:00,2023
2024-10-05 11:00:00+00:00,226.0,29.12,2023-10-05 11:00:00+00:00,2023
2024-10-05 12:00:00+00:00,168.0,30.83,2023-10-05 12:00:00+00:00,2023
2024-10-05 13:00:00+00:00,123.0,29.93,2023-10-05 13:00:00+00:00,2023
2024-10-05 14:00:00+00:00,247.0,26.55,2023-10-05 14:00:00+00:00,2023
2024-10-05 15:00:00+00:00,209.0,21.1,2023-10-05 15:00:00+00:00,2023
2024-10-05 16:00:00+00:00,163.0,14.12,2023-10-05 16:00:00+00:00,2023
2024-10-05 17:00:00+00:00,29.0,6.13,2023-10-05 17:00:00+00:00,2023
2024-10-05 18:00:00+00:00,0.0,0.0,2023-10-05 18:00:00+00:00,2023
2024-10-05 19:00:00+00:00,0.0,0.0,2023-10-05 19:00:00+00:00,2023
2024-10-05 20:00:00+00:00,0.0,0.0,2023-10-05 20:00:00+00:00,2023
2024-10-05 21:00:00+00:00,0.0,0.0,2023-10-05 21:00:00+00:00,2023
2024-10-05 22:00:00+00:00,0.0,0.0,2023-10-05 22:00:00+00:00,2023
2024-10-05 23:00:00+00:00,0.0,0.0,2023-10-05 23:00:00+00:00,2023
2024-10-06 00:00:00+00:00,0.0,0.0,2023-10-06 00:00:00+00:00,2023
2024-10-06 01:00:00+00:00,0.0,0.0,2023-10-06 01:00:00+00:00,2023
2024-10-06 02:00:00+00:00,0.0,0.0,2023-10-06 02:00:00+00:00,2023
2024-10-06 03:00:00+00:00,0.0,0.0,2023-10-06 03:00:00+00:00,2023
2024-10-06 04:00:00+00:00,0.0,0.0,2023-10-06 04:00:00+00:00,2023
2024-10-06 05:00:00+00:00,0.0,0.0,2023-10-06 05:00:00+00:00,2023
2024-10-06 06:00:00+00:00,0.0,0.0,2023-10-06 06:00:00+00:00,2023
2024-10-06 07:00:00+00:00,8.0,3.2,2023-10-06 07:00:00+00:00,2023
2024-10-06 08:00:00+00:00,25.0,11.4,2023-10-06 08:00:00+00:00,2023
2024-10-06 09:00:00+00:00,43.0,18.73,2023-10-06 09:00:00+00:00,2023
2024-10-06 10:00:00+00:00,129.0,24.69,2023-10-06 10:00:00+00:00,2023
2024-10-06 11:00:00+00:00,64.0,28.76,2023-10-06 11:00:00+00:00,2023
2024-10-06 12:00:00+00:00,59.0,30.45,2023-10-06 12:00:00+00:00,2023
2024-10-06 13:00:00+00:00,163.0,29.54,2023-10-06 13:00:00+00:00,2023
2024-10-06 14:00:00+00:00,138.0,26.16,2023-10-06 14:00:00+00:00,2023
2024-10-06 15:00:00+00:00,79.0,20.72,2023-10-06 15:00:00+00:00,2023
2024-10-06 16:00:00+00:00,96.0,13.75,2023-10-06 16:00:00+00:00,2023
2024-10-06 17:00:00+00:00,8.0,5.77,2023-10-06 17:00:00+00:00,2023
2024-10-06 18:00:00+00:00,0.0,0.0,2023-10-06 18:00:00+00:00,2023
2024-10-06 19:00:00+00:00,0.0,0.0,2023-10-06 19:00:00+00:00,2023
2024-10-06 20:00:00+00:00,0.0,0.0,2023-10-06 20:00:00+00:00,2023
2024-10-06 21:00:00+00:00,0.0,0.0,2023-10-06 21:00:00+00:00,2023
2024-10-06 22:00:00+00:00,0.0,0.0,2023-10-06 22:00:00+00:00,2023
2024-10-06 23:00:00+00:00,0.0,0.0,2023-10-06 23:00:00+00:00,2023
2024-10-07 00:00:00+00:00,0.0,0.0,2023-10-07 00:00:00+00:00,2023
2024-10-07 01:00:00+00:00,0.0,0.0,2023-10-07 01:00:00+00:00,2023
2024-10-07 02:00:00+00:00,0.0,0.0,2023-10-07 02:00:00+00:00,2023
2024-10-07 03:00:00+00:00,0.0,0.0,2023-10-07 03:00:00+00:00,2023
2024-10-07 04:00:00+00:00,0.0,0.0,2023-10-07 04:00:00+00:00,2023
2024-10-07 05:00:00+00:00,0.0,0.0,2023-10-07 05:00:00+00:00,2023
2024-10-07 06:00:00+00:00,0.0,0.0,2023-10-07 06:00:00+00:00,2023
2024-10-07 07:00:00+00:00,2.0,2.93,2023-10-07 07:00:00+00:00,2023
2024-10-07 08:00:00+00:00,47.0,11.11,2023-10-07 08:00:00+00:00,2023
2024-10-07 09:00:00+00:00,144.0,18.42,2023-10-07 09:00:00+00:00,2023
2024-10-07 10:00:00+00:00,247.0,24.35,2023-10-07 10:00:00+00:00,2023
2024-10-07 11:00:00+00:00,178.0,28.39,2023-10-07 11:00:00+00:00,2023
2024-10-07 12:00:00+00:00,255.0,30.07,2023-10-07 12:00:00+00:00,2023
2024-10-07 13:00:00+00:00,244.0,29.15,2023-10-07 13:00:00+00:00,2023
2024-10-07 14:00:00+00:00,250.0,25.77,2023-10-07 14:00:00+00:00,2023
2024-10-07 15:00:00+00:00,200.0,20.34,2023-10-07 15:00:00+00:00,2023
2024-10-07 16:00:00+00:00,26.0,13.38,2023-10-07 16:00:00+00:00,2023
2024-10-07 17:00:00+00:00,23.0,5.41,2023-10-07 17:00:00+00:00,2023
2024-10-07 18:00:00+00:00,0.0,0.0,2023-10-07 18:00:00+00:00,2023
2024-10-07 19:00:00+00:00,0.0,0.0,2023-10-07 19:00:00+00:00,2023
2024-10-07 20:00:00+00:00,0.0,0.0,2023-10-07 20:00:00+00:00,2023
2024-10-07 21:00:00+00:00,0.0,0.0,2023-10-07 21:00:00+00:00,2023
2024-10-07 22:00:00+00:00,0.0,0.0,2023-10-07 22:00:00+00:00,2023
2024-10-07 23:00:00+00:00,0.0,0.0,2023-10-07 23:00:00+00:00,2023
2024-10-08 00:00:00+00:00,0.0,0.0,2023-10-08 00:00:00+00:00,2023
2024-10-08 01:00:00+00:00,0.0,0.0,2023-10-08 01:00:00+00:00,2023
2024-10-08 02:00:00+00:00,0.0,0.0,2023-10-08 02:00:00+00:00,2023
2024-10-08 03:00:00+00:00,0.0,0.0,2023-10-08 03:00:00+00:00,2023
2024-10-08 04:00:00+00:00,0.0,0.0,2023-10-08 04:00:00+00:00,2023
2024-10-08 05:00:00+00:00,0.0,0.0,2023-10-08 05:00:00+00:00,2023
2024-10-08 06:00:00+00:00,0.0,0.0,2023-10-08 06:00:00+00:00,2023
2024-10-08 07:00:00+00:00,6.0,2.65,2023-10-08 07:00:00+00:00,2023
2024-10-08 08:00:00+00:00,32.0,10.82,2023-10-08 08:00:00+00:00,2023
2024-10-08 09:00:00+00:00,167.0,18.11,2023-10-08 09:00:00+00:00,2023
2024-10-08 10:00:00+00:00,222.0,24.02,2023-10-08 10:00:00+00:00,2023
2024-10-08 11:00:00+00:00,389.01,28.03,2023-10-08 11:00:00+00:00,2023
2024-10-08 12:00:00+00:00,287.0,29.69,2023-10-08 12:00:00+00:00,2023
2024-10-08 13:00:00+00:00,229.0,28.76,2023-10-08 13:00:00+00:00,2023
2024-10-08 14:00:00+00:00,161.0,25.39,2023-10-08 14:00:00+00:00,2023
2024-10-08 15:00:00+00:00,116.0,19.96,2023-10-08 15:00:00+00:00,2023
2024-10-08 16:00:00+00:00,70.0,13.02,2023-10-08 16:00:00+00:00,2023
2024-10-08 17:00:00+00:00,20.0,5.06,2023-10-08 17:00:00+00:00,2023
2024-10-08 18:00:00+00:00,0.0,0.0,2023-10-08 18:00:00+00:00,2023
2024-10-08 19:00:00+00:00,0.0,0.0,2023-10-08 19:00:00+00:00,2023
2024-10-08 20:00:00+00:00,0.0,0.0,2023-10-08 20:00:00+00:00,2023
2024-10-08 21:00:00+00:00,0.0,0.0,2023-10-08 21:00:00+00:00,2023
2024-10-08 22:00:00+00:00,0.0,0.0,2023-10-08 22:00:00+00:00,2023
2024-10-08 23:00:00+00:00,0.0,0.0,2023-10-08 23:00:00+00:00,2023
2024-10-09 00:00:00+00:00,0.0,0.0,2023-10-09 00:00:00+00:00,2023
2024-10-09 01:00:00+00:00,0.0,0.0,2023-10-09 01:00:00+00:00,2023
2024-10-09 02:00:00+00:00,0.0,0.0,2023-10-09 02:00:00+00:00,2023
2024-10-09 03:00:00+00:00,0.0,0.0,2023-10-09 03:00:00+00:00,2023
2024-10-09 04:00:00+00:00,0.0,0.0,2023-10-09 04:00:00+00:00,2023
2024-10-09 05:00:00+00:00,0.0,0.0,2023-10-09 05:00:00+00:00,2023
2024-10-09 06:00:00+00:00,0.0,0.0,2023-10-09 06:00:00+00:00,2023
2024-10-09 07:00:00+00:00,2.0,2.38,2023-10-09 07:00:00+00:00,2023
2024-10-09 08:00:00+00:00,42.0,10.53,2023-10-09 08:00:00+00:00,2023
2024-10-09 09:00:00+00:00,128.0,17.79,2023-10-09 09:00:00+00:00,2023
2024-10-09 10:00:00+00:00,122.0,23.68,2023-10-09 10:00:00+00:00,2023
2024-10-09 11:00:00+00:00,207.0,27.67,2023-10-09 11:00:00+00:00,2023
2024-10-09 12:00:00+00:00,327.0,29.31,2023-10-09 12:00:00+00:00,2023
2024-10-09 13:00:00+00:00,439.01,28.37,2023-10-09 13:00:00+00:00,2023
2024-10-09 14:00:00+00:00,388.01,25.0,2023-10-09 14:00:00+00:00,2023
2024-10-09 15:00:00+00:00,300.01,19.59,2023-10-09 15:00:00+00:00,2023
2024-10-09 16:00:00+00:00,153.0,12.66,2023-10-09 16:00:00+00:00,2023
2024-10-09 17:00:00+00:00,12.0,4.7,2023-10-09 17:00:00+00:00,2023
2024-10-09 18:00:00+00:00,0.0,0.0,2023-10-09 18:00:00+00:00,2023
2024-10-09 19:00:00+00:00,0.0,0.0,2023-10-09 19:00:00+00:00,2023
2024-10-09 20:00:00+00:00,0.0,0.0,2023-10-09 20:00:00+00:00,2023
2024-10-09 21:00:00+00:00,0.0,0.0,2023-10-09 21:00:00+00:00,2023
2024-10-09 22:00:00+00:00,0.0,0.0,2023-10-09 22:00:00+00:00,2023
2024-10-09 23:00:00+00:00,0.0,0.0,2023-10-09 23:00:00+00:00,2023
2024-10-10 00:00:00+00:00,0.0,0.0,2023-10-10 00:00:00+00:00,2023
2024-10-10 01:00:00+00:00,0.0,0.0,2023-10-10 01:00:00+00:00,2023
2024-10-10 02:00:00+00:00,0.0,0.0,2023-10-10 02:00:00+00:00,2023
2024-10-10 03:00:00+00:00,0.0,0.0,2023-10-10 03:00:00+00:00,2023
2024-10-10 04:00:00+00:00,0.0,0.0,2023-10-10 04:00:00+00:00,2023
2024-10-10 05:00:00+00:00,0.0,0.0,2023-10-10 05:00:00+00:00,2023
2024-10-10 06:00:00+00:00,0.0,0.0,2023-10-10 06:00:00+00:00,2023
2024-10-10 07:00:00+00:00,5.0,2.1,2023-10-10 07:00:00+00:00,2023
2024-10-10 08:00:00+00:00,121.0,10.24,2023-10-10 08:00:00+00:00,2023
2024-10-10 09:00:00+00:00,253.01,17.48,2023-10-10 09:00:00+00:00,2023
2024-10-10 10:00:00+00:00,294.0,23.35,2023-10-10 10:00:00+00:00,2023
2024-10-10 11:00:00+00:00,338.0,27.31,2023-10-10 11:00:00+00:00,2023
2024-10-10 12:00:00+00:00,78.0,28.93,2023-10-10 12:00:00+00:00,2023
2024-10-10 13:00:00+00:00,57.0,27.99,2023-10-10 13:00:00+00:00,2023
2024-10-10 14:00:00+00:00,149.0,24.62,2023-10-10 14:00:00+00:00,2023
2024-10-10 15:00:00+00:00,143.0,19.22,2023-10-10 15:00:00+00:00,2023
2024-10-10 16:00:00+00:00,61.0,12.29,2023-10-10 16:00:00+00:00,2023
2024-10-10 17:00:00+00:00,4.0,4.35,2023-10-10 17:00:00+00:00,2023
2024-10-10 18:00:00+00:00,0.0,0.0,2023-10-10 18:00:00+00:00,2023
2024-10-10 19:00:00+00:00,0.0,0.0,2023-10-10 19:00:00+00:00,2023
2024-10-10 20:00:00+00:00,0.0,0.0,2023-10-10 20:00:00+00:00,2023
2024-10-10 21:00:00+00:00,0.0,0.0,2023-10-10 21:00:00+00:00,2023
2024-10-10 22:00:00+00:00,0.0,0.0,2023-10-10 22:00:00+00:00,2023
2024-10-10 23:00:00+00:00,0.0,0.0,2023-10-10 23:00:00+00:00,2023
2024-10-11 00:00:00+00:00,0.0,0.0,2023-10-11 00:00:00+00:00,2023
2024-10-11 01:00:00+00:00,0.0,0.0,2023-10-11 01:00:00+00:00,2023
2024-10-11 02:00:00+00:00,0.0,0.0,2023-10-11 02:00:00+00:00,2023
2024-10-11 03:00:00+00:00,0.0,0.0,2023-10-11 03:00:00+00:00,2023
2024-10-11 04:00:00+00:00,0.0,0.0,2023-10-11 04:00:00+00:00,2023
2024-10-11 05:00:00+00:00,0.0,0.0,2023-10-11 05:00:00+00:00,2023
2024-10-11 06:00:00+00:00,0.0,0.0,2023-10-11 06:00:00+00:00,2023
2024-10-11 07:00:00+00:00,5.0,1.82,2023-10-11 07:00:00+00:00,2023
2024-10-11 08:00:00+00:00,71.0,9.95,2023-10-11 08:00:00+00:00,2023
2024-10-11 09:00:00+00:00,134.0,17.17,2023-10-11 09:00:00+00:00,2023
2024-10-11 10:00:00+00:00,150.0,23.01,2023-10-11 10:00:00+00:00,2023
2024-10-11 11:00:00+00:00,153.0,26.95,2023-10-11 11:00:00+00:00,2023
2024-10-11 12:00:00+00:00,228.0,28.55,2023-10-11 12:00:00+00:00,2023
2024-10-11 13:00:00+00:00,222.0,27.61,2023-10-11 13:00:00+00:00,2023
2024-10-11 14:00:00+00:00,246.0,24.24,2023-10-11 14:00:00+00:00,2023
2024-10-11 15:00:00+00:00,200.0,18.85,2023-10-11 15:00:00+00:00,2023
2024-10-11 16:00:00+00:00,132.0,11.94,2023-10-11 16:00:00+00:00,2023
2024-10-11 17:00:00+00:00,30.91,4.0,2023-10-11 17:00:00+00:00,2023
2024-10-11 18:00:00+00:00,0.0,0.0,2023-10-11 18:00:00+00:00,2023
2024-10-11 19:00:00+00:00,0.0,0.0,2023-10-11 19:00:00+00:00,2023
2024-10-11 20:00:00+00:00,0.0,0.0,2023-10-11 20:00:00+00:00,2023
2024-10-11 21:00:00+00:00,0.0,0.0,2023-10-11 21:00:00+00:00,2023
2024-10-11 22:00:00+00:00,0.0,0.0,2023-10-11 22:00:00+00:00,2023
2024-10-11 23:00:00+00:00,0.0,0.0,2023-10-11 23:00:00+00:00,2023
2024-10-12 00:00:00+00:00,0.0,0.0,2023-10-12 00:00:00+00:00,2023
2024-10-12 01:00:00+00:00,0.0,0.0,2023-10-12 01:00:00+00:00,2023
2024-10-12 02:00:00+00:00,0.0,0.0,2023-10-12 02:00:00+00:00,2023
2024-10-12 03:00:00+00:00,0.0,0.0,2023-10-12 03:00:00+00:00,2023
2024-10-12 04:00:00+00:00,0.0,0.0,2023-10-12 04:00:00+00:00,2023
2024-10-12 05:00:00+00:00,0.0,0.0,2023-10-12 05:00:00+00:00,2023
2024-10-12 06:00:00+00:00,0.0,0.0,2023-10-12 06:00:00+00:00,2023
2024-10-12 07:00:00+00:00,1.0,1.54,2023-10-12 07:00:00+00:00,2023
2024-10-12 08:00:00+00:00,87.0,9.66,2023-10-12 08:00:00+00:00,2023
2024-10-12 09:00:00+00:00,126.0,16.86,2023-10-12 09:00:00+00:00,2023
2024-10-12 10:00:00+00:00,244.0,22.67,2023-10-12 10:00:00+00:00,2023
2024-10-12 11:00:00+00:00,308.0,26.59,2023-10-12 11:00:00+00:00,2023
2024-10-12 12:00:00+00:00,292.0,28.17,2023-10-12 12:00:00+00:00,2023
2024-10-12 13:00:00+00:00,172.0,27.22,2023-10-12 13:00:00+00:00,2023
2024-10-12 14:00:00+00:00,199.0,23.86,2023-10-12 14:00:00+00:00,2023
2024-10-12 15:00:00+00:00,159.0,18.48,2023-10-12 15:00:00+00:00,2023
2024-10-12 16:00:00+00:00,104.0,11.58,2023-10-12 16:00:00+00:00,2023
2024-10-12 17:00:00+00:00,15.0,3.66,2023-10-12 17:00:00+00:00,2023
2024-10-12 18:00:00+00:00,0.0,0.0,2023-10-12 18:00:00+00:00,2023
2024-10-12 19:00:00+00:00,0.0,0.0,2023-10-12 19:00:00+00:00,2023
2024-10-12 20:00:00+00:00,0.0,0.0,2023-10-12 20:00:00+00:00,2023
2024-10-12 21:00:00+00:00,0.0,0.0,2023-10-12 21:00:00+00:00,2023
2024-10-12 22:00:00+00:00,0.0,0.0,2023-10-12 22:00:00+00:00,2023
2024-10-12 23:00:00+00:00,0.0,0.0,2023-10-12 23:00:00+00:00,2023
2024-10-13 00:00:00+00:00,0.0,0.0,2023-10-13 00:00:00+00:00,2023
2024-10-13 01:00:00+00:00,0.0,0.0,2023-10-13 01:00:00+00:00,2023
2024-10-13 02:00:00+00:00,0.0,0.0,2023-10-13 02:00:00+00:00,2023
2024-10-13 03:00:00+00:00,0.0,0.0,2023-10-13 03:00:00+00:00,2023
2024-10-13 04:00:00+00:00,0.0,0.0,2023-10-13 04:00:00+00:00,2023
2024-10-13 05:00:00+00:00,0.0,0.0,2023-10-13 05:00:00+00:00,2023
2024-10-13 06:00:00+00:00,0.0,0.0,2023-10-13 06:00:00+00:00,2023
2024-10-13 07:00:00+00:00,0.0,0.0,2023-10-13 07:00:00+00:00,2023
2024-10-13 08:00:00+00:00,125.0,9.37,2023-10-13 08:00:00+00:00,2023
2024-10-13 09:00:00+00:00,245.01,16.55,2023-10-13 09:00:00+00:00,2023
2024-10-13 10:00:00+00:00,345.01,22.34,2023-10-13 10:00:00+00:00,2023
2024-10-13 11:00:00+00:00,319.0,26.23,2023-10-13 11:00:00+00:00,2023
2024-10-13 12:00:00+00:00,369.01,27.8,2023-10-13 12:00:00+00:00,2023
2024-10-13 13:00:00+00:00,428.01,26.84,2023-10-13 13:00:00+00:00,2023
2024-10-13 14:00:00+00:00,312.0,23.49,2023-10-13 14:00:00+00:00,2023
2024-10-13 15:00:00+00:00,40.0,18.11,2023-10-13 15:00:00+00:00,2023
2024-10-13 16:00:00+00:00,164.0,11.23,2023-10-13 16:00:00+00:00,2023
2024-10-13 17:00:00+00:00,26.73,3.31,2023-10-13 17:00:00+00:00,2023
2024-10-13 18:00:00+00:00,0.0,0.0,2023-10-13 18:00:00+00:00,2023
2024-10-13 19:00:00+00:00,0.0,0.0,2023-10-13 19:00:00+00:00,2023
2024-10-13 20:00:00+00:00,0.0,0.0,2023-10-13 20:00:00+00:00,2023
2024-10-13 21:00:00+00:00,0.0,0.0,2023-10-13 21:00:00+00:00,2023
2024-10-13 22:00:00+00:00,0.0,0.0,2023-10-13 22:00:00+00:00,2023
2024-10-13 23:00:00+00:00,0.0,0.0,2023-10-13 23:00:00+00:00,2023
2024-10-14 00:00:00+00:00,0.0,0.0,2023-10-14 00:00:00+00:00,2023
2024-10-14 01:00:00+00:00,0.0,0.0,2023-10-14 01:00:00+00:00,2023
2024-10-14 02:00:00+00:00,0.0,0.0,2023-10-14 02:00:00+00:00,2023
2024-10-14 03:00:00+00:00,0.0,0.0,2023-10-14 03:00:00+00:00,2023
2024-10-14 04:00:00+00:00,0.0,0.0,2023-10-14 04:00:00+00:00,2023
2024-10-14 05:00:00+00:00,0.0,0.0,2023-10-14 05:00:00+00:00,2023
2024-10-14 06:00:00+00:00,0.0,0.0,2023-10-14 06:00:00+00:00,2023
2024-10-14 07:00:00+00:00,0.0,0.0,2023-10-14 07:00:00+00:00,2023
2024-10-14 08:00:00+00:00,94.0,9.07,2023-10-14 08:00:00+00:00,2023
2024-10-14 09:00:00+00:00,228.01,16.24,2023-10-14 09:00:00+00:00,2023
2024-10-14 10:00:00+00:00,274.0,22.0,2023-10-14 10:00:00+00:00,2023
2024-10-14 11:00:00+00:00,415.01,25.88,2023-10-14 11:00:00+00:00,2023
2024-10-14 12:00:00+00:00,455.01,27.43,2023-10-14 12:00:00+00:00,2023
2024-10-14 13:00:00+00:00,272.0,26.47,2023-10-14 13:00:00+00:00,2023
2024-10-14 14:00:00+00:00,149.0,23.11,2023-10-14 14:00:00+00:00,2023
2024-10-14 15:00:00+00:00,203.0,17.75,2023-10-14 15:00:00+00:00,2023
2024-10-14 16:00:00+00:00,119.0,10.88,2023-10-14 16:00:00+00:00,2023
2024-10-14 17:00:00+00:00,6.0,2.97,2023-10-14 17:00:00+00:00,2023
2024-10-14 18:00:00+00:00,0.0,0.0,2023-10-14 18:00:00+00:00,2023
2024-10-14 19:00:00+00:00,0.0,0.0,2023-10-14 19:00:00+00:00,2023
2024-10-14 20:00:00+00:00,0.0,0.0,2023-10-14 20:00:00+00:00,2023
2024-10-14 21:00:00+00:00,0.0,0.0,2023-10-14 21:00:00+00:00,2023
2024-10-14 22:00:00+00:00,0.0,0.0,2023-10-14 22:00:00+00:00,2023
2024-10-14 23:00:00+00:00,0.0,0.0,2023-10-14 23:00:00+00:00,2023
2024-10-15 00:00:00+00:00,0.0,0.0,2023-10-15 00:00:00+00:00,2023
2024-10-15 01:00:00+00:00,0.0,0.0,2023-10-15 01:00:00+00:00,2023
2024-10-15 02:00:00+00:00,0.0,0.0,2023-10-15 02:00:00+00:00,2023
2024-10-15 03:00:00+00:00,0.0,0.0,2023-10-15 03:00:00+00:00,2023
2024-10-15 04:00:00+00:00,0.0,0.0,2023-10-15 04:00:00+00:00,2023
2024-10-15 05:00:00+00:00,0.0,0.0,2023-10-15 05:00:00+00:00,2023
2024-10-15 06:00:00+00:00,0.0,0.0,2023-10-15 06:00:00+00:00,2023
2024-10-15 07:00:00+00:00,0.0,0.0,2023-10-15 07:00:00+00:00,2023
2024-10-15 08:00:00+00:00,101.0,8.78,2023-10-15 08:00:00+00:00,2023
2024-10-15 09:00:00+00:00,224.01,15.93,2023-10-15 09:00:00+00:00,2023
2024-10-15 10:00:00+00:00,341.01,21.67,2023-10-15 10:00:00+00:00,2023
2024-10-15 11:00:00+00:00,391.01,25.52,2023-10-15 11:00:00+00:00,2023
2024-10-15 12:00:00+00:00,440.01,27.06,2023-10-15 12:00:00+00:00,2023
2024-10-15 13:00:00+00:00,344.01,26.09,2023-10-15 13:00:00+00:00,2023
2024-10-15 14:00:00+00:00,207.0,22.74,2023-10-15 14:00:00+00:00,2023
2024-10-15 15:00:00+00:00,163.0,17.39,2023-10-15 15:00:00+00:00,2023
2024-10-15 16:00:00+00:00,93.0,10.53,2023-10-15 16:00:00+00:00,2023
2024-10-15 17:00:00+00:00,14.59,2.63,2023-10-15 17:00:00+00:00,2023
2024-10-15 18:00:00+00:00,0.0,0.0,2023-10-15 18:00:00+00:00,2023
2024-10-15 19:00:00+00:00,0.0,0.0,2023-10-15 19:00:00+00:00,2023
2024-10-15 20:00:00+00:00,0.0,0.0,2023-10-15 20:00:00+00:00,2023
2024-10-15 21:00:00+00:00,0.0,0.0,2023-10-15 21:00:00+00:00,2023
2024-10-15 22:00:00+00:00,0.0,0.0,2023-10-15 22:00:00+00:00,2023
2024-10-15 23:00:00+00:00,0.0,0.0,2023-10-15 23:00:00+00:00,2023
2024-10-16 00:00:00+00:00,0.0,0.0,2023-10-16 00:00:00+00:00,2023
2024-10-16 01:00:00+00:00,0.0,0.0,2023-10-16 01:00:00+00:00,2023
2024-10-16 02:00:00+00:00,0.0,0.0,2023-10-16 02:00:00+00:00,2023
2024-10-16 03:00:00+00:00,0.0,0.0,2023-10-16 03:00:00+00:00,2023
2024-10-16 04:00:00+00:00,0.0,0.0,2023-10-16 04:00:00+00:00,2023
2024-10-16 05:00:00+00:00,0.0,0.0,2023-10-16 05:00:00+00:00,2023
2024-10-16 06:00:00+00:00,0.0,0.0,2023-10-16 06:00:00+00:00,2023
2024-10-16 07:00:00+00:00,0.0,0.0,2023-10-16 07:00:00+00:00,2023
2024-10-16 08:00:00+00:00,71.0,8.49,2023-10-16 08:00:00+00:00,2023
2024-10-16 09:00:00+00:00,150.0,15.62,2023-10-16 09:00:00+00:00,2023
2024-10-16 10:00:00+00:00,310.01,21.34,2023-10-16 10:00:00+00:00,2023
2024-10-16 11:00:00+00:00,399.01,25.17,2023-10-16 11:00:00+00:00,2023
2024-10-16 12:00:00+00:00,443.01,26.69,2023-10-16 12:00:00+00:00,2023
2024-10-16 13:00:00+00:00,331.0,25.72,2023-10-16 13:00:00+00:00,2023
2024-10-16 14:00:00+00:00,323.01,22.37,2023-10-16 14:00:00+00:00,2023
2024-10-16 15:00:00+00:00,234.0,17.04,2023-10-16 15:00:00+00:00,2023
2024-10-16 16:00:00+00:00,75.0,10.18,2023-10-16 16:00:00+00:00,2023
2024-10-16 17:00:00+00:00,14.35,2.3,2023-10-16 17:00:00+00:00,2023
2024-10-16 18:00:00+00:00,0.0,0.0,2023-10-16 18:00:00+00:00,2023
2024-10-16 19:00:00+00:00,0.0,0.0,2023-10-16 19:00:00+00:00,2023
2024-10-16 20:00:00+00:00,0.0,0.0,2023-10-16 20:00:00+00:00,2023
2024-10-16 21:00:00+00:00,0.0,0.0,2023-10-16 21:00:00+00:00,2023
2024-10-16 22:00:00+00:00,0.0,0.0,2023-10-16 22:00:00+00:00,2023
2024-10-16 23:00:00+00:00,0.0,0.0,2023-10-16 23:00:00+00:00,2023
2024-10-17 00:00:00+00:00,0.0,0.0,2023-10-17 00:00:00+00:00,2023
2024-10-17 01:00:00+00:00,0.0,0.0,2023-10-17 01:00:00+00:00,2023
2024-10-17 02:00:00+00:00,0.0,0.0,2023-10-17 02:00:00+00:00,2023
2024-10-17 03:00:00+00:00,0.0,0.0,2023-10-17 03:00:00+00:00,2023
2024-10-17 04:00:00+00:00,0.0,0.0,2023-10-17 04:00:00+00:00,2023
2024-10-17 05:00:00+00:00,0.0,0.0,2023-10-17 05:00:00+00:00,2023
2024-10-17 06:00:00+00:00,0.0,0.0,2023-10-17 06:00:00+00:00,2023
2024-10-17 07:00:00+00:00,0.0,0.0,2023-10-17 07:00:00+00:00,2023
2024-10-17 08:00:00+00:00,63.0,8.2,2023-10-17 08:00:00+00:00,2023
2024-10-17 09:00:00+00:00,138.0,15.31,2023-10-17 09:00:00+00:00,2023
2024-10-17 10:00:00+00:00,123.0,21.0,2023-10-17 10:00:00+00:00,2023
2024-10-17 11:00:00+00:00,185.0,24.81,2023-10-17 11:00:00+00:00,2023
2024-10-17 12:00:00+00:00,164.0,26.32,2023-10-17 12:00:00+00:00,2023
2024-10-17 13:00:00+00:00,132.0,25.35,2023-10-17 13:00:00+00:00,2023
2024-10-17 14:00:00+00:00,66.0,22.01,2023-10-17 14:00:00+00:00,2023
2024-10-17 15:00:00+00:00,51.0,16.68,2023-10-17 15:00:00+00:00,2023
2024-10-17 16:00:00+00:00,29.0,9.84,2023-10-17 16:00:00+00:00,2023
2024-10-17 17:00:00+00:00,3.0,1.97,2023-10-17 17:00:00+00:00,2023
2024-10-17 18:00:00+00:00,0.0,0.0,2023-10-17 18:00:00+00:00,2023
2024-10-17 19:00:00+00:00,0.0,0.0,2023-10-17 19:00:00+00:00,2023
2024-10-17 20:00:00+00:00,0.0,0.0,2023-10-17 20:00:00+00:00,2023
2024-10-17 21:00:00+00:00,0.0,0.0,2023-10-17 21:00:00+00:00,2023
2024-10-17 22:00:00+00:00,0.0,0.0,2023-10-17 22:00:00+00:00,2023
2024-10-17 23:00:00+00:00,0.0,0.0,2023-10-17 23:00:00+00:00,2023
2024-10-18 00:00:00+00:00,0.0,0.0,2023-10-18 00:00:00+00:00,2023
2024-10-18 01:00:00+00:00,0.0,0.0,2023-10-18 01:00:00+00:00,2023
2024-10-18 02:00:00+00:00,0.0,0.0,2023-10-18 02:00:00+00:00,2023
2024-10-18 03:00:00+00:00,0.0,0.0,2023-10-18 03:00:00+00:00,2023
2024-10-18 04:00:00+00:00,0.0,0.0,2023-10-18 04:00:00+00:00,2023
2024-10-18 05:00:00+00:00,0.0,0.0,2023-10-18 05:00:00+00:00,2023
2024-10-18 06:00:00+00:00,0.0,0.0,2023-10-18 06:00:00+00:00,2023
2024-10-18 07:00:00+00:00,0.0,0.0,2023-10-18 07:00:00+00:00,2023
2024-10-18 08:00:00+00:00,35.0,7.91,2023-10-18 08:00:00+00:00,2023
2024-10-18 09:00:00+00:00,48.0,15.0,2023-10-18 09:00:00+00:00,2023
2024-10-18 10:00:00+00:00,40.0,20.67,2023-10-18 10:00:00+00:00,2023
2024-10-18 11:00:00+00:00,34.0,24.46,2023-10-18 11:00:00+00:00,2023
2024-10-18 12:00:00+00:00,92.0,25.96,2023-10-18 12:00:00+00:00,2023
2024-10-18 13:00:00+00:00,58.0,24.98,2023-10-18 13:00:00+00:00,2023
2024-10-18 14:00:00+00:00,100.0,21.65,2023-10-18 14:00:00+00:00,2023
2024-10-18 15:00:00+00:00,37.0,16.33,2023-10-18 15:00:00+00:00,2023
2024-10-18 16:00:00+00:00,18.0,9.5,2023-10-18 16:00:00+00:00,2023
2024-10-18 17:00:00+00:00,1.0,1.64,2023-10-18 17:00:00+00:00,2023
2024-10-18 18:00:00+00:00,0.0,0.0,2023-10-18 18:00:00+00:00,2023
2024-10-18 19:00:00+00:00,0.0,0.0,2023-10-18 19:00:00+00:00,2023
2024-10-18 20:00:00+00:00,0.0,0.0,2023-10-18 20:00:00+00:00,2023
2024-10-18 21:00:00+00:00,0.0,0.0,2023-10-18 21:00:00+00:00,2023
2024-10-18 22:00:00+00:00,0.0,0.0,2023-10-18 22:00:00+00:00,2023
2024-10-18 23:00:00+00:00,0.0,0.0,2023-10-18 23:00:00+00:00,2023
2024-10-19 00:00:00+00:00,0.0,0.0,2023-10-19 00:00:00+00:00,2023
2024-10-19 01:00:00+00:00,0.0,0.0,2023-10-19 01:00:00+00:00,2023
2024-10-19 02:00:00+00:00,0.0,0.0,2023-10-19 02:00:00+00:00,2023
2024-10-19 03:00:00+00:00,0.0,0.0,2023-10-19 03:00:00+00:00,2023
2024-10-19 04:00:00+00:00,0.0,0.0,2023-10-19 04:00:00+00:00,2023
2024-10-19 05:00:00+00:00,0.0,0.0,2023-10-19 05:00:00+00:00,2023
2024-10-19 06:00:00+00:00,0.0,0.0,2023-10-19 06:00:00+00:00,2023
2024-10-19 07:00:00+00:00,0.0,0.0,2023-10-19 07:00:00+00:00,2023
2024-10-19 08:00:00+00:00,26.0,7.62,2023-10-19 08:00:00+00:00,2023
2024-10-19 09:00:00+00:00,19.0,14.69,2023-10-19 09:00:00+00:00,2023
2024-10-19 10:00:00+00:00,51.0,20.34,2023-10-19 10:00:00+00:00,2023
2024-10-19 11:00:00+00:00,34.0,24.11,2023-10-19 11:00:00+00:00,2023
2024-10-19 12:00:00+00:00,47.0,25.59,2023-10-19 12:00:00+00:00,2023
2024-10-19 13:00:00+00:00,77.0,24.61,2023-10-19 13:00:00+00:00,2023
2024-10-19 14:00:00+00:00,76.0,21.29,2023-10-19 14:00:00+00:00,2023
2024-10-19 15:00:00+00:00,56.0,15.98,2023-10-19 15:00:00+00:00,2023
2024-10-19 16:00:00+00:00,56.0,9.17,2023-10-19 16:00:00+00:00,2023
2024-10-19 17:00:00+00:00,1.0,1.31,2023-10-19 17:00:00+00:00,2023
2024-10-19 18:00:00+00:00,0.0,0.0,2023-10-19 18:00:00+00:00,2023
2024-10-19 19:00:00+00:00,0.0,0.0,2023-10-19 19:00:00+00:00,2023
2024-10-19 20:00:00+00:00,0.0,0.0,2023-10-19 20:00:00+00:00,2023
2024-10-19 21:00:00+00:00,0.0,0.0,2023-10-19 21:00:00+00:00,2023
2024-10-19 22:00:00+00:00,0.0,0.0,2023-10-19 22:00:00+00:00,2023
2024-10-19 23:00:00+00:00,0.0,0.0,2023-10-19 23:00:00+00:00,2023
2024-10-20 00:00:00+00:00,0.0,0.0,2023-10-20 00:00:00+00:00,2023
2024-10-20 01:00:00+00:00,0.0,0.0,2023-10-20 01:00:00+00:00,2023
2024-10-20 02:00:00+00:00,0.0,0.0,2023-10-20 02:00:00+00:00,2023
2024-10-20 03:00:00+00:00,0.0,0.0,2023-10-20 03:00:00+00:00,2023
2024-10-20 04:00:00+00:00,0.0,0.0,2023-10-20 04:00:00+00:00,2023
2024-10-20 05:00:00+00:00,0.0,0.0,2023-10-20 05:00:00+00:00,2023
2024-10-20 06:00:00+00:00,0.0,0.0,2023-10-20 06:00:00+00:00,2023
2024-10-20 07:00:00+00:00,0.0,0.0,2023-10-20 07:00:00+00:00,2023
2024-10-20 08:00:00+00:00,70.0,7.33,2023-10-20 08:00:00+00:00,2023
2024-10-20 09:00:00+00:00,51.0,14.38,2023-10-20 09:00:00+00:00,2023
2024-10-20 10:00:00+00:00,57.0,20.01,2023-10-20 10:00:00+00:00,2023
2024-10-20 11:00:00+00:00,68.0,23.76,2023-10-20 11:00:00+00:00,2023
2024-10-20 12:00:00+00:00,110.0,25.23,2023-10-20 12:00:00+00:00,2023
2024-10-20 13:00:00+00:00,56.0,24.25,2023-10-20 13:00:00+00:00,2023
2024-10-20 14:00:00+00:00,64.0,20.93,2023-10-20 14:00:00+00:00,2023
2024-10-20 15:00:00+00:00,20.0,15.64,2023-10-20 15:00:00+00:00,2023
2024-10-20 16:00:00+00:00,10.0,8.84,2023-10-20 16:00:00+00:00,2023
2024-10-20 17:00:00+00:00,0.0,0.0,2023-10-20 17:00:00+00:00,2023
2024-10-20 18:00:00+00:00,0.0,0.0,2023-10-20 18:00:00+00:00,2023
2024-10-20 19:00:00+00:00,0.0,0.0,2023-10-20 19:00:00+00:00,2023
2024-10-20 20:00:00+00:00,0.0,0.0,2023-10-20 20:00:00+00:00,2023
2024-10-20 21:00:00+00:00,0.0,0.0,2023-10-20 21:00:00+00:00,2023
2024-10-20 22:00:00+00:00,0.0,0.0,2023-10-20 22:00:00+00:00,2023
2024-10-20 23:00:00+00:00,0.0,0.0,2023-10-20 23:00:00+00:00,2023
2024-10-21 00:00:00+00:00,0.0,0.0,2023-10-21 00:00:00+00:00,2023
2024-10-21 01:00:00+00:00,0.0,0.0,2023-10-21 01:00:00+00:00,2023
2024-10-21 02:00:00+00:00,0.0,0.0,2023-10-21 02:00:00+00:00,2023
2024-10-21 03:00:00+00:00,0.0,0.0,2023-10-21 03:00:00+00:00,2023
2024-10-21 04:00:00+00:00,0.0,0.0,2023-10-21 04:00:00+00:00,2023
2024-10-21 05:00:00+00:00,0.0,0.0,2023-10-21 05:00:00+00:00,2023
2024-10-21 06:00:00+00:00,0.0,0.0,2023-10-21 06:00:00+00:00,2023
2024-10-21 07:00:00+00:00,0.0,0.0,2023-10-21 07:00:00+00:00,2023
2024-10-21 08:00:00+00:00,55.0,7.04,2023-10-21 08:00:00+00:00,2023
2024-10-21 09:00:00+00:00,63.0,14.07,2023-10-21 09:00:00+00:00,2023
2024-10-21 10:00:00+00:00,300.01,19.69,2023-10-21 10:00:00+00:00,2023
2024-10-21 11:00:00+00:00,371.01,23.42,2023-10-21 11:00:00+00:00,2023
2024-10-21 12:00:00+00:00,427.01,24.88,2023-10-21 12:00:00+00:00,2023
2024-10-21 13:00:00+00:00,224.0,23.89,2023-10-21 13:00:00+00:00,2023
2024-10-21 14:00:00+00:00,316.01,20.58,2023-10-21 14:00:00+00:00,2023
2024-10-21 15:00:00+00:00,166.0,15.3,2023-10-21 15:00:00+00:00,2023
2024-10-21 16:00:00+00:00,68.0,8.51,2023-10-21 16:00:00+00:00,2023
2024-10-21 17:00:00+00:00,0.0,0.0,2023-10-21 17:00:00+00:00,2023
2024-10-21 18:00:00+00:00,0.0,0.0,2023-10-21 18:00:00+00:00,2023
2024-10-21 19:00:00+00:00,0.0,0.0,2023-10-21 19:00:00+00:00,2023
2024-10-21 20:00:00+00:00,0.0,0.0,2023-10-21 20:00:00+00:00,2023
2024-10-21 21:00:00+00:00,0.0,0.0,2023-10-21 21:00:00+00:00,2023
2024-10-21 22:00:00+00:00,0.0,0.0,2023-10-21 22:00:00+00:00,2023
2024-10-21 23:00:00+00:00,0.0,0.0,2023-10-21 23:00:00+00:00,2023
2024-10-22 00:00:00+00:00,0.0,0.0,2023-10-22 00:00:00+00:00,2023
2024-10-22 01:00:00+00:00,0.0,0.0,2023-10-22 01:00:00+00:00,2023
2024-10-22 02:00:00+00:00,0.0,0.0,2023-10-22 02:00:00+00:00,2023
2024-10-22 03:00:00+00:00,0.0,0.0,2023-10-22 03:00:00+00:00,2023
2024-10-22 04:00:00+00:00,0.0,0.0,2023-10-22 04:00:00+00:00,2023
2024-10-22 05:00:00+00:00,0.0,0.0,2023-10-22 05:00:00+00:00,2023
2024-10-22 06:00:00+00:00,0.0,0.0,2023-10-22 06:00:00+00:00,2023
2024-10-22 07:00:00+00:00,0.0,0.0,2023-10-22 07:00:00+00:00,2023
2024-10-22 08:00:00+00:00,53.0,6.75,2023-10-22 08:00:00+00:00,2023
2024-10-22 09:00:00+00:00,179.0,13.76,2023-10-22 09:00:00+00:00,2023
2024-10-22 10:00:00+00:00,308.01,19.36,2023-10-22 10:00:00+00:00,2023
2024-10-22 11:00:00+00:00,373.01,23.07,2023-10-22 11:00:00+00:00,2023
2024-10-22 12:00:00+00:00,400.01,24.52,2023-10-22 12:00:00+00:00,2023
2024-10-22 13:00:00+00:00,378.01,23.53,2023-10-22 13:00:00+00:00,2023
2024-10-22 14:00:00+00:00,230.0,20.23,2023-10-22 14:00:00+00:00,2023
2024-10-22 15:00:00+00:00,172.0,14.96,2023-10-22 15:00:00+00:00,2023
2024-10-22 16:00:00+00:00,110.0,8.19,2023-10-22 16:00:00+00:00,2023
2024-10-22 17:00:00+00:00,0.0,0.0,2023-10-22 17:00:00+00:00,2023
2024-10-22 18:00:00+00:00,0.0,0.0,2023-10-22 18:00:00+00:00,2023
2024-10-22 19:00:00+00:00,0.0,0.0,2023-10-22 19:00:00+00:00,2023
2024-10-22 20:00:00+00:00,0.0,0.0,2023-10-22 20:00:00+00:00,2023
2024-10-22 21:00:00+00:00,0.0,0.0,2023-10-22 21:00:00+00:00,2023
2024-10-22 22:00:00+00:00,0.0,0.0,2023-10-22 22:00:00+00:00,2023
2024-10-22 23:00:00+00:00,0.0,0.0,2023-10-22 23:00:00+00:00,2023
2024-10-23 00:00:00+00:00,0.0,0.0,2023-10-23 00:00:00+00:00,2023
2024-10-23 01:00:00+00:00,0.0,0.0,2023-10-23 01:00:00+00:00,2023
2024-10-23 02:00:00+00:00,0.0,0.0,2023-10-23 02:00:00+00:00,2023
2024-10-23 03:00:00+00:00,0.0,0.0,2023-10-23 03:00:00+00:00,2023
2024-10-23 04:00:00+00:00,0.0,0.0,2023-10-23 04:00:00+00:00,2023
2024-10-23 05:00:00+00:00,0.0,0.0,2023-10-23 05:00:00+00:00,2023
2024-10-23 06:00:00+00:00,0.0,0.0,2023-10-23 06:00:00+00:00,2023
2024-10-23 07:00:00+00:00,0.0,0.0,2023-10-23 07:00:00+00:00,2023
2024-10-23 08:00:00+00:00,18.0,6.46,2023-10-23 08:00:00+00:00,2023
2024-10-23 09:00:00+00:00,41.0,13.46,2023-10-23 09:00:00+00:00,2023
2024-10-23 10:00:00+00:00,80.0,19.03,2023-10-23 10:00:00+00:00,2023
2024-10-23 11:00:00+00:00,100.0,22.73,2023-10-23 11:00:00+00:00,2023
2024-10-23 12:00:00+00:00,79.0,24.17,2023-10-23 12:00:00+00:00,2023
2024-10-23 13:00:00+00:00,87.0,23.18,2023-10-23 13:00:00+00:00,2023
2024-10-23 14:00:00+00:00,76.0,19.89,2023-10-23 14:00:00+00:00,2023
2024-10-23 15:00:00+00:00,71.0,14.63,2023-10-23 15:00:00+00:00,2023
2024-10-23 16:00:00+00:00,12.0,7.87,2023-10-23 16:00:00+00:00,2023
2024-10-23 17:00:00+00:00,0.0,0.0,2023-10-23 17:00:00+00:00,2023
2024-10-23 18:00:00+00:00,0.0,0.0,2023-10-23 18:00:00+00:00,2023
2024-10-23 19:00:00+00:00,0.0,0.0,2023-10-23 19:00:00+00:00,2023
2024-10-23 20:00:00+00:00,0.0,0.0,2023-10-23 20:00:00+00:00,2023
2024-10-23 21:00:00+00:00,0.0,0.0,2023-10-23 21:00:00+00:00,2023
2024-10-23 22:00:00+00:00,0.0,0.0,2023-10-23 22:00:00+00:00,2023
2024-10-23 23:00:00+00:00,0.0,0.0,2023-10-23 23:00:00+00:00,2023
2024-10-24 00:00:00+00:00,0.0,0.0,2023-10-24 00:00:00+00:00,2023
2024-10-24 01:00:00+00:00,0.0,0.0,2023-10-24 01:00:00+00:00,2023
2024-10-24 02:00:00+00:00,0.0,0.0,2023-10-24 02:00:00+00:00,2023
2024-10-24 03:00:00+00:00,0.0,0.0,2023-10-24 03:00:00+00:00,2023
2024-10-24 04:00:00+00:00,0.0,0.0,2023-10-24 04:00:00+00:00,2023
2024-10-24 05:00:00+00:00,0.0,0.0,2023-10-24 05:00:00+00:00,2023
2024-10-24 06:00:00+00:00,0.0,0.0,2023-10-24 06:00:00+00:00,2023
2024-10-24 07:00:00+00:00,0.0,0.0,2023-10-24 07:00:00+00:00,2023
2024-10-24 08:00:00+00:00,43.0,6.18,2023-10-24 08:00:00+00:00,2023
2024-10-24 09:00:00+00:00,126.0,13.15,2023-10-24 09:00:00+00:00,2023
2024-10-24 10:00:00+00:00,164.0,18.71,2023-10-24 10:00:00+00:00,2023
2024-10-24 11:00:00+00:00,148.0,22.39,2023-10-24 11:00:00+00:00,2023
2024-10-24 12:00:00+00:00,204.0,23.82,2023-10-24 12:00:00+00:00,2023
2024-10-24 13:00:00+00:00,55.0,22.83,2023-10-24 13:00:00+00:00,2023
2024-10-24 14:00:00+00:00,37.0,19.54,2023-10-24 14:00:00+00:00,2023
2024-10-24 15:00:00+00:00,120.0,14.3,2023-10-24 15:00:00+00:00,2023
2024-10-24 16:00:00+00:00,47.0,7.55,2023-10-24 16:00:00+00:00,2023
2024-10-24 17:00:00+00:00,0.0,0.0,2023-10-24 17:00:00+00:00,2023
2024-10-24 18:00:00+00:00,0.0,0.0,2023-10-24 18:00:00+00:00,2023
2024-10-24 19:00:00+00:00,0.0,0.0,2023-10-24 19:00:00+00:00,2023
2024-10-24 20:00:00+00:00,0.0,0.0,2023-10-24 20:00:00+00:00,2023
2024-10-24 21:00:00+00:00,0.0,0.0,2023-10-24 21:00:00+00:00,2023
2024-10-24 22:00:00+00:00,0.0,0.0,2023-10-24 22:00:00+00:00,2023
2024-10-24 23:00:00+00:00,0.0,0.0,2023-10-24 23:00:00+00:00,2023
2024-10-25 00:00:00+00:00,0.0,0.0,2023-10-25 00:00:00+00:00,2023
2024-10-25 01:00:00+00:00,0.0,0.0,2023-10-25 01:00:00+00:00,2023
2024-10-25 02:00:00+00:00,0.0,0.0,2023-10-25 02:00:00+00:00,2023
2024-10-25 03:00:00+00:00,0.0,0.0,2023-10-25 03:00:00+00:00,2023
2024-10-25 04:00:00+00:00,0.0,0.0,2023-10-25 04:00:00+00:00,2023
2024-10-25 05:00:00+00:00,0.0,0.0,2023-10-25 05:00:00+00:00,2023
2024-10-25 06:00:00+00:00,0.0,0.0,2023-10-25 06:00:00+00:00,2023
2024-10-25 07:00:00+00:00,0.0,0.0,2023-10-25 07:00:00+00:00,2023
2024-10-25 08:00:00+00:00,33.0,5.89,2023-10-25 08:00:00+00:00,2023
2024-10-25 09:00:00+00:00,122.0,12.85,2023-10-25 09:00:00+00:00,2023
2024-10-25 10:00:00+00:00,169.0,18.39,2023-10-25 10:00:00+00:00,2023
2024-10-25 11:00:00+00:00,291.01,22.05,2023-10-25 11:00:00+00:00,2023
2024-10-25 12:00:00+00:00,362.01,23.47,2023-10-25 12:00:00+00:00,2023
2024-10-25 13:00:00+00:00,227.0,22.48,2023-10-25 13:00:00+00:00,2023
2024-10-25 14:00:00+00:00,145.0,19.2,2023-10-25 14:00:00+00:00,2023
2024-10-25 15:00:00+00:00,30.0,13.97,2023-10-25 15:00:00+00:00,2023
2024-10-25 16:00:00+00:00,8.0,7.24,2023-10-25 16:00:00+00:00,2023
2024-10-25 17:00:00+00:00,0.0,0.0,2023-10-25 17:00:00+00:00,2023
2024-10-25 18:00:00+00:00,0.0,0.0,2023-10-25 18:00:00+00:00,2023
2024-10-25 19:00:00+00:00,0.0,0.0,2023-10-25 19:00:00+00:00,2023
2024-10-25 20:00:00+00:00,0.0,0.0,2023-10-25 20:00:00+00:00,2023
2024-10-25 21:00:00+00:00,0.0,0.0,2023-10-25 21:00:00+00:00,2023
2024-10-25 22:00:00+00:00,0.0,0.0,2023-10-25 22:00:00+00:00,2023
2024-10-25 23:00:00+00:00,0.0,0.0,2023-10-25 23:00:00+00:00,2023
2024-10-26 00:00:00+00:00,0.0,0.0,2023-10-26 00:00:00+00:00,2023
2024-10-26 01:00:00+00:00,0.0,0.0,2023-10-26 01:00:00+00:00,2023
2024-10-26 02:00:00+00:00,0.0,0.0,2023-10-26 02:00:00+00:00,2023
2024-10-26 03:00:00+00:00,0.0,0.0,2023-10-26 03:00:00+00:00,2023
2024-10-26 04:00:00+00:00,0.0,0.0,2023-10-26 04:00:00+00:00,2023
2024-10-26 05:00:00+00:00,0.0,0.0,2023-10-26 05:00:00+00:00,2023
2024-10-26 06:00:00+00:00,0.0,0.0,2023-10-26 06:00:00+00:00,2023
2024-10-26 07:00:00+00:00,0.0,0.0,2023-10-26 07:00:00+00:00,2023
2024-10-26 08:00:00+00:00,20.0,5.6,2023-10-26 08:00:00+00:00,2023
2024-10-26 09:00:00+00:00,16.0,12.55,2023-10-26 09:00:00+00:00,2023
2024-10-26 10:00:00+00:00,64.0,18.07,2023-10-26 10:00:00+00:00,2023
2024-10-26 11:00:00+00:00,131.0,21.72,2023-10-26 11:00:00+00:00,2023
2024-10-26 12:00:00+00:00,91.0,23.13,2023-10-26 12:00:00+00:00,2023
2024-10-26 13:00:00+00:00,88.0,22.14,2023-10-26 13:00:00+00:00,2023
2024-10-26 14:00:00+00:00,26.0,18.87,2023-10-26 14:00:00+00:00,2023
2024-10-26 15:00:00+00:00,83.0,13.65,2023-10-26 15:00:00+00:00,2023
2024-10-26 16:00:00+00:00,67.0,6.93,2023-10-26 16:00:00+00:00,2023
2024-10-26 17:00:00+00:00,0.0,0.0,2023-10-26 17:00:00+00:00,2023
2024-10-26 18:00:00+00:00,0.0,0.0,2023-10-26 18:00:00+00:00,2023
2024-10-26 19:00:00+00:00,0.0,0.0,2023-10-26 19:00:00+00:00,2023
2024-10-26 20:00:00+00:00,0.0,0.0,2023-10-26 20:00:00+00:00,2023
2024-10-26 21:00:00+00:00,0.0,0.0,2023-10-26 21:00:00+00:00,2023
2024-10-26 22:00:00+00:00,0.0,0.0,2023-10-26 22:00:00+00:00,2023
2024-10-26 23:00:00+00:00,0.0,0.0,2023-10-26 23:00:00+00:00,2023
2024-10-27 00:00:00+00:00,0.0,0.0,2023-10-27 00:00:00+00:00,2023
2024-10-27 01:00:00+00:00,0.0,0.0,2023-10-27 01:00:00+00:00,2023
2024-10-27 02:00:00+00:00,0.0,0.0,2023-10-27 02:00:00+00:00,2023
2024-10-27 03:00:00+00:00,0.0,0.0,2023-10-27 03:00:00+00:00,2023
2024-10-27 04:00:00+00:00,0.0,0.0,2023-10-27 04:00:00+00:00,2023
2024-10-27 05:00:00+00:00,0.0,0.0,2023-10-27 05:00:00+00:00,2023
2024-10-27 06:00:00+00:00,0.0,0.0,2023-10-27 06:00:00+00:00,2023
2024-10-27 07:00:00+00:00,0.0,0.0,2023-10-27 07:00:00+00:00,2023
2024-10-27 08:00:00+00:00,27.79,5.32,2023-10-27 08:00:00+00:00,2023
2024-10-27 09:00:00+00:00,62.0,12.25,2023-10-27 09:00:00+00:00,2023
2024-10-27 10:00:00+00:00,161.0,17.75,2023-10-27 10:00:00+00:00,2023
2024-10-27 11:00:00+00:00,240.0,21.38,2023-10-27 11:00:00+00:00,2023
2024-10-27 12:00:00+00:00,168.0,22.79,2023-10-27 12:00:00+00:00,2023
2024-10-27 13:00:00+00:00,274.0,21.8,2023-10-27 13:00:00+00:00,2023
2024-10-27 14:00:00+00:00,258.01,18.54,2023-10-27 14:00:00+00:00,2023
2024-10-27 15:00:00+00:00,94.0,13.33,2023-10-27 15:00:00+00:00,2023
2024-10-27 16:00:00+00:00,66.0,6.63,2023-10-27 16:00:00+00:00,2023
2024-10-27 17:00:00+00:00,0.0,0.0,2023-10-27 17:00:00+00:00,2023
2024-10-27 18:00:00+00:00,0.0,0.0,2023-10-27 18:00:00+00:00,2023
2024-10-27 19:00:00+00:00,0.0,0.0,2023-10-27 19:00:00+00:00,2023
2024-10-27 20:00:00+00:00,0.0,0.0,2023-10-27 20:00:00+00:00,2023
2024-10-27 21:00:00+00:00,0.0,0.0,2023-10-27 21:00:00+00:00,2023
2024-10-27 22:00:00+00:00,0.0,0.0,2023-10-27 22:00:00+00:00,2023
2024-10-27 23:00:00+00:00,0.0,0.0,2023-10-27 23:00:00+00:00,2023
2024-10-28 00:00:00+00:00,0.0,0.0,2023-10-28 00:00:00+00:00,2023
2024-10-28 01:00:00+00:00,0.0,0.0,2023-10-28 01:00:00+00:00,2023
2024-10-28 02:00:00+00:00,0.0,0.0,2023-10-28 02:00:00+00:00,2023
2024-10-28 03:00:00+00:00,0.0,0.0,2023-10-28 03:00:00+00:00,2023
2024-10-28 04:00:00+00:00,0.0,0.0,2023-10-28 04:00:00+00:00,2023
2024-10-28 05:00:00+00:00,0.0,0.0,2023-10-28 05:00:00+00:00,2023
2024-10-28 06:00:00+00:00,0.0,0.0,2023-10-28 06:00:00+00:00,2023
2024-10-28 07:00:00+00:00,0.0,0.0,2023-10-28 07:00:00+00:00,2023
2024-10-28 08:00:00+00:00,33.980000000000004,5.04,2023-10-28 08:00:00+00:00,2023
2024-10-28 09:00:00+00:00,122.0,11.95,2023-10-28 09:00:00+00:00,2023
2024-10-28 10:00:00+00:00,154.0,17.43,2023-10-28 10:00:00+00:00,2023
2024-10-28 11:00:00+00:00,199.0,21.05,2023-10-28 11:00:00+00:00,2023
2024-10-28 12:00:00+00:00,315.01,22.45,2023-10-28 12:00:00+00:00,2023
2024-10-28 13:00:00+00:00,246.0,21.47,2023-10-28 13:00:00+00:00,2023
2024-10-28 14:00:00+00:00,143.0,18.21,2023-10-28 14:00:00+00:00,2023
2024-10-28 15:00:00+00:00,56.0,13.02,2023-10-28 15:00:00+00:00,2023
2024-10-28 16:00:00+00:00,27.0,6.33,2023-10-28 16:00:00+00:00,2023
2024-10-28 17:00:00+00:00,0.0,0.0,2023-10-28 17:00:00+00:00,2023
2024-10-28 18:00:00+00:00,0.0,0.0,2023-10-28 18:00:00+00:00,2023
2024-10-28 19:00:00+00:00,0.0,0.0,2023-10-28 19:00:00+00:00,2023
2024-10-28 20:00:00+00:00,0.0,0.0,2023-10-28 20:00:00+00:00,2023
2024-10-28 21:00:00+00:00,0.0,0.0,2023-10-28 21:00:00+00:00,2023
2024-10-28 22:00:00+00:00,0.0,0.0,2023-10-28 22:00:00+00:00,2023
2024-10-28 23:00:00+00:00,0.0,0.0,2023-10-28 23:00:00+00:00,2023
2024-10-29 00:00:00+00:00,0.0,0.0,2023-10-29 00:00:00+00:00,2023
2024-10-29 01:00:00+00:00,0.0,0.0,2023-10-29 01:00:00+00:00,2023
2024-10-29 02:00:00+00:00,0.0,0.0,2023-10-29 02:00:00+00:00,2023
2024-10-29 03:00:00+00:00,0.0,0.0,2023-10-29 03:00:00+00:00,2023
2024-10-29 04:00:00+00:00,0.0,0.0,2023-10-29 04:00:00+00:00,2023
2024-10-29 05:00:00+00:00,0.0,0.0,2023-10-29 05:00:00+00:00,2023
2024-10-29 06:00:00+00:00,0.0,0.0,2023-10-29 06:00:00+00:00,2023
2024-10-29 07:00:00+00:00,0.0,0.0,2023-10-29 07:00:00+00:00,2023
2024-10-29 08:00:00+00:00,5.0,4.75,2023-10-29 08:00:00+00:00,2023
2024-10-29 09:00:00+00:00,103.0,11.65,2023-10-29 09:00:00+00:00,2023
2024-10-29 10:00:00+00:00,83.0,17.12,2023-10-29 10:00:00+00:00,2023
2024-10-29 11:00:00+00:00,75.0,20.73,2023-10-29 11:00:00+00:00,2023
2024-10-29 12:00:00+00:00,308.01,22.11,2023-10-29 12:00:00+00:00,2023
2024-10-29 13:00:00+00:00,341.01,21.13,2023-10-29 13:00:00+00:00,2023
2024-10-29 14:00:00+00:00,116.0,17.89,2023-10-29 14:00:00+00:00,2023
2024-10-29 15:00:00+00:00,50.0,12.71,2023-10-29 15:00:00+00:00,2023
2024-10-29 16:00:00+00:00,7.0,6.03,2023-10-29 16:00:00+00:00,2023
2024-10-29 17:00:00+00:00,0.0,0.0,2023-10-29 17:00:00+00:00,2023
2024-10-29 18:00:00+00:00,0.0,0.0,2023-10-29 18:00:00+00:00,2023
2024-10-29 19:00:00+00:00,0.0,0.0,2023-10-29 19:00:00+00:00,2023
2024-10-29 20:00:00+00:00,0.0,0.0,2023-10-29 20:00:00+00:00,2023
2024-10-29 21:00:00+00:00,0.0,0.0,2023-10-29 21:00:00+00:00,2023
2024-10-29 22:00:00+00:00,0.0,0.0,2023-10-29 22:00:00+00:00,2023
2024-10-29 23:00:00+00:00,0.0,0.0,2023-10-29 23:00:00+00:00,2023
2024-10-30 00:00:00+00:00,0.0,0.0,2023-10-30 00:00:00+00:00,2023
2024-10-30 01:00:00+00:00,0.0,0.0,2023-10-30 01:00:00+00:00,2023
2024-10-30 02:00:00+00:00,0.0,0.0,2023-10-30 02:00:00+00:00,2023
2024-10-30 03:00:00+00:00,0.0,0.0,2023-10-30 03:00:00+00:00,2023
2024-10-30 04:00:00+00:00,0.0,0.0,2023-10-30 04:00:00+00:00,2023
2024-10-30 05:00:00+00:00,0.0,0.0,2023-10-30 05:00:00+00:00,2023
2024-10-30 06:00:00+00:00,0.0,0.0,2023-10-30 06:00:00+00:00,2023
2024-10-30 07:00:00+00:00,0.0,0.0,2023-10-30 07:00:00+00:00,2023
2024-10-30 08:00:00+00:00,33.19,4.47,2023-10-30 08:00:00+00:00,2023
2024-10-30 09:00:00+00:00,44.0,11.35,2023-10-30 09:00:00+00:00,2023
2024-10-30 10:00:00+00:00,27.0,16.81,2023-10-30 10:00:00+00:00,2023
2024-10-30 11:00:00+00:00,69.0,20.4,2023-10-30 11:00:00+00:00,2023
2024-10-30 12:00:00+00:00,125.0,21.78,2023-10-30 12:00:00+00:00,2023
2024-10-30 13:00:00+00:00,168.0,20.8,2023-10-30 13:00:00+00:00,2023
2024-10-30 14:00:00+00:00,100.0,17.57,2023-10-30 14:00:00+00:00,2023
2024-10-30 15:00:00+00:00,19.0,12.41,2023-10-30 15:00:00+00:00,2023
2024-10-30 16:00:00+00:00,6.0,5.74,2023-10-30 16:00:00+00:00,2023
2024-10-30 17:00:00+00:00,0.0,0.0,2023-10-30 17:00:00+00:00,2023
2024-10-30 18:00:00+00:00,0.0,0.0,2023-10-30 18:00:00+00:00,2023
2024-10-30 19:00:00+00:00,0.0,0.0,2023-10-30 19:00:00+00:00,2023
2024-10-30 20:00:00+00:00,0.0,0.0,2023-10-30 20:00:00+00:00,2023
2024-10-30 21:00:00+00:00,0.0,0.0,2023-10-30 21:00:00+00:00,2023
2024-10-30 22:00:00+00:00,0.0,0.0,2023-10-30 22:00:00+00:00,2023
2024-10-30 23:00:00+00:00,0.0,0.0,2023-10-30 23:00:00+00:00,2023
2024-10-31 00:00:00+00:00,0.0,0.0,2023-10-31 00:00:00+00:00,2023
2024-10-31 01:00:00+00:00,0.0,0.0,2023-10-31 01:00:00+00:00,2023
2024-10-31 02:00:00+00:00,0.0,0.0,2023-10-31 02:00:00+00:00,2023
2024-10-31 03:00:00+00:00,0.0,0.0,2023-10-31 03:00:00+00:00,2023
2024-10-31 04:00:00+00:00,0.0,0.0,2023-10-31 04:00:00+00:00,2023
2024-10-31 05:00:00+00:00,0.0,0.0,2023-10-31 05:00:00+00:00,2023
2024-10-31 06:00:00+00:00,0.0,0.0,2023-10-31 06:00:00+00:00,2023
2024-10-31 07:00:00+00:00,0.0,0.0,2023-10-31 07:00:00+00:00,2023
2024-10-31 08:00:00+00:00,18.0,4.19,2023-10-31 08:00:00+00:00,2023
2024-10-31 09:00:00+00:00,43.0,11.06,2023-10-31 09:00:00+00:00,2023
2024-10-31 10:00:00+00:00,71.0,16.5,2023-10-31 10:00:00+00:00,2023
2024-10-31 11:00:00+00:00,107.0,20.08,2023-10-31 11:00:00+00:00,2023
2024-10-31 12:00:00+00:00,105.0,21.46,2023-10-31 12:00:00+00:00,2023
2024-10-31 13:00:00+00:00,151.0,20.48,2023-10-31 13:00:00+00:00,2023
2024-10-31 14:00:00+00:00,33.0,17.26,2023-10-31 14:00:00+00:00,2023
2024-10-31 15:00:00+00:00,122.0,12.11,2023-10-31 15:00:00+00:00,2023
2024-10-31 16:00:00+00:00,44.0,5.46,2023-10-31 16:00:00+00:00,2023
2024-10-31 17:00:00+00:00,0.0,0.0,2023-10-31 17:00:00+00:00,2023
2024-10-31 18:00:00+00:00,0.0,0.0,2023-10-31 18:00:00+00:00,2023
2024-10-31 19:00:00+00:00,0.0,0.0,2023-10-31 19:00:00+00:00,2023
2024-10-31 20:00:00+00:00,0.0,0.0,2023-10-31 20:00:00+00:00,2023
2024-10-31 21:00:00+00:00,0.0,0.0,2023-10-31 21:00:00+00:00,2023
2024-10-31 22:00:00+00:00,0.0,0.0,2023-10-31 22:00:00+00:00,2023
2024-10-31 23:00:00+00:00,0.0,0.0,2023-10-31 23:00:00+00:00,2023
2024-11-01 00:00:00+00:00,0.0,0.0,2023-11-01 00:00:00+00:00,2023
2024-11-01 01:00:00+00:00,0.0,0.0,2023-11-01 01:00:00+00:00,2023
2024-11-01 02:00:00+00:00,0.0,0.0,2023-11-01 02:00:00+00:00,2023
2024-11-01 03:00:00+00:00,0.0,0.0,2023-11-01 03:00:00+00:00,2023
2024-11-01 04:00:00+00:00,0.0,0.0,2023-11-01 04:00:00+00:00,2023
2024-11-01 05:00:00+00:00,0.0,0.0,2023-11-01 05:00:00+00:00,2023
2024-11-01 06:00:00+00:00,0.0,0.0,2023-11-01 06:00:00+00:00,2023
2024-11-01 07:00:00+00:00,0.0,0.0,2023-11-01 07:00:00+00:00,2023
2024-11-01 08:00:00+00:00,16.0,3.91,2023-11-01 08:00:00+00:00,2023
2024-11-01 09:00:00+00:00,132.0,10.77,2023-11-01 09:00:00+00:00,2023
2024-11-01 10:00:00+00:00,172.0,16.19,2023-11-01 10:00:00+00:00,2023
2024-11-01 11:00:00+00:00,116.0,19.76,2023-11-01 11:00:00+00:00,2023
2024-11-01 12:00:00+00:00,33.0,21.13,2023-11-01 12:00:00+00:00,2023
2024-11-01 13:00:00+00:00,61.0,20.16,2023-11-01 13:00:00+00:00,2023
2024-11-01 14:00:00+00:00,50.0,16.95,2023-11-01 14:00:00+00:00,2023
2024-11-01 15:00:00+00:00,65.0,11.81,2023-11-01 15:00:00+00:00,2023
2024-11-01 16:00:00+00:00,46.260000000000005,5.18,2023-11-01 16:00:00+00:00,2023
2024-11-01 17:00:00+00:00,0.0,0.0,2023-11-01 17:00:00+00:00,2023
2024-11-01 18:00:00+00:00,0.0,0.0,2023-11-01 18:00:00+00:00,2023
2024-11-01 19:00:00+00:00,0.0,0.0,2023-11-01 19:00:00+00:00,2023
2024-11-01 20:00:00+00:00,0.0,0.0,2023-11-01 20:00:00+00:00,2023
2024-11-01 21:00:00+00:00,0.0,0.0,2023-11-01 21:00:00+00:00,2023
2024-11-01 22:00:00+00:00,0.0,0.0,2023-11-01 22:00:00+00:00,2023
2024-11-01 23:00:00+00:00,0.0,0.0,2023-11-01 23:00:00+00:00,2023
2024-11-02 00:00:00+00:00,0.0,0.0,2023-11-02 00:00:00+00:00,2023
2024-11-02 01:00:00+00:00,0.0,0.0,2023-11-02 01:00:00+00:00,2023
2024-11-02 02:00:00+00:00,0.0,0.0,2023-11-02 02:00:00+00:00,2023
2024-11-02 03:00:00+00:00,0.0,0.0,2023-11-02 03:00:00+00:00,2023
2024-11-02 04:00:00+00:00,0.0,0.0,2023-11-02 04:00:00+00:00,2023
2024-11-02 05:00:00+00:00,0.0,0.0,2023-11-02 05:00:00+00:00,2023
2024-11-02 06:00:00+00:00,0.0,0.0,2023-11-02 06:00:00+00:00,2023
2024-11-02 07:00:00+00:00,0.0,0.0,2023-11-02 07:00:00+00:00,2023
2024-11-02 08:00:00+00:00,21.55,3.64,2023-11-02 08:00:00+00:00,2023
2024-11-02 09:00:00+00:00,117.0,10.47,2023-11-02 09:00:00+00:00,2023
2024-11-02 10:00:00+00:00,231.01,15.89,2023-11-02 10:00:00+00:00,2023
2024-11-02 11:00:00+00:00,247.0,19.44,2023-11-02 11:00:00+00:00,2023
2024-11-02 12:00:00+00:00,231.0,20.81,2023-11-02 12:00:00+00:00,2023
2024-11-02 13:00:00+00:00,258.01,19.85,2023-11-02 13:00:00+00:00,2023
2024-11-02 14:00:00+00:00,169.0,16.64,2023-11-02 14:00:00+00:00,2023
2024-11-02 15:00:00+00:00,94.0,11.52,2023-11-02 15:00:00+00:00,2023
2024-11-02 16:00:00+00:00,35.43,4.9,2023-11-02 16:00:00+00:00,2023
2024-11-02 17:00:00+00:00,0.0,0.0,2023-11-02 17:00:00+00:00,2023
2024-11-02 18:00:00+00:00,0.0,0.0,2023-11-02 18:00:00+00:00,2023
2024-11-02 19:00:00+00:00,0.0,0.0,2023-11-02 19:00:00+00:00,2023
2024-11-02 20:00:00+00:00,0.0,0.0,2023-11-02 20:00:00+00:00,2023
2024-11-02 21:00:00+00:00,0.0,0.0,2023-11-02 21:00:00+00:00,2023
2024-11-02 22:00:00+00:00,0.0,0.0,2023-11-02 22:00:00+00:00,2023
2024-11-02 23:00:00+00:00,0.0,0.0,2023-11-02 23:00:00+00:00,2023
2024-11-03 00:00:00+00:00,0.0,0.0,2023-11-03 00:00:00+00:00,2023
2024-11-03 01:00:00+00:00,0.0,0.0,2023-11-03 01:00:00+00:00,2023
2024-11-03 02:00:00+00:00,0.0,0.0,2023-11-03 02:00:00+00:00,2023
2024-11-03 03:00:00+00:00,0.0,0.0,2023-11-03 03:00:00+00:00,2023
2024-11-03 04:00:00+00:00,0.0,0.0,2023-11-03 04:00:00+00:00,2023
2024-11-03 05:00:00+00:00,0.0,0.0,2023-11-03 05:00:00+00:00,2023
2024-11-03 06:00:00+00:00,0.0,0.0,2023-11-03 06:00:00+00:00,2023
2024-11-03 07:00:00+00:00,0.0,0.0,2023-11-03 07:00:00+00:00,2023
2024-11-03 08:00:00+00:00,4.0,3.36,2023-11-03 08:00:00+00:00,2023
2024-11-03 09:00:00+00:00,97.0,10.19,2023-11-03 09:00:00+00:00,2023
2024-11-03 10:00:00+00:00,140.0,15.58,2023-11-03 10:00:00+00:00,2023
2024-11-03 11:00:00+00:00,190.0,19.13,2023-11-03 11:00:00+00:00,2023
2024-11-03 12:00:00+00:00,273.01,20.5,2023-11-03 12:00:00+00:00,2023
2024-11-03 13:00:00+00:00,287.01,19.53,2023-11-03 13:00:00+00:00,2023
2024-11-03 14:00:00+00:00,174.0,16.34,2023-11-03 14:00:00+00:00,2023
2024-11-03 15:00:00+00:00,135.0,11.24,2023-11-03 15:00:00+00:00,2023
2024-11-03 16:00:00+00:00,43.09,4.63,2023-11-03 16:00:00+00:00,2023
2024-11-03 17:00:00+00:00,0.0,0.0,2023-11-03 17:00:00+00:00,2023
2024-11-03 18:00:00+00:00,0.0,0.0,2023-11-03 18:00:00+00:00,2023
2024-11-03 19:00:00+00:00,0.0,0.0,2023-11-03 19:00:00+00:00,2023
2024-11-03 20:00:00+00:00,0.0,0.0,2023-11-03 20:00:00+00:00,2023
2024-11-03 21:00:00+00:00,0.0,0.0,2023-11-03 21:00:00+00:00,2023
2024-11-03 22:00:00+00:00,0.0,0.0,2023-11-03 22:00:00+00:00,2023
2024-11-03 23:00:00+00:00,0.0,0.0,2023-11-03 23:00:00+00:00,2023
2024-11-04 00:00:00+00:00,0.0,0.0,2023-11-04 00:00:00+00:00,2023
2024-11-04 01:00:00+00:00,0.0,0.0,2023-11-04 01:00:00+00:00,2023
2024-11-04 02:00:00+00:00,0.0,0.0,2023-11-04 02:00:00+00:00,2023
2024-11-04 03:00:00+00:00,0.0,0.0,2023-11-04 03:00:00+00:00,2023
2024-11-04 04:00:00+00:00,0.0,0.0,2023-11-04 04:00:00+00:00,2023
2024-11-04 05:00:00+00:00,0.0,0.0,2023-11-04 05:00:00+00:00,2023
2024-11-04 06:00:00+00:00,0.0,0.0,2023-11-04 06:00:00+00:00,2023
2024-11-04 07:00:00+00:00,0.0,0.0,2023-11-04 07:00:00+00:00,2023
2024-11-04 08:00:00+00:00,5.0,3.09,2023-11-04 08:00:00+00:00,2023
2024-11-04 09:00:00+00:00,27.0,9.9,2023-11-04 09:00:00+00:00,2023
2024-11-04 10:00:00+00:00,54.0,15.28,2023-11-04 10:00:00+00:00,2023
2024-11-04 11:00:00+00:00,90.0,18.82,2023-11-04 11:00:00+00:00,2023
2024-11-04 12:00:00+00:00,133.0,20.19,2023-11-04 12:00:00+00:00,2023
2024-11-04 13:00:00+00:00,79.0,19.23,2023-11-04 13:00:00+00:00,2023
2024-11-04 14:00:00+00:00,101.0,16.05,2023-11-04 14:00:00+00:00,2023
2024-11-04 15:00:00+00:00,80.0,10.96,2023-11-04 15:00:00+00:00,2023
2024-11-04 16:00:00+00:00,23.78,4.37,2023-11-04 16:00:00+00:00,2023
2024-11-04 17:00:00+00:00,0.0,0.0,2023-11-04 17:00:00+00:00,2023
2024-11-04 18:00:00+00:00,0.0,0.0,2023-11-04 18:00:00+00:00,2023
2024-11-04 19:00:00+00:00,0.0,0.0,2023-11-04 19:00:00+00:00,2023
2024-11-04 20:00:00+00:00,0.0,0.0,2023-11-04 20:00:00+00:00,2023
2024-11-04 21:00:00+00:00,0.0,0.0,2023-11-04 21:00:00+00:00,2023
2024-11-04 22:00:00+00:00,0.0,0.0,2023-11-04 22:00:00+00:00,2023
2024-11-04 23:00:00+00:00,0.0,0.0,2023-11-04 23:00:00+00:00,2023
2024-11-05 00:00:00+00:00,0.0,0.0,2023-11-05 00:00:00+00:00,2023
2024-11-05 01:00:00+00:00,0.0,0.0,2023-11-05 01:00:00+00:00,2023
2024-11-05 02:00:00+00:00,0.0,0.0,2023-11-05 02:00:00+00:00,2023
2024-11-05 03:00:00+00:00,0.0,0.0,2023-11-05 03:00:00+00:00,2023
2024-11-05 04:00:00+00:00,0.0,0.0,2023-11-05 04:00:00+00:00,2023
2024-11-05 05:00:00+00:00,0.0,0.0,2023-11-05 05:00:00+00:00,2023
2024-11-05 06:00:00+00:00,0.0,0.0,2023-11-05 06:00:00+00:00,2023
2024-11-05 07:00:00+00:00,0.0,0.0,2023-11-05 07:00:00+00:00,2023
2024-11-05 08:00:00+00:00,5.0,2.82,2023-11-05 08:00:00+00:00,2023
2024-11-05 09:00:00+00:00,112.0,9.62,2023-11-05 09:00:00+00:00,2023
2024-11-05 10:00:00+00:00,93.0,14.99,2023-11-05 10:00:00+00:00,2023
2024-11-05 11:00:00+00:00,26.0,18.52,2023-11-05 11:00:00+00:00,2023
2024-11-05 12:00:00+00:00,28.0,19.88,2023-11-05 12:00:00+00:00,2023
2024-11-05 13:00:00+00:00,26.0,18.93,2023-11-05 13:00:00+00:00,2023
2024-11-05 14:00:00+00:00,231.01,15.76,2023-11-05 14:00:00+00:00,2023
2024-11-05 15:00:00+00:00,50.0,10.68,2023-11-05 15:00:00+00:00,2023
2024-11-05 16:00:00+00:00,26.28,4.11,2023-11-05 16:00:00+00:00,2023
2024-11-05 17:00:00+00:00,0.0,0.0,2023-11-05 17:00:00+00:00,2023
2024-11-05 18:00:00+00:00,0.0,0.0,2023-11-05 18:00:00+00:00,2023
2024-11-05 19:00:00+00:00,0.0,0.0,2023-11-05 19:00:00+00:00,2023
2024-11-05 20:00:00+00:00,0.0,0.0,2023-11-05 20:00:00+00:00,2023
2024-11-05 21:00:00+00:00,0.0,0.0,2023-11-05 21:00:00+00:00,2023
2024-11-05 22:00:00+00:00,0.0,0.0,2023-11-05 22:00:00+00:00,2023
2024-11-05 23:00:00+00:00,0.0,0.0,2023-11-05 23:00:00+00:00,2023
2024-11-06 00:00:00+00:00,0.0,0.0,2023-11-06 00:00:00+00:00,2023
2024-11-06 01:00:00+00:00,0.0,0.0,2023-11-06 01:00:00+00:00,2023
2024-11-06 02:00:00+00:00,0.0,0.0,2023-11-06 02:00:00+00:00,2023
2024-11-06 03:00:00+00:00,0.0,0.0,2023-11-06 03:00:00+00:00,2023
2024-11-06 04:00:00+00:00,0.0,0.0,2023-11-06 04:00:00+00:00,2023
2024-11-06 05:00:00+00:00,0.0,0.0,2023-11-06 05:00:00+00:00,2023
2024-11-06 06:00:00+00:00,0.0,0.0,2023-11-06 06:00:00+00:00,2023
2024-11-06 07:00:00+00:00,0.0,0.0,2023-11-06 07:00:00+00:00,2023
2024-11-06 08:00:00+00:00,13.61,2.55,2023-11-06 08:00:00+00:00,2023
2024-11-06 09:00:00+00:00,74.0,9.34,2023-11-06 09:00:00+00:00,2023
2024-11-06 10:00:00+00:00,19.0,14.7,2023-11-06 10:00:00+00:00,2023
2024-11-06 11:00:00+00:00,139.0,18.22,2023-11-06 11:00:00+00:00,2023
2024-11-06 12:00:00+00:00,56.0,19.58,2023-11-06 12:00:00+00:00,2023
2024-11-06 13:00:00+00:00,26.0,18.63,2023-11-06 13:00:00+00:00,2023
2024-11-06 14:00:00+00:00,21.0,15.47,2023-11-06 14:00:00+00:00,2023
2024-11-06 15:00:00+00:00,94.0,10.41,2023-11-06 15:00:00+00:00,2023
2024-11-06 16:00:00+00:00,3.0,3.85,2023-11-06 16:00:00+00:00,2023
2024-11-06 17:00:00+00:00,0.0,0.0,2023-11-06 17:00:00+00:00,2023
2024-11-06 18:00:00+00:00,0.0,0.0,2023-11-06 18:00:00+00:00,2023
2024-11-06 19:00:00+00:00,0.0,0.0,2023-11-06 19:00:00+00:00,2023
2024-11-06 20:00:00+00:00,0.0,0.0,2023-11-06 20:00:00+00:00,2023
2024-11-06 21:00:00+00:00,0.0,0.0,2023-11-06 21:00:00+00:00,2023
2024-11-06 22:00:00+00:00,0.0,0.0,2023-11-06 22:00:00+00:00,2023
2024-11-06 23:00:00+00:00,0.0,0.0,2023-11-06 23:00:00+00:00,2023
2024-11-07 00:00:00+00:00,0.0,0.0,2023-11-07 00:00:00+00:00,2023
2024-11-07 01:00:00+00:00,0.0,0.0,2023-11-07 01:00:00+00:00,2023
2024-11-07 02:00:00+00:00,0.0,0.0,2023-11-07 02:00:00+00:00,2023
2024-11-07 03:00:00+00:00,0.0,0.0,2023-11-07 03:00:00+00:00,2023
2024-11-07 04:00:00+00:00,0.0,0.0,2023-11-07 04:00:00+00:00,2023
2024-11-07 05:00:00+00:00,0.0,0.0,2023-11-07 05:00:00+00:00,2023
2024-11-07 06:00:00+00:00,0.0,0.0,2023-11-07 06:00:00+00:00,2023
2024-11-07 07:00:00+00:00,0.0,0.0,2023-11-07 07:00:00+00:00,2023
2024-11-07 08:00:00+00:00,11.0,2.28,2023-11-07 08:00:00+00:00,2023
2024-11-07 09:00:00+00:00,47.0,9.06,2023-11-07 09:00:00+00:00,2023
2024-11-07 10:00:00+00:00,19.0,14.41,2023-11-07 10:00:00+00:00,2023
2024-11-07 11:00:00+00:00,78.0,17.92,2023-11-07 11:00:00+00:00,2023
2024-11-07 12:00:00+00:00,29.0,19.28,2023-11-07 12:00:00+00:00,2023
2024-11-07 13:00:00+00:00,25.0,18.34,2023-11-07 13:00:00+00:00,2023
2024-11-07 14:00:00+00:00,69.0,15.19,2023-11-07 14:00:00+00:00,2023
2024-11-07 15:00:00+00:00,108.0,10.15,2023-11-07 15:00:00+00:00,2023
2024-11-07 16:00:00+00:00,19.78,3.6,2023-11-07 16:00:00+00:00,2023
2024-11-07 17:00:00+00:00,0.0,0.0,2023-11-07 17:00:00+00:00,2023
2024-11-07 18:00:00+00:00,0.0,0.0,2023-11-07 18:00:00+00:00,2023
2024-11-07 19:00:00+00:00,0.0,0.0,2023-11-07 19:00:00+00:00,2023
2024-11-07 20:00:00+00:00,0.0,0.0,2023-11-07 20:00:00+00:00,2023
2024-11-07 21:00:00+00:00,0.0,0.0,2023-11-07 21:00:00+00:00,2023
2024-11-07 22:00:00+00:00,0.0,0.0,2023-11-07 22:00:00+00:00,2023
2024-11-07 23:00:00+00:00,0.0,0.0,2023-11-07 23:00:00+00:00,2023
2024-11-08 00:00:00+00:00,0.0,0.0,2023-11-08 00:00:00+00:00,2023
2024-11-08 01:00:00+00:00,0.0,0.0,2023-11-08 01:00:00+00:00,2023
2024-11-08 02:00:00+00:00,0.0,0.0,2023-11-08 02:00:00+00:00,2023
2024-11-08 03:00:00+00:00,0.0,0.0,2023-11-08 03:00:00+00:00,2023
2024-11-08 04:00:00+00:00,0.0,0.0,2023-11-08 04:00:00+00:00,2023
2024-11-08 05:00:00+00:00,0.0,0.0,2023-11-08 05:00:00+00:00,2023
2024-11-08 06:00:00+00:00,0.0,0.0,2023-11-08 06:00:00+00:00,2023
2024-11-08 07:00:00+00:00,0.0,0.0,2023-11-08 07:00:00+00:00,2023
2024-11-08 08:00:00+00:00,10.0,2.02,2023-11-08 08:00:00+00:00,2023
2024-11-08 09:00:00+00:00,87.0,8.78,2023-11-08 09:00:00+00:00,2023
2024-11-08 10:00:00+00:00,204.01,14.12,2023-11-08 10:00:00+00:00,2023
2024-11-08 11:00:00+00:00,253.01,17.63,2023-11-08 11:00:00+00:00,2023
2024-11-08 12:00:00+00:00,32.0,18.98,2023-11-08 12:00:00+00:00,2023
2024-11-08 13:00:00+00:00,231.01,18.05,2023-11-08 13:00:00+00:00,2023
2024-11-08 14:00:00+00:00,229.01,14.92,2023-11-08 14:00:00+00:00,2023
2024-11-08 15:00:00+00:00,105.0,9.89,2023-11-08 15:00:00+00:00,2023
2024-11-08 16:00:00+00:00,23.02,3.36,2023-11-08 16:00:00+00:00,2023
2024-11-08 17:00:00+00:00,0.0,0.0,2023-11-08 17:00:00+00:00,2023
2024-11-08 18:00:00+00:00,0.0,0.0,2023-11-08 18:00:00+00:00,2023
2024-11-08 19:00:00+00:00,0.0,0.0,2023-11-08 19:00:00+00:00,2023
2024-11-08 20:00:00+00:00,0.0,0.0,2023-11-08 20:00:00+00:00,2023
2024-11-08 21:00:00+00:00,0.0,0.0,2023-11-08 21:00:00+00:00,2023
2024-11-08 22:00:00+00:00,0.0,0.0,2023-11-08 22:00:00+00:00,2023
2024-11-08 23:00:00+00:00,0.0,0.0,2023-11-08 23:00:00+00:00,2023
2024-11-09 00:00:00+00:00,0.0,0.0,2023-11-09 00:00:00+00:00,2023
2024-11-09 01:00:00+00:00,0.0,0.0,2023-11-09 01:00:00+00:00,2023
2024-11-09 02:00:00+00:00,0.0,0.0,2023-11-09 02:00:00+00:00,2023
2024-11-09 03:00:00+00:00,0.0,0.0,2023-11-09 03:00:00+00:00,2023
2024-11-09 04:00:00+00:00,0.0,0.0,2023-11-09 04:00:00+00:00,2023
2024-11-09 05:00:00+00:00,0.0,0.0,2023-11-09 05:00:00+00:00,2023
2024-11-09 06:00:00+00:00,0.0,0.0,2023-11-09 06:00:00+00:00,2023
2024-11-09 07:00:00+00:00,0.0,0.0,2023-11-09 07:00:00+00:00,2023
2024-11-09 08:00:00+00:00,5.0,1.76,2023-11-09 08:00:00+00:00,2023
2024-11-09 09:00:00+00:00,66.0,8.51,2023-11-09 09:00:00+00:00,2023
2024-11-09 10:00:00+00:00,111.0,13.84,2023-11-09 10:00:00+00:00,2023
2024-11-09 11:00:00+00:00,199.0,17.34,2023-11-09 11:00:00+00:00,2023
2024-11-09 12:00:00+00:00,289.01,18.69,2023-11-09 12:00:00+00:00,2023
2024-11-09 13:00:00+00:00,254.01,17.76,2023-11-09 13:00:00+00:00,2023
2024-11-09 14:00:00+00:00,232.01,14.65,2023-11-09 14:00:00+00:00,2023
2024-11-09 15:00:00+00:00,86.0,9.64,2023-11-09 15:00:00+00:00,2023
2024-11-09 16:00:00+00:00,19.33,3.12,2023-11-09 16:00:00+00:00,2023
2024-11-09 17:00:00+00:00,0.0,0.0,2023-11-09 17:00:00+00:00,2023
2024-11-09 18:00:00+00:00,0.0,0.0,2023-11-09 18:00:00+00:00,2023
2024-11-09 19:00:00+00:00,0.0,0.0,2023-11-09 19:00:00+00:00,2023
2024-11-09 20:00:00+00:00,0.0,0.0,2023-11-09 20:00:00+00:00,2023
2024-11-09 21:00:00+00:00,0.0,0.0,2023-11-09 21:00:00+00:00,2023
2024-11-09 22:00:00+00:00,0.0,0.0,2023-11-09 22:00:00+00:00,2023
2024-11-09 23:00:00+00:00,0.0,0.0,2023-11-09 23:00:00+00:00,2023
2024-11-10 00:00:00+00:00,0.0,0.0,2023-11-10 00:00:00+00:00,2023
2024-11-10 01:00:00+00:00,0.0,0.0,2023-11-10 01:00:00+00:00,2023
2024-11-10 02:00:00+00:00,0.0,0.0,2023-11-10 02:00:00+00:00,2023
2024-11-10 03:00:00+00:00,0.0,0.0,2023-11-10 03:00:00+00:00,2023
2024-11-10 04:00:00+00:00,0.0,0.0,2023-11-10 04:00:00+00:00,2023
2024-11-10 05:00:00+00:00,0.0,0.0,2023-11-10 05:00:00+00:00,2023
2024-11-10 06:00:00+00:00,0.0,0.0,2023-11-10 06:00:00+00:00,2023
2024-11-10 07:00:00+00:00,0.0,0.0,2023-11-10 07:00:00+00:00,2023
2024-11-10 08:00:00+00:00,1.0,1.5,2023-11-10 08:00:00+00:00,2023
2024-11-10 09:00:00+00:00,9.0,8.24,2023-11-10 09:00:00+00:00,2023
2024-11-10 10:00:00+00:00,143.0,13.56,2023-11-10 10:00:00+00:00,2023
2024-11-10 11:00:00+00:00,233.01,17.05,2023-11-10 11:00:00+00:00,2023
2024-11-10 12:00:00+00:00,68.0,18.41,2023-11-10 12:00:00+00:00,2023
2024-11-10 13:00:00+00:00,109.0,17.49,2023-11-10 13:00:00+00:00,2023
2024-11-10 14:00:00+00:00,66.0,14.38,2023-11-10 14:00:00+00:00,2023
2024-11-10 15:00:00+00:00,15.0,9.39,2023-11-10 15:00:00+00:00,2023
2024-11-10 16:00:00+00:00,19.27,2.89,2023-11-10 16:00:00+00:00,2023
2024-11-10 17:00:00+00:00,0.0,0.0,2023-11-10 17:00:00+00:00,2023
2024-11-10 18:00:00+00:00,0.0,0.0,2023-11-10 18:00:00+00:00,2023
2024-11-10 19:00:00+00:00,0.0,0.0,2023-11-10 19:00:00+00:00,2023
2024-11-10 20:00:00+00:00,0.0,0.0,2023-11-10 20:00:00+00:00,2023
2024-11-10 21:00:00+00:00,0.0,0.0,2023-11-10 21:00:00+00:00,2023
2024-11-10 22:00:00+00:00,0.0,0.0,2023-11-10 22:00:00+00:00,2023
2024-11-10 23:00:00+00:00,0.0,0.0,2023-11-10 23:00:00+00:00,2023
2024-11-11 00:00:00+00:00,0.0,0.0,2023-11-11 00:00:00+00:00,2023
2024-11-11 01:00:00+00:00,0.0,0.0,2023-11-11 01:00:00+00:00,2023
2024-11-11 02:00:00+00:00,0.0,0.0,2023-11-11 02:00:00+00:00,2023
2024-11-11 03:00:00+00:00,0.0,0.0,2023-11-11 03:00:00+00:00,2023
2024-11-11 04:00:00+00:00,0.0,0.0,2023-11-11 04:00:00+00:00,2023
2024-11-11 05:00:00+00:00,0.0,0.0,2023-11-11 05:00:00+00:00,2023
2024-11-11 06:00:00+00:00,0.0,0.0,2023-11-11 06:00:00+00:00,2023
2024-11-11 07:00:00+00:00,0.0,0.0,2023-11-11 07:00:00+00:00,2023
2024-11-11 08:00:00+00:00,0.0,0.0,2023-11-11 08:00:00+00:00,2023
2024-11-11 09:00:00+00:00,95.0,7.97,2023-11-11 09:00:00+00:00,2023
2024-11-11 10:00:00+00:00,169.0,13.28,2023-11-11 10:00:00+00:00,2023
2024-11-11 11:00:00+00:00,192.0,16.77,2023-11-11 11:00:00+00:00,2023
2024-11-11 12:00:00+00:00,166.0,18.13,2023-11-11 12:00:00+00:00,2023
2024-11-11 13:00:00+00:00,230.01,17.22,2023-11-11 13:00:00+00:00,2023
2024-11-11 14:00:00+00:00,175.0,14.13,2023-11-11 14:00:00+00:00,2023
2024-11-11 15:00:00+00:00,132.01,9.15,2023-11-11 15:00:00+00:00,2023
2024-11-11 16:00:00+00:00,17.310000000000002,2.66,2023-11-11 16:00:00+00:00,2023
2024-11-11 17:00:00+00:00,0.0,0.0,2023-11-11 17:00:00+00:00,2023
2024-11-11 18:00:00+00:00,0.0,0.0,2023-11-11 18:00:00+00:00,2023
2024-11-11 19:00:00+00:00,0.0,0.0,2023-11-11 19:00:00+00:00,2023
2024-11-11 20:00:00+00:00,0.0,0.0,2023-11-11 20:00:00+00:00,2023
2024-11-11 21:00:00+00:00,0.0,0.0,2023-11-11 21:00:00+00:00,2023
2024-11-11 22:00:00+00:00,0.0,0.0,2023-11-11 22:00:00+00:00,2023
2024-11-11 23:00:00+00:00,0.0,0.0,2023-11-11 23:00:00+00:00,2023
2024-11-12 00:00:00+00:00,0.0,0.0,2023-11-12 00:00:00+00:00,2023
2024-11-12 01:00:00+00:00,0.0,0.0,2023-11-12 01:00:00+00:00,2023
2024-11-12 02:00:00+00:00,0.0,0.0,2023-11-12 02:00:00+00:00,2023
2024-11-12 03:00:00+00:00,0.0,0.0,2023-11-12 03:00:00+00:00,2023
2024-11-12 04:00:00+00:00,0.0,0.0,2023-11-12 04:00:00+00:00,2023
2024-11-12 05:00:00+00:00,0.0,0.0,2023-11-12 05:00:00+00:00,2023
2024-11-12 06:00:00+00:00,0.0,0.0,2023-11-12 06:00:00+00:00,2023
2024-11-12 07:00:00+00:00,0.0,0.0,2023-11-12 07:00:00+00:00,2023
2024-11-12 08:00:00+00:00,0.0,0.0,2023-11-12 08:00:00+00:00,2023
2024-11-12 09:00:00+00:00,16.0,7.71,2023-11-12 09:00:00+00:00,2023
2024-11-12 10:00:00+00:00,49.0,13.01,2023-11-12 10:00:00+00:00,2023
2024-11-12 11:00:00+00:00,40.0,16.49,2023-11-12 11:00:00+00:00,2023
2024-11-12 12:00:00+00:00,59.0,17.85,2023-11-12 12:00:00+00:00,2023
2024-11-12 13:00:00+00:00,23.0,16.95,2023-11-12 13:00:00+00:00,2023
2024-11-12 14:00:00+00:00,23.0,13.87,2023-11-12 14:00:00+00:00,2023
2024-11-12 15:00:00+00:00,84.0,8.91,2023-11-12 15:00:00+00:00,2023
2024-11-12 16:00:00+00:00,2.0,2.44,2023-11-12 16:00:00+00:00,2023
2024-11-12 17:00:00+00:00,0.0,0.0,2023-11-12 17:00:00+00:00,2023
2024-11-12 18:00:00+00:00,0.0,0.0,2023-11-12 18:00:00+00:00,2023
2024-11-12 19:00:00+00:00,0.0,0.0,2023-11-12 19:00:00+00:00,2023
2024-11-12 20:00:00+00:00,0.0,0.0,2023-11-12 20:00:00+00:00,2023
2024-11-12 21:00:00+00:00,0.0,0.0,2023-11-12 21:00:00+00:00,2023
2024-11-12 22:00:00+00:00,0.0,0.0,2023-11-12 22:00:00+00:00,2023
2024-11-12 23:00:00+00:00,0.0,0.0,2023-11-12 23:00:00+00:00,2023
2024-11-13 00:00:00+00:00,0.0,0.0,2023-11-13 00:00:00+00:00,2023
2024-11-13 01:00:00+00:00,0.0,0.0,2023-11-13 01:00:00+00:00,2023
2024-11-13 02:00:00+00:00,0.0,0.0,2023-11-13 02:00:00+00:00,2023
2024-11-13 03:00:00+00:00,0.0,0.0,2023-11-13 03:00:00+00:00,2023
2024-11-13 04:00:00+00:00,0.0,0.0,2023-11-13 04:00:00+00:00,2023
2024-11-13 05:00:00+00:00,0.0,0.0,2023-11-13 05:00:00+00:00,2023
2024-11-13 06:00:00+00:00,0.0,0.0,2023-11-13 06:00:00+00:00,2023
2024-11-13 07:00:00+00:00,0.0,0.0,2023-11-13 07:00:00+00:00,2023
2024-11-13 08:00:00+00:00,0.0,0.0,2023-11-13 08:00:00+00:00,2023
2024-11-13 09:00:00+00:00,13.0,7.45,2023-11-13 09:00:00+00:00,2023
2024-11-13 10:00:00+00:00,28.0,12.74,2023-11-13 10:00:00+00:00,2023
2024-11-13 11:00:00+00:00,47.0,16.22,2023-11-13 11:00:00+00:00,2023
2024-11-13 12:00:00+00:00,109.0,17.58,2023-11-13 12:00:00+00:00,2023
2024-11-13 13:00:00+00:00,32.0,16.69,2023-11-13 13:00:00+00:00,2023
2024-11-13 14:00:00+00:00,33.0,13.63,2023-11-13 14:00:00+00:00,2023
2024-11-13 15:00:00+00:00,73.0,8.68,2023-11-13 15:00:00+00:00,2023
2024-11-13 16:00:00+00:00,9.0,2.23,2023-11-13 16:00:00+00:00,2023
2024-11-13 17:00:00+00:00,0.0,0.0,2023-11-13 17:00:00+00:00,2023
2024-11-13 18:00:00+00:00,0.0,0.0,2023-11-13 18:00:00+00:00,2023
2024-11-13 19:00:00+00:00,0.0,0.0,2023-11-13 19:00:00+00:00,2023
2024-11-13 20:00:00+00:00,0.0,0.0,2023-11-13 20:00:00+00:00,2023
2024-11-13 21:00:00+00:00,0.0,0.0,2023-11-13 21:00:00+00:00,2023
2024-11-13 22:00:00+00:00,0.0,0.0,2023-11-13 22:00:00+00:00,2023
2024-11-13 23:00:00+00:00,0.0,0.0,2023-11-13 23:00:00+00:00,2023
2024-11-14 00:00:00+00:00,0.0,0.0,2023-11-14 00:00:00+00:00,2023
2024-11-14 01:00:00+00:00,0.0,0.0,2023-11-14 01:00:00+00:00,2023
2024-11-14 02:00:00+00:00,0.0,0.0,2023-11-14 02:00:00+00:00,2023
2024-11-14 03:00:00+00:00,0.0,0.0,2023-11-14 03:00:00+00:00,2023
2024-11-14 04:00:00+00:00,0.0,0.0,2023-11-14 04:00:00+00:00,2023
2024-11-14 05:00:00+00:00,0.0,0.0,2023-11-14 05:00:00+00:00,2023
2024-11-14 06:00:00+00:00,0.0,0.0,2023-11-14 06:00:00+00:00,2023
2024-11-14 07:00:00+00:00,0.0,0.0,2023-11-14 07:00:00+00:00,2023
2024-11-14 08:00:00+00:00,0.0,0.0,2023-11-14 08:00:00+00:00,2023
2024-11-14 09:00:00+00:00,93.00999999999999,7.19,2023-11-14 09:00:00+00:00,2023
2024-11-14 10:00:00+00:00,16.0,12.47,2023-11-14 10:00:00+00:00,2023
2024-11-14 11:00:00+00:00,69.0,15.95,2023-11-14 11:00:00+00:00,2023
2024-11-14 12:00:00+00:00,195.0,17.32,2023-11-14 12:00:00+00:00,2023
2024-11-14 13:00:00+00:00,79.0,16.43,2023-11-14 13:00:00+00:00,2023
2024-11-14 14:00:00+00:00,122.0,13.38,2023-11-14 14:00:00+00:00,2023
2024-11-14 15:00:00+00:00,56.0,8.45,2023-11-14 15:00:00+00:00,2023
2024-11-14 16:00:00+00:00,1.0,2.02,2023-11-14 16:00:00+00:00,2023
2024-11-14 17:00:00+00:00,0.0,0.0,2023-11-14 17:00:00+00:00,2023
2024-11-14 18:00:00+00:00,0.0,0.0,2023-11-14 18:00:00+00:00,2023
2024-11-14 19:00:00+00:00,0.0,0.0,2023-11-14 19:00:00+00:00,2023
2024-11-14 20:00:00+00:00,0.0,0.0,2023-11-14 20:00:00+00:00,2023
2024-11-14 21:00:00+00:00,0.0,0.0,2023-11-14 21:00:00+00:00,2023
2024-11-14 22:00:00+00:00,0.0,0.0,2023-11-14 22:00:00+00:00,2023
2024-11-14 23:00:00+00:00,0.0,0.0,2023-11-14 23:00:00+00:00,2023
2024-11-15 00:00:00+00:00,0.0,0.0,2023-11-15 00:00:00+00:00,2023
2024-11-15 01:00:00+00:00,0.0,0.0,2023-11-15 01:00:00+00:00,2023
2024-11-15 02:00:00+00:00,0.0,0.0,2023-11-15 02:00:00+00:00,2023
2024-11-15 03:00:00+00:00,0.0,0.0,2023-11-15 03:00:00+00:00,2023
2024-11-15 04:00:00+00:00,0.0,0.0,2023-11-15 04:00:00+00:00,2023
2024-11-15 05:00:00+00:00,0.0,0.0,2023-11-15 05:00:00+00:00,2023
2024-11-15 06:00:00+00:00,0.0,0.0,2023-11-15 06:00:00+00:00,2023
2024-11-15 07:00:00+00:00,0.0,0.0,2023-11-15 07:00:00+00:00,2023
2024-11-15 08:00:00+00:00,0.0,0.0,2023-11-15 08:00:00+00:00,2023
2024-11-15 09:00:00+00:00,17.0,6.93,2023-11-15 09:00:00+00:00,2023
2024-11-15 10:00:00+00:00,101.0,12.21,2023-11-15 10:00:00+00:00,2023
2024-11-15 11:00:00+00:00,151.0,15.69,2023-11-15 11:00:00+00:00,2023
2024-11-15 12:00:00+00:00,134.0,17.06,2023-11-15 12:00:00+00:00,2023
2024-11-15 13:00:00+00:00,105.0,16.18,2023-11-15 13:00:00+00:00,2023
2024-11-15 14:00:00+00:00,143.0,13.15,2023-11-15 14:00:00+00:00,2023
2024-11-15 15:00:00+00:00,106.00999999999999,8.23,2023-11-15 15:00:00+00:00,2023
2024-11-15 16:00:00+00:00,1.0,1.81,2023-11-15 16:00:00+00:00,2023
2024-11-15 17:00:00+00:00,0.0,0.0,2023-11-15 17:00:00+00:00,2023
2024-11-15 18:00:00+00:00,0.0,0.0,2023-11-15 18:00:00+00:00,2023
2024-11-15 19:00:00+00:00,0.0,0.0,2023-11-15 19:00:00+00:00,2023
2024-11-15 20:00:00+00:00,0.0,0.0,2023-11-15 20:00:00+00:00,2023
2024-11-15 21:00:00+00:00,0.0,0.0,2023-11-15 21:00:00+00:00,2023
2024-11-15 22:00:00+00:00,0.0,0.0,2023-11-15 22:00:00+00:00,2023
2024-11-15 23:00:00+00:00,0.0,0.0,2023-11-15 23:00:00+00:00,2023
2024-11-16 00:00:00+00:00,0.0,0.0,2023-11-16 00:00:00+00:00,2023
2024-11-16 01:00:00+00:00,0.0,0.0,2023-11-16 01:00:00+00:00,2023
2024-11-16 02:00:00+00:00,0.0,0.0,2023-11-16 02:00:00+00:00,2023
2024-11-16 03:00:00+00:00,0.0,0.0,2023-11-16 03:00:00+00:00,2023
2024-11-16 04:00:00+00:00,0.0,0.0,2023-11-16 04:00:00+00:00,2023
2024-11-16 05:00:00+00:00,0.0,0.0,2023-11-16 05:00:00+00:00,2023
2024-11-16 06:00:00+00:00,0.0,0.0,2023-11-16 06:00:00+00:00,2023
2024-11-16 07:00:00+00:00,0.0,0.0,2023-11-16 07:00:00+00:00,2023
2024-11-16 08:00:00+00:00,0.0,0.0,2023-11-16 08:00:00+00:00,2023
2024-11-16 09:00:00+00:00,69.0,6.68,2023-11-16 09:00:00+00:00,2023
2024-11-16 10:00:00+00:00,88.0,11.96,2023-11-16 10:00:00+00:00,2023
2024-11-16 11:00:00+00:00,108.0,15.43,2023-11-16 11:00:00+00:00,2023
2024-11-16 12:00:00+00:00,23.0,16.8,2023-11-16 12:00:00+00:00,2023
2024-11-16 13:00:00+00:00,68.0,15.94,2023-11-16 13:00:00+00:00,2023
2024-11-16 14:00:00+00:00,17.0,12.92,2023-11-16 14:00:00+00:00,2023
2024-11-16 15:00:00+00:00,44.0,8.02,2023-11-16 15:00:00+00:00,2023
2024-11-16 16:00:00+00:00,1.0,1.62,2023-11-16 16:00:00+00:00,2023
2024-11-16 17:00:00+00:00,0.0,0.0,2023-11-16 17:00:00+00:00,2023
2024-11-16 18:00:00+00:00,0.0,0.0,2023-11-16 18:00:00+00:00,2023
2024-11-16 19:00:00+00:00,0.0,0.0,2023-11-16 19:00:00+00:00,2023
2024-11-16 20:00:00+00:00,0.0,0.0,2023-11-16 20:00:00+00:00,2023
2024-11-16 21:00:00+00:00,0.0,0.0,2023-11-16 21:00:00+00:00,2023
2024-11-16 22:00:00+00:00,0.0,0.0,2023-11-16 22:00:00+00:00,2023
2024-11-16 23:00:00+00:00,0.0,0.0,2023-11-16 23:00:00+00:00,2023
2024-11-17 00:00:00+00:00,0.0,0.0,2023-11-17 00:00:00+00:00,2023
2024-11-17 01:00:00+00:00,0.0,0.0,2023-11-17 01:00:00+00:00,2023
2024-11-17 02:00:00+00:00,0.0,0.0,2023-11-17 02:00:00+00:00,2023
2024-11-17 03:00:00+00:00,0.0,0.0,2023-11-17 03:00:00+00:00,2023
2024-11-17 04:00:00+00:00,0.0,0.0,2023-11-17 04:00:00+00:00,2023
2024-11-17 05:00:00+00:00,0.0,0.0,2023-11-17 05:00:00+00:00,2023
2024-11-17 06:00:00+00:00,0.0,0.0,2023-11-17 06:00:00+00:00,2023
2024-11-17 07:00:00+00:00,0.0,0.0,2023-11-17 07:00:00+00:00,2023
2024-11-17 08:00:00+00:00,0.0,0.0,2023-11-17 08:00:00+00:00,2023
2024-11-17 09:00:00+00:00,62.0,6.44,2023-11-17 09:00:00+00:00,2023
2024-11-17 10:00:00+00:00,96.0,11.71,2023-11-17 10:00:00+00:00,2023
2024-11-17 11:00:00+00:00,175.0,15.18,2023-11-17 11:00:00+00:00,2023
2024-11-17 12:00:00+00:00,122.0,16.55,2023-11-17 12:00:00+00:00,2023
2024-11-17 13:00:00+00:00,87.0,15.7,2023-11-17 13:00:00+00:00,2023
2024-11-17 14:00:00+00:00,45.0,12.69,2023-11-17 14:00:00+00:00,2023
2024-11-17 15:00:00+00:00,20.0,7.81,2023-11-17 15:00:00+00:00,2023
2024-11-17 16:00:00+00:00,1.0,1.43,2023-11-17 16:00:00+00:00,2023
2024-11-17 17:00:00+00:00,0.0,0.0,2023-11-17 17:00:00+00:00,2023
2024-11-17 18:00:00+00:00,0.0,0.0,2023-11-17 18:00:00+00:00,2023
2024-11-17 19:00:00+00:00,0.0,0.0,2023-11-17 19:00:00+00:00,2023
2024-11-17 20:00:00+00:00,0.0,0.0,2023-11-17 20:00:00+00:00,2023
2024-11-17 21:00:00+00:00,0.0,0.0,2023-11-17 21:00:00+00:00,2023
2024-11-17 22:00:00+00:00,0.0,0.0,2023-11-17 22:00:00+00:00,2023
2024-11-17 23:00:00+00:00,0.0,0.0,2023-11-17 23:00:00+00:00,2023
2024-11-18 00:00:00+00:00,0.0,0.0,2023-11-18 00:00:00+00:00,2023
2024-11-18 01:00:00+00:00,0.0,0.0,2023-11-18 01:00:00+00:00,2023
2024-11-18 02:00:00+00:00,0.0,0.0,2023-11-18 02:00:00+00:00,2023
2024-11-18 03:00:00+00:00,0.0,0.0,2023-11-18 03:00:00+00:00,2023
2024-11-18 04:00:00+00:00,0.0,0.0,2023-11-18 04:00:00+00:00,2023
2024-11-18 05:00:00+00:00,0.0,0.0,2023-11-18 05:00:00+00:00,2023
2024-11-18 06:00:00+00:00,0.0,0.0,2023-11-18 06:00:00+00:00,2023
2024-11-18 07:00:00+00:00,0.0,0.0,2023-11-18 07:00:00+00:00,2023
2024-11-18 08:00:00+00:00,0.0,0.0,2023-11-18 08:00:00+00:00,2023
2024-11-18 09:00:00+00:00,10.0,6.2,2023-11-18 09:00:00+00:00,2023
2024-11-18 10:00:00+00:00,63.0,11.46,2023-11-18 10:00:00+00:00,2023
2024-11-18 11:00:00+00:00,52.0,14.93,2023-11-18 11:00:00+00:00,2023
2024-11-18 12:00:00+00:00,216.01,16.31,2023-11-18 12:00:00+00:00,2023
2024-11-18 13:00:00+00:00,145.0,15.46,2023-11-18 13:00:00+00:00,2023
2024-11-18 14:00:00+00:00,93.0,12.48,2023-11-18 14:00:00+00:00,2023
2024-11-18 15:00:00+00:00,22.0,7.61,2023-11-18 15:00:00+00:00,2023
2024-11-18 16:00:00+00:00,0.0,0.0,2023-11-18 16:00:00+00:00,2023
2024-11-18 17:00:00+00:00,0.0,0.0,2023-11-18 17:00:00+00:00,2023
2024-11-18 18:00:00+00:00,0.0,0.0,2023-11-18 18:00:00+00:00,2023
2024-11-18 19:00:00+00:00,0.0,0.0,2023-11-18 19:00:00+00:00,2023
2024-11-18 20:00:00+00:00,0.0,0.0,2023-11-18 20:00:00+00:00,2023
2024-11-18 21:00:00+00:00,0.0,0.0,2023-11-18 21:00:00+00:00,2023
2024-11-18 22:00:00+00:00,0.0,0.0,2023-11-18 22:00:00+00:00,2023
2024-11-18 23:00:00+00:00,0.0,0.0,2023-11-18 23:00:00+00:00,2023
2024-11-19 00:00:00+00:00,0.0,0.0,2023-11-19 00:00:00+00:00,2023
2024-11-19 01:00:00+00:00,0.0,0.0,2023-11-19 01:00:00+00:00,2023
2024-11-19 02:00:00+00:00,0.0,0.0,2023-11-19 02:00:00+00:00,2023
2024-11-19 03:00:00+00:00,0.0,0.0,2023-11-19 03:00:00+00:00,2023
2024-11-19 04:00:00+00:00,0.0,0.0,2023-11-19 04:00:00+00:00,2023
2024-11-19 05:00:00+00:00,0.0,0.0,2023-11-19 05:00:00+00:00,2023
2024-11-19 06:00:00+00:00,0.0,0.0,2023-11-19 06:00:00+00:00,2023
2024-11-19 07:00:00+00:00,0.0,0.0,2023-11-19 07:00:00+00:00,2023
2024-11-19 08:00:00+00:00,0.0,0.0,2023-11-19 08:00:00+00:00,2023
2024-11-19 09:00:00+00:00,24.0,5.96,2023-11-19 09:00:00+00:00,2023
2024-11-19 10:00:00+00:00,57.0,11.22,2023-11-19 10:00:00+00:00,2023
2024-11-19 11:00:00+00:00,43.0,14.69,2023-11-19 11:00:00+00:00,2023
2024-11-19 12:00:00+00:00,41.0,16.07,2023-11-19 12:00:00+00:00,2023
2024-11-19 13:00:00+00:00,58.0,15.24,2023-11-19 13:00:00+00:00,2023
2024-11-19 14:00:00+00:00,83.0,12.27,2023-11-19 14:00:00+00:00,2023
2024-11-19 15:00:00+00:00,49.0,7.42,2023-11-19 15:00:00+00:00,2023
2024-11-19 16:00:00+00:00,0.0,0.0,2023-11-19 16:00:00+00:00,2023
2024-11-19 17:00:00+00:00,0.0,0.0,2023-11-19 17:00:00+00:00,2023
2024-11-19 18:00:00+00:00,0.0,0.0,2023-11-19 18:00:00+00:00,2023
2024-11-19 19:00:00+00:00,0.0,0.0,2023-11-19 19:00:00+00:00,2023
2024-11-19 20:00:00+00:00,0.0,0.0,2023-11-19 20:00:00+00:00,2023
2024-11-19 21:00:00+00:00,0.0,0.0,2023-11-19 21:00:00+00:00,2023
2024-11-19 22:00:00+00:00,0.0,0.0,2023-11-19 22:00:00+00:00,2023
2024-11-19 23:00:00+00:00,0.0,0.0,2023-11-19 23:00:00+00:00,2023
2024-11-20 00:00:00+00:00,0.0,0.0,2023-11-20 00:00:00+00:00,2023
2024-11-20 01:00:00+00:00,0.0,0.0,2023-11-20 01:00:00+00:00,2023
2024-11-20 02:00:00+00:00,0.0,0.0,2023-11-20 02:00:00+00:00,2023
2024-11-20 03:00:00+00:00,0.0,0.0,2023-11-20 03:00:00+00:00,2023
2024-11-20 04:00:00+00:00,0.0,0.0,2023-11-20 04:00:00+00:00,2023
2024-11-20 05:00:00+00:00,0.0,0.0,2023-11-20 05:00:00+00:00,2023
2024-11-20 06:00:00+00:00,0.0,0.0,2023-11-20 06:00:00+00:00,2023
2024-11-20 07:00:00+00:00,0.0,0.0,2023-11-20 07:00:00+00:00,2023
2024-11-20 08:00:00+00:00,0.0,0.0,2023-11-20 08:00:00+00:00,2023
2024-11-20 09:00:00+00:00,7.0,5.72,2023-11-20 09:00:00+00:00,2023
2024-11-20 10:00:00+00:00,82.0,10.98,2023-11-20 10:00:00+00:00,2023
2024-11-20 11:00:00+00:00,164.0,14.45,2023-11-20 11:00:00+00:00,2023
2024-11-20 12:00:00+00:00,144.0,15.84,2023-11-20 12:00:00+00:00,2023
2024-11-20 13:00:00+00:00,47.0,15.02,2023-11-20 13:00:00+00:00,2023
2024-11-20 14:00:00+00:00,165.01,12.06,2023-11-20 14:00:00+00:00,2023
2024-11-20 15:00:00+00:00,79.0,7.23,2023-11-20 15:00:00+00:00,2023
2024-11-20 16:00:00+00:00,0.0,0.0,2023-11-20 16:00:00+00:00,2023
2024-11-20 17:00:00+00:00,0.0,0.0,2023-11-20 17:00:00+00:00,2023
2024-11-20 18:00:00+00:00,0.0,0.0,2023-11-20 18:00:00+00:00,2023
2024-11-20 19:00:00+00:00,0.0,0.0,2023-11-20 19:00:00+00:00,2023
2024-11-20 20:00:00+00:00,0.0,0.0,2023-11-20 20:00:00+00:00,2023
2024-11-20 21:00:00+00:00,0.0,0.0,2023-11-20 21:00:00+00:00,2023
2024-11-20 22:00:00+00:00,0.0,0.0,2023-11-20 22:00:00+00:00,2023
2024-11-20 23:00:00+00:00,0.0,0.0,2023-11-20 23:00:00+00:00,2023
2024-11-21 00:00:00+00:00,0.0,0.0,2023-11-21 00:00:00+00:00,2023
2024-11-21 01:00:00+00:00,0.0,0.0,2023-11-21 01:00:00+00:00,2023
2024-11-21 02:00:00+00:00,0.0,0.0,2023-11-21 02:00:00+00:00,2023
2024-11-21 03:00:00+00:00,0.0,0.0,2023-11-21 03:00:00+00:00,2023
2024-11-21 04:00:00+00:00,0.0,0.0,2023-11-21 04:00:00+00:00,2023
2024-11-21 05:00:00+00:00,0.0,0.0,2023-11-21 05:00:00+00:00,2023
2024-11-21 06:00:00+00:00,0.0,0.0,2023-11-21 06:00:00+00:00,2023
2024-11-21 07:00:00+00:00,0.0,0.0,2023-11-21 07:00:00+00:00,2023
2024-11-21 08:00:00+00:00,0.0,0.0,2023-11-21 08:00:00+00:00,2023
2024-11-21 09:00:00+00:00,45.51,5.49,2023-11-21 09:00:00+00:00,2023
2024-11-21 10:00:00+00:00,33.0,10.75,2023-11-21 10:00:00+00:00,2023
2024-11-21 11:00:00+00:00,156.0,14.22,2023-11-21 11:00:00+00:00,2023
2024-11-21 12:00:00+00:00,147.0,15.61,2023-11-21 12:00:00+00:00,2023
2024-11-21 13:00:00+00:00,50.0,14.8,2023-11-21 13:00:00+00:00,2023
2024-11-21 14:00:00+00:00,51.0,11.86,2023-11-21 14:00:00+00:00,2023
2024-11-21 15:00:00+00:00,31.0,7.05,2023-11-21 15:00:00+00:00,2023
2024-11-21 16:00:00+00:00,0.0,0.0,2023-11-21 16:00:00+00:00,2023
2024-11-21 17:00:00+00:00,0.0,0.0,2023-11-21 17:00:00+00:00,2023
2024-11-21 18:00:00+00:00,0.0,0.0,2023-11-21 18:00:00+00:00,2023
2024-11-21 19:00:00+00:00,0.0,0.0,2023-11-21 19:00:00+00:00,2023
2024-11-21 20:00:00+00:00,0.0,0.0,2023-11-21 20:00:00+00:00,2023
2024-11-21 21:00:00+00:00,0.0,0.0,2023-11-21 21:00:00+00:00,2023
2024-11-21 22:00:00+00:00,0.0,0.0,2023-11-21 22:00:00+00:00,2023
2024-11-21 23:00:00+00:00,0.0,0.0,2023-11-21 23:00:00+00:00,2023
2024-11-22 00:00:00+00:00,0.0,0.0,2023-11-22 00:00:00+00:00,2023
2024-11-22 01:00:00+00:00,0.0,0.0,2023-11-22 01:00:00+00:00,2023
2024-11-22 02:00:00+00:00,0.0,0.0,2023-11-22 02:00:00+00:00,2023
2024-11-22 03:00:00+00:00,0.0,0.0,2023-11-22 03:00:00+00:00,2023
2024-11-22 04:00:00+00:00,0.0,0.0,2023-11-22 04:00:00+00:00,2023
2024-11-22 05:00:00+00:00,0.0,0.0,2023-11-22 05:00:00+00:00,2023
2024-11-22 06:00:00+00:00,0.0,0.0,2023-11-22 06:00:00+00:00,2023
2024-11-22 07:00:00+00:00,0.0,0.0,2023-11-22 07:00:00+00:00,2023
2024-11-22 08:00:00+00:00,0.0,0.0,2023-11-22 08:00:00+00:00,2023
2024-11-22 09:00:00+00:00,19.0,5.27,2023-11-22 09:00:00+00:00,2023
2024-11-22 10:00:00+00:00,28.0,10.52,2023-11-22 10:00:00+00:00,2023
2024-11-22 11:00:00+00:00,70.0,13.99,2023-11-22 11:00:00+00:00,2023
2024-11-22 12:00:00+00:00,117.0,15.39,2023-11-22 12:00:00+00:00,2023
2024-11-22 13:00:00+00:00,111.0,14.59,2023-11-22 13:00:00+00:00,2023
2024-11-22 14:00:00+00:00,26.0,11.67,2023-11-22 14:00:00+00:00,2023
2024-11-22 15:00:00+00:00,39.0,6.88,2023-11-22 15:00:00+00:00,2023
2024-11-22 16:00:00+00:00,0.0,0.0,2023-11-22 16:00:00+00:00,2023
2024-11-22 17:00:00+00:00,0.0,0.0,2023-11-22 17:00:00+00:00,2023
2024-11-22 18:00:00+00:00,0.0,0.0,2023-11-22 18:00:00+00:00,2023
2024-11-22 19:00:00+00:00,0.0,0.0,2023-11-22 19:00:00+00:00,2023
2024-11-22 20:00:00+00:00,0.0,0.0,2023-11-22 20:00:00+00:00,2023
2024-11-22 21:00:00+00:00,0.0,0.0,2023-11-22 21:00:00+00:00,2023
2024-11-22 22:00:00+00:00,0.0,0.0,2023-11-22 22:00:00+00:00,2023
2024-11-22 23:00:00+00:00,0.0,0.0,2023-11-22 23:00:00+00:00,2023
2024-11-23 00:00:00+00:00,0.0,0.0,2023-11-23 00:00:00+00:00,2023
2024-11-23 01:00:00+00:00,0.0,0.0,2023-11-23 01:00:00+00:00,2023
2024-11-23 02:00:00+00:00,0.0,0.0,2023-11-23 02:00:00+00:00,2023
2024-11-23 03:00:00+00:00,0.0,0.0,2023-11-23 03:00:00+00:00,2023
2024-11-23 04:00:00+00:00,0.0,0.0,2023-11-23 04:00:00+00:00,2023
2024-11-23 05:00:00+00:00,0.0,0.0,2023-11-23 05:00:00+00:00,2023
2024-11-23 06:00:00+00:00,0.0,0.0,2023-11-23 06:00:00+00:00,2023
2024-11-23 07:00:00+00:00,0.0,0.0,2023-11-23 07:00:00+00:00,2023
2024-11-23 08:00:00+00:00,0.0,0.0,2023-11-23 08:00:00+00:00,2023
2024-11-23 09:00:00+00:00,12.0,5.05,2023-11-23 09:00:00+00:00,2023
2024-11-23 10:00:00+00:00,26.0,10.29,2023-11-23 10:00:00+00:00,2023
2024-11-23 11:00:00+00:00,58.0,13.77,2023-11-23 11:00:00+00:00,2023
2024-11-23 12:00:00+00:00,64.0,15.18,2023-11-23 12:00:00+00:00,2023
2024-11-23 13:00:00+00:00,44.0,14.39,2023-11-23 13:00:00+00:00,2023
2024-11-23 14:00:00+00:00,58.0,11.48,2023-11-23 14:00:00+00:00,2023
2024-11-23 15:00:00+00:00,45.0,6.71,2023-11-23 15:00:00+00:00,2023
2024-11-23 16:00:00+00:00,0.0,0.0,2023-11-23 16:00:00+00:00,2023
2024-11-23 17:00:00+00:00,0.0,0.0,2023-11-23 17:00:00+00:00,2023
2024-11-23 18:00:00+00:00,0.0,0.0,2023-11-23 18:00:00+00:00,2023
2024-11-23 19:00:00+00:00,0.0,0.0,2023-11-23 19:00:00+00:00,2023
2024-11-23 20:00:00+00:00,0.0,0.0,2023-11-23 20:00:00+00:00,2023
2024-11-23 21:00:00+00:00,0.0,0.0,2023-11-23 21:00:00+00:00,2023
2024-11-23 22:00:00+00:00,0.0,0.0,2023-11-23 22:00:00+00:00,2023
2024-11-23 23:00:00+00:00,0.0,0.0,2023-11-23 23:00:00+00:00,2023
2024-11-24 00:00:00+00:00,0.0,0.0,2023-11-24 00:00:00+00:00,2023
2024-11-24 01:00:00+00:00,0.0,0.0,2023-11-24 01:00:00+00:00,2023
2024-11-24 02:00:00+00:00,0.0,0.0,2023-11-24 02:00:00+00:00,2023
2024-11-24 03:00:00+00:00,0.0,0.0,2023-11-24 03:00:00+00:00,2023
2024-11-24 04:00:00+00:00,0.0,0.0,2023-11-24 04:00:00+00:00,2023
2024-11-24 05:00:00+00:00,0.0,0.0,2023-11-24 05:00:00+00:00,2023
2024-11-24 06:00:00+00:00,0.0,0.0,2023-11-24 06:00:00+00:00,2023
2024-11-24 07:00:00+00:00,0.0,0.0,2023-11-24 07:00:00+00:00,2023
2024-11-24 08:00:00+00:00,0.0,0.0,2023-11-24 08:00:00+00:00,2023
2024-11-24 09:00:00+00:00,7.0,4.83,2023-11-24 09:00:00+00:00,2023
2024-11-24 10:00:00+00:00,38.0,10.08,2023-11-24 10:00:00+00:00,2023
2024-11-24 11:00:00+00:00,60.0,13.55,2023-11-24 11:00:00+00:00,2023
2024-11-24 12:00:00+00:00,124.0,14.97,2023-11-24 12:00:00+00:00,2023
2024-11-24 13:00:00+00:00,90.0,14.2,2023-11-24 13:00:00+00:00,2023
2024-11-24 14:00:00+00:00,29.0,11.3,2023-11-24 14:00:00+00:00,2023
2024-11-24 15:00:00+00:00,25.0,6.55,2023-11-24 15:00:00+00:00,2023
2024-11-24 16:00:00+00:00,0.0,0.0,2023-11-24 16:00:00+00:00,2023
2024-11-24 17:00:00+00:00,0.0,0.0,2023-11-24 17:00:00+00:00,2023
2024-11-24 18:00:00+00:00,0.0,0.0,2023-11-24 18:00:00+00:00,2023
2024-11-24 19:00:00+00:00,0.0,0.0,2023-11-24 19:00:00+00:00,2023
2024-11-24 20:00:00+00:00,0.0,0.0,2023-11-24 20:00:00+00:00,2023
2024-11-24 21:00:00+00:00,0.0,0.0,2023-11-24 21:00:00+00:00,2023
2024-11-24 22:00:00+00:00,0.0,0.0,2023-11-24 22:00:00+00:00,2023
2024-11-24 23:00:00+00:00,0.0,0.0,2023-11-24 23:00:00+00:00,2023
2024-11-25 00:00:00+00:00,0.0,0.0,2023-11-25 00:00:00+00:00,2023
2024-11-25 01:00:00+00:00,0.0,0.0,2023-11-25 01:00:00+00:00,2023
2024-11-25 02:00:00+00:00,0.0,0.0,2023-11-25 02:00:00+00:00,2023
2024-11-25 03:00:00+00:00,0.0,0.0,2023-11-25 03:00:00+00:00,2023
2024-11-25 04:00:00+00:00,0.0,0.0,2023-11-25 04:00:00+00:00,2023
2024-11-25 05:00:00+00:00,0.0,0.0,2023-11-25 05:00:00+00:00,2023
2024-11-25 06:00:00+00:00,0.0,0.0,2023-11-25 06:00:00+00:00,2023
2024-11-25 07:00:00+00:00,0.0,0.0,2023-11-25 07:00:00+00:00,2023
2024-11-25 08:00:00+00:00,0.0,0.0,2023-11-25 08:00:00+00:00,2023
2024-11-25 09:00:00+00:00,8.0,4.62,2023-11-25 09:00:00+00:00,2023
2024-11-25 10:00:00+00:00,101.0,9.86,2023-11-25 10:00:00+00:00,2023
2024-11-25 11:00:00+00:00,187.01,13.34,2023-11-25 11:00:00+00:00,2023
2024-11-25 12:00:00+00:00,234.01,14.77,2023-11-25 12:00:00+00:00,2023
2024-11-25 13:00:00+00:00,144.0,14.01,2023-11-25 13:00:00+00:00,2023
2024-11-25 14:00:00+00:00,58.0,11.13,2023-11-25 14:00:00+00:00,2023
2024-11-25 15:00:00+00:00,11.0,6.39,2023-11-25 15:00:00+00:00,2023
2024-11-25 16:00:00+00:00,0.0,0.0,2023-11-25 16:00:00+00:00,2023
2024-11-25 17:00:00+00:00,0.0,0.0,2023-11-25 17:00:00+00:00,2023
2024-11-25 18:00:00+00:00,0.0,0.0,2023-11-25 18:00:00+00:00,2023
2024-11-25 19:00:00+00:00,0.0,0.0,2023-11-25 19:00:00+00:00,2023
2024-11-25 20:00:00+00:00,0.0,0.0,2023-11-25 20:00:00+00:00,2023
2024-11-25 21:00:00+00:00,0.0,0.0,2023-11-25 21:00:00+00:00,2023
2024-11-25 22:00:00+00:00,0.0,0.0,2023-11-25 22:00:00+00:00,2023
2024-11-25 23:00:00+00:00,0.0,0.0,2023-11-25 23:00:00+00:00,2023
2024-11-26 00:00:00+00:00,0.0,0.0,2023-11-26 00:00:00+00:00,2023
2024-11-26 01:00:00+00:00,0.0,0.0,2023-11-26 01:00:00+00:00,2023
2024-11-26 02:00:00+00:00,0.0,0.0,2023-11-26 02:00:00+00:00,2023
2024-11-26 03:00:00+00:00,0.0,0.0,2023-11-26 03:00:00+00:00,2023
2024-11-26 04:00:00+00:00,0.0,0.0,2023-11-26 04:00:00+00:00,2023
2024-11-26 05:00:00+00:00,0.0,0.0,2023-11-26 05:00:00+00:00,2023
2024-11-26 06:00:00+00:00,0.0,0.0,2023-11-26 06:00:00+00:00,2023
2024-11-26 07:00:00+00:00,0.0,0.0,2023-11-26 07:00:00+00:00,2023
2024-11-26 08:00:00+00:00,0.0,0.0,2023-11-26 08:00:00+00:00,2023
2024-11-26 09:00:00+00:00,15.0,4.41,2023-11-26 09:00:00+00:00,2023
2024-11-26 10:00:00+00:00,40.0,9.66,2023-11-26 10:00:00+00:00,2023
2024-11-26 11:00:00+00:00,28.0,13.14,2023-11-26 11:00:00+00:00,2023
2024-11-26 12:00:00+00:00,36.0,14.57,2023-11-26 12:00:00+00:00,2023
2024-11-26 13:00:00+00:00,49.0,13.83,2023-11-26 13:00:00+00:00,2023
2024-11-26 14:00:00+00:00,83.0,10.97,2023-11-26 14:00:00+00:00,2023
2024-11-26 15:00:00+00:00,14.0,6.24,2023-11-26 15:00:00+00:00,2023
2024-11-26 16:00:00+00:00,0.0,0.0,2023-11-26 16:00:00+00:00,2023
2024-11-26 17:00:00+00:00,0.0,0.0,2023-11-26 17:00:00+00:00,2023
2024-11-26 18:00:00+00:00,0.0,0.0,2023-11-26 18:00:00+00:00,2023
2024-11-26 19:00:00+00:00,0.0,0.0,2023-11-26 19:00:00+00:00,2023
2024-11-26 20:00:00+00:00,0.0,0.0,2023-11-26 20:00:00+00:00,2023
2024-11-26 21:00:00+00:00,0.0,0.0,2023-11-26 21:00:00+00:00,2023
2024-11-26 22:00:00+00:00,0.0,0.0,2023-11-26 22:00:00+00:00,2023
2024-11-26 23:00:00+00:00,0.0,0.0,2023-11-26 23:00:00+00:00,2023
2024-11-27 00:00:00+00:00,0.0,0.0,2023-11-27 00:00:00+00:00,2023
2024-11-27 01:00:00+00:00,0.0,0.0,2023-11-27 01:00:00+00:00,2023
2024-11-27 02:00:00+00:00,0.0,0.0,2023-11-27 02:00:00+00:00,2023
2024-11-27 03:00:00+00:00,0.0,0.0,2023-11-27 03:00:00+00:00,2023
2024-11-27 04:00:00+00:00,0.0,0.0,2023-11-27 04:00:00+00:00,2023
2024-11-27 05:00:00+00:00,0.0,0.0,2023-11-27 05:00:00+00:00,2023
2024-11-27 06:00:00+00:00,0.0,0.0,2023-11-27 06:00:00+00:00,2023
2024-11-27 07:00:00+00:00,0.0,0.0,2023-11-27 07:00:00+00:00,2023
2024-11-27 08:00:00+00:00,0.0,0.0,2023-11-27 08:00:00+00:00,2023
2024-11-27 09:00:00+00:00,18.0,4.21,2023-11-27 09:00:00+00:00,2023
2024-11-27 10:00:00+00:00,126.01,9.45,2023-11-27 10:00:00+00:00,2023
2024-11-27 11:00:00+00:00,191.01,12.94,2023-11-27 11:00:00+00:00,2023
2024-11-27 12:00:00+00:00,140.0,14.38,2023-11-27 12:00:00+00:00,2023
2024-11-27 13:00:00+00:00,134.0,13.65,2023-11-27 13:00:00+00:00,2023
2024-11-27 14:00:00+00:00,77.0,10.81,2023-11-27 14:00:00+00:00,2023
2024-11-27 15:00:00+00:00,56.0,6.1,2023-11-27 15:00:00+00:00,2023
2024-11-27 16:00:00+00:00,0.0,0.0,2023-11-27 16:00:00+00:00,2023
2024-11-27 17:00:00+00:00,0.0,0.0,2023-11-27 17:00:00+00:00,2023
2024-11-27 18:00:00+00:00,0.0,0.0,2023-11-27 18:00:00+00:00,2023
2024-11-27 19:00:00+00:00,0.0,0.0,2023-11-27 19:00:00+00:00,2023
2024-11-27 20:00:00+00:00,0.0,0.0,2023-11-27 20:00:00+00:00,2023
2024-11-27 21:00:00+00:00,0.0,0.0,2023-11-27 21:00:00+00:00,2023
2024-11-27 22:00:00+00:00,0.0,0.0,2023-11-27 22:00:00+00:00,2023
2024-11-27 23:00:00+00:00,0.0,0.0,2023-11-27 23:00:00+00:00,2023
2024-11-28 00:00:00+00:00,0.0,0.0,2023-11-28 00:00:00+00:00,2023
2024-11-28 01:00:00+00:00,0.0,0.0,2023-11-28 01:00:00+00:00,2023
2024-11-28 02:00:00+00:00,0.0,0.0,2023-11-28 02:00:00+00:00,2023
2024-11-28 03:00:00+00:00,0.0,0.0,2023-11-28 03:00:00+00:00,2023
2024-11-28 04:00:00+00:00,0.0,0.0,2023-11-28 04:00:00+00:00,2023
2024-11-28 05:00:00+00:00,0.0,0.0,2023-11-28 05:00:00+00:00,2023
2024-11-28 06:00:00+00:00,0.0,0.0,2023-11-28 06:00:00+00:00,2023
2024-11-28 07:00:00+00:00,0.0,0.0,2023-11-28 07:00:00+00:00,2023
2024-11-28 08:00:00+00:00,0.0,0.0,2023-11-28 08:00:00+00:00,2023
2024-11-28 09:00:00+00:00,28.53,4.01,2023-11-28 09:00:00+00:00,2023
2024-11-28 10:00:00+00:00,105.0,9.26,2023-11-28 10:00:00+00:00,2023
2024-11-28 11:00:00+00:00,189.01,12.75,2023-11-28 11:00:00+00:00,2023
2024-11-28 12:00:00+00:00,210.01,14.2,2023-11-28 12:00:00+00:00,2023
2024-11-28 13:00:00+00:00,197.01,13.48,2023-11-28 13:00:00+00:00,2023
2024-11-28 14:00:00+00:00,146.01,10.65,2023-11-28 14:00:00+00:00,2023
2024-11-28 15:00:00+00:00,44.0,5.97,2023-11-28 15:00:00+00:00,2023
2024-11-28 16:00:00+00:00,0.0,0.0,2023-11-28 16:00:00+00:00,2023
2024-11-28 17:00:00+00:00,0.0,0.0,2023-11-28 17:00:00+00:00,2023
2024-11-28 18:00:00+00:00,0.0,0.0,2023-11-28 18:00:00+00:00,2023
2024-11-28 19:00:00+00:00,0.0,0.0,2023-11-28 19:00:00+00:00,2023
2024-11-28 20:00:00+00:00,0.0,0.0,2023-11-28 20:00:00+00:00,2023
2024-11-28 21:00:00+00:00,0.0,0.0,2023-11-28 21:00:00+00:00,2023
2024-11-28 22:00:00+00:00,0.0,0.0,2023-11-28 22:00:00+00:00,2023
2024-11-28 23:00:00+00:00,0.0,0.0,2023-11-28 23:00:00+00:00,2023
2024-11-29 00:00:00+00:00,0.0,0.0,2023-11-29 00:00:00+00:00,2023
2024-11-29 01:00:00+00:00,0.0,0.0,2023-11-29 01:00:00+00:00,2023
2024-11-29 02:00:00+00:00,0.0,0.0,2023-11-29 02:00:00+00:00,2023
2024-11-29 03:00:00+00:00,0.0,0.0,2023-11-29 03:00:00+00:00,2023
2024-11-29 04:00:00+00:00,0.0,0.0,2023-11-29 04:00:00+00:00,2023
2024-11-29 05:00:00+00:00,0.0,0.0,2023-11-29 05:00:00+00:00,2023
2024-11-29 06:00:00+00:00,0.0,0.0,2023-11-29 06:00:00+00:00,2023
2024-11-29 07:00:00+00:00,0.0,0.0,2023-11-29 07:00:00+00:00,2023
2024-11-29 08:00:00+00:00,0.0,0.0,2023-11-29 08:00:00+00:00,2023
2024-11-29 09:00:00+00:00,19.8,3.82,2023-11-29 09:00:00+00:00,2023
2024-11-29 10:00:00+00:00,48.0,9.07,2023-11-29 10:00:00+00:00,2023
2024-11-29 11:00:00+00:00,125.0,12.56,2023-11-29 11:00:00+00:00,2023
2024-11-29 12:00:00+00:00,185.01,14.03,2023-11-29 12:00:00+00:00,2023
2024-11-29 13:00:00+00:00,173.01,13.32,2023-11-29 13:00:00+00:00,2023
2024-11-29 14:00:00+00:00,151.01,10.51,2023-11-29 14:00:00+00:00,2023
2024-11-29 15:00:00+00:00,69.0,5.84,2023-11-29 15:00:00+00:00,2023
2024-11-29 16:00:00+00:00,0.0,0.0,2023-11-29 16:00:00+00:00,2023
2024-11-29 17:00:00+00:00,0.0,0.0,2023-11-29 17:00:00+00:00,2023
2024-11-29 18:00:00+00:00,0.0,0.0,2023-11-29 18:00:00+00:00,2023
2024-11-29 19:00:00+00:00,0.0,0.0,2023-11-29 19:00:00+00:00,2023
2024-11-29 20:00:00+00:00,0.0,0.0,2023-11-29 20:00:00+00:00,2023
2024-11-29 21:00:00+00:00,0.0,0.0,2023-11-29 21:00:00+00:00,2023
2024-11-29 22:00:00+00:00,0.0,0.0,2023-11-29 22:00:00+00:00,2023
2024-11-29 23:00:00+00:00,0.0,0.0,2023-11-29 23:00:00+00:00,2023
2024-11-30 00:00:00+00:00,0.0,0.0,2023-11-30 00:00:00+00:00,2023
2024-11-30 01:00:00+00:00,0.0,0.0,2023-11-30 01:00:00+00:00,2023
2024-11-30 02:00:00+00:00,0.0,0.0,2023-11-30 02:00:00+00:00,2023
2024-11-30 03:00:00+00:00,0.0,0.0,2023-11-30 03:00:00+00:00,2023
2024-11-30 04:00:00+00:00,0.0,0.0,2023-11-30 04:00:00+00:00,2023
2024-11-30 05:00:00+00:00,0.0,0.0,2023-11-30 05:00:00+00:00,2023
2024-11-30 06:00:00+00:00,0.0,0.0,2023-11-30 06:00:00+00:00,2023
2024-11-30 07:00:00+00:00,0.0,0.0,2023-11-30 07:00:00+00:00,2023
2024-11-30 08:00:00+00:00,0.0,0.0,2023-11-30 08:00:00+00:00,2023
2024-11-30 09:00:00+00:00,27.27,3.63,2023-11-30 09:00:00+00:00,2023
2024-11-30 10:00:00+00:00,113.00999999999999,8.88,2023-11-30 10:00:00+00:00,2023
2024-11-30 11:00:00+00:00,162.01,12.38,2023-11-30 11:00:00+00:00,2023
2024-11-30 12:00:00+00:00,197.01,13.86,2023-11-30 12:00:00+00:00,2023
2024-11-30 13:00:00+00:00,198.01,13.16,2023-11-30 13:00:00+00:00,2023
2024-11-30 14:00:00+00:00,124.0,10.37,2023-11-30 14:00:00+00:00,2023
2024-11-30 15:00:00+00:00,50.54,5.72,2023-11-30 15:00:00+00:00,2023
2024-11-30 16:00:00+00:00,0.0,0.0,2023-11-30 16:00:00+00:00,2023
2024-11-30 17:00:00+00:00,0.0,0.0,2023-11-30 17:00:00+00:00,2023
2024-11-30 18:00:00+00:00,0.0,0.0,2023-11-30 18:00:00+00:00,2023
2024-11-30 19:00:00+00:00,0.0,0.0,2023-11-30 19:00:00+00:00,2023
2024-11-30 20:00:00+00:00,0.0,0.0,2023-11-30 20:00:00+00:00,2023
2024-11-30 21:00:00+00:00,0.0,0.0,2023-11-30 21:00:00+00:00,2023
2024-11-30 22:00:00+00:00,0.0,0.0,2023-11-30 22:00:00+00:00,2023
2024-11-30 23:00:00+00:00,0.0,0.0,2023-11-30 23:00:00+00:00,2023
2024-12-01 00:00:00+00:00,0.0,0.0,2023-12-01 00:00:00+00:00,2023
2024-12-01 01:00:00+00:00,0.0,0.0,2023-12-01 01:00:00+00:00,2023
2024-12-01 02:00:00+00:00,0.0,0.0,2023-12-01 02:00:00+00:00,2023
2024-12-01 03:00:00+00:00,0.0,0.0,2023-12-01 03:00:00+00:00,2023
2024-12-01 04:00:00+00:00,0.0,0.0,2023-12-01 04:00:00+00:00,2023
2024-12-01 05:00:00+00:00,0.0,0.0,2023-12-01 05:00:00+00:00,2023
2024-12-01 06:00:00+00:00,0.0,0.0,2023-12-01 06:00:00+00:00,2023
2024-12-01 07:00:00+00:00,0.0,0.0,2023-12-01 07:00:00+00:00,2023
2024-12-01 08:00:00+00:00,0.0,0.0,2023-12-01 08:00:00+00:00,2023
2024-12-01 09:00:00+00:00,16.810000000000002,3.45,2023-12-01 09:00:00+00:00,2023
2024-12-01 10:00:00+00:00,49.0,8.7,2023-12-01 10:00:00+00:00,2023
2024-12-01 11:00:00+00:00,99.0,12.21,2023-12-01 11:00:00+00:00,2023
2024-12-01 12:00:00+00:00,172.01,13.69,2023-12-01 12:00:00+00:00,2023
2024-12-01 13:00:00+00:00,110.0,13.02,2023-12-01 13:00:00+00:00,2023
2024-12-01 14:00:00+00:00,84.0,10.24,2023-12-01 14:00:00+00:00,2023
2024-12-01 15:00:00+00:00,47.23,5.6,2023-12-01 15:00:00+00:00,2023
2024-12-01 16:00:00+00:00,0.0,0.0,2023-12-01 16:00:00+00:00,2023
2024-12-01 17:00:00+00:00,0.0,0.0,2023-12-01 17:00:00+00:00,2023
2024-12-01 18:00:00+00:00,0.0,0.0,2023-12-01 18:00:00+00:00,2023
2024-12-01 19:00:00+00:00,0.0,0.0,2023-12-01 19:00:00+00:00,2023
2024-12-01 20:00:00+00:00,0.0,0.0,2023-12-01 20:00:00+00:00,2023
2024-12-01 21:00:00+00:00,0.0,0.0,2023-12-01 21:00:00+00:00,2023
2024-12-01 22:00:00+00:00,0.0,0.0,2023-12-01 22:00:00+00:00,2023
2024-12-01 23:00:00+00:00,0.0,0.0,2023-12-01 23:00:00+00:00,2023
2024-12-02 00:00:00+00:00,0.0,0.0,2023-12-02 00:00:00+00:00,2023
2024-12-02 01:00:00+00:00,0.0,0.0,2023-12-02 01:00:00+00:00,2023
2024-12-02 02:00:00+00:00,0.0,0.0,2023-12-02 02:00:00+00:00,2023
2024-12-02 03:00:00+00:00,0.0,0.0,2023-12-02 03:00:00+00:00,2023
2024-12-02 04:00:00+00:00,0.0,0.0,2023-12-02 04:00:00+00:00,2023
2024-12-02 05:00:00+00:00,0.0,0.0,2023-12-02 05:00:00+00:00,2023
2024-12-02 06:00:00+00:00,0.0,0.0,2023-12-02 06:00:00+00:00,2023
2024-12-02 07:00:00+00:00,0.0,0.0,2023-12-02 07:00:00+00:00,2023
2024-12-02 08:00:00+00:00,0.0,0.0,2023-12-02 08:00:00+00:00,2023
2024-12-02 09:00:00+00:00,15.81,3.28,2023-12-02 09:00:00+00:00,2023
2024-12-02 10:00:00+00:00,45.0,8.53,2023-12-02 10:00:00+00:00,2023
2024-12-02 11:00:00+00:00,115.0,12.04,2023-12-02 11:00:00+00:00,2023
2024-12-02 12:00:00+00:00,181.01,13.54,2023-12-02 12:00:00+00:00,2023
2024-12-02 13:00:00+00:00,112.0,12.87,2023-12-02 13:00:00+00:00,2023
2024-12-02 14:00:00+00:00,43.0,10.12,2023-12-02 14:00:00+00:00,2023
2024-12-02 15:00:00+00:00,31.55,5.5,2023-12-02 15:00:00+00:00,2023
2024-12-02 16:00:00+00:00,0.0,0.0,2023-12-02 16:00:00+00:00,2023
2024-12-02 17:00:00+00:00,0.0,0.0,2023-12-02 17:00:00+00:00,2023
2024-12-02 18:00:00+00:00,0.0,0.0,2023-12-02 18:00:00+00:00,2023
2024-12-02 19:00:00+00:00,0.0,0.0,2023-12-02 19:00:00+00:00,2023
2024-12-02 20:00:00+00:00,0.0,0.0,2023-12-02 20:00:00+00:00,2023
2024-12-02 21:00:00+00:00,0.0,0.0,2023-12-02 21:00:00+00:00,2023
2024-12-02 22:00:00+00:00,0.0,0.0,2023-12-02 22:00:00+00:00,2023
2024-12-02 23:00:00+00:00,0.0,0.0,2023-12-02 23:00:00+00:00,2023
2024-12-03 00:00:00+00:00,0.0,0.0,2023-12-03 00:00:00+00:00,2023
2024-12-03 01:00:00+00:00,0.0,0.0,2023-12-03 01:00:00+00:00,2023
2024-12-03 02:00:00+00:00,0.0,0.0,2023-12-03 02:00:00+00:00,2023
2024-12-03 03:00:00+00:00,0.0,0.0,2023-12-03 03:00:00+00:00,2023
2024-12-03 04:00:00+00:00,0.0,0.0,2023-12-03 04:00:00+00:00,2023
2024-12-03 05:00:00+00:00,0.0,0.0,2023-12-03 05:00:00+00:00,2023
2024-12-03 06:00:00+00:00,0.0,0.0,2023-12-03 06:00:00+00:00,2023
2024-12-03 07:00:00+00:00,0.0,0.0,2023-12-03 07:00:00+00:00,2023
2024-12-03 08:00:00+00:00,0.0,0.0,2023-12-03 08:00:00+00:00,2023
2024-12-03 09:00:00+00:00,4.0,3.11,2023-12-03 09:00:00+00:00,2023
2024-12-03 10:00:00+00:00,31.0,8.36,2023-12-03 10:00:00+00:00,2023
2024-12-03 11:00:00+00:00,51.0,11.88,2023-12-03 11:00:00+00:00,2023
2024-12-03 12:00:00+00:00,159.0,13.39,2023-12-03 12:00:00+00:00,2023
2024-12-03 13:00:00+00:00,80.0,12.74,2023-12-03 13:00:00+00:00,2023
2024-12-03 14:00:00+00:00,22.0,10.0,2023-12-03 14:00:00+00:00,2023
2024-12-03 15:00:00+00:00,15.0,5.4,2023-12-03 15:00:00+00:00,2023
2024-12-03 16:00:00+00:00,0.0,0.0,2023-12-03 16:00:00+00:00,2023
2024-12-03 17:00:00+00:00,0.0,0.0,2023-12-03 17:00:00+00:00,2023
2024-12-03 18:00:00+00:00,0.0,0.0,2023-12-03 18:00:00+00:00,2023
2024-12-03 19:00:00+00:00,0.0,0.0,2023-12-03 19:00:00+00:00,2023
2024-12-03 20:00:00+00:00,0.0,0.0,2023-12-03 20:00:00+00:00,2023
2024-12-03 21:00:00+00:00,0.0,0.0,2023-12-03 21:00:00+00:00,2023
2024-12-03 22:00:00+00:00,0.0,0.0,2023-12-03 22:00:00+00:00,2023
2024-12-03 23:00:00+00:00,0.0,0.0,2023-12-03 23:00:00+00:00,2023
2024-12-04 00:00:00+00:00,0.0,0.0,2023-12-04 00:00:00+00:00,2023
2024-12-04 01:00:00+00:00,0.0,0.0,2023-12-04 01:00:00+00:00,2023
2024-12-04 02:00:00+00:00,0.0,0.0,2023-12-04 02:00:00+00:00,2023
2024-12-04 03:00:00+00:00,0.0,0.0,2023-12-04 03:00:00+00:00,2023
2024-12-04 04:00:00+00:00,0.0,0.0,2023-12-04 04:00:00+00:00,2023
2024-12-04 05:00:00+00:00,0.0,0.0,2023-12-04 05:00:00+00:00,2023
2024-12-04 06:00:00+00:00,0.0,0.0,2023-12-04 06:00:00+00:00,2023
2024-12-04 07:00:00+00:00,0.0,0.0,2023-12-04 07:00:00+00:00,2023
2024-12-04 08:00:00+00:00,0.0,0.0,2023-12-04 08:00:00+00:00,2023
2024-12-04 09:00:00+00:00,12.0,2.94,2023-12-04 09:00:00+00:00,2023
2024-12-04 10:00:00+00:00,90.0,8.2,2023-12-04 10:00:00+00:00,2023
2024-12-04 11:00:00+00:00,178.01,11.73,2023-12-04 11:00:00+00:00,2023
2024-12-04 12:00:00+00:00,200.01,13.25,2023-12-04 12:00:00+00:00,2023
2024-12-04 13:00:00+00:00,170.01,12.61,2023-12-04 13:00:00+00:00,2023
2024-12-04 14:00:00+00:00,119.0,9.89,2023-12-04 14:00:00+00:00,2023
2024-12-04 15:00:00+00:00,44.5,5.3,2023-12-04 15:00:00+00:00,2023
2024-12-04 16:00:00+00:00,0.0,0.0,2023-12-04 16:00:00+00:00,2023
2024-12-04 17:00:00+00:00,0.0,0.0,2023-12-04 17:00:00+00:00,2023
2024-12-04 18:00:00+00:00,0.0,0.0,2023-12-04 18:00:00+00:00,2023
2024-12-04 19:00:00+00:00,0.0,0.0,2023-12-04 19:00:00+00:00,2023
2024-12-04 20:00:00+00:00,0.0,0.0,2023-12-04 20:00:00+00:00,2023
2024-12-04 21:00:00+00:00,0.0,0.0,2023-12-04 21:00:00+00:00,2023
2024-12-04 22:00:00+00:00,0.0,0.0,2023-12-04 22:00:00+00:00,2023
2024-12-04 23:00:00+00:00,0.0,0.0,2023-12-04 23:00:00+00:00,2023
2024-12-05 00:00:00+00:00,0.0,0.0,2023-12-05 00:00:00+00:00,2023
2024-12-05 01:00:00+00:00,0.0,0.0,2023-12-05 01:00:00+00:00,2023
2024-12-05 02:00:00+00:00,0.0,0.0,2023-12-05 02:00:00+00:00,2023
2024-12-05 03:00:00+00:00,0.0,0.0,2023-12-05 03:00:00+00:00,2023
2024-12-05 04:00:00+00:00,0.0,0.0,2023-12-05 04:00:00+00:00,2023
2024-12-05 05:00:00+00:00,0.0,0.0,2023-12-05 05:00:00+00:00,2023
2024-12-05 06:00:00+00:00,0.0,0.0,2023-12-05 06:00:00+00:00,2023
2024-12-05 07:00:00+00:00,0.0,0.0,2023-12-05 07:00:00+00:00,2023
2024-12-05 08:00:00+00:00,0.0,0.0,2023-12-05 08:00:00+00:00,2023
2024-12-05 09:00:00+00:00,13.81,2.78,2023-12-05 09:00:00+00:00,2023
2024-12-05 10:00:00+00:00,97.0,8.05,2023-12-05 10:00:00+00:00,2023
2024-12-05 11:00:00+00:00,83.0,11.58,2023-12-05 11:00:00+00:00,2023
2024-12-05 12:00:00+00:00,108.0,13.11,2023-12-05 12:00:00+00:00,2023
2024-12-05 13:00:00+00:00,57.0,12.49,2023-12-05 13:00:00+00:00,2023
2024-12-05 14:00:00+00:00,95.0,9.79,2023-12-05 14:00:00+00:00,2023
2024-12-05 15:00:00+00:00,45.75,5.22,2023-12-05 15:00:00+00:00,2023
2024-12-05 16:00:00+00:00,0.0,0.0,2023-12-05 16:00:00+00:00,2023
2024-12-05 17:00:00+00:00,0.0,0.0,2023-12-05 17:00:00+00:00,2023
2024-12-05 18:00:00+00:00,0.0,0.0,2023-12-05 18:00:00+00:00,2023
2024-12-05 19:00:00+00:00,0.0,0.0,2023-12-05 19:00:00+00:00,2023
2024-12-05 20:00:00+00:00,0.0,0.0,2023-12-05 20:00:00+00:00,2023
2024-12-05 21:00:00+00:00,0.0,0.0,2023-12-05 21:00:00+00:00,2023
2024-12-05 22:00:00+00:00,0.0,0.0,2023-12-05 22:00:00+00:00,2023
2024-12-05 23:00:00+00:00,0.0,0.0,2023-12-05 23:00:00+00:00,2023
2024-12-06 00:00:00+00:00,0.0,0.0,2023-12-06 00:00:00+00:00,2023
2024-12-06 01:00:00+00:00,0.0,0.0,2023-12-06 01:00:00+00:00,2023
2024-12-06 02:00:00+00:00,0.0,0.0,2023-12-06 02:00:00+00:00,2023
2024-12-06 03:00:00+00:00,0.0,0.0,2023-12-06 03:00:00+00:00,2023
2024-12-06 04:00:00+00:00,0.0,0.0,2023-12-06 04:00:00+00:00,2023
2024-12-06 05:00:00+00:00,0.0,0.0,2023-12-06 05:00:00+00:00,2023
2024-12-06 06:00:00+00:00,0.0,0.0,2023-12-06 06:00:00+00:00,2023
2024-12-06 07:00:00+00:00,0.0,0.0,2023-12-06 07:00:00+00:00,2023
2024-12-06 08:00:00+00:00,0.0,0.0,2023-12-06 08:00:00+00:00,2023
2024-12-06 09:00:00+00:00,5.0,2.63,2023-12-06 09:00:00+00:00,2023
2024-12-06 10:00:00+00:00,62.0,7.9,2023-12-06 10:00:00+00:00,2023
2024-12-06 11:00:00+00:00,124.0,11.44,2023-12-06 11:00:00+00:00,2023
2024-12-06 12:00:00+00:00,74.0,12.98,2023-12-06 12:00:00+00:00,2023
2024-12-06 13:00:00+00:00,48.0,12.38,2023-12-06 13:00:00+00:00,2023
2024-12-06 14:00:00+00:00,12.0,9.69,2023-12-06 14:00:00+00:00,2023
2024-12-06 15:00:00+00:00,8.0,5.14,2023-12-06 15:00:00+00:00,2023
2024-12-06 16:00:00+00:00,0.0,0.0,2023-12-06 16:00:00+00:00,2023
2024-12-06 17:00:00+00:00,0.0,0.0,2023-12-06 17:00:00+00:00,2023
2024-12-06 18:00:00+00:00,0.0,0.0,2023-12-06 18:00:00+00:00,2023
2024-12-06 19:00:00+00:00,0.0,0.0,2023-12-06 19:00:00+00:00,2023
2024-12-06 20:00:00+00:00,0.0,0.0,2023-12-06 20:00:00+00:00,2023
2024-12-06 21:00:00+00:00,0.0,0.0,2023-12-06 21:00:00+00:00,2023
2024-12-06 22:00:00+00:00,0.0,0.0,2023-12-06 22:00:00+00:00,2023
2024-12-06 23:00:00+00:00,0.0,0.0,2023-12-06 23:00:00+00:00,2023
2024-12-07 00:00:00+00:00,0.0,0.0,2023-12-07 00:00:00+00:00,2023
2024-12-07 01:00:00+00:00,0.0,0.0,2023-12-07 01:00:00+00:00,2023
2024-12-07 02:00:00+00:00,0.0,0.0,2023-12-07 02:00:00+00:00,2023
2024-12-07 03:00:00+00:00,0.0,0.0,2023-12-07 03:00:00+00:00,2023
2024-12-07 04:00:00+00:00,0.0,0.0,2023-12-07 04:00:00+00:00,2023
2024-12-07 05:00:00+00:00,0.0,0.0,2023-12-07 05:00:00+00:00,2023
2024-12-07 06:00:00+00:00,0.0,0.0,2023-12-07 06:00:00+00:00,2023
2024-12-07 07:00:00+00:00,0.0,0.0,2023-12-07 07:00:00+00:00,2023
2024-12-07 08:00:00+00:00,0.0,0.0,2023-12-07 08:00:00+00:00,2023
2024-12-07 09:00:00+00:00,5.0,2.48,2023-12-07 09:00:00+00:00,2023
2024-12-07 10:00:00+00:00,9.0,7.76,2023-12-07 10:00:00+00:00,2023
2024-12-07 11:00:00+00:00,19.0,11.31,2023-12-07 11:00:00+00:00,2023
2024-12-07 12:00:00+00:00,30.0,12.86,2023-12-07 12:00:00+00:00,2023
2024-12-07 13:00:00+00:00,68.0,12.28,2023-12-07 13:00:00+00:00,2023
2024-12-07 14:00:00+00:00,75.0,9.6,2023-12-07 14:00:00+00:00,2023
2024-12-07 15:00:00+00:00,30.32,5.07,2023-12-07 15:00:00+00:00,2023
2024-12-07 16:00:00+00:00,0.0,0.0,2023-12-07 16:00:00+00:00,2023
2024-12-07 17:00:00+00:00,0.0,0.0,2023-12-07 17:00:00+00:00,2023
2024-12-07 18:00:00+00:00,0.0,0.0,2023-12-07 18:00:00+00:00,2023
2024-12-07 19:00:00+00:00,0.0,0.0,2023-12-07 19:00:00+00:00,2023
2024-12-07 20:00:00+00:00,0.0,0.0,2023-12-07 20:00:00+00:00,2023
2024-12-07 21:00:00+00:00,0.0,0.0,2023-12-07 21:00:00+00:00,2023
2024-12-07 22:00:00+00:00,0.0,0.0,2023-12-07 22:00:00+00:00,2023
2024-12-07 23:00:00+00:00,0.0,0.0,2023-12-07 23:00:00+00:00,2023
2024-12-08 00:00:00+00:00,0.0,0.0,2023-12-08 00:00:00+00:00,2023
2024-12-08 01:00:00+00:00,0.0,0.0,2023-12-08 01:00:00+00:00,2023
2024-12-08 02:00:00+00:00,0.0,0.0,2023-12-08 02:00:00+00:00,2023
2024-12-08 03:00:00+00:00,0.0,0.0,2023-12-08 03:00:00+00:00,2023
2024-12-08 04:00:00+00:00,0.0,0.0,2023-12-08 04:00:00+00:00,2023
2024-12-08 05:00:00+00:00,0.0,0.0,2023-12-08 05:00:00+00:00,2023
2024-12-08 06:00:00+00:00,0.0,0.0,2023-12-08 06:00:00+00:00,2023
2024-12-08 07:00:00+00:00,0.0,0.0,2023-12-08 07:00:00+00:00,2023
2024-12-08 08:00:00+00:00,0.0,0.0,2023-12-08 08:00:00+00:00,2023
2024-12-08 09:00:00+00:00,2.0,2.34,2023-12-08 09:00:00+00:00,2023
2024-12-08 10:00:00+00:00,48.0,7.62,2023-12-08 10:00:00+00:00,2023
2024-12-08 11:00:00+00:00,99.0,11.19,2023-12-08 11:00:00+00:00,2023
2024-12-08 12:00:00+00:00,40.0,12.75,2023-12-08 12:00:00+00:00,2023
2024-12-08 13:00:00+00:00,40.0,12.18,2023-12-08 13:00:00+00:00,2023
2024-12-08 14:00:00+00:00,11.0,9.52,2023-12-08 14:00:00+00:00,2023
2024-12-08 15:00:00+00:00,5.0,5.01,2023-12-08 15:00:00+00:00,2023
2024-12-08 16:00:00+00:00,0.0,0.0,2023-12-08 16:00:00+00:00,2023
2024-12-08 17:00:00+00:00,0.0,0.0,2023-12-08 17:00:00+00:00,2023
2024-12-08 18:00:00+00:00,0.0,0.0,2023-12-08 18:00:00+00:00,2023
2024-12-08 19:00:00+00:00,0.0,0.0,2023-12-08 19:00:00+00:00,2023
2024-12-08 20:00:00+00:00,0.0,0.0,2023-12-08 20:00:00+00:00,2023
2024-12-08 21:00:00+00:00,0.0,0.0,2023-12-08 21:00:00+00:00,2023
2024-12-08 22:00:00+00:00,0.0,0.0,2023-12-08 22:00:00+00:00,2023
2024-12-08 23:00:00+00:00,0.0,0.0,2023-12-08 23:00:00+00:00,2023
2024-12-09 00:00:00+00:00,0.0,0.0,2023-12-09 00:00:00+00:00,2023
2024-12-09 01:00:00+00:00,0.0,0.0,2023-12-09 01:00:00+00:00,2023
2024-12-09 02:00:00+00:00,0.0,0.0,2023-12-09 02:00:00+00:00,2023
2024-12-09 03:00:00+00:00,0.0,0.0,2023-12-09 03:00:00+00:00,2023
2024-12-09 04:00:00+00:00,0.0,0.0,2023-12-09 04:00:00+00:00,2023
2024-12-09 05:00:00+00:00,0.0,0.0,2023-12-09 05:00:00+00:00,2023
2024-12-09 06:00:00+00:00,0.0,0.0,2023-12-09 06:00:00+00:00,2023
2024-12-09 07:00:00+00:00,0.0,0.0,2023-12-09 07:00:00+00:00,2023
2024-12-09 08:00:00+00:00,0.0,0.0,2023-12-09 08:00:00+00:00,2023
2024-12-09 09:00:00+00:00,2.0,2.2,2023-12-09 09:00:00+00:00,2023
2024-12-09 10:00:00+00:00,16.0,7.49,2023-12-09 10:00:00+00:00,2023
2024-12-09 11:00:00+00:00,35.0,11.07,2023-12-09 11:00:00+00:00,2023
2024-12-09 12:00:00+00:00,39.0,12.64,2023-12-09 12:00:00+00:00,2023
2024-12-09 13:00:00+00:00,21.0,12.09,2023-12-09 13:00:00+00:00,2023
2024-12-09 14:00:00+00:00,23.0,9.45,2023-12-09 14:00:00+00:00,2023
2024-12-09 15:00:00+00:00,32.05,4.95,2023-12-09 15:00:00+00:00,2023
2024-12-09 16:00:00+00:00,0.0,0.0,2023-12-09 16:00:00+00:00,2023
2024-12-09 17:00:00+00:00,0.0,0.0,2023-12-09 17:00:00+00:00,2023
2024-12-09 18:00:00+00:00,0.0,0.0,2023-12-09 18:00:00+00:00,2023
2024-12-09 19:00:00+00:00,0.0,0.0,2023-12-09 19:00:00+00:00,2023
2024-12-09 20:00:00+00:00,0.0,0.0,2023-12-09 20:00:00+00:00,2023
2024-12-09 21:00:00+00:00,0.0,0.0,2023-12-09 21:00:00+00:00,2023
2024-12-09 22:00:00+00:00,0.0,0.0,2023-12-09 22:00:00+00:00,2023
2024-12-09 23:00:00+00:00,0.0,0.0,2023-12-09 23:00:00+00:00,2023
2024-12-10 00:00:00+00:00,0.0,0.0,2023-12-10 00:00:00+00:00,2023
2024-12-10 01:00:00+00:00,0.0,0.0,2023-12-10 01:00:00+00:00,2023
2024-12-10 02:00:00+00:00,0.0,0.0,2023-12-10 02:00:00+00:00,2023
2024-12-10 03:00:00+00:00,0.0,0.0,2023-12-10 03:00:00+00:00,2023
2024-12-10 04:00:00+00:00,0.0,0.0,2023-12-10 04:00:00+00:00,2023
2024-12-10 05:00:00+00:00,0.0,0.0,2023-12-10 05:00:00+00:00,2023
2024-12-10 06:00:00+00:00,0.0,0.0,2023-12-10 06:00:00+00:00,2023
2024-12-10 07:00:00+00:00,0.0,0.0,2023-12-10 07:00:00+00:00,2023
2024-12-10 08:00:00+00:00,0.0,0.0,2023-12-10 08:00:00+00:00,2023
2024-12-10 09:00:00+00:00,1.0,2.08,2023-12-10 09:00:00+00:00,2023
2024-12-10 10:00:00+00:00,78.0,7.37,2023-12-10 10:00:00+00:00,2023
2024-12-10 11:00:00+00:00,140.01,10.95,2023-12-10 11:00:00+00:00,2023
2024-12-10 12:00:00+00:00,121.0,12.55,2023-12-10 12:00:00+00:00,2023
2024-12-10 13:00:00+00:00,15.0,12.01,2023-12-10 13:00:00+00:00,2023
2024-12-10 14:00:00+00:00,66.0,9.39,2023-12-10 14:00:00+00:00,2023
2024-12-10 15:00:00+00:00,8.0,4.9,2023-12-10 15:00:00+00:00,2023
2024-12-10 16:00:00+00:00,0.0,0.0,2023-12-10 16:00:00+00:00,2023
2024-12-10 17:00:00+00:00,0.0,0.0,2023-12-10 17:00:00+00:00,2023
2024-12-10 18:00:00+00:00,0.0,0.0,2023-12-10 18:00:00+00:00,2023
2024-12-10 19:00:00+00:00,0.0,0.0,2023-12-10 19:00:00+00:00,2023
2024-12-10 20:00:00+00:00,0.0,0.0,2023-12-10 20:00:00+00:00,2023
2024-12-10 21:00:00+00:00,0.0,0.0,2023-12-10 21:00:00+00:00,2023
2024-12-10 22:00:00+00:00,0.0,0.0,2023-12-10 22:00:00+00:00,2023
2024-12-10 23:00:00+00:00,0.0,0.0,2023-12-10 23:00:00+00:00,2023
2024-12-11 00:00:00+00:00,0.0,0.0,2023-12-11 00:00:00+00:00,2023
2024-12-11 01:00:00+00:00,0.0,0.0,2023-12-11 01:00:00+00:00,2023
2024-12-11 02:00:00+00:00,0.0,0.0,2023-12-11 02:00:00+00:00,2023
2024-12-11 03:00:00+00:00,0.0,0.0,2023-12-11 03:00:00+00:00,2023
2024-12-11 04:00:00+00:00,0.0,0.0,2023-12-11 04:00:00+00:00,2023
2024-12-11 05:00:00+00:00,0.0,0.0,2023-12-11 05:00:00+00:00,2023
2024-12-11 06:00:00+00:00,0.0,0.0,2023-12-11 06:00:00+00:00,2023
2024-12-11 07:00:00+00:00,0.0,0.0,2023-12-11 07:00:00+00:00,2023
2024-12-11 08:00:00+00:00,0.0,0.0,2023-12-11 08:00:00+00:00,2023
2024-12-11 09:00:00+00:00,2.0,1.95,2023-12-11 09:00:00+00:00,2023
2024-12-11 10:00:00+00:00,42.0,7.25,2023-12-11 10:00:00+00:00,2023
2024-12-11 11:00:00+00:00,93.0,10.85,2023-12-11 11:00:00+00:00,2023
2024-12-11 12:00:00+00:00,124.0,12.45,2023-12-11 12:00:00+00:00,2023
2024-12-11 13:00:00+00:00,95.0,11.93,2023-12-11 13:00:00+00:00,2023
2024-12-11 14:00:00+00:00,69.0,9.33,2023-12-11 14:00:00+00:00,2023
2024-12-11 15:00:00+00:00,12.0,4.86,2023-12-11 15:00:00+00:00,2023
2024-12-11 16:00:00+00:00,0.0,0.0,2023-12-11 16:00:00+00:00,2023
2024-12-11 17:00:00+00:00,0.0,0.0,2023-12-11 17:00:00+00:00,2023
2024-12-11 18:00:00+00:00,0.0,0.0,2023-12-11 18:00:00+00:00,2023
2024-12-11 19:00:00+00:00,0.0,0.0,2023-12-11 19:00:00+00:00,2023
2024-12-11 20:00:00+00:00,0.0,0.0,2023-12-11 20:00:00+00:00,2023
2024-12-11 21:00:00+00:00,0.0,0.0,2023-12-11 21:00:00+00:00,2023
2024-12-11 22:00:00+00:00,0.0,0.0,2023-12-11 22:00:00+00:00,2023
2024-12-11 23:00:00+00:00,0.0,0.0,2023-12-11 23:00:00+00:00,2023
2024-12-12 00:00:00+00:00,0.0,0.0,2023-12-12 00:00:00+00:00,2023
2024-12-12 01:00:00+00:00,0.0,0.0,2023-12-12 01:00:00+00:00,2023
2024-12-12 02:00:00+00:00,0.0,0.0,2023-12-12 02:00:00+00:00,2023
2024-12-12 03:00:00+00:00,0.0,0.0,2023-12-12 03:00:00+00:00,2023
2024-12-12 04:00:00+00:00,0.0,0.0,2023-12-12 04:00:00+00:00,2023
2024-12-12 05:00:00+00:00,0.0,0.0,2023-12-12 05:00:00+00:00,2023
2024-12-12 06:00:00+00:00,0.0,0.0,2023-12-12 06:00:00+00:00,2023
2024-12-12 07:00:00+00:00,0.0,0.0,2023-12-12 07:00:00+00:00,2023
2024-12-12 08:00:00+00:00,0.0,0.0,2023-12-12 08:00:00+00:00,2023
2024-12-12 09:00:00+00:00,1.0,1.84,2023-12-12 09:00:00+00:00,2023
2024-12-12 10:00:00+00:00,31.0,7.15,2023-12-12 10:00:00+00:00,2023
2024-12-12 11:00:00+00:00,90.0,10.75,2023-12-12 11:00:00+00:00,2023
2024-12-12 12:00:00+00:00,23.0,12.37,2023-12-12 12:00:00+00:00,2023
2024-12-12 13:00:00+00:00,27.0,11.86,2023-12-12 13:00:00+00:00,2023
2024-12-12 14:00:00+00:00,11.0,9.28,2023-12-12 14:00:00+00:00,2023
2024-12-12 15:00:00+00:00,10.0,4.82,2023-12-12 15:00:00+00:00,2023
2024-12-12 16:00:00+00:00,0.0,0.0,2023-12-12 16:00:00+00:00,2023
2024-12-12 17:00:00+00:00,0.0,0.0,2023-12-12 17:00:00+00:00,2023
2024-12-12 18:00:00+00:00,0.0,0.0,2023-12-12 18:00:00+00:00,2023
2024-12-12 19:00:00+00:00,0.0,0.0,2023-12-12 19:00:00+00:00,2023
2024-12-12 20:00:00+00:00,0.0,0.0,2023-12-12 20:00:00+00:00,2023
2024-12-12 21:00:00+00:00,0.0,0.0,2023-12-12 21:00:00+00:00,2023
2024-12-12 22:00:00+00:00,0.0,0.0,2023-12-12 22:00:00+00:00,2023
2024-12-12 23:00:00+00:00,0.0,0.0,2023-12-12 23:00:00+00:00,2023
2024-12-13 00:00:00+00:00,0.0,0.0,2023-12-13 00:00:00+00:00,2023
2024-12-13 01:00:00+00:00,0.0,0.0,2023-12-13 01:00:00+00:00,2023
2024-12-13 02:00:00+00:00,0.0,0.0,2023-12-13 02:00:00+00:00,2023
2024-12-13 03:00:00+00:00,0.0,0.0,2023-12-13 03:00:00+00:00,2023
2024-12-13 04:00:00+00:00,0.0,0.0,2023-12-13 04:00:00+00:00,2023
2024-12-13 05:00:00+00:00,0.0,0.0,2023-12-13 05:00:00+00:00,2023
2024-12-13 06:00:00+00:00,0.0,0.0,2023-12-13 06:00:00+00:00,2023
2024-12-13 07:00:00+00:00,0.0,0.0,2023-12-13 07:00:00+00:00,2023
2024-12-13 08:00:00+00:00,0.0,0.0,2023-12-13 08:00:00+00:00,2023
2024-12-13 09:00:00+00:00,1.0,1.73,2023-12-13 09:00:00+00:00,2023
2024-12-13 10:00:00+00:00,46.0,7.04,2023-12-13 10:00:00+00:00,2023
2024-12-13 11:00:00+00:00,45.0,10.66,2023-12-13 11:00:00+00:00,2023
2024-12-13 12:00:00+00:00,151.01,12.29,2023-12-13 12:00:00+00:00,2023
2024-12-13 13:00:00+00:00,111.0,11.8,2023-12-13 13:00:00+00:00,2023
2024-12-13 14:00:00+00:00,84.0,9.23,2023-12-13 14:00:00+00:00,2023
2024-12-13 15:00:00+00:00,17.0,4.8,2023-12-13 15:00:00+00:00,2023
2024-12-13 16:00:00+00:00,0.0,0.0,2023-12-13 16:00:00+00:00,2023
2024-12-13 17:00:00+00:00,0.0,0.0,2023-12-13 17:00:00+00:00,2023
2024-12-13 18:00:00+00:00,0.0,0.0,2023-12-13 18:00:00+00:00,2023
2024-12-13 19:00:00+00:00,0.0,0.0,2023-12-13 19:00:00+00:00,2023
2024-12-13 20:00:00+00:00,0.0,0.0,2023-12-13 20:00:00+00:00,2023
2024-12-13 21:00:00+00:00,0.0,0.0,2023-12-13 21:00:00+00:00,2023
2024-12-13 22:00:00+00:00,0.0,0.0,2023-12-13 22:00:00+00:00,2023
2024-12-13 23:00:00+00:00,0.0,0.0,2023-12-13 23:00:00+00:00,2023
2024-12-14 00:00:00+00:00,0.0,0.0,2023-12-14 00:00:00+00:00,2023
2024-12-14 01:00:00+00:00,0.0,0.0,2023-12-14 01:00:00+00:00,2023
2024-12-14 02:00:00+00:00,0.0,0.0,2023-12-14 02:00:00+00:00,2023
2024-12-14 03:00:00+00:00,0.0,0.0,2023-12-14 03:00:00+00:00,2023
2024-12-14 04:00:00+00:00,0.0,0.0,2023-12-14 04:00:00+00:00,2023
2024-12-14 05:00:00+00:00,0.0,0.0,2023-12-14 05:00:00+00:00,2023
2024-12-14 06:00:00+00:00,0.0,0.0,2023-12-14 06:00:00+00:00,2023
2024-12-14 07:00:00+00:00,0.0,0.0,2023-12-14 07:00:00+00:00,2023
2024-12-14 08:00:00+00:00,0.0,0.0,2023-12-14 08:00:00+00:00,2023
2024-12-14 09:00:00+00:00,1.0,1.62,2023-12-14 09:00:00+00:00,2023
2024-12-14 10:00:00+00:00,19.0,6.95,2023-12-14 10:00:00+00:00,2023
2024-12-14 11:00:00+00:00,39.0,10.58,2023-12-14 11:00:00+00:00,2023
2024-12-14 12:00:00+00:00,112.0,12.23,2023-12-14 12:00:00+00:00,2023
2024-12-14 13:00:00+00:00,62.0,11.75,2023-12-14 13:00:00+00:00,2023
2024-12-14 14:00:00+00:00,19.0,9.2,2023-12-14 14:00:00+00:00,2023
2024-12-14 15:00:00+00:00,11.0,4.78,2023-12-14 15:00:00+00:00,2023
2024-12-14 16:00:00+00:00,0.0,0.0,2023-12-14 16:00:00+00:00,2023
2024-12-14 17:00:00+00:00,0.0,0.0,2023-12-14 17:00:00+00:00,2023
2024-12-14 18:00:00+00:00,0.0,0.0,2023-12-14 18:00:00+00:00,2023
2024-12-14 19:00:00+00:00,0.0,0.0,2023-12-14 19:00:00+00:00,2023
2024-12-14 20:00:00+00:00,0.0,0.0,2023-12-14 20:00:00+00:00,2023
2024-12-14 21:00:00+00:00,0.0,0.0,2023-12-14 21:00:00+00:00,2023
2024-12-14 22:00:00+00:00,0.0,0.0,2023-12-14 22:00:00+00:00,2023
2024-12-14 23:00:00+00:00,0.0,0.0,2023-12-14 23:00:00+00:00,2023
2024-12-15 00:00:00+00:00,0.0,0.0,2023-12-15 00:00:00+00:00,2023
2024-12-15 01:00:00+00:00,0.0,0.0,2023-12-15 01:00:00+00:00,2023
2024-12-15 02:00:00+00:00,0.0,0.0,2023-12-15 02:00:00+00:00,2023
2024-12-15 03:00:00+00:00,0.0,0.0,2023-12-15 03:00:00+00:00,2023
2024-12-15 04:00:00+00:00,0.0,0.0,2023-12-15 04:00:00+00:00,2023
2024-12-15 05:00:00+00:00,0.0,0.0,2023-12-15 05:00:00+00:00,2023
2024-12-15 06:00:00+00:00,0.0,0.0,2023-12-15 06:00:00+00:00,2023
2024-12-15 07:00:00+00:00,0.0,0.0,2023-12-15 07:00:00+00:00,2023
2024-12-15 08:00:00+00:00,0.0,0.0,2023-12-15 08:00:00+00:00,2023
2024-12-15 09:00:00+00:00,3.0,1.53,2023-12-15 09:00:00+00:00,2023
2024-12-15 10:00:00+00:00,46.0,6.86,2023-12-15 10:00:00+00:00,2023
2024-12-15 11:00:00+00:00,102.0,10.5,2023-12-15 11:00:00+00:00,2023
2024-12-15 12:00:00+00:00,32.0,12.16,2023-12-15 12:00:00+00:00,2023
2024-12-15 13:00:00+00:00,54.0,11.71,2023-12-15 13:00:00+00:00,2023
2024-12-15 14:00:00+00:00,25.0,9.17,2023-12-15 14:00:00+00:00,2023
2024-12-15 15:00:00+00:00,20.0,4.76,2023-12-15 15:00:00+00:00,2023
2024-12-15 16:00:00+00:00,0.0,0.0,2023-12-15 16:00:00+00:00,2023
2024-12-15 17:00:00+00:00,0.0,0.0,2023-12-15 17:00:00+00:00,2023
2024-12-15 18:00:00+00:00,0.0,0.0,2023-12-15 18:00:00+00:00,2023
2024-12-15 19:00:00+00:00,0.0,0.0,2023-12-15 19:00:00+00:00,2023
2024-12-15 20:00:00+00:00,0.0,0.0,2023-12-15 20:00:00+00:00,2023
2024-12-15 21:00:00+00:00,0.0,0.0,2023-12-15 21:00:00+00:00,2023
2024-12-15 22:00:00+00:00,0.0,0.0,2023-12-15 22:00:00+00:00,2023
2024-12-15 23:00:00+00:00,0.0,0.0,2023-12-15 23:00:00+00:00,2023
2024-12-16 00:00:00+00:00,0.0,0.0,2023-12-16 00:00:00+00:00,2023
2024-12-16 01:00:00+00:00,0.0,0.0,2023-12-16 01:00:00+00:00,2023
2024-12-16 02:00:00+00:00,0.0,0.0,2023-12-16 02:00:00+00:00,2023
2024-12-16 03:00:00+00:00,0.0,0.0,2023-12-16 03:00:00+00:00,2023
2024-12-16 04:00:00+00:00,0.0,0.0,2023-12-16 04:00:00+00:00,2023
2024-12-16 05:00:00+00:00,0.0,0.0,2023-12-16 05:00:00+00:00,2023
2024-12-16 06:00:00+00:00,0.0,0.0,2023-12-16 06:00:00+00:00,2023
2024-12-16 07:00:00+00:00,0.0,0.0,2023-12-16 07:00:00+00:00,2023
2024-12-16 08:00:00+00:00,0.0,0.0,2023-12-16 08:00:00+00:00,2023
2024-12-16 09:00:00+00:00,1.0,1.44,2023-12-16 09:00:00+00:00,2023
2024-12-16 10:00:00+00:00,39.0,6.78,2023-12-16 10:00:00+00:00,2023
2024-12-16 11:00:00+00:00,23.0,10.43,2023-12-16 11:00:00+00:00,2023
2024-12-16 12:00:00+00:00,60.0,12.11,2023-12-16 12:00:00+00:00,2023
2024-12-16 13:00:00+00:00,22.0,11.67,2023-12-16 13:00:00+00:00,2023
2024-12-16 14:00:00+00:00,22.0,9.15,2023-12-16 14:00:00+00:00,2023
2024-12-16 15:00:00+00:00,16.0,4.76,2023-12-16 15:00:00+00:00,2023
2024-12-16 16:00:00+00:00,0.0,0.0,2023-12-16 16:00:00+00:00,2023
2024-12-16 17:00:00+00:00,0.0,0.0,2023-12-16 17:00:00+00:00,2023
2024-12-16 18:00:00+00:00,0.0,0.0,2023-12-16 18:00:00+00:00,2023
2024-12-16 19:00:00+00:00,0.0,0.0,2023-12-16 19:00:00+00:00,2023
2024-12-16 20:00:00+00:00,0.0,0.0,2023-12-16 20:00:00+00:00,2023
2024-12-16 21:00:00+00:00,0.0,0.0,2023-12-16 21:00:00+00:00,2023
2024-12-16 22:00:00+00:00,0.0,0.0,2023-12-16 22:00:00+00:00,2023
2024-12-16 23:00:00+00:00,0.0,0.0,2023-12-16 23:00:00+00:00,2023
2024-12-17 00:00:00+00:00,0.0,0.0,2023-12-17 00:00:00+00:00,2023
2024-12-17 01:00:00+00:00,0.0,0.0,2023-12-17 01:00:00+00:00,2023
2024-12-17 02:00:00+00:00,0.0,0.0,2023-12-17 02:00:00+00:00,2023
2024-12-17 03:00:00+00:00,0.0,0.0,2023-12-17 03:00:00+00:00,2023
2024-12-17 04:00:00+00:00,0.0,0.0,2023-12-17 04:00:00+00:00,2023
2024-12-17 05:00:00+00:00,0.0,0.0,2023-12-17 05:00:00+00:00,2023
2024-12-17 06:00:00+00:00,0.0,0.0,2023-12-17 06:00:00+00:00,2023
2024-12-17 07:00:00+00:00,0.0,0.0,2023-12-17 07:00:00+00:00,2023
2024-12-17 08:00:00+00:00,0.0,0.0,2023-12-17 08:00:00+00:00,2023
2024-12-17 09:00:00+00:00,0.0,0.0,2023-12-17 09:00:00+00:00,2023
2024-12-17 10:00:00+00:00,16.0,6.71,2023-12-17 10:00:00+00:00,2023
2024-12-17 11:00:00+00:00,18.0,10.37,2023-12-17 11:00:00+00:00,2023
2024-12-17 12:00:00+00:00,46.0,12.06,2023-12-17 12:00:00+00:00,2023
2024-12-17 13:00:00+00:00,14.0,11.64,2023-12-17 13:00:00+00:00,2023
2024-12-17 14:00:00+00:00,12.0,9.14,2023-12-17 14:00:00+00:00,2023
2024-12-17 15:00:00+00:00,4.0,4.76,2023-12-17 15:00:00+00:00,2023
2024-12-17 16:00:00+00:00,0.0,0.0,2023-12-17 16:00:00+00:00,2023
2024-12-17 17:00:00+00:00,0.0,0.0,2023-12-17 17:00:00+00:00,2023
2024-12-17 18:00:00+00:00,0.0,0.0,2023-12-17 18:00:00+00:00,2023
2024-12-17 19:00:00+00:00,0.0,0.0,2023-12-17 19:00:00+00:00,2023
2024-12-17 20:00:00+00:00,0.0,0.0,2023-12-17 20:00:00+00:00,2023
2024-12-17 21:00:00+00:00,0.0,0.0,2023-12-17 21:00:00+00:00,2023
2024-12-17 22:00:00+00:00,0.0,0.0,2023-12-17 22:00:00+00:00,2023
2024-12-17 23:00:00+00:00,0.0,0.0,2023-12-17 23:00:00+00:00,2023
2024-12-18 00:00:00+00:00,0.0,0.0,2023-12-18 00:00:00+00:00,2023
2024-12-18 01:00:00+00:00,0.0,0.0,2023-12-18 01:00:00+00:00,2023
2024-12-18 02:00:00+00:00,0.0,0.0,2023-12-18 02:00:00+00:00,2023
2024-12-18 03:00:00+00:00,0.0,0.0,2023-12-18 03:00:00+00:00,2023
2024-12-18 04:00:00+00:00,0.0,0.0,2023-12-18 04:00:00+00:00,2023
2024-12-18 05:00:00+00:00,0.0,0.0,2023-12-18 05:00:00+00:00,2023
2024-12-18 06:00:00+00:00,0.0,0.0,2023-12-18 06:00:00+00:00,2023
2024-12-18 07:00:00+00:00,0.0,0.0,2023-12-18 07:00:00+00:00,2023
2024-12-18 08:00:00+00:00,0.0,0.0,2023-12-18 08:00:00+00:00,2023
2024-12-18 09:00:00+00:00,0.0,0.0,2023-12-18 09:00:00+00:00,2023
2024-12-18 10:00:00+00:00,16.0,6.64,2023-12-18 10:00:00+00:00,2023
2024-12-18 11:00:00+00:00,91.0,10.32,2023-12-18 11:00:00+00:00,2023
2024-12-18 12:00:00+00:00,94.0,12.03,2023-12-18 12:00:00+00:00,2023
2024-12-18 13:00:00+00:00,58.0,11.62,2023-12-18 13:00:00+00:00,2023
2024-12-18 14:00:00+00:00,43.0,9.13,2023-12-18 14:00:00+00:00,2023
2024-12-18 15:00:00+00:00,13.0,4.77,2023-12-18 15:00:00+00:00,2023
2024-12-18 16:00:00+00:00,0.0,0.0,2023-12-18 16:00:00+00:00,2023
2024-12-18 17:00:00+00:00,0.0,0.0,2023-12-18 17:00:00+00:00,2023
2024-12-18 18:00:00+00:00,0.0,0.0,2023-12-18 18:00:00+00:00,2023
2024-12-18 19:00:00+00:00,0.0,0.0,2023-12-18 19:00:00+00:00,2023
2024-12-18 20:00:00+00:00,0.0,0.0,2023-12-18 20:00:00+00:00,2023
2024-12-18 21:00:00+00:00,0.0,0.0,2023-12-18 21:00:00+00:00,2023
2024-12-18 22:00:00+00:00,0.0,0.0,2023-12-18 22:00:00+00:00,2023
2024-12-18 23:00:00+00:00,0.0,0.0,2023-12-18 23:00:00+00:00,2023
2024-12-19 00:00:00+00:00,0.0,0.0,2023-12-19 00:00:00+00:00,2023
2024-12-19 01:00:00+00:00,0.0,0.0,2023-12-19 01:00:00+00:00,2023
2024-12-19 02:00:00+00:00,0.0,0.0,2023-12-19 02:00:00+00:00,2023
2024-12-19 03:00:00+00:00,0.0,0.0,2023-12-19 03:00:00+00:00,2023
2024-12-19 04:00:00+00:00,0.0,0.0,2023-12-19 04:00:00+00:00,2023
2024-12-19 05:00:00+00:00,0.0,0.0,2023-12-19 05:00:00+00:00,2023
2024-12-19 06:00:00+00:00,0.0,0.0,2023-12-19 06:00:00+00:00,2023
2024-12-19 07:00:00+00:00,0.0,0.0,2023-12-19 07:00:00+00:00,2023
2024-12-19 08:00:00+00:00,0.0,0.0,2023-12-19 08:00:00+00:00,2023
2024-12-19 09:00:00+00:00,0.0,0.0,2023-12-19 09:00:00+00:00,2023
2024-12-19 10:00:00+00:00,42.0,6.58,2023-12-19 10:00:00+00:00,2023
2024-12-19 11:00:00+00:00,87.0,10.27,2023-12-19 11:00:00+00:00,2023
2024-12-19 12:00:00+00:00,134.0,11.99,2023-12-19 12:00:00+00:00,2023
2024-12-19 13:00:00+00:00,158.01,11.6,2023-12-19 13:00:00+00:00,2023
2024-12-19 14:00:00+00:00,42.0,9.13,2023-12-19 14:00:00+00:00,2023
2024-12-19 15:00:00+00:00,16.0,4.79,2023-12-19 15:00:00+00:00,2023
2024-12-19 16:00:00+00:00,0.0,0.0,2023-12-19 16:00:00+00:00,2023
2024-12-19 17:00:00+00:00,0.0,0.0,2023-12-19 17:00:00+00:00,2023
2024-12-19 18:00:00+00:00,0.0,0.0,2023-12-19 18:00:00+00:00,2023
2024-12-19 19:00:00+00:00,0.0,0.0,2023-12-19 19:00:00+00:00,2023
2024-12-19 20:00:00+00:00,0.0,0.0,2023-12-19 20:00:00+00:00,2023
2024-12-19 21:00:00+00:00,0.0,0.0,2023-12-19 21:00:00+00:00,2023
2024-12-19 22:00:00+00:00,0.0,0.0,2023-12-19 22:00:00+00:00,2023
2024-12-19 23:00:00+00:00,0.0,0.0,2023-12-19 23:00:00+00:00,2023
2024-12-20 00:00:00+00:00,0.0,0.0,2023-12-20 00:00:00+00:00,2023
2024-12-20 01:00:00+00:00,0.0,0.0,2023-12-20 01:00:00+00:00,2023
2024-12-20 02:00:00+00:00,0.0,0.0,2023-12-20 02:00:00+00:00,2023
2024-12-20 03:00:00+00:00,0.0,0.0,2023-12-20 03:00:00+00:00,2023
2024-12-20 04:00:00+00:00,0.0,0.0,2023-12-20 04:00:00+00:00,2023
2024-12-20 05:00:00+00:00,0.0,0.0,2023-12-20 05:00:00+00:00,2023
2024-12-20 06:00:00+00:00,0.0,0.0,2023-12-20 06:00:00+00:00,2023
2024-12-20 07:00:00+00:00,0.0,0.0,2023-12-20 07:00:00+00:00,2023
2024-12-20 08:00:00+00:00,0.0,0.0,2023-12-20 08:00:00+00:00,2023
2024-12-20 09:00:00+00:00,0.0,0.0,2023-12-20 09:00:00+00:00,2023
2024-12-20 10:00:00+00:00,12.0,6.53,2023-12-20 10:00:00+00:00,2023
2024-12-20 11:00:00+00:00,24.0,10.23,2023-12-20 11:00:00+00:00,2023
2024-12-20 12:00:00+00:00,51.0,11.97,2023-12-20 12:00:00+00:00,2023
2024-12-20 13:00:00+00:00,43.0,11.6,2023-12-20 13:00:00+00:00,2023
2024-12-20 14:00:00+00:00,20.0,9.14,2023-12-20 14:00:00+00:00,2023
2024-12-20 15:00:00+00:00,5.0,4.81,2023-12-20 15:00:00+00:00,2023
2024-12-20 16:00:00+00:00,0.0,0.0,2023-12-20 16:00:00+00:00,2023
2024-12-20 17:00:00+00:00,0.0,0.0,2023-12-20 17:00:00+00:00,2023
2024-12-20 18:00:00+00:00,0.0,0.0,2023-12-20 18:00:00+00:00,2023
2024-12-20 19:00:00+00:00,0.0,0.0,2023-12-20 19:00:00+00:00,2023
2024-12-20 20:00:00+00:00,0.0,0.0,2023-12-20 20:00:00+00:00,2023
2024-12-20 21:00:00+00:00,0.0,0.0,2023-12-20 21:00:00+00:00,2023
2024-12-20 22:00:00+00:00,0.0,0.0,2023-12-20 22:00:00+00:00,2023
2024-12-20 23:00:00+00:00,0.0,0.0,2023-12-20 23:00:00+00:00,2023
2024-12-21 00:00:00+00:00,0.0,0.0,2023-12-21 00:00:00+00:00,2023
2024-12-21 01:00:00+00:00,0.0,0.0,2023-12-21 01:00:00+00:00,2023
2024-12-21 02:00:00+00:00,0.0,0.0,2023-12-21 02:00:00+00:00,2023
2024-12-21 03:00:00+00:00,0.0,0.0,2023-12-21 03:00:00+00:00,2023
2024-12-21 04:00:00+00:00,0.0,0.0,2023-12-21 04:00:00+00:00,2023
2024-12-21 05:00:00+00:00,0.0,0.0,2023-12-21 05:00:00+00:00,2023
2024-12-21 06:00:00+00:00,0.0,0.0,2023-12-21 06:00:00+00:00,2023
2024-12-21 07:00:00+00:00,0.0,0.0,2023-12-21 07:00:00+00:00,2023
2024-12-21 08:00:00+00:00,0.0,0.0,2023-12-21 08:00:00+00:00,2023
2024-12-21 09:00:00+00:00,0.0,0.0,2023-12-21 09:00:00+00:00,2023
2024-12-21 10:00:00+00:00,14.0,6.48,2023-12-21 10:00:00+00:00,2023
2024-12-21 11:00:00+00:00,18.0,10.2,2023-12-21 11:00:00+00:00,2023
2024-12-21 12:00:00+00:00,51.0,11.96,2023-12-21 12:00:00+00:00,2023
2024-12-21 13:00:00+00:00,44.0,11.6,2023-12-21 13:00:00+00:00,2023
2024-12-21 14:00:00+00:00,27.0,9.16,2023-12-21 14:00:00+00:00,2023
2024-12-21 15:00:00+00:00,18.0,4.84,2023-12-21 15:00:00+00:00,2023
2024-12-21 16:00:00+00:00,0.0,0.0,2023-12-21 16:00:00+00:00,2023
2024-12-21 17:00:00+00:00,0.0,0.0,2023-12-21 17:00:00+00:00,2023
2024-12-21 18:00:00+00:00,0.0,0.0,2023-12-21 18:00:00+00:00,2023
2024-12-21 19:00:00+00:00,0.0,0.0,2023-12-21 19:00:00+00:00,2023
2024-12-21 20:00:00+00:00,0.0,0.0,2023-12-21 20:00:00+00:00,2023
2024-12-21 21:00:00+00:00,0.0,0.0,2023-12-21 21:00:00+00:00,2023
2024-12-21 22:00:00+00:00,0.0,0.0,2023-12-21 22:00:00+00:00,2023
2024-12-21 23:00:00+00:00,0.0,0.0,2023-12-21 23:00:00+00:00,2023
2024-12-22 00:00:00+00:00,0.0,0.0,2023-12-22 00:00:00+00:00,2023
2024-12-22 01:00:00+00:00,0.0,0.0,2023-12-22 01:00:00+00:00,2023
2024-12-22 02:00:00+00:00,0.0,0.0,2023-12-22 02:00:00+00:00,2023
2024-12-22 03:00:00+00:00,0.0,0.0,2023-12-22 03:00:00+00:00,2023
2024-12-22 04:00:00+00:00,0.0,0.0,2023-12-22 04:00:00+00:00,2023
2024-12-22 05:00:00+00:00,0.0,0.0,2023-12-22 05:00:00+00:00,2023
2024-12-22 06:00:00+00:00,0.0,0.0,2023-12-22 06:00:00+00:00,2023
2024-12-22 07:00:00+00:00,0.0,0.0,2023-12-22 07:00:00+00:00,2023
2024-12-22 08:00:00+00:00,0.0,0.0,2023-12-22 08:00:00+00:00,2023
2024-12-22 09:00:00+00:00,0.0,0.0,2023-12-22 09:00:00+00:00,2023
2024-12-22 10:00:00+00:00,10.0,6.44,2023-12-22 10:00:00+00:00,2023
2024-12-22 11:00:00+00:00,33.0,10.18,2023-12-22 11:00:00+00:00,2023
2024-12-22 12:00:00+00:00,19.0,11.95,2023-12-22 12:00:00+00:00,2023
2024-12-22 13:00:00+00:00,35.0,11.61,2023-12-22 13:00:00+00:00,2023
2024-12-22 14:00:00+00:00,21.0,9.18,2023-12-22 14:00:00+00:00,2023
2024-12-22 15:00:00+00:00,8.0,4.88,2023-12-22 15:00:00+00:00,2023
2024-12-22 16:00:00+00:00,0.0,0.0,2023-12-22 16:00:00+00:00,2023
2024-12-22 17:00:00+00:00,0.0,0.0,2023-12-22 17:00:00+00:00,2023
2024-12-22 18:00:00+00:00,0.0,0.0,2023-12-22 18:00:00+00:00,2023
2024-12-22 19:00:00+00:00,0.0,0.0,2023-12-22 19:00:00+00:00,2023
2024-12-22 20:00:00+00:00,0.0,0.0,2023-12-22 20:00:00+00:00,2023
2024-12-22 21:00:00+00:00,0.0,0.0,2023-12-22 21:00:00+00:00,2023
2024-12-22 22:00:00+00:00,0.0,0.0,2023-12-22 22:00:00+00:00,2023
2024-12-22 23:00:00+00:00,0.0,0.0,2023-12-22 23:00:00+00:00,2023
2024-12-23 00:00:00+00:00,0.0,0.0,2023-12-23 00:00:00+00:00,2023
2024-12-23 01:00:00+00:00,0.0,0.0,2023-12-23 01:00:00+00:00,2023
2024-12-23 02:00:00+00:00,0.0,0.0,2023-12-23 02:00:00+00:00,2023
2024-12-23 03:00:00+00:00,0.0,0.0,2023-12-23 03:00:00+00:00,2023
2024-12-23 04:00:00+00:00,0.0,0.0,2023-12-23 04:00:00+00:00,2023
2024-12-23 05:00:00+00:00,0.0,0.0,2023-12-23 05:00:00+00:00,2023
2024-12-23 06:00:00+00:00,0.0,0.0,2023-12-23 06:00:00+00:00,2023
2024-12-23 07:00:00+00:00,0.0,0.0,2023-12-23 07:00:00+00:00,2023
2024-12-23 08:00:00+00:00,0.0,0.0,2023-12-23 08:00:00+00:00,2023
2024-12-23 09:00:00+00:00,0.0,0.0,2023-12-23 09:00:00+00:00,2023
2024-12-23 10:00:00+00:00,10.0,6.41,2023-12-23 10:00:00+00:00,2023
2024-12-23 11:00:00+00:00,50.0,10.16,2023-12-23 11:00:00+00:00,2023
2024-12-23 12:00:00+00:00,29.0,11.95,2023-12-23 12:00:00+00:00,2023
2024-12-23 13:00:00+00:00,21.0,11.62,2023-12-23 13:00:00+00:00,2023
2024-12-23 14:00:00+00:00,19.0,9.22,2023-12-23 14:00:00+00:00,2023
2024-12-23 15:00:00+00:00,24.8,4.93,2023-12-23 15:00:00+00:00,2023
2024-12-23 16:00:00+00:00,0.0,0.0,2023-12-23 16:00:00+00:00,2023
2024-12-23 17:00:00+00:00,0.0,0.0,2023-12-23 17:00:00+00:00,2023
2024-12-23 18:00:00+00:00,0.0,0.0,2023-12-23 18:00:00+00:00,2023
2024-12-23 19:00:00+00:00,0.0,0.0,2023-12-23 19:00:00+00:00,2023
2024-12-23 20:00:00+00:00,0.0,0.0,2023-12-23 20:00:00+00:00,2023
2024-12-23 21:00:00+00:00,0.0,0.0,2023-12-23 21:00:00+00:00,2023
2024-12-23 22:00:00+00:00,0.0,0.0,2023-12-23 22:00:00+00:00,2023
2024-12-23 23:00:00+00:00,0.0,0.0,2023-12-23 23:00:00+00:00,2023
2024-12-24 00:00:00+00:00,0.0,0.0,2023-12-24 00:00:00+00:00,2023
2024-12-24 01:00:00+00:00,0.0,0.0,2023-12-24 01:00:00+00:00,2023
2024-12-24 02:00:00+00:00,0.0,0.0,2023-12-24 02:00:00+00:00,2023
2024-12-24 03:00:00+00:00,0.0,0.0,2023-12-24 03:00:00+00:00,2023
2024-12-24 04:00:00+00:00,0.0,0.0,2023-12-24 04:00:00+00:00,2023
2024-12-24 05:00:00+00:00,0.0,0.0,2023-12-24 05:00:00+00:00,2023
2024-12-24 06:00:00+00:00,0.0,0.0,2023-12-24 06:00:00+00:00,2023
2024-12-24 07:00:00+00:00,0.0,0.0,2023-12-24 07:00:00+00:00,2023
2024-12-24 08:00:00+00:00,0.0,0.0,2023-12-24 08:00:00+00:00,2023
2024-12-24 09:00:00+00:00,0.0,0.0,2023-12-24 09:00:00+00:00,2023
2024-12-24 10:00:00+00:00,30.0,6.39,2023-12-24 10:00:00+00:00,2023
2024-12-24 11:00:00+00:00,118.0,10.15,2023-12-24 11:00:00+00:00,2023
2024-12-24 12:00:00+00:00,109.0,11.96,2023-12-24 12:00:00+00:00,2023
2024-12-24 13:00:00+00:00,63.0,11.65,2023-12-24 13:00:00+00:00,2023
2024-12-24 14:00:00+00:00,21.0,9.26,2023-12-24 14:00:00+00:00,2023
2024-12-24 15:00:00+00:00,8.0,4.98,2023-12-24 15:00:00+00:00,2023
2024-12-24 16:00:00+00:00,0.0,0.0,2023-12-24 16:00:00+00:00,2023
2024-12-24 17:00:00+00:00,0.0,0.0,2023-12-24 17:00:00+00:00,2023
2024-12-24 18:00:00+00:00,0.0,0.0,2023-12-24 18:00:00+00:00,2023
2024-12-24 19:00:00+00:00,0.0,0.0,2023-12-24 19:00:00+00:00,2023
2024-12-24 20:00:00+00:00,0.0,0.0,2023-12-24 20:00:00+00:00,2023
2024-12-24 21:00:00+00:00,0.0,0.0,2023-12-24 21:00:00+00:00,2023
2024-12-24 22:00:00+00:00,0.0,0.0,2023-12-24 22:00:00+00:00,2023
2024-12-24 23:00:00+00:00,0.0,0.0,2023-12-24 23:00:00+00:00,2023
2024-12-25 00:00:00+00:00,0.0,0.0,2023-12-25 00:00:00+00:00,2023
2024-12-25 01:00:00+00:00,0.0,0.0,2023-12-25 01:00:00+00:00,2023
2024-12-25 02:00:00+00:00,0.0,0.0,2023-12-25 02:00:00+00:00,2023
2024-12-25 03:00:00+00:00,0.0,0.0,2023-12-25 03:00:00+00:00,2023
2024-12-25 04:00:00+00:00,0.0,0.0,2023-12-25 04:00:00+00:00,2023
2024-12-25 05:00:00+00:00,0.0,0.0,2023-12-25 05:00:00+00:00,2023
2024-12-25 06:00:00+00:00,0.0,0.0,2023-12-25 06:00:00+00:00,2023
2024-12-25 07:00:00+00:00,0.0,0.0,2023-12-25 07:00:00+00:00,2023
2024-12-25 08:00:00+00:00,0.0,0.0,2023-12-25 08:00:00+00:00,2023
2024-12-25 09:00:00+00:00,0.0,0.0,2023-12-25 09:00:00+00:00,2023
2024-12-25 10:00:00+00:00,16.0,6.37,2023-12-25 10:00:00+00:00,2023
2024-12-25 11:00:00+00:00,40.0,10.15,2023-12-25 11:00:00+00:00,2023
2024-12-25 12:00:00+00:00,139.0,11.97,2023-12-25 12:00:00+00:00,2023
2024-12-25 13:00:00+00:00,61.0,11.68,2023-12-25 13:00:00+00:00,2023
2024-12-25 14:00:00+00:00,44.0,9.3,2023-12-25 14:00:00+00:00,2023
2024-12-25 15:00:00+00:00,34.75,5.04,2023-12-25 15:00:00+00:00,2023
2024-12-25 16:00:00+00:00,0.0,0.0,2023-12-25 16:00:00+00:00,2023
2024-12-25 17:00:00+00:00,0.0,0.0,2023-12-25 17:00:00+00:00,2023
2024-12-25 18:00:00+00:00,0.0,0.0,2023-12-25 18:00:00+00:00,2023
2024-12-25 19:00:00+00:00,0.0,0.0,2023-12-25 19:00:00+00:00,2023
2024-12-25 20:00:00+00:00,0.0,0.0,2023-12-25 20:00:00+00:00,2023
2024-12-25 21:00:00+00:00,0.0,0.0,2023-12-25 21:00:00+00:00,2023
2024-12-25 22:00:00+00:00,0.0,0.0,2023-12-25 22:00:00+00:00,2023
2024-12-25 23:00:00+00:00,0.0,0.0,2023-12-25 23:00:00+00:00,2023
2024-12-26 00:00:00+00:00,0.0,0.0,2023-12-26 00:00:00+00:00,2023
2024-12-26 01:00:00+00:00,0.0,0.0,2023-12-26 01:00:00+00:00,2023
2024-12-26 02:00:00+00:00,0.0,0.0,2023-12-26 02:00:00+00:00,2023
2024-12-26 03:00:00+00:00,0.0,0.0,2023-12-26 03:00:00+00:00,2023
2024-12-26 04:00:00+00:00,0.0,0.0,2023-12-26 04:00:00+00:00,2023
2024-12-26 05:00:00+00:00,0.0,0.0,2023-12-26 05:00:00+00:00,2023
2024-12-26 06:00:00+00:00,0.0,0.0,2023-12-26 06:00:00+00:00,2023
2024-12-26 07:00:00+00:00,0.0,0.0,2023-12-26 07:00:00+00:00,2023
2024-12-26 08:00:00+00:00,0.0,0.0,2023-12-26 08:00:00+00:00,2023
2024-12-26 09:00:00+00:00,0.0,0.0,2023-12-26 09:00:00+00:00,2023
2024-12-26 10:00:00+00:00,66.0,6.36,2023-12-26 10:00:00+00:00,2023
2024-12-26 11:00:00+00:00,96.0,10.16,2023-12-26 11:00:00+00:00,2023
2024-12-26 12:00:00+00:00,91.0,12.0,2023-12-26 12:00:00+00:00,2023
2024-12-26 13:00:00+00:00,63.0,11.72,2023-12-26 13:00:00+00:00,2023
2024-12-26 14:00:00+00:00,34.0,9.36,2023-12-26 14:00:00+00:00,2023
2024-12-26 15:00:00+00:00,18.0,5.11,2023-12-26 15:00:00+00:00,2023
2024-12-26 16:00:00+00:00,0.0,0.0,2023-12-26 16:00:00+00:00,2023
2024-12-26 17:00:00+00:00,0.0,0.0,2023-12-26 17:00:00+00:00,2023
2024-12-26 18:00:00+00:00,0.0,0.0,2023-12-26 18:00:00+00:00,2023
2024-12-26 19:00:00+00:00,0.0,0.0,2023-12-26 19:00:00+00:00,2023
2024-12-26 20:00:00+00:00,0.0,0.0,2023-12-26 20:00:00+00:00,2023
2024-12-26 21:00:00+00:00,0.0,0.0,2023-12-26 21:00:00+00:00,2023
2024-12-26 22:00:00+00:00,0.0,0.0,2023-12-26 22:00:00+00:00,2023
2024-12-26 23:00:00+00:00,0.0,0.0,2023-12-26 23:00:00+00:00,2023
2024-12-27 00:00:00+00:00,0.0,0.0,2023-12-27 00:00:00+00:00,2023
2024-12-27 01:00:00+00:00,0.0,0.0,2023-12-27 01:00:00+00:00,2023
2024-12-27 02:00:00+00:00,0.0,0.0,2023-12-27 02:00:00+00:00,2023
2024-12-27 03:00:00+00:00,0.0,0.0,2023-12-27 03:00:00+00:00,2023
2024-12-27 04:00:00+00:00,0.0,0.0,2023-12-27 04:00:00+00:00,2023
2024-12-27 05:00:00+00:00,0.0,0.0,2023-12-27 05:00:00+00:00,2023
2024-12-27 06:00:00+00:00,0.0,0.0,2023-12-27 06:00:00+00:00,2023
2024-12-27 07:00:00+00:00,0.0,0.0,2023-12-27 07:00:00+00:00,2023
2024-12-27 08:00:00+00:00,0.0,0.0,2023-12-27 08:00:00+00:00,2023
2024-12-27 09:00:00+00:00,0.0,0.0,2023-12-27 09:00:00+00:00,2023
2024-12-27 10:00:00+00:00,78.00999999999999,6.36,2023-12-27 10:00:00+00:00,2023
2024-12-27 11:00:00+00:00,91.0,10.17,2023-12-27 11:00:00+00:00,2023
2024-12-27 12:00:00+00:00,26.0,12.03,2023-12-27 12:00:00+00:00,2023
2024-12-27 13:00:00+00:00,30.0,11.77,2023-12-27 13:00:00+00:00,2023
2024-12-27 14:00:00+00:00,31.0,9.42,2023-12-27 14:00:00+00:00,2023
2024-12-27 15:00:00+00:00,37.239999999999995,5.18,2023-12-27 15:00:00+00:00,2023
2024-12-27 16:00:00+00:00,0.0,0.0,2023-12-27 16:00:00+00:00,2023
2024-12-27 17:00:00+00:00,0.0,0.0,2023-12-27 17:00:00+00:00,2023
2024-12-27 18:00:00+00:00,0.0,0.0,2023-12-27 18:00:00+00:00,2023
2024-12-27 19:00:00+00:00,0.0,0.0,2023-12-27 19:00:00+00:00,2023
2024-12-27 20:00:00+00:00,0.0,0.0,2023-12-27 20:00:00+00:00,2023
2024-12-27 21:00:00+00:00,0.0,0.0,2023-12-27 21:00:00+00:00,2023
2024-12-27 22:00:00+00:00,0.0,0.0,2023-12-27 22:00:00+00:00,2023
2024-12-27 23:00:00+00:00,0.0,0.0,2023-12-27 23:00:00+00:00,2023
2024-12-28 00:00:00+00:00,0.0,0.0,2023-12-28 00:00:00+00:00,2023
2024-12-28 01:00:00+00:00,0.0,0.0,2023-12-28 01:00:00+00:00,2023
2024-12-28 02:00:00+00:00,0.0,0.0,2023-12-28 02:00:00+00:00,2023
2024-12-28 03:00:00+00:00,0.0,0.0,2023-12-28 03:00:00+00:00,2023
2024-12-28 04:00:00+00:00,0.0,0.0,2023-12-28 04:00:00+00:00,2023
2024-12-28 05:00:00+00:00,0.0,0.0,2023-12-28 05:00:00+00:00,2023
2024-12-28 06:00:00+00:00,0.0,0.0,2023-12-28 06:00:00+00:00,2023
2024-12-28 07:00:00+00:00,0.0,0.0,2023-12-28 07:00:00+00:00,2023
2024-12-28 08:00:00+00:00,0.0,0.0,2023-12-28 08:00:00+00:00,2023
2024-12-28 09:00:00+00:00,0.0,0.0,2023-12-28 09:00:00+00:00,2023
2024-12-28 10:00:00+00:00,58.0,6.37,2023-12-28 10:00:00+00:00,2023
2024-12-28 11:00:00+00:00,65.0,10.19,2023-12-28 11:00:00+00:00,2023
2024-12-28 12:00:00+00:00,158.01,12.07,2023-12-28 12:00:00+00:00,2023
2024-12-28 13:00:00+00:00,136.0,11.82,2023-12-28 13:00:00+00:00,2023
2024-12-28 14:00:00+00:00,91.0,9.49,2023-12-28 14:00:00+00:00,2023
2024-12-28 15:00:00+00:00,42.85,5.26,2023-12-28 15:00:00+00:00,2023
2024-12-28 16:00:00+00:00,0.0,0.0,2023-12-28 16:00:00+00:00,2023
2024-12-28 17:00:00+00:00,0.0,0.0,2023-12-28 17:00:00+00:00,2023
2024-12-28 18:00:00+00:00,0.0,0.0,2023-12-28 18:00:00+00:00,2023
2024-12-28 19:00:00+00:00,0.0,0.0,2023-12-28 19:00:00+00:00,2023
2024-12-28 20:00:00+00:00,0.0,0.0,2023-12-28 20:00:00+00:00,2023
2024-12-28 21:00:00+00:00,0.0,0.0,2023-12-28 21:00:00+00:00,2023
2024-12-28 22:00:00+00:00,0.0,0.0,2023-12-28 22:00:00+00:00,2023
2024-12-28 23:00:00+00:00,0.0,0.0,2023-12-28 23:00:00+00:00,2023
2024-12-29 00:00:00+00:00,0.0,0.0,2023-12-29 00:00:00+00:00,2023
2024-12-29 01:00:00+00:00,0.0,0.0,2023-12-29 01:00:00+00:00,2023
2024-12-29 02:00:00+00:00,0.0,0.0,2023-12-29 02:00:00+00:00,2023
2024-12-29 03:00:00+00:00,0.0,0.0,2023-12-29 03:00:00+00:00,2023
2024-12-29 04:00:00+00:00,0.0,0.0,2023-12-29 04:00:00+00:00,2023
2024-12-29 05:00:00+00:00,0.0,0.0,2023-12-29 05:00:00+00:00,2023
2024-12-29 06:00:00+00:00,0.0,0.0,2023-12-29 06:00:00+00:00,2023
2024-12-29 07:00:00+00:00,0.0,0.0,2023-12-29 07:00:00+00:00,2023
2024-12-29 08:00:00+00:00,0.0,0.0,2023-12-29 08:00:00+00:00,2023
2024-12-29 09:00:00+00:00,0.0,0.0,2023-12-29 09:00:00+00:00,2023
2024-12-29 10:00:00+00:00,7.0,6.38,2023-12-29 10:00:00+00:00,2023
2024-12-29 11:00:00+00:00,13.0,10.22,2023-12-29 11:00:00+00:00,2023
2024-12-29 12:00:00+00:00,16.0,12.11,2023-12-29 12:00:00+00:00,2023
2024-12-29 13:00:00+00:00,17.0,11.89,2023-12-29 13:00:00+00:00,2023
2024-12-29 14:00:00+00:00,12.0,9.57,2023-12-29 14:00:00+00:00,2023
2024-12-29 15:00:00+00:00,5.0,5.35,2023-12-29 15:00:00+00:00,2023
2024-12-29 16:00:00+00:00,0.0,0.0,2023-12-29 16:00:00+00:00,2023
2024-12-29 17:00:00+00:00,0.0,0.0,2023-12-29 17:00:00+00:00,2023
2024-12-29 18:00:00+00:00,0.0,0.0,2023-12-29 18:00:00+00:00,2023
2024-12-29 19:00:00+00:00,0.0,0.0,2023-12-29 19:00:00+00:00,2023
2024-12-29 20:00:00+00:00,0.0,0.0,2023-12-29 20:00:00+00:00,2023
2024-12-29 21:00:00+00:00,0.0,0.0,2023-12-29 21:00:00+00:00,2023
2024-12-29 22:00:00+00:00,0.0,0.0,2023-12-29 22:00:00+00:00,2023
2024-12-29 23:00:00+00:00,0.0,0.0,2023-12-29 23:00:00+00:00,2023
2024-12-30 00:00:00+00:00,0.0,0.0,2023-12-30 00:00:00+00:00,2023
2024-12-30 01:00:00+00:00,0.0,0.0,2023-12-30 01:00:00+00:00,2023
2024-12-30 02:00:00+00:00,0.0,0.0,2023-12-30 02:00:00+00:00,2023
2024-12-30 03:00:00+00:00,0.0,0.0,2023-12-30 03:00:00+00:00,2023
2024-12-30 04:00:00+00:00,0.0,0.0,2023-12-30 04:00:00+00:00,2023
2024-12-30 05:00:00+00:00,0.0,0.0,2023-12-30 05:00:00+00:00,2023
2024-12-30 06:00:00+00:00,0.0,0.0,2023-12-30 06:00:00+00:00,2023
2024-12-30 07:00:00+00:00,0.0,0.0,2023-12-30 07:00:00+00:00,2023
2024-12-30 08:00:00+00:00,0.0,0.0,2023-12-30 08:00:00+00:00,2023
2024-12-30 09:00:00+00:00,0.0,0.0,2023-12-30 09:00:00+00:00,2023
2024-12-30 10:00:00+00:00,15.0,6.4,2023-12-30 10:00:00+00:00,2023
2024-12-30 11:00:00+00:00,54.0,10.26,2023-12-30 11:00:00+00:00,2023
2024-12-30 12:00:00+00:00,148.0,12.17,2023-12-30 12:00:00+00:00,2023
2024-12-30 13:00:00+00:00,166.01,11.96,2023-12-30 13:00:00+00:00,2023
2024-12-30 14:00:00+00:00,96.0,9.65,2023-12-30 14:00:00+00:00,2023
2024-12-30 15:00:00+00:00,20.0,5.44,2023-12-30 15:00:00+00:00,2023
2024-12-30 16:00:00+00:00,0.0,0.0,2023-12-30 16:00:00+00:00,2023
2024-12-30 17:00:00+00:00,0.0,0.0,2023-12-30 17:00:00+00:00,2023
2024-12-30 18:00:00+00:00,0.0,0.0,2023-12-30 18:00:00+00:00,2023
2024-12-30 19:00:00+00:00,0.0,0.0,2023-12-30 19:00:00+00:00,2023
2024-12-30 20:00:00+00:00,0.0,0.0,2023-12-30 20:00:00+00:00,2023
2024-12-30 21:00:00+00:00,0.0,0.0,2023-12-30 21:00:00+00:00,2023
2024-12-30 22:00:00+00:00,0.0,0.0,2023-12-30 22:00:00+00:00,2023
2024-12-30 23:00:00+00:00,0.0,0.0,2023-12-30 23:00:00+00:00,2023
2024-12-31 00:00:00+00:00,0.0,0.0,2023-12-31 00:00:00+00:00,2023
2024-12-31 01:00:00+00:00,0.0,0.0,2023-12-31 01:00:00+00:00,2023
2024-12-31 02:00:00+00:00,0.0,0.0,2023-12-31 02:00:00+00:00,2023
2024-12-31 03:00:00+00:00,0.0,0.0,2023-12-31 03:00:00+00:00,2023
2024-12-31 04:00:00+00:00,0.0,0.0,2023-12-31 04:00:00+00:00,2023
2024-12-31 05:00:00+00:00,0.0,0.0,2023-12-31 05:00:00+00:00,2023
2024-12-31 06:00:00+00:00,0.0,0.0,2023-12-31 06:00:00+00:00,2023
2024-12-31 07:00:00+00:00,0.0,0.0,2023-12-31 07:00:00+00:00,2023
2024-12-31 08:00:00+00:00,0.0,0.0,2023-12-31 08:00:00+00:00,2023
2024-12-31 09:00:00+00:00,0.0,0.0,2023-12-31 09:00:00+00:00,2023
2024-12-31 10:00:00+00:00,78.00999999999999,6.43,2023-12-31 10:00:00+00:00,2023
2024-12-31 11:00:00+00:00,141.01,10.3,2023-12-31 11:00:00+00:00,2023
2024-12-31 12:00:00+00:00,131.0,12.23,2023-12-31 12:00:00+00:00,2023
2024-12-31 13:00:00+00:00,152.01,12.03,2023-12-31 13:00:00+00:00,2023
2024-12-31 14:00:00+00:00,51.0,9.74,2023-12-31 14:00:00+00:00,2023
2024-12-31 15:00:00+00:00,53.53,5.55,2023-12-31 15:00:00+00:00,2023
2024-12-31 16:00:00+00:00,0.0,0.0,2023-12-31 16:00:00+00:00,2023
2024-12-31 17:00:00+00:00,0.0,0.0,2023-12-31 17:00:00+00:00,2023
2024-12-31 18:00:00+00:00,0.0,0.0,2023-12-31 18:00:00+00:00,2023
2024-12-31 19:00:00+00:00,0.0,0.0,2023-12-31 19:00:00+00:00,2023
2024-12-31 20:00:00+00:00,0.0,0.0,2023-12-31 20:00:00+00:00,2023
2024-12-31 21:00:00+00:00,0.0,0.0,2023-12-31 21:00:00+00:00,2023
2024-12-31 22:00:00+00:00,0.0,0.0,2023-12-31 22:00:00+00:00,2023
2024-12-31 23:00:00+00:00,0.0,0.0,2023-12-31 23:00:00+00:00,2023
