node_id,node_name,candidate_unit,monitored_line,shift_factor_signed,shift_factor_abs,perturbation_MW,reference_convention,scenario,scope
17420,DUBLIN ARRAY,bus,3581-89516-1,-0.0026316160113778637,0.0026316160113778637,10.0,load-weighted,WP2033,all-island
11261,ARKLOW_OFF,bus,3581-89516-1,-0.0016163568062778112,0.0016163568062778112,10.0,load-weighted,WP2033,all-island
14720,NISA BELCAMP,bus,3581-89516-1,-0.0037397329034061823,0.0037397329034061823,10.0,load-weighted,WP2033,all-island
44731,CODLING 1,bus,3581-89516-1,-0.0036968203034740237,0.0036968203034740237,10.0,load-weighted,WP2033,all-island
44733,CODLING 3,bus,3581-89516-1,-0.002801871917523586,0.002801871917523586,10.0,load-weighted,WP2033,all-island
44732,CODLING 2,bus,3581-89516-1,-0.0028018719175276242,0.0028018719175276242,10.0,load-weighted,WP2033,all-island
2742,GREAT ISLAND,bus,3581-89516-1,2.7670689161062023e-06,2.7670689161062023e-06,10.0,load-weighted,WP2033,all-island
39420,SKERD ROCK,bus,3581-89516-1,0.0023718058477134422,0.0023718058477134422,10.0,load-weighted,WP2033,all-island
32060,KNOCKRAHA OF,bus,3581-89516-1,0.0025536226133632094,0.0025536226133632094,10.0,load-weighted,WP2033,all-island
66123,ORIEL OFFSHO,bus,3581-89516-1,-0.009288016019584722,0.009288016019584722,10.0,load-weighted,WP2033,all-island
2111,UGGOOL,bus,3581-89516-1,0.02128185869860366,0.02128185869860366,10.0,load-weighted,WP2033,all-island
14013,SRAHNAKILLY,bus,3581-89516-1,0.06536023271333312,0.06536023271333312,10.0,load-weighted,WP2033,all-island
2791,GALLANSTOWN,bus,3581-89516-1,-0.0008642528293821526,0.0008642528293821526,10.0,load-weighted,WP2033,all-island
1551,BOGGERAGH,bus,3581-89516-1,0.0026330056337449496,0.0026330056337449496,10.0,load-weighted,WP2033,all-island
1121,ARKLOW,bus,3581-89516-1,-0.0016112219698949,0.0016112219698949,10.0,load-weighted,WP2033,all-island
6201,COOMATAGGART,bus,3581-89516-1,0.0025285835804776217,0.0025285835804776217,10.0,load-weighted,WP2033,all-island
5351,TIMONEY,bus,3581-89516-1,0.008309365821692973,0.008309365821692973,10.0,load-weighted,WP2033,all-island
5291,TULLABEG,bus,3581-89516-1,-0.0009811238203341656,0.0009811238203341656,10.0,load-weighted,WP2033,all-island
1251,BOOLTIAGH,bus,3581-89516-1,0.00655000201984347,0.00655000201984347,10.0,load-weighted,WP2033,all-island
1311,CORDAL,bus,3581-89516-1,0.002501837874823578,0.002501837874823578,10.0,load-weighted,WP2033,all-island
3531,LYSAGHTSTOWN,bus,3581-89516-1,0.0026446761859986283,0.0026446761859986283,10.0,load-weighted,WP2033,all-island
2691,GARBALLAGH,bus,3581-89516-1,-7.388075930299734e-05,7.388075930299734e-05,10.0,load-weighted,WP2033,all-island
51911,CROAGHONAGH,bus,3581-89516-1,0.38035446812618534,0.38035446812618534,10.0,load-weighted,WP2033,all-island
18810,BALLYNADRIDE,bus,3581-89516-1,0.003893160154749841,0.003893160154749841,10.0,load-weighted,WP2033,all-island
5274,CAUTEEN,bus,3581-89516-1,0.004356309264029922,0.004356309264029922,10.0,load-weighted,WP2033,all-island
87900,RASHARK1,bus,3581-89516-1,-0.06213930588791648,0.06213930588791648,10.0,load-weighted,WP2033,all-island
3311,KNOCKDRIN,bus,3581-89516-1,0.004471562983884913,0.004471562983884913,10.0,load-weighted,WP2033,all-island
20900,BUFFY,bus,3581-89516-1,0.021281858698683227,0.021281858698683227,10.0,load-weighted,WP2033,all-island
5081,STONESTOWN,bus,3581-89516-1,0.009494180548068634,0.009494180548068634,10.0,load-weighted,WP2033,all-island
3391,KNOCKACUMMER,bus,3581-89516-1,0.0025018378748223984,0.0025018378748223984,10.0,load-weighted,WP2033,all-island
75010,COLE1,bus,3581-89516-1,-0.08011428604834102,0.08011428604834102,10.0,load-weighted,WP2033,all-island
2211,DENNISTOWN,bus,3581-89516-1,-0.00034070334492263335,0.00034070334492263335,10.0,load-weighted,WP2033,all-island
1511,CLOGHBOOLA,bus,3581-89516-1,0.002432638668033487,0.002432638668033487,10.0,load-weighted,WP2033,all-island
16410,BALLYMONEEN,bus,3581-89516-1,0.021281858698601924,0.021281858698601924,10.0,load-weighted,WP2033,all-island
1591,CLONFAD,bus,3581-89516-1,0.009103645799960296,0.009103645799960296,10.0,load-weighted,WP2033,all-island
3511,LICKNY,bus,3581-89516-1,0.014628543046047954,0.014628543046047954,10.0,load-weighted,WP2033,all-island
87510,OMAH1,bus,3581-89516-1,-0.0729784552019279,0.0729784552019279,10.0,load-weighted,WP2033,all-island
4091,MULREAVY,bus,3581-89516-1,0.3802362906094056,0.3802362906094056,10.0,load-weighted,WP2033,all-island
4791,RATHNASKILLO,bus,3581-89516-1,0.0013825775220868246,0.0013825775220868246,10.0,load-weighted,WP2033,all-island
5451,ROSSPILE,bus,3581-89516-1,-5.768024112601591e-05,5.768024112601591e-05,10.0,load-weighted,WP2033,all-island
25610,NEWBARN,bus,3581-89516-1,-0.0037274379589042513,0.0037274379589042513,10.0,load-weighted,WP2033,all-island
90210,TREM,bus,3581-89516-1,-0.06073400734184588,0.06073400734184588,10.0,load-weighted,WP2033,all-island
4671,RAPPAREEHILL,bus,3581-89516-1,0.03778135243280788,0.03778135243280788,10.0,load-weighted,WP2033,all-island
1341,BINBANE,bus,3581-89516-1,0.3606598067865062,0.3606598067865062,10.0,load-weighted,WP2033,all-island
1821,CLOON,bus,3581-89516-1,0.02983116281786073,0.02983116281786073,10.0,load-weighted,WP2033,all-island
1651,CLAHANE,bus,3581-89516-1,0.002918000110424975,0.002918000110424975,10.0,load-weighted,WP2033,all-island
1491,DEENES,bus,3581-89516-1,-0.00040170990677673366,0.00040170990677673366,10.0,load-weighted,WP2033,all-island
1431,BALLYRAGGET,bus,3581-89516-1,-5.206080658272383e-07,5.206080658272383e-07,10.0,load-weighted,WP2033,all-island
4071,MEENTYCAT,bus,3581-89516-1,0.4824355175198956,0.4824355175198956,10.0,load-weighted,WP2033,all-island
66096,UPPERCHURCH,bus,3581-89516-1,0.004735346825507632,0.004735346825507632,10.0,load-weighted,WP2033,all-island
3251,REAMORE,bus,3581-89516-1,0.002902949322823905,0.002902949322823905,10.0,load-weighted,WP2033,all-island
70010,AGHYOULE,bus,3581-89516-1,-0.028493784713081827,0.028493784713081827,10.0,load-weighted,WP2033,all-island
2671,GARVAGH,bus,3581-89516-1,0.1192446433905286,0.1192446433905286,10.0,load-weighted,WP2033,all-island
33410,BENDINSTOWN,bus,3581-89516-1,-0.0006634706526242075,0.0006634706526242075,10.0,load-weighted,WP2033,all-island
1971,COOMAGEARLAH,bus,3581-89516-1,0.0025285835804657424,0.0025285835804657424,10.0,load-weighted,WP2033,all-island
3551,COOLNABACKY,bus,3581-89516-1,0.00016733681236302464,0.00016733681236302464,10.0,load-weighted,WP2033,all-island
1631,CORDERRY,bus,3581-89516-1,0.11924464339054482,0.11924464339054482,10.0,load-weighted,WP2033,all-island
2401,MOUNT LUCAS,bus,3581-89516-1,0.0024834793414764376,0.0024834793414764376,10.0,load-weighted,WP2033,all-island
4781,RATRUSSAN,bus,3581-89516-1,0.02492280477369747,0.02492280477369747,10.0,load-weighted,WP2033,all-island
4371,GLENREE,bus,3581-89516-1,0.09253395421900415,0.09253395421900415,10.0,load-weighted,WP2033,all-island
2601,FIRLOUGH,bus,3581-89516-1,0.08995723309115505,0.08995723309115505,10.0,load-weighted,WP2033,all-island
2151,DROMBEG,bus,3581-89516-1,0.0029355009501948713,0.0029355009501948713,10.0,load-weighted,WP2033,all-island
1671,KILCUMBER,bus,3581-89516-1,0.0016885389307111053,0.0016885389307111053,10.0,load-weighted,WP2033,all-island
2771,GARROW,bus,3581-89516-1,0.0025285835804734445,0.0025285835804734445,10.0,load-weighted,WP2033,all-island
81810,KILL1-CL,bus,3581-89516-1,-0.12958494981015528,0.12958494981015528,10.0,load-weighted,WP2033,all-island
23610,SLIEVECALLAN,bus,3581-89516-1,0.008824998664974961,0.008824998664974961,10.0,load-weighted,WP2033,all-island
1881,CHARLEVILLE,bus,3581-89516-1,0.003893160154749869,0.003893160154749869,10.0,load-weighted,WP2033,all-island
85510,MAKL1-CL,bus,3581-89516-1,-0.07297845520191625,0.07297845520191625,10.0,load-weighted,WP2033,all-island
5211,TIMAHOE,bus,3581-89516-1,0.0013645449807162917,0.0013645449807162917,10.0,load-weighted,WP2033,all-island
1901,CARLOW,bus,3581-89516-1,-0.0006180988955420165,0.0006180988955420165,10.0,load-weighted,WP2033,all-island
3821,MEATH HILL,bus,3581-89516-1,-0.001745389747592441,0.001745389747592441,10.0,load-weighted,WP2033,all-island
3621,LISHEEN,bus,3581-89516-1,0.006549007708084,0.006549007708084,10.0,load-weighted,WP2033,all-island
3891,CARRIGDANGAN,bus,3581-89516-1,0.002640561532160284,0.002640561532160284,10.0,load-weighted,WP2033,all-island
77210,DRUMQUIN,bus,3581-89516-1,-0.060891687023766614,0.060891687023766614,10.0,load-weighted,WP2033,all-island
80710,GORT,bus,3581-89516-1,-0.06538758252677833,0.06538758252677833,10.0,load-weighted,WP2033,all-island
1281,BALLYLICKEY,bus,3581-89516-1,0.002640561532183238,0.002640561532183238,10.0,load-weighted,WP2033,all-island
2271,DERRYLAHAN,bus,3581-89516-1,0.01188101833697892,0.01188101833697892,10.0,load-weighted,WP2033,all-island
4991,SORNE HILL,bus,3581-89516-1,0.5134304236063483,0.5134304236063483,10.0,load-weighted,WP2033,all-island
5281,TRALEE,bus,3581-89516-1,0.002902949322825029,0.002902949322825029,10.0,load-weighted,WP2033,all-island
70311,ANTR1,bus,3581-89516-1,-0.046876154702455666,0.046876154702455666,10.0,load-weighted,WP2033,all-island
3581,LETTERKENNY,bus,3581-89516-1,0.5134304236063757,0.5134304236063757,10.0,load-weighted,WP2033,all-island
36411,CRORY,bus,3581-89516-1,-0.0007979435409130355,0.0007979435409130355,10.0,load-weighted,WP2033,all-island
21210,COOLSHAMROGE,bus,3581-89516-1,0.007819786919633361,0.007819786919633361,10.0,load-weighted,WP2033,all-island
1331,BLUNDELSTOWN,bus,3581-89516-1,0.002452490400914175,0.002452490400914175,10.0,load-weighted,WP2033,all-island
4121,MULGEETH,bus,3581-89516-1,0.004444206888382856,0.004444206888382856,10.0,load-weighted,WP2033,all-island
2721,GRIFFINRATH,bus,3581-89516-1,-0.0009130368520029221,0.0009130368520029221,10.0,load-weighted,WP2033,all-island
2231,DERRYBRIEN,bus,3581-89516-1,0.010216891160293489,0.010216891160293489,10.0,load-weighted,WP2033,all-island
5271,CAUTEEN,bus,3581-89516-1,0.004356706322939146,0.004356706322939146,10.0,load-weighted,WP2033,all-island
36210,LISHEEN,bus,3581-89516-1,0.006549007708083986,0.006549007708083986,10.0,load-weighted,WP2033,all-island
84011,LISB1,bus,3581-89516-1,-0.03873307469638883,0.03873307469638883,10.0,load-weighted,WP2033,all-island
4971,SHANONAGH,bus,3581-89516-1,0.016757008988349923,0.016757008988349923,10.0,load-weighted,WP2033,all-island
4481,PORTLAOISE,bus,3581-89516-1,0.0013367550124212361,0.0013367550124212361,10.0,load-weighted,WP2033,all-island
3261,KILKENNY,bus,3581-89516-1,-0.00013582844980091283,0.00013582844980091283,10.0,load-weighted,WP2033,all-island
66094,SLIABH BAWN,bus,3581-89516-1,0.047539651127329524,0.047539651127329524,10.0,load-weighted,WP2033,all-island
1521,BOGTOWN,bus,3581-89516-1,0.002483479341477742,0.002483479341477742,10.0,load-weighted,WP2033,all-island
71011,BAME1,bus,3581-89516-1,-0.04687615470245218,0.04687615470245218,10.0,load-weighted,WP2033,all-island
17010,CATH FALL,bus,3581-89516-1,0.28622461742246835,0.28622461742246835,10.0,load-weighted,WP2033,all-island
2061,CASTLETREASU,bus,3581-89516-1,0.002650095992838341,0.002650095992838341,10.0,load-weighted,WP2033,all-island
2641,GRAHOMICK,bus,3581-89516-1,-0.00034070334492493706,0.00034070334492493706,10.0,load-weighted,WP2033,all-island
1751,COOMNACLOHY,bus,3581-89516-1,0.0025285835804773026,0.0025285835804773026,10.0,load-weighted,WP2033,all-island
2141,DUNGARVAN,bus,3581-89516-1,0.0016812376448303405,0.0016812376448303405,10.0,load-weighted,WP2033,all-island
5501,WEXFORD,bus,3581-89516-1,-0.0003407033449203019,0.0003407033449203019,10.0,load-weighted,WP2033,all-island
77212,WIND_PT,bus,3581-89516-1,-0.060891687023766364,0.060891687023766364,10.0,load-weighted,WP2033,all-island
1661,CASTLEBAR,bus,3581-89516-1,0.04471247153265896,0.04471247153265896,10.0,load-weighted,WP2033,all-island
1151,BALLINKNOCKA,bus,3581-89516-1,0.0037295938857380244,0.0037295938857380244,10.0,load-weighted,WP2033,all-island
14016,CROAGHAUN,bus,3581-89516-1,0.06536023271333218,0.06536023271333218,10.0,load-weighted,WP2033,all-island
4391,PHILIPSTOWN,bus,3581-89516-1,0.0016773631239200802,0.0016773631239200802,10.0,load-weighted,WP2033,all-island
3521,LOUTHA,bus,3581-89516-1,0.00044276091616932134,0.00044276091616932134,10.0,load-weighted,WP2033,all-island
2651,GARRINTAGGAR,bus,3581-89516-1,8.217803085959138e-05,8.217803085959138e-05,10.0,load-weighted,WP2033,all-island
3491,LISLEA,bus,3581-89516-1,0.025447059753745584,0.025447059753745584,10.0,load-weighted,WP2033,all-island
73500,BROCK1,bus,3581-89516-1,-0.06213930588792696,0.06213930588792696,10.0,load-weighted,WP2033,all-island
1461,BARRYMORE,bus,3581-89516-1,0.003048101677915121,0.003048101677915121,10.0,load-weighted,WP2033,all-island
2331,FERRY VIEW,bus,3581-89516-1,0.021281858698683844,0.021281858698683844,10.0,load-weighted,WP2033,all-island
3361,LAURENCETOWN,bus,3581-89516-1,0.004459046158541587,0.004459046158541587,10.0,load-weighted,WP2033,all-island
1401,BELLACORICK,bus,3581-89516-1,0.06536023271333292,0.06536023271333292,10.0,load-weighted,WP2033,all-island
1441,BANDON,bus,3581-89516-1,0.002645269847747194,0.002645269847747194,10.0,load-weighted,WP2033,all-island
52610,TRIEN,bus,3581-89516-1,0.002432638668042327,0.002432638668042327,10.0,load-weighted,WP2033,all-island
4951,SALTHILL,bus,3581-89516-1,0.021281858698615135,0.021281858698615135,10.0,load-weighted,WP2033,all-island
28810,GLENLARA,bus,3581-89516-1,0.0025018378748213714,0.0025018378748213714,10.0,load-weighted,WP2033,all-island
2281,DALTON_A1,bus,3581-89516-1,0.03736648169040435,0.03736648169040435,10.0,load-weighted,WP2033,all-island
5361,TRILLICK,bus,3581-89516-1,0.5134304236063498,0.5134304236063498,10.0,load-weighted,WP2033,all-island
2701,GLASMORE,bus,3581-89516-1,-0.003727440075803456,0.003727440075803456,10.0,load-weighted,WP2033,all-island
2921,HARRISTOWN,bus,3581-89516-1,0.006516874089907098,0.006516874089907098,10.0,load-weighted,WP2033,all-island
3111,BALLYNABRANN,bus,3581-89516-1,0.0026503463486501726,0.0026503463486501726,10.0,load-weighted,WP2033,all-island
1231,BALLYWATER,bus,3581-89516-1,-0.0007701576250872706,0.0007701576250872706,10.0,load-weighted,WP2033,all-island
5301,THURLES,bus,3581-89516-1,0.006549007708088941,0.006549007708088941,10.0,load-weighted,WP2033,all-island
3881,MACROOM,bus,3581-89516-1,0.002640914310492553,0.002640914310492553,10.0,load-weighted,WP2033,all-island
1991,CASTLEDOCKRE,bus,3581-89516-1,-0.0007979435409087195,0.0007979435409087195,10.0,load-weighted,WP2033,all-island
2661,AGHALEAGUE,bus,3581-89516-1,0.11924464339052875,0.11924464339052875,10.0,load-weighted,WP2033,all-island
4961,SHANKILL,bus,3581-89516-1,0.03341389397169252,0.03341389397169252,10.0,load-weighted,WP2033,all-island
1481,BUTLERSTOWN,bus,3581-89516-1,0.000760034607556092,0.000760034607556092,10.0,load-weighted,WP2033,all-island
83510,LIMA1,bus,3581-89516-1,-0.08845131067763061,0.08845131067763061,10.0,load-weighted,WP2033,all-island
3481,COOLNANOONAG,bus,3581-89516-1,0.0029495538017434535,0.0029495538017434535,10.0,load-weighted,WP2033,all-island
2731,GLANLEE,bus,3581-89516-1,0.0025285835804652844,0.0025285835804652844,10.0,load-weighted,WP2033,all-island
2391,KILL HILL,bus,3581-89516-1,0.005143166159049608,0.005143166159049608,10.0,load-weighted,WP2033,all-island
3101,IKERRIN,bus,3581-89516-1,0.008248242276081726,0.008248242276081726,10.0,load-weighted,WP2033,all-island
1931,CUNGHILL,bus,3581-89516-1,0.11211205457335141,0.11211205457335141,10.0,load-weighted,WP2033,all-island
1131,ATHEA,bus,3581-89516-1,0.0024326386680290878,0.0024326386680290878,10.0,load-weighted,WP2033,all-island
1721,CAHIR,bus,3581-89516-1,0.003953294471167639,0.003953294471167639,10.0,load-weighted,WP2033,all-island
3571,DERRYCARNEY,bus,3581-89516-1,0.008880696136456836,0.008880696136456836,10.0,load-weighted,WP2033,all-island
68090,KNOCKNAMONA,bus,3581-89516-1,0.0018484159206982147,0.0018484159206982147,10.0,load-weighted,WP2033,all-island
14010,BELLACORICK,bus,3581-89516-1,0.06536023271333288,0.06536023271333288,10.0,load-weighted,WP2033,all-island
4001,MULLINGAR,bus,3581-89516-1,0.014628543046048752,0.014628543046048752,10.0,load-weighted,WP2033,all-island
2171,KNOCKALOUGH,bus,3581-89516-1,0.021281858698690623,0.021281858698690623,10.0,load-weighted,WP2033,all-island
3561,LISDRUM,bus,3581-89516-1,0.015363624365689974,0.015363624365689974,10.0,load-weighted,WP2033,all-island
4681,RATHKEALE,bus,3581-89516-1,0.003935308690571789,0.003935308690571789,10.0,load-weighted,WP2033,all-island
2301,DUNFIRTH,bus,3581-89516-1,0.0037826424845021044,0.0037826424845021044,10.0,load-weighted,WP2033,all-island
5221,TULLABRACK,bus,3581-89516-1,0.004865029442298798,0.004865029442298798,10.0,load-weighted,WP2033,all-island
5261,TRIEN,bus,3581-89516-1,0.0029283915228157896,0.0029283915228157896,10.0,load-weighted,WP2033,all-island
3591,LENALEA,bus,3581-89516-1,0.4861881108167804,0.4861881108167804,10.0,load-weighted,WP2033,all-island
5191,TIEVEBRACK,bus,3581-89516-1,0.41234007663715383,0.41234007663715383,10.0,load-weighted,WP2033,all-island
5441,WATERFORD,bus,3581-89516-1,0.0006714372187101685,0.0006714372187101685,10.0,load-weighted,WP2033,all-island
2131,DROMADA,bus,3581-89516-1,0.0024326386680268534,0.0024326386680268534,10.0,load-weighted,WP2033,all-island
89510,STRABANE,bus,3581-89516-1,-0.15117533402402794,0.15117533402402794,10.0,load-weighted,WP2033,all-island
89210,SKRK1,bus,3581-89516-1,-0.12958494981015423,0.12958494981015423,10.0,load-weighted,WP2033,all-island
2221,DUNMANWAY,bus,3581-89516-1,0.002640561532162477,0.002640561532162477,10.0,load-weighted,WP2033,all-island
2241,DALLOW,bus,3581-89516-1,0.01002139371431118,0.01002139371431118,10.0,load-weighted,WP2033,all-island
2881,GLENLARA,bus,3581-89516-1,0.0038931601548006754,0.0038931601548006754,10.0,load-weighted,WP2033,all-island
5321,THORNSBERRY,bus,3581-89516-1,0.003407354807670248,0.003407354807670248,10.0,load-weighted,WP2033,all-island
11310,TOBERTOREEN,bus,3581-89516-1,0.0024326386680290184,0.0024326386680290184,10.0,load-weighted,WP2033,all-island
81510,KELS1,bus,3581-89516-1,-0.04687615470244866,0.04687615470244866,10.0,load-weighted,WP2033,all-island
2225,DUNMANWAY,bus,3581-89516-1,0.0026405611407041667,0.0026405611407041667,10.0,load-weighted,WP2033,all-island
1571,ARDNAGAPPARY,bus,3581-89516-1,0.41234007663686384,0.41234007663686384,10.0,load-weighted,WP2033,all-island
3301,KNOCKEARAGH,bus,3581-89516-1,0.002793718222392671,0.002793718222392671,10.0,load-weighted,WP2033,all-island
2181,DRYBRIDGE,bus,3581-89516-1,-0.0001438140335704996,0.0001438140335704996,10.0,load-weighted,WP2033,all-island
2101,DUNDALK,bus,3581-89516-1,-0.0013867067512073582,0.0013867067512073582,10.0,load-weighted,WP2033,all-island
3641,LODGEWOOD,bus,3581-89516-1,-0.0007979435409131187,0.0007979435409131187,10.0,load-weighted,WP2033,all-island
6931,WOODHOUSE,bus,3581-89516-1,0.0018484159206982147,0.0018484159206982147,10.0,load-weighted,WP2033,all-island
5241,TAWNAGHMORE,bus,3581-89516-1,0.08023498278520748,0.08023498278520748,10.0,load-weighted,WP2033,all-island
2361,ENNIS,bus,3581-89516-1,0.008824998664971603,0.008824998664971603,10.0,load-weighted,WP2033,all-island
4261,NENAGH,bus,3581-89516-1,0.004735346825534833,0.004735346825534833,10.0,load-weighted,WP2033,all-island
3461,KILPADDOGE,bus,3581-89516-1,0.0029495538017434257,0.0029495538017434257,10.0,load-weighted,WP2033,all-island
1301,BALLYBEG,bus,3581-89516-1,-0.0019657372448097406,0.0019657372448097406,10.0,load-weighted,WP2033,all-island
4981,SLIGO,bus,3581-89516-1,0.12785387188376707,0.12785387188376707,10.0,load-weighted,WP2033,all-island
77511,DUNG1,bus,3581-89516-1,-0.04837743063698767,0.04837743063698767,10.0,load-weighted,WP2033,all-island
3941,MONEYPOINT,bus,3581-89516-1,0.004192742403777688,0.004192742403777688,10.0,load-weighted,WP2033,all-island
1271,BALTRASNA,bus,3581-89516-1,-0.0006920507446984345,0.0006920507446984345,10.0,load-weighted,WP2033,all-island
2741,GREAT ISLAND,bus,3581-89516-1,0.00030984464825980704,0.00030984464825980704,10.0,load-weighted,WP2033,all-island
4701,RICHMOND,bus,3581-89516-1,0.037797544966319166,0.037797544966319166,10.0,load-weighted,WP2033,all-island
79010,ENNISKIL,bus,3581-89516-1,-0.02849378471309798,0.02849378471309798,10.0,load-weighted,WP2033,all-island
3801,MIDLETON,bus,3581-89516-1,0.0026426417141002627,0.0026426417141002627,10.0,load-weighted,WP2033,all-island
4221,NAVAN,bus,3581-89516-1,0.0009731819348801247,0.0009731819348801247,10.0,load-weighted,WP2033,all-island
5001,SOMERSET,bus,3581-89516-1,0.013891801375935816,0.013891801375935816,10.0,load-weighted,WP2033,all-island
1061,ARIGNA,bus,3581-89516-1,0.1000230025142818,0.1000230025142818,10.0,load-weighted,WP2033,all-island
83011,LARN1,bus,3581-89516-1,-0.04471680433800744,0.04471680433800744,10.0,load-weighted,WP2033,all-island
3241,KILTEEL,bus,3581-89516-1,-0.00019693541984458843,0.00019693541984458843,10.0,load-weighted,WP2033,all-island
84412,LSMR1,bus,3581-89516-1,-0.10127768776382386,0.10127768776382386,10.0,load-weighted,WP2033,all-island
74011,CARN1,bus,3581-89516-1,-0.04295693656320271,0.04295693656320271,10.0,load-weighted,WP2033,all-island
3501,LANESBORO_A1,bus,3581-89516-1,0.03778135243280821,0.03778135243280821,10.0,load-weighted,WP2033,all-island
4361,OUGHTRAGH,bus,3581-89516-1,0.002866505945716479,0.002866505945716479,10.0,load-weighted,WP2033,all-island
2161,DOON,bus,3581-89516-1,0.0030313721189093694,0.0030313721189093694,10.0,load-weighted,WP2033,all-island
1841,CRANE,bus,3581-89516-1,-0.0007701576250793048,0.0007701576250793048,10.0,load-weighted,WP2033,all-island
1021,ARDNACRUSHA,bus,3581-89516-1,0.005674374207051604,0.005674374207051604,10.0,load-weighted,WP2033,all-island
5341,TONROE,bus,3581-89516-1,0.07656283192329082,0.07656283192329082,10.0,load-weighted,WP2033,all-island
2121,DRUMLINE,bus,3581-89516-1,0.007284014161976198,0.007284014161976198,10.0,load-weighted,WP2033,all-island
4201,NEWBRIDGE,bus,3581-89516-1,0.0005750639299639364,0.0005750639299639364,10.0,load-weighted,WP2033,all-island
3221,KILBARRY,bus,3581-89516-1,0.002679060303072422,0.002679060303072422,10.0,load-weighted,WP2033,all-island
1621,COOLROE,bus,3581-89516-1,0.002663689236601357,0.002663689236601357,10.0,load-weighted,WP2033,all-island
1381,BARNAHELY,bus,3581-89516-1,0.0026460945851984156,0.0026460945851984156,10.0,load-weighted,WP2033,all-island
90511,WARN1,bus,3581-89516-1,-0.03850133878276972,0.03850133878276972,10.0,load-weighted,WP2033,all-island
3541,LIMERICK,bus,3581-89516-1,0.004825222705772982,0.004825222705772982,10.0,load-weighted,WP2033,all-island
1141,ATHLONE,bus,3581-89516-1,0.02159364362287224,0.02159364362287224,10.0,load-weighted,WP2033,all-island
5381,TIPPERARY,bus,3581-89516-1,0.004186368050882513,0.004186368050882513,10.0,load-weighted,WP2033,all-island
2571,FIN_RURAL,bus,3581-89516-1,-0.003727440075792534,0.003727440075792534,10.0,load-weighted,WP2033,all-island
4081,MONREAD,bus,3581-89516-1,0.00010010665466995625,0.00010010665466995625,10.0,load-weighted,WP2033,all-island
2821,GORTAWEE,bus,3581-89516-1,0.06977569972447613,0.06977569972447613,10.0,load-weighted,WP2033,all-island
1541,BANOGE,bus,3581-89516-1,-0.0011500834722826155,0.0011500834722826155,10.0,load-weighted,WP2033,all-island
1081,AHANE,bus,3581-89516-1,0.004733912286701388,0.004733912286701388,10.0,load-weighted,WP2033,all-island
1831,SCREEB,bus,3581-89516-1,0.02128185869878606,0.02128185869878606,10.0,load-weighted,WP2033,all-island
4041,MOY,bus,3581-89516-1,0.08023498278520468,0.08023498278520468,10.0,load-weighted,WP2033,all-island
1361,BALLYDINE,bus,3581-89516-1,0.0023674436930375235,0.0023674436930375235,10.0,load-weighted,WP2033,all-island
86312,NARD1,bus,3581-89516-1,-0.03869064522790697,0.03869064522790697,10.0,load-weighted,WP2033,all-island
1221,ATHY,bus,3581-89516-1,-0.00020609137370188393,0.00020609137370188393,10.0,load-weighted,WP2033,all-island
1921,COW CROSS,bus,3581-89516-1,0.002642758634854952,0.002642758634854952,10.0,load-weighted,WP2033,all-island
4021,MALLOW,bus,3581-89516-1,0.003393047680019117,0.003393047680019117,10.0,load-weighted,WP2033,all-island
5181,TRABEG,bus,3581-89516-1,0.002693296383308768,0.002693296383308768,10.0,load-weighted,WP2033,all-island
1861,CARRICK ON S,bus,3581-89516-1,0.07206307411156858,0.07206307411156858,10.0,load-weighted,WP2033,all-island
22811,DALTON_A2,bus,3581-89516-1,0.03735833757749711,0.03735833757749711,10.0,load-weighted,WP2033,all-island
17420,DUBLIN ARRAY,bus,2781-4951-1,0.005149390624531061,0.005149390624531061,10.0,load-weighted,WP2033,all-island
11261,ARKLOW_OFF,bus,2781-4951-1,0.005149390624505279,0.005149390624505279,10.0,load-weighted,WP2033,all-island
14720,NISA BELCAMP,bus,2781-4951-1,0.005149390624480797,0.005149390624480797,10.0,load-weighted,WP2033,all-island
44731,CODLING 1,bus,2781-4951-1,0.005149390624481611,0.005149390624481611,10.0,load-weighted,WP2033,all-island
44733,CODLING 3,bus,2781-4951-1,0.005149390624523985,0.005149390624523985,10.0,load-weighted,WP2033,all-island
44732,CODLING 2,bus,2781-4951-1,0.005149390624523886,0.005149390624523886,10.0,load-weighted,WP2033,all-island
2742,GREAT ISLAND,bus,2781-4951-1,0.005149390624430036,0.005149390624430036,10.0,load-weighted,WP2033,all-island
39420,SKERD ROCK,bus,2781-4951-1,0.005149390624391839,0.005149390624391839,10.0,load-weighted,WP2033,all-island
32060,KNOCKRAHA OF,bus,2781-4951-1,0.005149390624377291,0.005149390624377291,10.0,load-weighted,WP2033,all-island
66123,ORIEL OFFSHO,bus,2781-4951-1,0.005149390624415629,0.005149390624415629,10.0,load-weighted,WP2033,all-island
2111,UGGOOL,bus,2781-4951-1,0.1573579176327401,0.1573579176327401,10.0,load-weighted,WP2033,all-island
14013,SRAHNAKILLY,bus,2781-4951-1,0.005149390624205092,0.005149390624205092,10.0,load-weighted,WP2033,all-island
2791,GALLANSTOWN,bus,2781-4951-1,0.005149390624555869,0.005149390624555869,10.0,load-weighted,WP2033,all-island
1551,BOGGERAGH,bus,2781-4951-1,0.005149390624465365,0.005149390624465365,10.0,load-weighted,WP2033,all-island
1121,ARKLOW,bus,2781-4951-1,0.005149390624532268,0.005149390624532268,10.0,load-weighted,WP2033,all-island
6201,COOMATAGGART,bus,2781-4951-1,0.005149390624315913,0.005149390624315913,10.0,load-weighted,WP2033,all-island
5351,TIMONEY,bus,2781-4951-1,0.005149390624308933,0.005149390624308933,10.0,load-weighted,WP2033,all-island
5291,TULLABEG,bus,2781-4951-1,0.005149390624456395,0.005149390624456395,10.0,load-weighted,WP2033,all-island
1251,BOOLTIAGH,bus,2781-4951-1,0.005149390624324781,0.005149390624324781,10.0,load-weighted,WP2033,all-island
1311,CORDAL,bus,2781-4951-1,0.0051493906244397016,0.0051493906244397016,10.0,load-weighted,WP2033,all-island
3531,LYSAGHTSTOWN,bus,2781-4951-1,0.005149390624436329,0.005149390624436329,10.0,load-weighted,WP2033,all-island
2691,GARBALLAGH,bus,2781-4951-1,0.005149390624520052,0.005149390624520052,10.0,load-weighted,WP2033,all-island
51911,CROAGHONAGH,bus,2781-4951-1,0.005149390624122254,0.005149390624122254,10.0,load-weighted,WP2033,all-island
18810,BALLYNADRIDE,bus,2781-4951-1,0.00514939062437937,0.00514939062437937,10.0,load-weighted,WP2033,all-island
5274,CAUTEEN,bus,2781-4951-1,0.005149390624394018,0.005149390624394018,10.0,load-weighted,WP2033,all-island
87900,RASHARK1,bus,2781-4951-1,0.0051493906243389835,0.0051493906243389835,10.0,load-weighted,WP2033,all-island
3311,KNOCKDRIN,bus,2781-4951-1,0.005149390624546177,0.005149390624546177,10.0,load-weighted,WP2033,all-island
20900,BUFFY,bus,2781-4951-1,-0.8112009327694993,0.8112009327694993,10.0,load-weighted,WP2033,all-island
5081,STONESTOWN,bus,2781-4951-1,0.005149390624330445,0.005149390624330445,10.0,load-weighted,WP2033,all-island
3391,KNOCKACUMMER,bus,2781-4951-1,0.005149390624428641,0.005149390624428641,10.0,load-weighted,WP2033,all-island
75010,COLE1,bus,2781-4951-1,0.005149390624301106,0.005149390624301106,10.0,load-weighted,WP2033,all-island
2211,DENNISTOWN,bus,2781-4951-1,0.005149390624442304,0.005149390624442304,10.0,load-weighted,WP2033,all-island
1511,CLOGHBOOLA,bus,2781-4951-1,0.005149390624448179,0.005149390624448179,10.0,load-weighted,WP2033,all-island
16410,BALLYMONEEN,bus,2781-4951-1,0.005149390624267565,0.005149390624267565,10.0,load-weighted,WP2033,all-island
1591,CLONFAD,bus,2781-4951-1,0.005149390624556811,0.005149390624556811,10.0,load-weighted,WP2033,all-island
3511,LICKNY,bus,2781-4951-1,0.00514939062455492,0.00514939062455492,10.0,load-weighted,WP2033,all-island
87510,OMAH1,bus,2781-4951-1,0.0051493906242960266,0.0051493906242960266,10.0,load-weighted,WP2033,all-island
4091,MULREAVY,bus,2781-4951-1,0.0051493906241223825,0.0051493906241223825,10.0,load-weighted,WP2033,all-island
4791,RATHNASKILLO,bus,2781-4951-1,0.005149390624428917,0.005149390624428917,10.0,load-weighted,WP2033,all-island
5451,ROSSPILE,bus,2781-4951-1,0.005149390624417828,0.005149390624417828,10.0,load-weighted,WP2033,all-island
25610,NEWBARN,bus,2781-4951-1,0.005149390624480259,0.005149390624480259,10.0,load-weighted,WP2033,all-island
90210,TREM,bus,2781-4951-1,0.005149390624324089,0.005149390624324089,10.0,load-weighted,WP2033,all-island
4671,RAPPAREEHILL,bus,2781-4951-1,0.0051493906244125046,0.0051493906244125046,10.0,load-weighted,WP2033,all-island
1341,BINBANE,bus,2781-4951-1,0.005149390624070388,0.005149390624070388,10.0,load-weighted,WP2033,all-island
1821,CLOON,bus,2781-4951-1,0.005149390624439849,0.005149390624439849,10.0,load-weighted,WP2033,all-island
1651,CLAHANE,bus,2781-4951-1,0.005149390624264862,0.005149390624264862,10.0,load-weighted,WP2033,all-island
1491,DEENES,bus,2781-4951-1,0.0051493906245485815,0.0051493906245485815,10.0,load-weighted,WP2033,all-island
1431,BALLYRAGGET,bus,2781-4951-1,0.005149390624359863,0.005149390624359863,10.0,load-weighted,WP2033,all-island
4071,MEENTYCAT,bus,2781-4951-1,0.005149390624155327,0.005149390624155327,10.0,load-weighted,WP2033,all-island
66096,UPPERCHURCH,bus,2781-4951-1,0.0051493906243478636,0.0051493906243478636,10.0,load-weighted,WP2033,all-island
3251,REAMORE,bus,2781-4951-1,0.005149390624287611,0.005149390624287611,10.0,load-weighted,WP2033,all-island
70010,AGHYOULE,bus,2781-4951-1,0.0051493906242559475,0.0051493906242559475,10.0,load-weighted,WP2033,all-island
2671,GARVAGH,bus,2781-4951-1,0.005149390624198157,0.005149390624198157,10.0,load-weighted,WP2033,all-island
33410,BENDINSTOWN,bus,2781-4951-1,0.005149390624376573,0.005149390624376573,10.0,load-weighted,WP2033,all-island
1971,COOMAGEARLAH,bus,2781-4951-1,0.005149390624312446,0.005149390624312446,10.0,load-weighted,WP2033,all-island
3551,COOLNABACKY,bus,2781-4951-1,0.005149390624412399,0.005149390624412399,10.0,load-weighted,WP2033,all-island
1631,CORDERRY,bus,2781-4951-1,0.005149390624205228,0.005149390624205228,10.0,load-weighted,WP2033,all-island
2401,MOUNT LUCAS,bus,2781-4951-1,0.005149390624493301,0.005149390624493301,10.0,load-weighted,WP2033,all-island
4781,RATRUSSAN,bus,2781-4951-1,0.005149390624314815,0.005149390624314815,10.0,load-weighted,WP2033,all-island
4371,GLENREE,bus,2781-4951-1,0.005149390624176268,0.005149390624176268,10.0,load-weighted,WP2033,all-island
2601,FIRLOUGH,bus,2781-4951-1,0.0051493906241729896,0.0051493906241729896,10.0,load-weighted,WP2033,all-island
2151,DROMBEG,bus,2781-4951-1,0.005149390624293522,0.005149390624293522,10.0,load-weighted,WP2033,all-island
1671,KILCUMBER,bus,2781-4951-1,0.005149390624466581,0.005149390624466581,10.0,load-weighted,WP2033,all-island
2771,GARROW,bus,2781-4951-1,0.005149390624315974,0.005149390624315974,10.0,load-weighted,WP2033,all-island
81810,KILL1-CL,bus,2781-4951-1,0.005149390624288033,0.005149390624288033,10.0,load-weighted,WP2033,all-island
23610,SLIEVECALLAN,bus,2781-4951-1,0.005149390624324197,0.005149390624324197,10.0,load-weighted,WP2033,all-island
1881,CHARLEVILLE,bus,2781-4951-1,0.005149390624379881,0.005149390624379881,10.0,load-weighted,WP2033,all-island
85510,MAKL1-CL,bus,2781-4951-1,0.00514939062428991,0.00514939062428991,10.0,load-weighted,WP2033,all-island
5211,TIMAHOE,bus,2781-4951-1,0.005149390624533843,0.005149390624533843,10.0,load-weighted,WP2033,all-island
1901,CARLOW,bus,2781-4951-1,0.005149390624372351,0.005149390624372351,10.0,load-weighted,WP2033,all-island
3821,MEATH HILL,bus,2781-4951-1,0.005149390624407897,0.005149390624407897,10.0,load-weighted,WP2033,all-island
3621,LISHEEN,bus,2781-4951-1,0.005149390624321142,0.005149390624321142,10.0,load-weighted,WP2033,all-island
3891,CARRIGDANGAN,bus,2781-4951-1,0.005149390624461731,0.005149390624461731,10.0,load-weighted,WP2033,all-island
77210,DRUMQUIN,bus,2781-4951-1,0.005149390624278839,0.005149390624278839,10.0,load-weighted,WP2033,all-island
80710,GORT,bus,2781-4951-1,0.005149390624313405,0.005149390624313405,10.0,load-weighted,WP2033,all-island
1281,BALLYLICKEY,bus,2781-4951-1,0.005149390624592569,0.005149390624592569,10.0,load-weighted,WP2033,all-island
2271,DERRYLAHAN,bus,2781-4951-1,0.005149390624324688,0.005149390624324688,10.0,load-weighted,WP2033,all-island
4991,SORNE HILL,bus,2781-4951-1,0.005149390624156629,0.005149390624156629,10.0,load-weighted,WP2033,all-island
5281,TRALEE,bus,2781-4951-1,0.005149390624288671,0.005149390624288671,10.0,load-weighted,WP2033,all-island
70311,ANTR1,bus,2781-4951-1,0.005149390624367594,0.005149390624367594,10.0,load-weighted,WP2033,all-island
3581,LETTERKENNY,bus,2781-4951-1,0.005149390624153529,0.005149390624153529,10.0,load-weighted,WP2033,all-island
36411,CRORY,bus,2781-4951-1,0.005149390624427352,0.005149390624427352,10.0,load-weighted,WP2033,all-island
21210,COOLSHAMROGE,bus,2781-4951-1,0.005149390624314142,0.005149390624314142,10.0,load-weighted,WP2033,all-island
1331,BLUNDELSTOWN,bus,2781-4951-1,0.005149390624549758,0.005149390624549758,10.0,load-weighted,WP2033,all-island
4121,MULGEETH,bus,2781-4951-1,0.005149390624554086,0.005149390624554086,10.0,load-weighted,WP2033,all-island
2721,GRIFFINRATH,bus,2781-4951-1,0.0051493906245284726,0.0051493906245284726,10.0,load-weighted,WP2033,all-island
2231,DERRYBRIEN,bus,2781-4951-1,0.0051493906242914,0.0051493906242914,10.0,load-weighted,WP2033,all-island
5271,CAUTEEN,bus,2781-4951-1,0.005149390624394085,0.005149390624394085,10.0,load-weighted,WP2033,all-island
36210,LISHEEN,bus,2781-4951-1,0.005149390624320618,0.005149390624320618,10.0,load-weighted,WP2033,all-island
84011,LISB1,bus,2781-4951-1,0.005149390624382352,0.005149390624382352,10.0,load-weighted,WP2033,all-island
4971,SHANONAGH,bus,2781-4951-1,0.005149390624541547,0.005149390624541547,10.0,load-weighted,WP2033,all-island
4481,PORTLAOISE,bus,2781-4951-1,0.005149390624425813,0.005149390624425813,10.0,load-weighted,WP2033,all-island
3261,KILKENNY,bus,2781-4951-1,0.005149390624344958,0.005149390624344958,10.0,load-weighted,WP2033,all-island
66094,SLIABH BAWN,bus,2781-4951-1,0.005149390624362071,0.005149390624362071,10.0,load-weighted,WP2033,all-island
1521,BOGTOWN,bus,2781-4951-1,0.005149390624488128,0.005149390624488128,10.0,load-weighted,WP2033,all-island
71011,BAME1,bus,2781-4951-1,0.00514939062437038,0.00514939062437038,10.0,load-weighted,WP2033,all-island
17010,CATH FALL,bus,2781-4951-1,0.00514939062412071,0.00514939062412071,10.0,load-weighted,WP2033,all-island
2061,CASTLETREASU,bus,2781-4951-1,0.00514939062441574,0.00514939062441574,10.0,load-weighted,WP2033,all-island
2641,GRAHOMICK,bus,2781-4951-1,0.005149390624443008,0.005149390624443008,10.0,load-weighted,WP2033,all-island
1751,COOMNACLOHY,bus,2781-4951-1,0.005149390624297201,0.005149390624297201,10.0,load-weighted,WP2033,all-island
2141,DUNGARVAN,bus,2781-4951-1,0.005149390624435181,0.005149390624435181,10.0,load-weighted,WP2033,all-island
5501,WEXFORD,bus,2781-4951-1,0.005149390624436376,0.005149390624436376,10.0,load-weighted,WP2033,all-island
77212,WIND_PT,bus,2781-4951-1,0.005149390624279066,0.005149390624279066,10.0,load-weighted,WP2033,all-island
1661,CASTLEBAR,bus,2781-4951-1,0.005149390624254176,0.005149390624254176,10.0,load-weighted,WP2033,all-island
1151,BALLINKNOCKA,bus,2781-4951-1,0.005149390624241213,0.005149390624241213,10.0,load-weighted,WP2033,all-island
14016,CROAGHAUN,bus,2781-4951-1,0.005149390624206069,0.005149390624206069,10.0,load-weighted,WP2033,all-island
4391,PHILIPSTOWN,bus,2781-4951-1,0.005149390624465386,0.005149390624465386,10.0,load-weighted,WP2033,all-island
3521,LOUTHA,bus,2781-4951-1,0.00514939062438019,0.00514939062438019,10.0,load-weighted,WP2033,all-island
2651,GARRINTAGGAR,bus,2781-4951-1,0.005149390624385649,0.005149390624385649,10.0,load-weighted,WP2033,all-island
3491,LISLEA,bus,2781-4951-1,0.005149390624307384,0.005149390624307384,10.0,load-weighted,WP2033,all-island
73500,BROCK1,bus,2781-4951-1,0.005149390624342368,0.005149390624342368,10.0,load-weighted,WP2033,all-island
1461,BARRYMORE,bus,2781-4951-1,0.005149390624509911,0.005149390624509911,10.0,load-weighted,WP2033,all-island
2331,FERRY VIEW,bus,2781-4951-1,-0.8112009327695032,0.8112009327695032,10.0,load-weighted,WP2033,all-island
3361,LAURENCETOWN,bus,2781-4951-1,0.005149390624545525,0.005149390624545525,10.0,load-weighted,WP2033,all-island
1401,BELLACORICK,bus,2781-4951-1,0.005149390624204839,0.005149390624204839,10.0,load-weighted,WP2033,all-island
1441,BANDON,bus,2781-4951-1,0.0051493906244491315,0.0051493906244491315,10.0,load-weighted,WP2033,all-island
52610,TRIEN,bus,2781-4951-1,0.005149390624441615,0.005149390624441615,10.0,load-weighted,WP2033,all-island
4951,SALTHILL,bus,2781-4951-1,-0.8112009327691578,0.8112009327691578,10.0,load-weighted,WP2033,all-island
28810,GLENLARA,bus,2781-4951-1,0.005149390624428166,0.005149390624428166,10.0,load-weighted,WP2033,all-island
2281,DALTON_A1,bus,2781-4951-1,0.00514939062422012,0.00514939062422012,10.0,load-weighted,WP2033,all-island
5361,TRILLICK,bus,2781-4951-1,0.005149390624156248,0.005149390624156248,10.0,load-weighted,WP2033,all-island
2701,GLASMORE,bus,2781-4951-1,0.005149390624451808,0.005149390624451808,10.0,load-weighted,WP2033,all-island
2921,HARRISTOWN,bus,2781-4951-1,0.005149390624552349,0.005149390624552349,10.0,load-weighted,WP2033,all-island
3111,BALLYNABRANN,bus,2781-4951-1,0.005149390624429909,0.005149390624429909,10.0,load-weighted,WP2033,all-island
1231,BALLYWATER,bus,2781-4951-1,0.005149390624425586,0.005149390624425586,10.0,load-weighted,WP2033,all-island
5301,THURLES,bus,2781-4951-1,0.005149390624340219,0.005149390624340219,10.0,load-weighted,WP2033,all-island
3881,MACROOM,bus,2781-4951-1,0.005149390624443405,0.005149390624443405,10.0,load-weighted,WP2033,all-island
1991,CASTLEDOCKRE,bus,2781-4951-1,0.005149390624425144,0.005149390624425144,10.0,load-weighted,WP2033,all-island
2661,AGHALEAGUE,bus,2781-4951-1,0.005149390624197288,0.005149390624197288,10.0,load-weighted,WP2033,all-island
4961,SHANKILL,bus,2781-4951-1,0.005149390624291799,0.005149390624291799,10.0,load-weighted,WP2033,all-island
1481,BUTLERSTOWN,bus,2781-4951-1,0.00514939062440274,0.00514939062440274,10.0,load-weighted,WP2033,all-island
83510,LIMA1,bus,2781-4951-1,0.005149390624300422,0.005149390624300422,10.0,load-weighted,WP2033,all-island
3481,COOLNANOONAG,bus,2781-4951-1,0.005149390624301711,0.005149390624301711,10.0,load-weighted,WP2033,all-island
2731,GLANLEE,bus,2781-4951-1,0.005149390624312326,0.005149390624312326,10.0,load-weighted,WP2033,all-island
2391,KILL HILL,bus,2781-4951-1,0.005149390624399685,0.005149390624399685,10.0,load-weighted,WP2033,all-island
3101,IKERRIN,bus,2781-4951-1,0.005149390624307764,0.005149390624307764,10.0,load-weighted,WP2033,all-island
1931,CUNGHILL,bus,2781-4951-1,0.00514939062418095,0.00514939062418095,10.0,load-weighted,WP2033,all-island
1131,ATHEA,bus,2781-4951-1,0.005149390624469024,0.005149390624469024,10.0,load-weighted,WP2033,all-island
1721,CAHIR,bus,2781-4951-1,0.005149390624472689,0.005149390624472689,10.0,load-weighted,WP2033,all-island
3571,DERRYCARNEY,bus,2781-4951-1,0.0051493906243371135,0.0051493906243371135,10.0,load-weighted,WP2033,all-island
68090,KNOCKNAMONA,bus,2781-4951-1,0.005149390624430298,0.005149390624430298,10.0,load-weighted,WP2033,all-island
14010,BELLACORICK,bus,2781-4951-1,0.005149390624204848,0.005149390624204848,10.0,load-weighted,WP2033,all-island
4001,MULLINGAR,bus,2781-4951-1,0.005149390624555123,0.005149390624555123,10.0,load-weighted,WP2033,all-island
2171,KNOCKALOUGH,bus,2781-4951-1,-0.8112009327695482,0.8112009327695482,10.0,load-weighted,WP2033,all-island
3561,LISDRUM,bus,2781-4951-1,0.005149390624328608,0.005149390624328608,10.0,load-weighted,WP2033,all-island
4681,RATHKEALE,bus,2781-4951-1,0.0051493906243093735,0.0051493906243093735,10.0,load-weighted,WP2033,all-island
2301,DUNFIRTH,bus,2781-4951-1,0.005149390624554117,0.005149390624554117,10.0,load-weighted,WP2033,all-island
5221,TULLABRACK,bus,2781-4951-1,0.005149390624349303,0.005149390624349303,10.0,load-weighted,WP2033,all-island
5261,TRIEN,bus,2781-4951-1,0.0051493906242609,0.0051493906242609,10.0,load-weighted,WP2033,all-island
3591,LENALEA,bus,2781-4951-1,0.005149390624128291,0.005149390624128291,10.0,load-weighted,WP2033,all-island
5191,TIEVEBRACK,bus,2781-4951-1,0.005149390624052178,0.005149390624052178,10.0,load-weighted,WP2033,all-island
5441,WATERFORD,bus,2781-4951-1,0.005149390624403106,0.005149390624403106,10.0,load-weighted,WP2033,all-island
2131,DROMADA,bus,2781-4951-1,0.005149390624473751,0.005149390624473751,10.0,load-weighted,WP2033,all-island
89510,STRABANE,bus,2781-4951-1,0.005149390624277826,0.005149390624277826,10.0,load-weighted,WP2033,all-island
89210,SKRK1,bus,2781-4951-1,0.005149390624287204,0.005149390624287204,10.0,load-weighted,WP2033,all-island
2221,DUNMANWAY,bus,2781-4951-1,0.0051493906244631515,0.0051493906244631515,10.0,load-weighted,WP2033,all-island
2241,DALLOW,bus,2781-4951-1,0.005149390624311646,0.005149390624311646,10.0,load-weighted,WP2033,all-island
2881,GLENLARA,bus,2781-4951-1,0.005149390624379411,0.005149390624379411,10.0,load-weighted,WP2033,all-island
5321,THORNSBERRY,bus,2781-4951-1,0.005149390624518507,0.005149390624518507,10.0,load-weighted,WP2033,all-island
11310,TOBERTOREEN,bus,2781-4951-1,0.005149390624469029,0.005149390624469029,10.0,load-weighted,WP2033,all-island
81510,KELS1,bus,2781-4951-1,0.005149390624369254,0.005149390624369254,10.0,load-weighted,WP2033,all-island
2225,DUNMANWAY,bus,2781-4951-1,0.005149390624462902,0.005149390624462902,10.0,load-weighted,WP2033,all-island
1571,ARDNAGAPPARY,bus,2781-4951-1,0.005149390623938483,0.005149390623938483,10.0,load-weighted,WP2033,all-island
3301,KNOCKEARAGH,bus,2781-4951-1,0.005149390624376958,0.005149390624376958,10.0,load-weighted,WP2033,all-island
2181,DRYBRIDGE,bus,2781-4951-1,0.005149390624531626,0.005149390624531626,10.0,load-weighted,WP2033,all-island
2101,DUNDALK,bus,2781-4951-1,0.0051493906243161615,0.0051493906243161615,10.0,load-weighted,WP2033,all-island
3641,LODGEWOOD,bus,2781-4951-1,0.0051493906244274735,0.0051493906244274735,10.0,load-weighted,WP2033,all-island
6931,WOODHOUSE,bus,2781-4951-1,0.005149390624430096,0.005149390624430096,10.0,load-weighted,WP2033,all-island
5241,TAWNAGHMORE,bus,2781-4951-1,0.005149390624176416,0.005149390624176416,10.0,load-weighted,WP2033,all-island
2361,ENNIS,bus,2781-4951-1,0.005149390624321777,0.005149390624321777,10.0,load-weighted,WP2033,all-island
4261,NENAGH,bus,2781-4951-1,0.005149390624359646,0.005149390624359646,10.0,load-weighted,WP2033,all-island
3461,KILPADDOGE,bus,2781-4951-1,0.005149390624301808,0.005149390624301808,10.0,load-weighted,WP2033,all-island
1301,BALLYBEG,bus,2781-4951-1,0.005149390624593868,0.005149390624593868,10.0,load-weighted,WP2033,all-island
4981,SLIGO,bus,2781-4951-1,0.005149390624182721,0.005149390624182721,10.0,load-weighted,WP2033,all-island
77511,DUNG1,bus,2781-4951-1,0.00514939062435469,0.00514939062435469,10.0,load-weighted,WP2033,all-island
3941,MONEYPOINT,bus,2781-4951-1,0.005149390624359538,0.005149390624359538,10.0,load-weighted,WP2033,all-island
1271,BALTRASNA,bus,2781-4951-1,0.00514939062455369,0.00514939062455369,10.0,load-weighted,WP2033,all-island
2741,GREAT ISLAND,bus,2781-4951-1,0.005149390624395102,0.005149390624395102,10.0,load-weighted,WP2033,all-island
4701,RICHMOND,bus,2781-4951-1,0.005149390624427534,0.005149390624427534,10.0,load-weighted,WP2033,all-island
79010,ENNISKIL,bus,2781-4951-1,0.005149390624261433,0.005149390624261433,10.0,load-weighted,WP2033,all-island
3801,MIDLETON,bus,2781-4951-1,0.005149390624438477,0.005149390624438477,10.0,load-weighted,WP2033,all-island
4221,NAVAN,bus,2781-4951-1,0.0051493906244603795,0.0051493906244603795,10.0,load-weighted,WP2033,all-island
5001,SOMERSET,bus,2781-4951-1,0.005149390624306357,0.005149390624306357,10.0,load-weighted,WP2033,all-island
1061,ARIGNA,bus,2781-4951-1,0.005149390624229798,0.005149390624229798,10.0,load-weighted,WP2033,all-island
83011,LARN1,bus,2781-4951-1,0.005149390624371629,0.005149390624371629,10.0,load-weighted,WP2033,all-island
3241,KILTEEL,bus,2781-4951-1,0.0051493906245446575,0.0051493906245446575,10.0,load-weighted,WP2033,all-island
84412,LSMR1,bus,2781-4951-1,0.00514939062430351,0.00514939062430351,10.0,load-weighted,WP2033,all-island
74011,CARN1,bus,2781-4951-1,0.005149390624375385,0.005149390624375385,10.0,load-weighted,WP2033,all-island
3501,LANESBORO_A1,bus,2781-4951-1,0.005149390624413899,0.005149390624413899,10.0,load-weighted,WP2033,all-island
4361,OUGHTRAGH,bus,2781-4951-1,0.005149390624313299,0.005149390624313299,10.0,load-weighted,WP2033,all-island
2161,DOON,bus,2781-4951-1,0.0051493906245071875,0.0051493906245071875,10.0,load-weighted,WP2033,all-island
1841,CRANE,bus,2781-4951-1,0.00514939062444884,0.00514939062444884,10.0,load-weighted,WP2033,all-island
1021,ARDNACRUSHA,bus,2781-4951-1,0.005149390624326733,0.005149390624326733,10.0,load-weighted,WP2033,all-island
5341,TONROE,bus,2781-4951-1,0.005149390624202749,0.005149390624202749,10.0,load-weighted,WP2033,all-island
2121,DRUMLINE,bus,2781-4951-1,0.005149390624310144,0.005149390624310144,10.0,load-weighted,WP2033,all-island
4201,NEWBRIDGE,bus,2781-4951-1,0.005149390624498821,0.005149390624498821,10.0,load-weighted,WP2033,all-island
3221,KILBARRY,bus,2781-4951-1,0.0051493906244358175,0.0051493906244358175,10.0,load-weighted,WP2033,all-island
1621,COOLROE,bus,2781-4951-1,0.005149390624448998,0.005149390624448998,10.0,load-weighted,WP2033,all-island
1381,BARNAHELY,bus,2781-4951-1,0.005149390624410088,0.005149390624410088,10.0,load-weighted,WP2033,all-island
90511,WARN1,bus,2781-4951-1,0.005149390624398797,0.005149390624398797,10.0,load-weighted,WP2033,all-island
3541,LIMERICK,bus,2781-4951-1,0.005149390624326476,0.005149390624326476,10.0,load-weighted,WP2033,all-island
1141,ATHLONE,bus,2781-4951-1,0.005149390624371631,0.005149390624371631,10.0,load-weighted,WP2033,all-island
5381,TIPPERARY,bus,2781-4951-1,0.005149390624426719,0.005149390624426719,10.0,load-weighted,WP2033,all-island
2571,FIN_RURAL,bus,2781-4951-1,0.005149390624448842,0.005149390624448842,10.0,load-weighted,WP2033,all-island
4081,MONREAD,bus,2781-4951-1,0.0051493906245264134,0.0051493906245264134,10.0,load-weighted,WP2033,all-island
2821,GORTAWEE,bus,2781-4951-1,0.005149390624233001,0.005149390624233001,10.0,load-weighted,WP2033,all-island
1541,BANOGE,bus,2781-4951-1,0.0051493906244630475,0.0051493906244630475,10.0,load-weighted,WP2033,all-island
1081,AHANE,bus,2781-4951-1,0.005149390624342734,0.005149390624342734,10.0,load-weighted,WP2033,all-island
1831,SCREEB,bus,2781-4951-1,-0.811200932769837,0.811200932769837,10.0,load-weighted,WP2033,all-island
4041,MOY,bus,2781-4951-1,0.005149390624177196,0.005149390624177196,10.0,load-weighted,WP2033,all-island
1361,BALLYDINE,bus,2781-4951-1,0.005149390624485849,0.005149390624485849,10.0,load-weighted,WP2033,all-island
86312,NARD1,bus,2781-4951-1,0.005149390624378226,0.005149390624378226,10.0,load-weighted,WP2033,all-island
1221,ATHY,bus,2781-4951-1,0.005149390624367228,0.005149390624367228,10.0,load-weighted,WP2033,all-island
1921,COW CROSS,bus,2781-4951-1,0.005149390624425492,0.005149390624425492,10.0,load-weighted,WP2033,all-island
4021,MALLOW,bus,2781-4951-1,0.005149390624407644,0.005149390624407644,10.0,load-weighted,WP2033,all-island
5181,TRABEG,bus,2781-4951-1,0.00514939062443218,0.00514939062443218,10.0,load-weighted,WP2033,all-island
1861,CARRICK ON S,bus,2781-4951-1,0.005149390624239495,0.005149390624239495,10.0,load-weighted,WP2033,all-island
22811,DALTON_A2,bus,2781-4951-1,0.005149390624222781,0.005149390624222781,10.0,load-weighted,WP2033,all-island
17420,DUBLIN ARRAY,bus,1122-11260-1,-9.601694439531627e-15,9.601694439531627e-15,10.0,load-weighted,WP2033,all-island
11261,ARKLOW_OFF,bus,1122-11260-1,-0.99999999999999,0.99999999999999,10.0,load-weighted,WP2033,all-island
14720,NISA BELCAMP,bus,1122-11260-1,-1.2750217548429532e-15,1.2750217548429532e-15,10.0,load-weighted,WP2033,all-island
44731,CODLING 1,bus,1122-11260-1,-8.309325449928906e-16,8.309325449928906e-16,10.0,load-weighted,WP2033,all-island
44733,CODLING 3,bus,1122-11260-1,-8.26942680998144e-15,8.26942680998144e-15,10.0,load-weighted,WP2033,all-island
44732,CODLING 2,bus,1122-11260-1,-6.048980760731126e-15,6.048980760731126e-15,10.0,load-weighted,WP2033,all-island
2742,GREAT ISLAND,bus,1122-11260-1,1.3490944472671629e-14,1.3490944472671629e-14,10.0,load-weighted,WP2033,all-island
39420,SKERD ROCK,bus,1122-11260-1,-1.0600895161694268e-14,1.0600895161694268e-14,10.0,load-weighted,WP2033,all-island
32060,KNOCKRAHA OF,bus,1122-11260-1,-1.0711917464156784e-14,1.0711917464156784e-14,10.0,load-weighted,WP2033,all-island
66123,ORIEL OFFSHO,bus,1122-11260-1,-2.8293339893181724e-15,2.8293339893181724e-15,10.0,load-weighted,WP2033,all-island
2111,UGGOOL,bus,1122-11260-1,-1.5818943377432504e-14,1.5818943377432504e-14,10.0,load-weighted,WP2033,all-island
14013,SRAHNAKILLY,bus,1122-11260-1,1.6599568941622067e-14,1.6599568941622067e-14,10.0,load-weighted,WP2033,all-island
2791,GALLANSTOWN,bus,1122-11260-1,-1.0517628434847381e-14,1.0517628434847381e-14,10.0,load-weighted,WP2033,all-island
1551,BOGGERAGH,bus,1122-11260-1,-1.89830789976142e-14,1.89830789976142e-14,10.0,load-weighted,WP2033,all-island
1121,ARKLOW,bus,1122-11260-1,2.832803436270126e-15,2.832803436270126e-15,10.0,load-weighted,WP2033,all-island
6201,COOMATAGGART,bus,1122-11260-1,-2.8293339893181724e-15,2.8293339893181724e-15,10.0,load-weighted,WP2033,all-island
5351,TIMONEY,bus,1122-11260-1,-4.328135072562134e-15,4.328135072562134e-15,10.0,load-weighted,WP2033,all-island
5291,TULLABEG,bus,1122-11260-1,1.526730131207188e-14,1.526730131207188e-14,10.0,load-weighted,WP2033,all-island
1251,BOOLTIAGH,bus,1122-11260-1,-1.9815746266083067e-14,1.9815746266083067e-14,10.0,load-weighted,WP2033,all-island
1311,CORDAL,bus,1122-11260-1,-1.8261434031607848e-14,1.8261434031607848e-14,10.0,load-weighted,WP2033,all-island
3531,LYSAGHTSTOWN,bus,1122-11260-1,-9.601694439531627e-15,9.601694439531627e-15,10.0,load-weighted,WP2033,all-island
2691,GARBALLAGH,bus,1122-11260-1,-1.2266229698632003e-14,1.2266229698632003e-14,10.0,load-weighted,WP2033,all-island
51911,CROAGHONAGH,bus,1122-11260-1,5.789986545767789e-14,5.789986545767789e-14,10.0,load-weighted,WP2033,all-island
18810,BALLYNADRIDE,bus,1122-11260-1,-1.8816545543920427e-14,1.8816545543920427e-14,10.0,load-weighted,WP2033,all-island
5274,CAUTEEN,bus,1122-11260-1,2.1458529397833104e-15,2.1458529397833104e-15,10.0,load-weighted,WP2033,all-island
87900,RASHARK1,bus,1122-11260-1,2.7701799187873632e-14,2.7701799187873632e-14,10.0,load-weighted,WP2033,all-island
3311,KNOCKDRIN,bus,1122-11260-1,-2.5255839086746334e-14,2.5255839086746334e-14,10.0,load-weighted,WP2033,all-island
20900,BUFFY,bus,1122-11260-1,-2.025983547593313e-14,2.025983547593313e-14,10.0,load-weighted,WP2033,all-island
5081,STONESTOWN,bus,1122-11260-1,1.833602714107485e-15,1.833602714107485e-15,10.0,load-weighted,WP2033,all-island
3391,KNOCKACUMMER,bus,1122-11260-1,-1.6374054889745082e-14,1.6374054889745082e-14,10.0,load-weighted,WP2033,all-island
75010,COLE1,bus,1122-11260-1,4.280083232277576e-14,4.280083232277576e-14,10.0,load-weighted,WP2033,all-island
2211,DENNISTOWN,bus,1122-11260-1,4.6091602756703764e-15,4.6091602756703764e-15,10.0,load-weighted,WP2033,all-island
1511,CLOGHBOOLA,bus,1122-11260-1,-4.4906786622611605e-14,4.4906786622611605e-14,10.0,load-weighted,WP2033,all-island
16410,BALLYMONEEN,bus,1122-11260-1,-1.8039389426682817e-14,1.8039389426682817e-14,10.0,load-weighted,WP2033,all-island
1591,CLONFAD,bus,1122-11260-1,-2.025983547593313e-14,2.025983547593313e-14,10.0,load-weighted,WP2033,all-island
3511,LICKNY,bus,1122-11260-1,-1.43756534454198e-14,1.43756534454198e-14,10.0,load-weighted,WP2033,all-island
87510,OMAH1,bus,1122-11260-1,3.4807226545474634e-14,3.4807226545474634e-14,10.0,load-weighted,WP2033,all-island
4091,MULREAVY,bus,1122-11260-1,5.878804387737802e-14,5.878804387737802e-14,10.0,load-weighted,WP2033,all-island
4791,RATHNASKILLO,bus,1122-11260-1,1.3046855262821566e-14,1.3046855262821566e-14,10.0,load-weighted,WP2033,all-island
5451,ROSSPILE,bus,1122-11260-1,1.3490944472671629e-14,1.3490944472671629e-14,10.0,load-weighted,WP2033,all-island
25610,NEWBARN,bus,1122-11260-1,-6.71511457550622e-15,6.71511457550622e-15,10.0,load-weighted,WP2033,all-island
90210,TREM,bus,1122-11260-1,2.6813620768173507e-14,2.6813620768173507e-14,10.0,load-weighted,WP2033,all-island
4671,RAPPAREEHILL,bus,1122-11260-1,-7.381248390281314e-15,7.381248390281314e-15,10.0,load-weighted,WP2033,all-island
1341,BINBANE,bus,1122-11260-1,5.612350861827764e-14,5.612350861827764e-14,10.0,load-weighted,WP2033,all-island
1821,CLOON,bus,1122-11260-1,-1.7151211006982692e-14,1.7151211006982692e-14,10.0,load-weighted,WP2033,all-island
1651,CLAHANE,bus,1122-11260-1,3.969220785382532e-14,3.969220785382532e-14,10.0,load-weighted,WP2033,all-island
1491,DEENES,bus,1122-11260-1,-1.0156805951844206e-14,1.0156805951844206e-14,10.0,load-weighted,WP2033,all-island
1431,BALLYRAGGET,bus,1122-11260-1,1.0826409213571253e-14,1.0826409213571253e-14,10.0,load-weighted,WP2033,all-island
4071,MEENTYCAT,bus,1122-11260-1,7.477525543198027e-14,7.477525543198027e-14,10.0,load-weighted,WP2033,all-island
66096,UPPERCHURCH,bus,1122-11260-1,-2.792037434584671e-14,2.792037434584671e-14,10.0,load-weighted,WP2033,all-island
3251,REAMORE,bus,1122-11260-1,2.725770997802357e-14,2.725770997802357e-14,10.0,load-weighted,WP2033,all-island
70010,AGHYOULE,bus,1122-11260-1,4.901808126067664e-14,4.901808126067664e-14,10.0,load-weighted,WP2033,all-island
2671,GARVAGH,bus,1122-11260-1,3.8359940224275135e-14,3.8359940224275135e-14,10.0,load-weighted,WP2033,all-island
33410,BENDINSTOWN,bus,1122-11260-1,1.2158676843121441e-14,1.2158676843121441e-14,10.0,load-weighted,WP2033,all-island
1971,COOMAGEARLAH,bus,1122-11260-1,-6.048980760731126e-15,6.048980760731126e-15,10.0,load-weighted,WP2033,all-island
3551,COOLNABACKY,bus,1122-11260-1,3.903127820947816e-16,3.903127820947816e-16,10.0,load-weighted,WP2033,all-island
1631,CORDERRY,bus,1122-11260-1,3.747176180457501e-14,3.747176180457501e-14,10.0,load-weighted,WP2033,all-island
2401,MOUNT LUCAS,bus,1122-11260-1,-2.336152105097966e-14,2.336152105097966e-14,10.0,load-weighted,WP2033,all-island
4781,RATRUSSAN,bus,1122-11260-1,4.165071065820314e-15,4.165071065820314e-15,10.0,load-weighted,WP2033,all-island
4371,GLENREE,bus,1122-11260-1,3.791585101442507e-14,3.791585101442507e-14,10.0,load-weighted,WP2033,all-island
2601,FIRLOUGH,bus,1122-11260-1,3.747176180457501e-14,3.747176180457501e-14,10.0,load-weighted,WP2033,all-island
2151,DROMBEG,bus,1122-11260-1,2.192863945982282e-14,2.192863945982282e-14,10.0,load-weighted,WP2033,all-island
1671,KILCUMBER,bus,1122-11260-1,-2.1703125407945834e-14,2.1703125407945834e-14,10.0,load-weighted,WP2033,all-island
2771,GARROW,bus,1122-11260-1,-2.607289384393141e-15,2.607289384393141e-15,10.0,load-weighted,WP2033,all-island
81810,KILL1-CL,bus,1122-11260-1,3.613949417502482e-14,3.613949417502482e-14,10.0,load-weighted,WP2033,all-island
23610,SLIEVECALLAN,bus,1122-11260-1,-2.8253441253234257e-14,2.8253441253234257e-14,10.0,load-weighted,WP2033,all-island
1881,CHARLEVILLE,bus,1122-11260-1,-1.926063475377049e-14,1.926063475377049e-14,10.0,load-weighted,WP2033,all-island
85510,MAKL1-CL,bus,1122-11260-1,3.924811864397526e-14,3.924811864397526e-14,10.0,load-weighted,WP2033,all-island
5211,TIMAHOE,bus,1122-11260-1,-2.1703125407945834e-14,2.1703125407945834e-14,10.0,load-weighted,WP2033,all-island
1901,CARLOW,bus,1122-11260-1,1.0826409213571253e-14,1.0826409213571253e-14,10.0,load-weighted,WP2033,all-island
3821,MEATH HILL,bus,1122-11260-1,-1.0711917464156784e-14,1.0711917464156784e-14,10.0,load-weighted,WP2033,all-island
3621,LISHEEN,bus,1122-11260-1,-6.9649147560468805e-15,6.9649147560468805e-15,10.0,load-weighted,WP2033,all-island
3891,CARRIGDANGAN,bus,1122-11260-1,-3.4692734796060165e-14,3.4692734796060165e-14,10.0,load-weighted,WP2033,all-island
77210,DRUMQUIN,bus,1122-11260-1,4.0136297063675386e-14,4.0136297063675386e-14,10.0,load-weighted,WP2033,all-island
80710,GORT,bus,1122-11260-1,3.702767259472495e-14,3.702767259472495e-14,10.0,load-weighted,WP2033,all-island
1281,BALLYLICKEY,bus,1122-11260-1,-5.3899593122075373e-14,5.3899593122075373e-14,10.0,load-weighted,WP2033,all-island
2271,DERRYLAHAN,bus,1122-11260-1,-2.8293339893181724e-15,2.8293339893181724e-15,10.0,load-weighted,WP2033,all-island
4991,SORNE HILL,bus,1122-11260-1,5.5235330198577515e-14,5.5235330198577515e-14,10.0,load-weighted,WP2033,all-island
5281,TRALEE,bus,1122-11260-1,2.8145888397723695e-14,2.8145888397723695e-14,10.0,load-weighted,WP2033,all-island
70311,ANTR1,bus,1122-11260-1,1.7931836571172255e-14,1.7931836571172255e-14,10.0,load-weighted,WP2033,all-island
3581,LETTERKENNY,bus,1122-11260-1,6.234075755617852e-14,6.234075755617852e-14,10.0,load-weighted,WP2033,all-island
36411,CRORY,bus,1122-11260-1,1.704365815147213e-14,1.704365815147213e-14,10.0,load-weighted,WP2033,all-island
21210,COOLSHAMROGE,bus,1122-11260-1,-3.402660098128507e-14,3.402660098128507e-14,10.0,load-weighted,WP2033,all-island
1331,BLUNDELSTOWN,bus,1122-11260-1,-1.182214048878194e-14,1.182214048878194e-14,10.0,load-weighted,WP2033,all-island
4121,MULGEETH,bus,1122-11260-1,-1.665161064590137e-14,1.665161064590137e-14,10.0,load-weighted,WP2033,all-island
2721,GRIFFINRATH,bus,1122-11260-1,-1.9149612451307974e-14,1.9149612451307974e-14,10.0,load-weighted,WP2033,all-island
2231,DERRYBRIEN,bus,1122-11260-1,-1.6485077192207598e-14,1.6485077192207598e-14,10.0,load-weighted,WP2033,all-island
5271,CAUTEEN,bus,1122-11260-1,1.2923689896027213e-15,1.2923689896027213e-15,10.0,load-weighted,WP2033,all-island
36210,LISHEEN,bus,1122-11260-1,-5.854691731421724e-15,5.854691731421724e-15,10.0,load-weighted,WP2033,all-island
84011,LISB1,bus,1122-11260-1,3.2768926461201886e-15,3.2768926461201886e-15,10.0,load-weighted,WP2033,all-island
4971,SHANONAGH,bus,1122-11260-1,-1.4264631142957285e-14,1.4264631142957285e-14,10.0,load-weighted,WP2033,all-island
4481,PORTLAOISE,bus,1122-11260-1,-4.605690828718423e-15,4.605690828718423e-15,10.0,load-weighted,WP2033,all-island
3261,KILKENNY,bus,1122-11260-1,9.494141584021065e-15,9.494141584021065e-15,10.0,load-weighted,WP2033,all-island
66094,SLIABH BAWN,bus,1122-11260-1,2.832803436270126e-15,2.832803436270126e-15,10.0,load-weighted,WP2033,all-island
1521,BOGTOWN,bus,1122-11260-1,-2.366683238275158e-14,2.366683238275158e-14,10.0,load-weighted,WP2033,all-island
71011,BAME1,bus,1122-11260-1,1.526730131207188e-14,1.526730131207188e-14,10.0,load-weighted,WP2033,all-island
17010,CATH FALL,bus,1122-11260-1,5.5235330198577515e-14,5.5235330198577515e-14,10.0,load-weighted,WP2033,all-island
2061,CASTLETREASU,bus,1122-11260-1,-2.4395416242661838e-14,2.4395416242661838e-14,10.0,load-weighted,WP2033,all-island
2641,GRAHOMICK,bus,1122-11260-1,-7.199102425303749e-16,7.199102425303749e-16,10.0,load-weighted,WP2033,all-island
1751,COOMNACLOHY,bus,1122-11260-1,1.7225804116449694e-15,1.7225804116449694e-15,10.0,load-weighted,WP2033,all-island
2141,DUNGARVAN,bus,1122-11260-1,9.050052374171003e-15,9.050052374171003e-15,10.0,load-weighted,WP2033,all-island
5501,WEXFORD,bus,1122-11260-1,6.385517115070627e-15,6.385517115070627e-15,10.0,load-weighted,WP2033,all-island
77212,WIND_PT,bus,1122-11260-1,4.0136297063675386e-14,4.0136297063675386e-14,10.0,load-weighted,WP2033,all-island
1661,CASTLEBAR,bus,1122-11260-1,-1.0933962069081815e-14,1.0933962069081815e-14,10.0,load-weighted,WP2033,all-island
1151,BALLINKNOCKA,bus,1122-11260-1,5.053249485520439e-15,5.053249485520439e-15,10.0,load-weighted,WP2033,all-island
14016,CROAGHAUN,bus,1122-11260-1,1.5711390521921942e-14,1.5711390521921942e-14,10.0,load-weighted,WP2033,all-island
4391,PHILIPSTOWN,bus,1122-11260-1,-2.1481080803020802e-14,2.1481080803020802e-14,10.0,load-weighted,WP2033,all-island
3521,LOUTHA,bus,1122-11260-1,-1.2266229698632003e-14,1.2266229698632003e-14,10.0,load-weighted,WP2033,all-island
2651,GARRINTAGGAR,bus,1122-11260-1,7.273695534770752e-15,7.273695534770752e-15,10.0,load-weighted,WP2033,all-island
3491,LISLEA,bus,1122-11260-1,3.720981855970251e-15,3.720981855970251e-15,10.0,load-weighted,WP2033,all-island
73500,BROCK1,bus,1122-11260-1,2.8145888397723695e-14,2.8145888397723695e-14,10.0,load-weighted,WP2033,all-island
1461,BARRYMORE,bus,1122-11260-1,2.22218077272629e-15,2.22218077272629e-15,10.0,load-weighted,WP2033,all-island
2331,FERRY VIEW,bus,1122-11260-1,-1.9371657056233005e-14,1.9371657056233005e-14,10.0,load-weighted,WP2033,all-island
3361,LAURENCETOWN,bus,1122-11260-1,-2.436766066704621e-14,2.436766066704621e-14,10.0,load-weighted,WP2033,all-island
1401,BELLACORICK,bus,1122-11260-1,1.6155479731772004e-14,1.6155479731772004e-14,10.0,load-weighted,WP2033,all-island
1441,BANDON,bus,1122-11260-1,-2.303539303749602e-14,2.303539303749602e-14,10.0,load-weighted,WP2033,all-island
52610,TRIEN,bus,1122-11260-1,-4.5683942739849215e-14,4.5683942739849215e-14,10.0,load-weighted,WP2033,all-island
4951,SALTHILL,bus,1122-11260-1,-1.9815746266083067e-14,1.9815746266083067e-14,10.0,load-weighted,WP2033,all-island
28810,GLENLARA,bus,1122-11260-1,-1.6374054889745082e-14,1.6374054889745082e-14,10.0,load-weighted,WP2033,all-island
2281,DALTON_A1,bus,1122-11260-1,-1.670712179713263e-14,1.670712179713263e-14,10.0,load-weighted,WP2033,all-island
5361,TRILLICK,bus,1122-11260-1,5.5235330198577515e-14,5.5235330198577515e-14,10.0,load-weighted,WP2033,all-island
2701,GLASMORE,bus,1122-11260-1,1.4268100589909238e-14,1.4268100589909238e-14,10.0,load-weighted,WP2033,all-island
2921,HARRISTOWN,bus,1122-11260-1,-1.8872056695151684e-14,1.8872056695151684e-14,10.0,load-weighted,WP2033,all-island
3111,BALLYNABRANN,bus,1122-11260-1,-8.49147141490647e-15,8.49147141490647e-15,10.0,load-weighted,WP2033,all-island
1231,BALLYWATER,bus,1122-11260-1,1.704365815147213e-14,1.704365815147213e-14,10.0,load-weighted,WP2033,all-island
5301,THURLES,bus,1122-11260-1,-7.020425907278138e-15,7.020425907278138e-15,10.0,load-weighted,WP2033,all-island
3881,MACROOM,bus,1122-11260-1,-2.2868859583802248e-14,2.2868859583802248e-14,10.0,load-weighted,WP2033,all-island
1991,CASTLEDOCKRE,bus,1122-11260-1,2.059637183027263e-14,2.059637183027263e-14,10.0,load-weighted,WP2033,all-island
2661,AGHALEAGUE,bus,1122-11260-1,3.8359940224275135e-14,3.8359940224275135e-14,10.0,load-weighted,WP2033,all-island
4961,SHANKILL,bus,1122-11260-1,9.938230793871128e-15,9.938230793871128e-15,10.0,load-weighted,WP2033,all-island
1481,BUTLERSTOWN,bus,1122-11260-1,1.704365815147213e-14,1.704365815147213e-14,10.0,load-weighted,WP2033,all-island
83510,LIMA1,bus,1122-11260-1,3.702767259472495e-14,3.702767259472495e-14,10.0,load-weighted,WP2033,all-island
3481,COOLNANOONAG,bus,1122-11260-1,1.1270498423421316e-14,1.1270498423421316e-14,10.0,load-weighted,WP2033,all-island
2731,GLANLEE,bus,1122-11260-1,-6.048980760731126e-15,6.048980760731126e-15,10.0,load-weighted,WP2033,all-island
2391,KILL HILL,bus,1122-11260-1,2.2776919239575477e-15,2.2776919239575477e-15,10.0,load-weighted,WP2033,all-island
3101,IKERRIN,bus,1122-11260-1,-5.216313492262259e-15,5.216313492262259e-15,10.0,load-weighted,WP2033,all-island
1931,CUNGHILL,bus,1122-11260-1,4.0136297063675386e-14,4.0136297063675386e-14,10.0,load-weighted,WP2033,all-island
1131,ATHEA,bus,1122-11260-1,-6.366955573877675e-14,6.366955573877675e-14,10.0,load-weighted,WP2033,all-island
1721,CAHIR,bus,1122-11260-1,1.3268899867746597e-14,1.3268899867746597e-14,10.0,load-weighted,WP2033,all-island
3571,DERRYCARNEY,bus,1122-11260-1,2.555247680113837e-15,2.555247680113837e-15,10.0,load-weighted,WP2033,all-island
68090,KNOCKNAMONA,bus,1122-11260-1,8.161873954470877e-15,8.161873954470877e-15,10.0,load-weighted,WP2033,all-island
14010,BELLACORICK,bus,1122-11260-1,1.5711390521921942e-14,1.5711390521921942e-14,10.0,load-weighted,WP2033,all-island
4001,MULLINGAR,bus,1122-11260-1,-1.5041787260194894e-14,1.5041787260194894e-14,10.0,load-weighted,WP2033,all-island
2171,KNOCKALOUGH,bus,1122-11260-1,-2.3368459944883568e-14,2.3368459944883568e-14,10.0,load-weighted,WP2033,all-island
3561,LISDRUM,bus,1122-11260-1,-4.272623921330876e-15,4.272623921330876e-15,10.0,load-weighted,WP2033,all-island
4681,RATHKEALE,bus,1122-11260-1,-5.826936155806095e-15,5.826936155806095e-15,10.0,load-weighted,WP2033,all-island
2301,DUNFIRTH,bus,1122-11260-1,-1.5846698953048133e-14,1.5846698953048133e-14,10.0,load-weighted,WP2033,all-island
5221,TULLABRACK,bus,1122-11260-1,-1.8150411729145333e-14,1.8150411729145333e-14,10.0,load-weighted,WP2033,all-island
5261,TRIEN,bus,1122-11260-1,4.5021278372026075e-14,4.5021278372026075e-14,10.0,load-weighted,WP2033,all-island
3591,LENALEA,bus,1122-11260-1,5.967622229707814e-14,5.967622229707814e-14,10.0,load-weighted,WP2033,all-island
5191,TIEVEBRACK,bus,1122-11260-1,5.434715177887739e-14,5.434715177887739e-14,10.0,load-weighted,WP2033,all-island
5441,WATERFORD,bus,1122-11260-1,1.9708193410572505e-14,1.9708193410572505e-14,10.0,load-weighted,WP2033,all-island
2131,DROMADA,bus,1122-11260-1,-6.833249244220241e-14,6.833249244220241e-14,10.0,load-weighted,WP2033,all-island
89510,STRABANE,bus,1122-11260-1,3.8359940224275135e-14,3.8359940224275135e-14,10.0,load-weighted,WP2033,all-island
89210,SKRK1,bus,1122-11260-1,3.569540496517476e-14,3.569540496517476e-14,10.0,load-weighted,WP2033,all-island
2221,DUNMANWAY,bus,1122-11260-1,-3.602500242561035e-14,3.602500242561035e-14,10.0,load-weighted,WP2033,all-island
2241,DALLOW,bus,1122-11260-1,3.9430264608952825e-15,3.9430264608952825e-15,10.0,load-weighted,WP2033,all-island
2881,GLENLARA,bus,1122-11260-1,-2.4478682969508725e-14,2.4478682969508725e-14,10.0,load-weighted,WP2033,all-island
5321,THORNSBERRY,bus,1122-11260-1,-2.508930563305256e-14,2.508930563305256e-14,10.0,load-weighted,WP2033,all-island
11310,TOBERTOREEN,bus,1122-11260-1,-6.344751113385172e-14,6.344751113385172e-14,10.0,load-weighted,WP2033,all-island
81510,KELS1,bus,1122-11260-1,1.3935033682521691e-14,1.3935033682521691e-14,10.0,load-weighted,WP2033,all-island
2225,DUNMANWAY,bus,1122-11260-1,-3.535886861083526e-14,3.535886861083526e-14,10.0,load-weighted,WP2033,all-island
1571,ARDNAGAPPARY,bus,1122-11260-1,4.457718916217601e-14,4.457718916217601e-14,10.0,load-weighted,WP2033,all-island
3301,KNOCKEARAGH,bus,1122-11260-1,7.939829349545846e-15,7.939829349545846e-15,10.0,load-weighted,WP2033,all-island
2181,DRYBRIDGE,bus,1122-11260-1,-1.182214048878194e-14,1.182214048878194e-14,10.0,load-weighted,WP2033,all-island
2101,DUNDALK,bus,1122-11260-1,-2.9363664277859414e-14,2.9363664277859414e-14,10.0,load-weighted,WP2033,all-island
3641,LODGEWOOD,bus,1122-11260-1,1.882001499087238e-14,1.882001499087238e-14,10.0,load-weighted,WP2033,all-island
6931,WOODHOUSE,bus,1122-11260-1,7.273695534770752e-15,7.273695534770752e-15,10.0,load-weighted,WP2033,all-island
5241,TAWNAGHMORE,bus,1122-11260-1,3.1254512866674133e-14,3.1254512866674133e-14,10.0,load-weighted,WP2033,all-island
2361,ENNIS,bus,1122-11260-1,-2.7587307438459163e-14,2.7587307438459163e-14,10.0,load-weighted,WP2033,all-island
4261,NENAGH,bus,1122-11260-1,-4.268634057336129e-14,4.268634057336129e-14,10.0,load-weighted,WP2033,all-island
3461,KILPADDOGE,bus,1122-11260-1,1.11594761209588e-14,1.11594761209588e-14,10.0,load-weighted,WP2033,all-island
1301,BALLYBEG,bus,1122-11260-1,-7.825337600131377e-15,7.825337600131377e-15,10.0,load-weighted,WP2033,all-island
4981,SLIGO,bus,1122-11260-1,3.569540496517476e-14,3.569540496517476e-14,10.0,load-weighted,WP2033,all-island
77511,DUNG1,bus,1122-11260-1,1.704365815147213e-14,1.704365815147213e-14,10.0,load-weighted,WP2033,all-island
3941,MONEYPOINT,bus,1122-11260-1,-1.7373255611907723e-14,1.7373255611907723e-14,10.0,load-weighted,WP2033,all-island
1271,BALTRASNA,bus,1122-11260-1,-8.49147141490647e-15,8.49147141490647e-15,10.0,load-weighted,WP2033,all-island
2741,GREAT ISLAND,bus,1122-11260-1,1.704365815147213e-14,1.704365815147213e-14,10.0,load-weighted,WP2033,all-island
4701,RICHMOND,bus,1122-11260-1,-1.7595300216832754e-14,1.7595300216832754e-14,10.0,load-weighted,WP2033,all-island
79010,ENNISKIL,bus,1122-11260-1,4.3244921532625824e-14,4.3244921532625824e-14,10.0,load-weighted,WP2033,all-island
3801,MIDLETON,bus,1122-11260-1,-9.79598346884103e-15,9.79598346884103e-15,10.0,load-weighted,WP2033,all-island
4221,NAVAN,bus,1122-11260-1,-1.0489872859231752e-14,1.0489872859231752e-14,10.0,load-weighted,WP2033,all-island
5001,SOMERSET,bus,1122-11260-1,-5.604891550881064e-15,5.604891550881064e-15,10.0,load-weighted,WP2033,all-island
1061,ARIGNA,bus,1122-11260-1,3.88040294341252e-14,3.88040294341252e-14,10.0,load-weighted,WP2033,all-island
83011,LARN1,bus,1122-11260-1,7.273695534770752e-15,7.273695534770752e-15,10.0,load-weighted,WP2033,all-island
3241,KILTEEL,bus,1122-11260-1,-1.7262233309445207e-14,1.7262233309445207e-14,10.0,load-weighted,WP2033,all-island
84412,LSMR1,bus,1122-11260-1,3.1254512866674133e-14,3.1254512866674133e-14,10.0,load-weighted,WP2033,all-island
74011,CARN1,bus,1122-11260-1,5.497338695370502e-15,5.497338695370502e-15,10.0,load-weighted,WP2033,all-island
3501,LANESBORO_A1,bus,1122-11260-1,-7.381248390281314e-15,7.381248390281314e-15,10.0,load-weighted,WP2033,all-island
4361,OUGHTRAGH,bus,1122-11260-1,2.2816817879522944e-14,2.2816817879522944e-14,10.0,load-weighted,WP2033,all-island
2161,DOON,bus,1122-11260-1,3.6583583384874885e-14,3.6583583384874885e-14,10.0,load-weighted,WP2033,all-island
1841,CRANE,bus,1122-11260-1,1.526730131207188e-14,1.526730131207188e-14,10.0,load-weighted,WP2033,all-island
1021,ARDNACRUSHA,bus,1122-11260-1,-2.5477883691671366e-14,2.5477883691671366e-14,10.0,load-weighted,WP2033,all-island
5341,TONROE,bus,1122-11260-1,2.947815602727388e-14,2.947815602727388e-14,10.0,load-weighted,WP2033,all-island
2121,DRUMLINE,bus,1122-11260-1,-3.691318084531048e-14,3.691318084531048e-14,10.0,load-weighted,WP2033,all-island
4201,NEWBRIDGE,bus,1122-11260-1,-1.7262233309445207e-14,1.7262233309445207e-14,10.0,load-weighted,WP2033,all-island
3221,KILBARRY,bus,1122-11260-1,-1.5812871845266585e-14,1.5812871845266585e-14,10.0,load-weighted,WP2033,all-island
1621,COOLROE,bus,1122-11260-1,-1.9565946085542407e-14,1.9565946085542407e-14,10.0,load-weighted,WP2033,all-island
1381,BARNAHELY,bus,1122-11260-1,-9.865372407880102e-15,9.865372407880102e-15,10.0,load-weighted,WP2033,all-island
90511,WARN1,bus,1122-11260-1,5.497338695370502e-15,5.497338695370502e-15,10.0,load-weighted,WP2033,all-island
3541,LIMERICK,bus,1122-11260-1,-1.770632251929527e-14,1.770632251929527e-14,10.0,load-weighted,WP2033,all-island
1141,ATHLONE,bus,1122-11260-1,-7.381248390281314e-15,7.381248390281314e-15,10.0,load-weighted,WP2033,all-island
5381,TIPPERARY,bus,1122-11260-1,6.8296063249206895e-15,6.8296063249206895e-15,10.0,load-weighted,WP2033,all-island
2571,FIN_RURAL,bus,1122-11260-1,1.2769299506665277e-14,1.2769299506665277e-14,10.0,load-weighted,WP2033,all-island
4081,MONREAD,bus,1122-11260-1,-1.8372456334070364e-14,1.8372456334070364e-14,10.0,load-weighted,WP2033,all-island
2821,GORTAWEE,bus,1122-11260-1,3.436313733562457e-14,3.436313733562457e-14,10.0,load-weighted,WP2033,all-island
1541,BANOGE,bus,1122-11260-1,1.704365815147213e-14,1.704365815147213e-14,10.0,load-weighted,WP2033,all-island
1081,AHANE,bus,1122-11260-1,-1.9038590148845458e-14,1.9038590148845458e-14,10.0,load-weighted,WP2033,all-island
1831,SCREEB,bus,1122-11260-1,-2.0703924685783193e-14,2.0703924685783193e-14,10.0,load-weighted,WP2033,all-island
4041,MOY,bus,1122-11260-1,2.9922245237123946e-14,2.9922245237123946e-14,10.0,load-weighted,WP2033,all-island
1361,BALLYDINE,bus,1122-11260-1,2.9922245237123946e-14,2.9922245237123946e-14,10.0,load-weighted,WP2033,all-island
86312,NARD1,bus,1122-11260-1,2.832803436270126e-15,2.832803436270126e-15,10.0,load-weighted,WP2033,all-island
1221,ATHY,bus,1122-11260-1,1.1714587633271378e-14,1.1714587633271378e-14,10.0,load-weighted,WP2033,all-island
1921,COW CROSS,bus,1122-11260-1,-7.672681934245418e-15,7.672681934245418e-15,10.0,load-weighted,WP2033,all-island
4021,MALLOW,bus,1122-11260-1,-2.0204324324701872e-14,2.0204324324701872e-14,10.0,load-weighted,WP2033,all-island
5181,TRABEG,bus,1122-11260-1,-1.6446913275736108e-14,1.6446913275736108e-14,10.0,load-weighted,WP2033,all-island
1861,CARRICK ON S,bus,1122-11260-1,2.7701799187873632e-14,2.7701799187873632e-14,10.0,load-weighted,WP2033,all-island
22811,DALTON_A2,bus,1122-11260-1,-1.7151211006982692e-14,1.7151211006982692e-14,10.0,load-weighted,WP2033,all-island
17420,DUBLIN ARRAY,bus,1122-1742-1,-0.08806662852382187,0.08806662852382187,10.0,load-weighted,WP2033,all-island
11261,ARKLOW_OFF,bus,1122-1742-1,0.562117959966798,0.562117959966798,10.0,load-weighted,WP2033,all-island
14720,NISA BELCAMP,bus,1122-1742-1,-0.032559490560225134,0.032559490560225134,10.0,load-weighted,WP2033,all-island
44731,CODLING 1,bus,1122-1742-1,-0.03364608557148687,0.03364608557148687,10.0,load-weighted,WP2033,all-island
44733,CODLING 3,bus,1122-1742-1,-0.06292188897807065,0.06292188897807065,10.0,load-weighted,WP2033,all-island
44732,CODLING 2,bus,1122-1742-1,-0.0629218889780733,0.0629218889780733,10.0,load-weighted,WP2033,all-island
2742,GREAT ISLAND,bus,1122-1742-1,0.22347609226636722,0.22347609226636722,10.0,load-weighted,WP2033,all-island
39420,SKERD ROCK,bus,1122-1742-1,0.011715561245639071,0.011715561245639071,10.0,load-weighted,WP2033,all-island
32060,KNOCKRAHA OF,bus,1122-1742-1,0.08745306009667386,0.08745306009667386,10.0,load-weighted,WP2033,all-island
66123,ORIEL OFFSHO,bus,1122-1742-1,-0.02579137344389025,0.02579137344389025,10.0,load-weighted,WP2033,all-island
2111,UGGOOL,bus,1122-1742-1,0.001245702743356357,0.001245702743356357,10.0,load-weighted,WP2033,all-island
14013,SRAHNAKILLY,bus,1122-1742-1,-0.007332723915691276,0.007332723915691276,10.0,load-weighted,WP2033,all-island
2791,GALLANSTOWN,bus,1122-1742-1,-0.02933076663850561,0.02933076663850561,10.0,load-weighted,WP2033,all-island
1551,BOGGERAGH,bus,1122-1742-1,0.06799556245767455,0.06799556245767455,10.0,load-weighted,WP2033,all-island
1121,ARKLOW,bus,1122-1742-1,0.4679860224142666,0.4679860224142666,10.0,load-weighted,WP2033,all-island
6201,COOMATAGGART,bus,1122-1742-1,0.052144833846740735,0.052144833846740735,10.0,load-weighted,WP2033,all-island
5351,TIMONEY,bus,1122-1742-1,0.05011435031233611,0.05011435031233611,10.0,load-weighted,WP2033,all-island
5291,TULLABEG,bus,1122-1742-1,0.3965947484870475,0.3965947484870475,10.0,load-weighted,WP2033,all-island
1251,BOOLTIAGH,bus,1122-1742-1,0.018972414932523468,0.018972414932523468,10.0,load-weighted,WP2033,all-island
1311,CORDAL,bus,1122-1742-1,0.04228003931703872,0.04228003931703872,10.0,load-weighted,WP2033,all-island
3531,LYSAGHTSTOWN,bus,1122-1742-1,0.08823329506849117,0.08823329506849117,10.0,load-weighted,WP2033,all-island
2691,GARBALLAGH,bus,1122-1742-1,-0.02827042420830947,0.02827042420830947,10.0,load-weighted,WP2033,all-island
51911,CROAGHONAGH,bus,1122-1742-1,-0.017510152023005522,0.017510152023005522,10.0,load-weighted,WP2033,all-island
18810,BALLYNADRIDE,bus,1122-1742-1,0.057658072231807043,0.057658072231807043,10.0,load-weighted,WP2033,all-island
5274,CAUTEEN,bus,1122-1742-1,0.06685629097094643,0.06685629097094643,10.0,load-weighted,WP2033,all-island
87900,RASHARK1,bus,1122-1742-1,-0.022287244441478116,0.022287244441478116,10.0,load-weighted,WP2033,all-island
3311,KNOCKDRIN,bus,1122-1742-1,-0.02071545668311682,0.02071545668311682,10.0,load-weighted,WP2033,all-island
20900,BUFFY,bus,1122-1742-1,0.0012457027433864995,0.0012457027433864995,10.0,load-weighted,WP2033,all-island
5081,STONESTOWN,bus,1122-1742-1,0.01296826067364302,0.01296826067364302,10.0,load-weighted,WP2033,all-island
3391,KNOCKACUMMER,bus,1122-1742-1,0.042280039317061896,0.042280039317061896,10.0,load-weighted,WP2033,all-island
75010,COLE1,bus,1122-1742-1,-0.022067272374099146,0.022067272374099146,10.0,load-weighted,WP2033,all-island
2211,DENNISTOWN,bus,1122-1742-1,0.3074733296830334,0.3074733296830334,10.0,load-weighted,WP2033,all-island
1511,CLOGHBOOLA,bus,1122-1742-1,0.016756840772363158,0.016756840772363158,10.0,load-weighted,WP2033,all-island
16410,BALLYMONEEN,bus,1122-1742-1,0.001245702743350485,0.001245702743350485,10.0,load-weighted,WP2033,all-island
1591,CLONFAD,bus,1122-1742-1,-0.02041857057438634,0.02041857057438634,10.0,load-weighted,WP2033,all-island
3511,LICKNY,bus,1122-1742-1,-0.01848784476814591,0.01848784476814591,10.0,load-weighted,WP2033,all-island
87510,OMAH1,bus,1122-1742-1,-0.02153508404831029,0.02153508404831029,10.0,load-weighted,WP2033,all-island
4091,MULREAVY,bus,1122-1742-1,-0.01750921061730608,0.01750921061730608,10.0,load-weighted,WP2033,all-island
4791,RATHNASKILLO,bus,1122-1742-1,0.16049813263691592,0.16049813263691592,10.0,load-weighted,WP2033,all-island
5451,ROSSPILE,bus,1122-1742-1,0.26449236319614267,0.26449236319614267,10.0,load-weighted,WP2033,all-island
25610,NEWBARN,bus,1122-1742-1,-0.03243481808546595,0.03243481808546595,10.0,load-weighted,WP2033,all-island
90210,TREM,bus,1122-1742-1,-0.02190447507876577,0.02190447507876577,10.0,load-weighted,WP2033,all-island
4671,RAPPAREEHILL,bus,1122-1742-1,-0.006887272446183305,0.006887272446183305,10.0,load-weighted,WP2033,all-island
1341,BINBANE,bus,1122-1742-1,-0.017353782477759636,0.017353782477759636,10.0,load-weighted,WP2033,all-island
1821,CLOON,bus,1122-1742-1,-0.0014445460022500696,0.0014445460022500696,10.0,load-weighted,WP2033,all-island
1651,CLAHANE,bus,1122-1742-1,0.026186736438952363,0.026186736438952363,10.0,load-weighted,WP2033,all-island
1491,DEENES,bus,1122-1742-1,-0.028532469593028756,0.028532469593028756,10.0,load-weighted,WP2033,all-island
1431,BALLYRAGGET,bus,1122-1742-1,0.06332806451877039,0.06332806451877039,10.0,load-weighted,WP2033,all-island
4071,MEENTYCAT,bus,1122-1742-1,-0.01832274375529793,0.01832274375529793,10.0,load-weighted,WP2033,all-island
66096,UPPERCHURCH,bus,1122-1742-1,0.04001714392961858,0.04001714392961858,10.0,load-weighted,WP2033,all-island
3251,REAMORE,bus,1122-1742-1,0.028394466973700128,0.028394466973700128,10.0,load-weighted,WP2033,all-island
70010,AGHYOULE,bus,1122-1742-1,-0.020987822911452167,0.020987822911452167,10.0,load-weighted,WP2033,all-island
2671,GARVAGH,bus,1122-1742-1,-0.0133799384289079,0.0133799384289079,10.0,load-weighted,WP2033,all-island
33410,BENDINSTOWN,bus,1122-1742-1,0.07543545947816913,0.07543545947816913,10.0,load-weighted,WP2033,all-island
1971,COOMAGEARLAH,bus,1122-1742-1,0.0521448338467889,0.0521448338467889,10.0,load-weighted,WP2033,all-island
3551,COOLNABACKY,bus,1122-1742-1,0.02188093226657235,0.02188093226657235,10.0,load-weighted,WP2033,all-island
1631,CORDERRY,bus,1122-1742-1,-0.013379938428912278,0.013379938428912278,10.0,load-weighted,WP2033,all-island
2401,MOUNT LUCAS,bus,1122-1742-1,-0.010928915700469721,0.010928915700469721,10.0,load-weighted,WP2033,all-island
4781,RATRUSSAN,bus,1122-1742-1,-0.022565868784230537,0.022565868784230537,10.0,load-weighted,WP2033,all-island
4371,GLENREE,bus,1122-1742-1,-0.010837420766438507,0.010837420766438507,10.0,load-weighted,WP2033,all-island
2601,FIRLOUGH,bus,1122-1742-1,-0.010659881617052884,0.010659881617052884,10.0,load-weighted,WP2033,all-island
2151,DROMBEG,bus,1122-1742-1,0.023619619068866386,0.023619619068866386,10.0,load-weighted,WP2033,all-island
1671,KILCUMBER,bus,1122-1742-1,-0.006994833635023515,0.006994833635023515,10.0,load-weighted,WP2033,all-island
2771,GARROW,bus,1122-1742-1,0.052144833846744613,0.052144833846744613,10.0,load-weighted,WP2033,all-island
81810,KILL1-CL,bus,1122-1742-1,-0.021485372563166454,0.021485372563166454,10.0,load-weighted,WP2033,all-island
23610,SLIEVECALLAN,bus,1122-1742-1,0.022903755288346896,0.022903755288346896,10.0,load-weighted,WP2033,all-island
1881,CHARLEVILLE,bus,1122-1742-1,0.05765807223181022,0.05765807223181022,10.0,load-weighted,WP2033,all-island
85510,MAKL1-CL,bus,1122-1742-1,-0.02153508404832071,0.02153508404832071,10.0,load-weighted,WP2033,all-island
5211,TIMAHOE,bus,1122-1742-1,-0.026751812252099424,0.026751812252099424,10.0,load-weighted,WP2033,all-island
1901,CARLOW,bus,1122-1742-1,0.07251075898875961,0.07251075898875961,10.0,load-weighted,WP2033,all-island
3821,MEATH HILL,bus,1122-1742-1,-0.026484592918331877,0.026484592918331877,10.0,load-weighted,WP2033,all-island
3621,LISHEEN,bus,1122-1742-1,0.06844909108312947,0.06844909108312947,10.0,load-weighted,WP2033,all-island
3891,CARRIGDANGAN,bus,1122-1742-1,0.07225706855356058,0.07225706855356058,10.0,load-weighted,WP2033,all-island
77210,DRUMQUIN,bus,1122-1742-1,-0.021386389713368287,0.021386389713368287,10.0,load-weighted,WP2033,all-island
80710,GORT,bus,1122-1742-1,-0.02176408582214931,0.02176408582214931,10.0,load-weighted,WP2033,all-island
1281,BALLYLICKEY,bus,1122-1742-1,0.07225706855353799,0.07225706855353799,10.0,load-weighted,WP2033,all-island
2271,DERRYLAHAN,bus,1122-1742-1,0.012914349651029972,0.012914349651029972,10.0,load-weighted,WP2033,all-island
4991,SORNE HILL,bus,1122-1742-1,-0.018569471277934235,0.018569471277934235,10.0,load-weighted,WP2033,all-island
5281,TRALEE,bus,1122-1742-1,0.02839446697369906,0.02839446697369906,10.0,load-weighted,WP2033,all-island
70311,ANTR1,bus,1122-1742-1,-0.022494903599156818,0.022494903599156818,10.0,load-weighted,WP2033,all-island
3581,LETTERKENNY,bus,1122-1742-1,-0.01856947127794547,0.01856947127794547,10.0,load-weighted,WP2033,all-island
36411,CRORY,bus,1122-1742-1,0.3813751688678808,0.3813751688678808,10.0,load-weighted,WP2033,all-island
21210,COOLSHAMROGE,bus,1122-1742-1,0.026786083627482304,0.026786083627482304,10.0,load-weighted,WP2033,all-island
1331,BLUNDELSTOWN,bus,1122-1742-1,-0.027187921381032293,0.027187921381032293,10.0,load-weighted,WP2033,all-island
4121,MULGEETH,bus,1122-1742-1,-0.02410923913825193,0.02410923913825193,10.0,load-weighted,WP2033,all-island
2721,GRIFFINRATH,bus,1122-1742-1,-0.031193375260755954,0.031193375260755954,10.0,load-weighted,WP2033,all-island
2231,DERRYBRIEN,bus,1122-1742-1,0.018353987868024738,0.018353987868024738,10.0,load-weighted,WP2033,all-island
5271,CAUTEEN,bus,1122-1742-1,0.06682808599119922,0.06682808599119922,10.0,load-weighted,WP2033,all-island
36210,LISHEEN,bus,1122-1742-1,0.06844909108312924,0.06844909108312924,10.0,load-weighted,WP2033,all-island
84011,LISB1,bus,1122-1742-1,-0.022687821674183227,0.022687821674183227,10.0,load-weighted,WP2033,all-island
4971,SHANONAGH,bus,1122-1742-1,-0.017421390037486974,0.017421390037486974,10.0,load-weighted,WP2033,all-island
4481,PORTLAOISE,bus,1122-1742-1,0.013152510795148982,0.013152510795148982,10.0,load-weighted,WP2033,all-island
3261,KILKENNY,bus,1122-1742-1,0.09673809784499099,0.09673809784499099,10.0,load-weighted,WP2033,all-island
66094,SLIABH BAWN,bus,1122-1742-1,-0.008504678433828405,0.008504678433828405,10.0,load-weighted,WP2033,all-island
1521,BOGTOWN,bus,1122-1742-1,-0.010928915700458428,0.010928915700458428,10.0,load-weighted,WP2033,all-island
71011,BAME1,bus,1122-1742-1,-0.022494903599146465,0.022494903599146465,10.0,load-weighted,WP2033,all-island
17010,CATH FALL,bus,1122-1742-1,-0.016760250270069263,0.016760250270069263,10.0,load-weighted,WP2033,all-island
2061,CASTLETREASU,bus,1122-1742-1,0.08307897271583449,0.08307897271583449,10.0,load-weighted,WP2033,all-island
2641,GRAHOMICK,bus,1122-1742-1,0.3074733296830361,0.3074733296830361,10.0,load-weighted,WP2033,all-island
1751,COOMNACLOHY,bus,1122-1742-1,0.052144833846744926,0.052144833846744926,10.0,load-weighted,WP2033,all-island
2141,DUNGARVAN,bus,1122-1742-1,0.14355083552525572,0.14355083552525572,10.0,load-weighted,WP2033,all-island
5501,WEXFORD,bus,1122-1742-1,0.30747332968303515,0.30747332968303515,10.0,load-weighted,WP2033,all-island
77212,WIND_PT,bus,1122-1742-1,-0.02138638971336889,0.02138638971336889,10.0,load-weighted,WP2033,all-island
1661,CASTLEBAR,bus,1122-1742-1,-0.003644127704921906,0.003644127704921906,10.0,load-weighted,WP2033,all-island
1151,BALLINKNOCKA,bus,1122-1742-1,0.027872706670801932,0.027872706670801932,10.0,load-weighted,WP2033,all-island
14016,CROAGHAUN,bus,1122-1742-1,-0.0073327239156904915,0.0073327239156904915,10.0,load-weighted,WP2033,all-island
4391,PHILIPSTOWN,bus,1122-1742-1,-0.006354773595365008,0.006354773595365008,10.0,load-weighted,WP2033,all-island
3521,LOUTHA,bus,1122-1742-1,-0.025431680532798366,0.025431680532798366,10.0,load-weighted,WP2033,all-island
2651,GARRINTAGGAR,bus,1122-1742-1,0.04290822596835937,0.04290822596835937,10.0,load-weighted,WP2033,all-island
3491,LISLEA,bus,1122-1742-1,-0.022423898187614512,0.022423898187614512,10.0,load-weighted,WP2033,all-island
73500,BROCK1,bus,1122-1742-1,-0.022287244441467194,0.022287244441467194,10.0,load-weighted,WP2033,all-island
1461,BARRYMORE,bus,1122-1742-1,0.09068452204537045,0.09068452204537045,10.0,load-weighted,WP2033,all-island
2331,FERRY VIEW,bus,1122-1742-1,0.0012457027433875698,0.0012457027433875698,10.0,load-weighted,WP2033,all-island
3361,LAURENCETOWN,bus,1122-1742-1,-0.020705801966520297,0.020705801966520297,10.0,load-weighted,WP2033,all-island
1401,BELLACORICK,bus,1122-1742-1,-0.007332723915690901,0.007332723915690901,10.0,load-weighted,WP2033,all-island
1441,BANDON,bus,1122-1742-1,0.07760286635869058,0.07760286635869058,10.0,load-weighted,WP2033,all-island
52610,TRIEN,bus,1122-1742-1,0.016756840772393134,0.016756840772393134,10.0,load-weighted,WP2033,all-island
4951,SALTHILL,bus,1122-1742-1,0.001245702743363523,0.001245702743363523,10.0,load-weighted,WP2033,all-island
28810,GLENLARA,bus,1122-1742-1,0.04228003931706293,0.04228003931706293,10.0,load-weighted,WP2033,all-island
2281,DALTON_A1,bus,1122-1742-1,-0.0021110630319567947,0.0021110630319567947,10.0,load-weighted,WP2033,all-island
5361,TRILLICK,bus,1122-1742-1,-0.01856947127793518,0.01856947127793518,10.0,load-weighted,WP2033,all-island
2701,GLASMORE,bus,1122-1742-1,-0.03243475570477528,0.03243475570477528,10.0,load-weighted,WP2033,all-island
2921,HARRISTOWN,bus,1122-1742-1,-0.021821548518488186,0.021821548518488186,10.0,load-weighted,WP2033,all-island
3111,BALLYNABRANN,bus,1122-1742-1,0.08857540745928633,0.08857540745928633,10.0,load-weighted,WP2033,all-island
1231,BALLYWATER,bus,1122-1742-1,0.37269189232765443,0.37269189232765443,10.0,load-weighted,WP2033,all-island
5301,THURLES,bus,1122-1742-1,0.06844909108315071,0.06844909108315071,10.0,load-weighted,WP2033,all-island
3881,MACROOM,bus,1122-1742-1,0.06960262737277063,0.06960262737277063,10.0,load-weighted,WP2033,all-island
1991,CASTLEDOCKRE,bus,1122-1742-1,0.3813751688678697,0.3813751688678697,10.0,load-weighted,WP2033,all-island
2661,AGHALEAGUE,bus,1122-1742-1,-0.0133799384289079,0.0133799384289079,10.0,load-weighted,WP2033,all-island
4961,SHANKILL,bus,1122-1742-1,-0.021571840206364504,0.021571840206364504,10.0,load-weighted,WP2033,all-island
1481,BUTLERSTOWN,bus,1122-1742-1,0.19126374911639032,0.19126374911639032,10.0,load-weighted,WP2033,all-island
83510,LIMA1,bus,1122-1742-1,-0.021965246528885277,0.021965246528885277,10.0,load-weighted,WP2033,all-island
3481,COOLNANOONAG,bus,1122-1742-1,0.021558271167258745,0.021558271167258745,10.0,load-weighted,WP2033,all-island
2731,GLANLEE,bus,1122-1742-1,0.05214483384678927,0.05214483384678927,10.0,load-weighted,WP2033,all-island
2391,KILL HILL,bus,1122-1742-1,0.08309141878211974,0.08309141878211974,10.0,load-weighted,WP2033,all-island
3101,IKERRIN,bus,1122-1742-1,0.05075097325577101,0.05075097325577101,10.0,load-weighted,WP2033,all-island
1931,CUNGHILL,bus,1122-1742-1,-0.012186375158879784,0.012186375158879784,10.0,load-weighted,WP2033,all-island
1131,ATHEA,bus,1122-1742-1,0.016756840772404982,0.016756840772404982,10.0,load-weighted,WP2033,all-island
1721,CAHIR,bus,1122-1742-1,0.09548434541430803,0.09548434541430803,10.0,load-weighted,WP2033,all-island
3571,DERRYCARNEY,bus,1122-1742-1,0.012982117322028391,0.012982117322028391,10.0,load-weighted,WP2033,all-island
68090,KNOCKNAMONA,bus,1122-1742-1,0.1340644002894562,0.1340644002894562,10.0,load-weighted,WP2033,all-island
14010,BELLACORICK,bus,1122-1742-1,-0.007332723915690998,0.007332723915690998,10.0,load-weighted,WP2033,all-island
4001,MULLINGAR,bus,1122-1742-1,-0.018487844768143427,0.018487844768143427,10.0,load-weighted,WP2033,all-island
2171,KNOCKALOUGH,bus,1122-1742-1,0.0012457027433933673,0.0012457027433933673,10.0,load-weighted,WP2033,all-island
3561,LISDRUM,bus,1122-1742-1,-0.023502328008771084,0.023502328008771084,10.0,load-weighted,WP2033,all-island
4681,RATHKEALE,bus,1122-1742-1,0.02953797092434149,0.02953797092434149,10.0,load-weighted,WP2033,all-island
2301,DUNFIRTH,bus,1122-1742-1,-0.02483943580466312,0.02483943580466312,10.0,load-weighted,WP2033,all-island
5221,TULLABRACK,bus,1122-1742-1,0.016060674070477465,0.016060674070477465,10.0,load-weighted,WP2033,all-island
5261,TRIEN,bus,1122-1742-1,0.024662468140999344,0.024662468140999344,10.0,load-weighted,WP2033,all-island
3591,LENALEA,bus,1122-1742-1,-0.018352687610772973,0.018352687610772973,10.0,load-weighted,WP2033,all-island
5191,TIEVEBRACK,bus,1122-1742-1,-0.017765033846334273,0.017765033846334273,10.0,load-weighted,WP2033,all-island
5441,WATERFORD,bus,1122-1742-1,0.19469099859236905,0.19469099859236905,10.0,load-weighted,WP2033,all-island
2131,DROMADA,bus,1122-1742-1,0.01675684077240586,0.01675684077240586,10.0,load-weighted,WP2033,all-island
89510,STRABANE,bus,1122-1742-1,-0.021239085009325226,0.021239085009325226,10.0,load-weighted,WP2033,all-island
89210,SKRK1,bus,1122-1742-1,-0.02148537256316526,0.02148537256316526,10.0,load-weighted,WP2033,all-island
2221,DUNMANWAY,bus,1122-1742-1,0.07225706855356259,0.07225706855356259,10.0,load-weighted,WP2033,all-island
2241,DALLOW,bus,1122-1742-1,0.012956352616427923,0.012956352616427923,10.0,load-weighted,WP2033,all-island
2881,GLENLARA,bus,1122-1742-1,0.057658072231853034,0.057658072231853034,10.0,load-weighted,WP2033,all-island
5321,THORNSBERRY,bus,1122-1742-1,-0.015501084699738231,0.015501084699738231,10.0,load-weighted,WP2033,all-island
11310,TOBERTOREEN,bus,1122-1742-1,0.016756840772404944,0.016756840772404944,10.0,load-weighted,WP2033,all-island
81510,KELS1,bus,1122-1742-1,-0.02249490359914725,0.02249490359914725,10.0,load-weighted,WP2033,all-island
2225,DUNMANWAY,bus,1122-1742-1,0.0722600140380674,0.0722600140380674,10.0,load-weighted,WP2033,all-island
1571,ARDNAGAPPARY,bus,1122-1742-1,-0.017765033846292515,0.017765033846292515,10.0,load-weighted,WP2033,all-island
3301,KNOCKEARAGH,bus,1122-1742-1,0.04441707270692134,0.04441707270692134,10.0,load-weighted,WP2033,all-island
2181,DRYBRIDGE,bus,1122-1742-1,-0.028107524279558434,0.028107524279558434,10.0,load-weighted,WP2033,all-island
2101,DUNDALK,bus,1122-1742-1,-0.025444625723443692,0.025444625723443692,10.0,load-weighted,WP2033,all-island
3641,LODGEWOOD,bus,1122-1742-1,0.3813751688678811,0.3813751688678811,10.0,load-weighted,WP2033,all-island
6931,WOODHOUSE,bus,1122-1742-1,0.1340644002894566,0.1340644002894566,10.0,load-weighted,WP2033,all-island
5241,TAWNAGHMORE,bus,1122-1742-1,-0.009990007011397729,0.009990007011397729,10.0,load-weighted,WP2033,all-island
2361,ENNIS,bus,1122-1742-1,0.02290375528837025,0.02290375528837025,10.0,load-weighted,WP2033,all-island
4261,NENAGH,bus,1122-1742-1,0.04001714392959148,0.04001714392959148,10.0,load-weighted,WP2033,all-island
3461,KILPADDOGE,bus,1122-1742-1,0.021558271167258475,0.021558271167258475,10.0,load-weighted,WP2033,all-island
1301,BALLYBEG,bus,1122-1742-1,0.27479677354772863,0.27479677354772863,10.0,load-weighted,WP2033,all-island
4981,SLIGO,bus,1122-1742-1,-0.01327100508829979,0.01327100508829979,10.0,load-weighted,WP2033,all-island
77511,DUNG1,bus,1122-1742-1,-0.02227724881703356,0.02227724881703356,10.0,load-weighted,WP2033,all-island
3941,MONEYPOINT,bus,1122-1742-1,0.014898918878040051,0.014898918878040051,10.0,load-weighted,WP2033,all-island
1271,BALTRASNA,bus,1122-1742-1,-0.029010875768557057,0.029010875768557057,10.0,load-weighted,WP2033,all-island
2741,GREAT ISLAND,bus,1122-1742-1,0.20867863370907425,0.20867863370907425,10.0,load-weighted,WP2033,all-island
4701,RICHMOND,bus,1122-1742-1,-0.006888930360378975,0.006888930360378975,10.0,load-weighted,WP2033,all-island
79010,ENNISKIL,bus,1122-1742-1,-0.02098782291144307,0.02098782291144307,10.0,load-weighted,WP2033,all-island
3801,MIDLETON,bus,1122-1742-1,0.0880915713653578,0.0880915713653578,10.0,load-weighted,WP2033,all-island
4221,NAVAN,bus,1122-1742-1,-0.0280676561949596,0.0280676561949596,10.0,load-weighted,WP2033,all-island
5001,SOMERSET,bus,1122-1742-1,0.010418496473335873,0.010418496473335873,10.0,load-weighted,WP2033,all-island
1061,ARIGNA,bus,1122-1742-1,-0.013103289303046068,0.013103289303046068,10.0,load-weighted,WP2033,all-island
83011,LARN1,bus,1122-1742-1,-0.02253362852390535,0.02253362852390535,10.0,load-weighted,WP2033,all-island
3241,KILTEEL,bus,1122-1742-1,-0.022013093352102164,0.022013093352102164,10.0,load-weighted,WP2033,all-island
84412,LSMR1,bus,1122-1742-1,-0.021808281421863966,0.021808281421863966,10.0,load-weighted,WP2033,all-island
74011,CARN1,bus,1122-1742-1,-0.022565189287882613,0.022565189287882613,10.0,load-weighted,WP2033,all-island
3501,LANESBORO_A1,bus,1122-1742-1,-0.006887272446183038,0.006887272446183038,10.0,load-weighted,WP2033,all-island
4361,OUGHTRAGH,bus,1122-1742-1,0.03374017768069633,0.03374017768069633,10.0,load-weighted,WP2033,all-island
2161,DOON,bus,1122-1742-1,0.1224489160085836,0.1224489160085836,10.0,load-weighted,WP2033,all-island
1841,CRANE,bus,1122-1742-1,0.37269189232764827,0.37269189232764827,10.0,load-weighted,WP2033,all-island
1021,ARDNACRUSHA,bus,1122-1742-1,0.035072095616490745,0.035072095616490745,10.0,load-weighted,WP2033,all-island
5341,TONROE,bus,1122-1742-1,-0.010899962684026824,0.010899962684026824,10.0,load-weighted,WP2033,all-island
2121,DRUMLINE,bus,1122-1742-1,0.028855344924980705,0.028855344924980705,10.0,load-weighted,WP2033,all-island
4201,NEWBRIDGE,bus,1122-1742-1,-0.012116210946476438,0.012116210946476438,10.0,load-weighted,WP2033,all-island
3221,KILBARRY,bus,1122-1742-1,0.08328885749193014,0.08328885749193014,10.0,load-weighted,WP2033,all-island
1621,COOLROE,bus,1122-1742-1,0.07777394126709579,0.07777394126709579,10.0,load-weighted,WP2033,all-island
1381,BARNAHELY,bus,1122-1742-1,0.08535303442773734,0.08535303442773734,10.0,load-weighted,WP2033,all-island
90511,WARN1,bus,1122-1742-1,-0.022689295440846476,0.022689295440846476,10.0,load-weighted,WP2033,all-island
3541,LIMERICK,bus,1122-1742-1,0.0367418374548274,0.0367418374548274,10.0,load-weighted,WP2033,all-island
1141,ATHLONE,bus,1122-1742-1,0.005488741364649991,0.005488741364649991,10.0,load-weighted,WP2033,all-island
5381,TIPPERARY,bus,1122-1742-1,0.07892802230272412,0.07892802230272412,10.0,load-weighted,WP2033,all-island
2571,FIN_RURAL,bus,1122-1742-1,-0.03243475570477577,0.03243475570477577,10.0,load-weighted,WP2033,all-island
4081,MONREAD,bus,1122-1742-1,-0.018205071387219718,0.018205071387219718,10.0,load-weighted,WP2033,all-island
2821,GORTAWEE,bus,1122-1742-1,-0.019842136496919537,0.019842136496919537,10.0,load-weighted,WP2033,all-island
1541,BANOGE,bus,1122-1742-1,0.41573818638461807,0.41573818638461807,10.0,load-weighted,WP2033,all-island
1081,AHANE,bus,1122-1742-1,0.04003335523149322,0.04003335523149322,10.0,load-weighted,WP2033,all-island
1831,SCREEB,bus,1122-1742-1,0.001245702743300445,0.001245702743300445,10.0,load-weighted,WP2033,all-island
4041,MOY,bus,1122-1742-1,-0.009990007011399328,0.009990007011399328,10.0,load-weighted,WP2033,all-island
1361,BALLYDINE,bus,1122-1742-1,0.14186762829567978,0.14186762829567978,10.0,load-weighted,WP2033,all-island
86312,NARD1,bus,1122-1742-1,-0.022692102147602713,0.022692102147602713,10.0,load-weighted,WP2033,all-island
1221,ATHY,bus,1122-1742-1,0.045952417893332126,0.045952417893332126,10.0,load-weighted,WP2033,all-island
1921,COW CROSS,bus,1122-1742-1,0.0863150793773722,0.0863150793773722,10.0,load-weighted,WP2033,all-island
4021,MALLOW,bus,1122-1742-1,0.06813371690189868,0.06813371690189868,10.0,load-weighted,WP2033,all-island
5181,TRABEG,bus,1122-1742-1,0.08297012236440209,0.08297012236440209,10.0,load-weighted,WP2033,all-island
1861,CARRICK ON S,bus,1122-1742-1,-0.012700873619507665,0.012700873619507665,10.0,load-weighted,WP2033,all-island
22811,DALTON_A2,bus,1122-1742-1,-0.002109363403716029,0.002109363403716029,10.0,load-weighted,WP2033,all-island
17420,DUBLIN ARRAY,bus,3082-3122-1,-0.4955640019734594,0.4955640019734594,10.0,load-weighted,WP2033,all-island
11261,ARKLOW_OFF,bus,3082-3122-1,-0.37332933892383025,0.37332933892383025,10.0,load-weighted,WP2033,all-island
14720,NISA BELCAMP,bus,3082-3122-1,0.04665440079403008,0.04665440079403008,10.0,load-weighted,WP2033,all-island
44731,CODLING 1,bus,3082-3122-1,0.050194702277253804,0.050194702277253804,10.0,load-weighted,WP2033,all-island
44733,CODLING 3,bus,3082-3122-1,0.14591802716895638,0.14591802716895638,10.0,load-weighted,WP2033,all-island
44732,CODLING 2,bus,3082-3122-1,0.14591802716895008,0.14591802716895008,10.0,load-weighted,WP2033,all-island
2742,GREAT ISLAND,bus,3082-3122-1,-0.1739684505282132,0.1739684505282132,10.0,load-weighted,WP2033,all-island
39420,SKERD ROCK,bus,3082-3122-1,-0.025501411064414153,0.025501411064414153,10.0,load-weighted,WP2033,all-island
32060,KNOCKRAHA OF,bus,3082-3122-1,-0.07593525789440467,0.07593525789440467,10.0,load-weighted,WP2033,all-island
66123,ORIEL OFFSHO,bus,3082-3122-1,0.025779227256859293,0.025779227256859293,10.0,load-weighted,WP2033,all-island
2111,UGGOOL,bus,3082-3122-1,-0.008701027793473846,0.008701027793473846,10.0,load-weighted,WP2033,all-island
14013,SRAHNAKILLY,bus,3082-3122-1,0.002618987133120268,0.002618987133120268,10.0,load-weighted,WP2033,all-island
2791,GALLANSTOWN,bus,3082-3122-1,0.038061024278865006,0.038061024278865006,10.0,load-weighted,WP2033,all-island
1551,BOGGERAGH,bus,3082-3122-1,-0.06282173707900629,0.06282173707900629,10.0,load-weighted,WP2033,all-island
1121,ARKLOW,bus,3082-3122-1,-0.3734011990301759,0.3734011990301759,10.0,load-weighted,WP2033,all-island
6201,COOMATAGGART,bus,3082-3122-1,-0.05234591253500854,0.05234591253500854,10.0,load-weighted,WP2033,all-island
5351,TIMONEY,bus,3082-3122-1,-0.042560238378627116,0.042560238378627116,10.0,load-weighted,WP2033,all-island
5291,TULLABEG,bus,3082-3122-1,-0.30090303624681053,0.30090303624681053,10.0,load-weighted,WP2033,all-island
1251,BOOLTIAGH,bus,3082-3122-1,-0.026488505975773922,0.026488505975773922,10.0,load-weighted,WP2033,all-island
1311,CORDAL,bus,3082-3122-1,-0.0457794347800579,0.0457794347800579,10.0,load-weighted,WP2033,all-island
3531,LYSAGHTSTOWN,bus,3082-3122-1,-0.07647204408010064,0.07647204408010064,10.0,load-weighted,WP2033,all-island
2691,GARBALLAGH,bus,3082-3122-1,0.03329256835242397,0.03329256835242397,10.0,load-weighted,WP2033,all-island
51911,CROAGHONAGH,bus,3082-3122-1,0.013354495122811366,0.013354495122811366,10.0,load-weighted,WP2033,all-island
18810,BALLYNADRIDE,bus,3082-3122-1,-0.053605931629062506,0.053605931629062506,10.0,load-weighted,WP2033,all-island
5274,CAUTEEN,bus,3082-3122-1,-0.05939970141288298,0.05939970141288298,10.0,load-weighted,WP2033,all-island
87900,RASHARK1,bus,3082-3122-1,0.016807383013142427,0.016807383013142427,10.0,load-weighted,WP2033,all-island
3311,KNOCKDRIN,bus,3082-3122-1,0.026288649716127266,0.026288649716127266,10.0,load-weighted,WP2033,all-island
20900,BUFFY,bus,3082-3122-1,-0.008701027793426408,0.008701027793426408,10.0,load-weighted,WP2033,all-island
5081,STONESTOWN,bus,3082-3122-1,-0.013717660953946633,0.013717660953946633,10.0,load-weighted,WP2033,all-island
3391,KNOCKACUMMER,bus,3082-3122-1,-0.04577943478008911,0.04577943478008911,10.0,load-weighted,WP2033,all-island
75010,COLE1,bus,3082-3122-1,0.016618167572108294,0.016618167572108294,10.0,load-weighted,WP2033,all-island
2211,DENNISTOWN,bus,3082-3122-1,-0.23171984776112897,0.23171984776112897,10.0,load-weighted,WP2033,all-island
1511,CLOGHBOOLA,bus,3082-3122-1,-0.028789976462209536,0.028789976462209536,10.0,load-weighted,WP2033,all-island
16410,BALLYMONEEN,bus,3082-3122-1,-0.00870102779348624,0.00870102779348624,10.0,load-weighted,WP2033,all-island
1591,CLONFAD,bus,3082-3122-1,0.02613828840141668,0.02613828840141668,10.0,load-weighted,WP2033,all-island
3511,LICKNY,bus,3082-3122-1,0.023269758276822525,0.023269758276822525,10.0,load-weighted,WP2033,all-island
87510,OMAH1,bus,3082-3122-1,0.01649860424329693,0.01649860424329693,10.0,load-weighted,WP2033,all-island
4091,MULREAVY,bus,3082-3122-1,0.01335380590018996,0.01335380590018996,10.0,load-weighted,WP2033,all-island
4791,RATHNASKILLO,bus,3082-3122-1,-0.1285465757435381,0.1285465757435381,10.0,load-weighted,WP2033,all-island
5451,ROSSPILE,bus,3082-3122-1,-0.20212300443958756,0.20212300443958756,10.0,load-weighted,WP2033,all-island
25610,NEWBARN,bus,3082-3122-1,0.04622591776967614,0.04622591776967614,10.0,load-weighted,WP2033,all-island
90210,TREM,bus,3082-3122-1,0.016657245629841187,0.016657245629841187,10.0,load-weighted,WP2033,all-island
4671,RAPPAREEHILL,bus,3082-3122-1,0.006135967842792141,0.006135967842792141,10.0,load-weighted,WP2033,all-island
1341,BINBANE,bus,3082-3122-1,0.013240202933550285,0.013240202933550285,10.0,load-weighted,WP2033,all-island
1821,CLOON,bus,3082-3122-1,-0.0042956743356545105,0.0042956743356545105,10.0,load-weighted,WP2033,all-island
1651,CLAHANE,bus,3082-3122-1,-0.03431815370585224,0.03431815370585224,10.0,load-weighted,WP2033,all-island
1491,DEENES,bus,3082-3122-1,0.034962255390455624,0.034962255390455624,10.0,load-weighted,WP2033,all-island
1431,BALLYRAGGET,bus,3082-3122-1,-0.06538815580302773,0.06538815580302773,10.0,load-weighted,WP2033,all-island
4071,MEENTYCAT,bus,3082-3122-1,0.013949195536777724,0.013949195536777724,10.0,load-weighted,WP2033,all-island
66096,UPPERCHURCH,bus,3082-3122-1,-0.040208901446253234,0.040208901446253234,10.0,load-weighted,WP2033,all-island
3251,REAMORE,bus,3082-3122-1,-0.03582329804717185,0.03582329804717185,10.0,load-weighted,WP2033,all-island
70010,AGHYOULE,bus,3082-3122-1,0.01652733456318635,0.01652733456318635,10.0,load-weighted,WP2033,all-island
2671,GARVAGH,bus,3082-3122-1,0.009780937294285433,0.009780937294285433,10.0,load-weighted,WP2033,all-island
33410,BENDINSTOWN,bus,3082-3122-1,-0.08650824818451669,0.08650824818451669,10.0,load-weighted,WP2033,all-island
1971,COOMAGEARLAH,bus,3082-3122-1,-0.052345912535049936,0.052345912535049936,10.0,load-weighted,WP2033,all-island
3551,COOLNABACKY,bus,3082-3122-1,-0.032544288369933956,0.032544288369933956,10.0,load-weighted,WP2033,all-island
1631,CORDERRY,bus,3082-3122-1,0.009780937294272589,0.009780937294272589,10.0,load-weighted,WP2033,all-island
2401,MOUNT LUCAS,bus,3082-3122-1,0.013148942909523391,0.013148942909523391,10.0,load-weighted,WP2033,all-island
4781,RATRUSSAN,bus,3082-3122-1,0.022355518298162298,0.022355518298162298,10.0,load-weighted,WP2033,all-island
4371,GLENREE,bus,3082-3122-1,0.006849149618094446,0.006849149618094446,10.0,load-weighted,WP2033,all-island
2601,FIRLOUGH,bus,3082-3122-1,0.006656060184665909,0.006656060184665909,10.0,load-weighted,WP2033,all-island
2151,DROMBEG,bus,3082-3122-1,-0.032567993474693635,0.032567993474693635,10.0,load-weighted,WP2033,all-island
1671,KILCUMBER,bus,3082-3122-1,0.007867481267063534,0.007867481267063534,10.0,load-weighted,WP2033,all-island
2771,GARROW,bus,3082-3122-1,-0.05234591253501347,0.05234591253501347,10.0,load-weighted,WP2033,all-island
81810,KILL1-CL,bus,3082-3122-1,0.01621843020310436,0.01621843020310436,10.0,load-weighted,WP2033,all-island
23610,SLIEVECALLAN,bus,3082-3122-1,-0.0270133661584849,0.0270133661584849,10.0,load-weighted,WP2033,all-island
1881,CHARLEVILLE,bus,3082-3122-1,-0.0536059316290627,0.0536059316290627,10.0,load-weighted,WP2033,all-island
85510,MAKL1-CL,bus,3082-3122-1,0.016498604243304446,0.016498604243304446,10.0,load-weighted,WP2033,all-island
5211,TIMAHOE,bus,3082-3122-1,0.03382571393907388,0.03382571393907388,10.0,load-weighted,WP2033,all-island
1901,CARLOW,bus,3082-3122-1,-0.08356118790972047,0.08356118790972047,10.0,load-weighted,WP2033,all-island
3821,MEATH HILL,bus,3082-3122-1,0.028260731762880534,0.028260731762880534,10.0,load-weighted,WP2033,all-island
3621,LISHEEN,bus,3082-3122-1,-0.057637702162285843,0.057637702162285843,10.0,load-weighted,WP2033,all-island
3891,CARRIGDANGAN,bus,3082-3122-1,-0.0656707373516896,0.0656707373516896,10.0,load-weighted,WP2033,all-island
77210,DRUMQUIN,bus,3082-3122-1,0.016506410454132002,0.016506410454132002,10.0,load-weighted,WP2033,all-island
80710,GORT,bus,3082-3122-1,0.016596953027999205,0.016596953027999205,10.0,load-weighted,WP2033,all-island
1281,BALLYLICKEY,bus,3082-3122-1,-0.06567073735162224,0.06567073735162224,10.0,load-weighted,WP2033,all-island
2271,DERRYLAHAN,bus,3082-3122-1,-0.011969041604273445,0.011969041604273445,10.0,load-weighted,WP2033,all-island
4991,SORNE HILL,bus,3082-3122-1,0.014129764639313855,0.014129764639313855,10.0,load-weighted,WP2033,all-island
5281,TRALEE,bus,3082-3122-1,-0.03582329804717161,0.03582329804717161,10.0,load-weighted,WP2033,all-island
70311,ANTR1,bus,3082-3122-1,0.016985797472117536,0.016985797472117536,10.0,load-weighted,WP2033,all-island
3581,LETTERKENNY,bus,3082-3122-1,0.01412976463933803,0.01412976463933803,10.0,load-weighted,WP2033,all-island
36411,CRORY,bus,3082-3122-1,-0.2783216562926416,0.2783216562926416,10.0,load-weighted,WP2033,all-island
21210,COOLSHAMROGE,bus,3082-3122-1,-0.030071733405376715,0.030071733405376715,10.0,load-weighted,WP2033,all-island
1331,BLUNDELSTOWN,bus,3082-3122-1,0.036067156670554185,0.036067156670554185,10.0,load-weighted,WP2033,all-island
4121,MULGEETH,bus,3082-3122-1,0.0320752209305027,0.0320752209305027,10.0,load-weighted,WP2033,all-island
2721,GRIFFINRATH,bus,3082-3122-1,0.03937262372079147,0.03937262372079147,10.0,load-weighted,WP2033,all-island
2231,DERRYBRIEN,bus,3082-3122-1,-0.020161289047711868,0.020161289047711868,10.0,load-weighted,WP2033,all-island
5271,CAUTEEN,bus,3082-3122-1,-0.059379533649805534,0.059379533649805534,10.0,load-weighted,WP2033,all-island
36210,LISHEEN,bus,3082-3122-1,-0.05763770216228567,0.05763770216228567,10.0,load-weighted,WP2033,all-island
84011,LISB1,bus,3082-3122-1,0.01735951878288349,0.01735951878288349,10.0,load-weighted,WP2033,all-island
4971,SHANONAGH,bus,3082-3122-1,0.021694628071576495,0.021694628071576495,10.0,load-weighted,WP2033,all-island
4481,PORTLAOISE,bus,3082-3122-1,-0.019693866040630503,0.019693866040630503,10.0,load-weighted,WP2033,all-island
3261,KILKENNY,bus,3082-3122-1,-0.09186320114084531,0.09186320114084531,10.0,load-weighted,WP2033,all-island
66094,SLIABH BAWN,bus,3082-3122-1,0.007060781018135905,0.007060781018135905,10.0,load-weighted,WP2033,all-island
1521,BOGTOWN,bus,3082-3122-1,0.013148942909512323,0.013148942909512323,10.0,load-weighted,WP2033,all-island
71011,BAME1,bus,3082-3122-1,0.01698579747211843,0.01698579747211843,10.0,load-weighted,WP2033,all-island
17010,CATH FALL,bus,3082-3122-1,0.012805454445524438,0.012805454445524438,10.0,load-weighted,WP2033,all-island
2061,CASTLETREASU,bus,3082-3122-1,-0.07291567271374744,0.07291567271374744,10.0,load-weighted,WP2033,all-island
2641,GRAHOMICK,bus,3082-3122-1,-0.2317198477611308,0.2317198477611308,10.0,load-weighted,WP2033,all-island
1751,COOMNACLOHY,bus,3082-3122-1,-0.052345912535011474,0.052345912535011474,10.0,load-weighted,WP2033,all-island
2141,DUNGARVAN,bus,3082-3122-1,-0.11633206108892122,0.11633206108892122,10.0,load-weighted,WP2033,all-island
5501,WEXFORD,bus,3082-3122-1,-0.23171984776113175,0.23171984776113175,10.0,load-weighted,WP2033,all-island
77212,WIND_PT,bus,3082-3122-1,0.016506410454132314,0.016506410454132314,10.0,load-weighted,WP2033,all-island
1661,CASTLEBAR,bus,3082-3122-1,-0.0019736039746118504,0.0019736039746118504,10.0,load-weighted,WP2033,all-island
1151,BALLINKNOCKA,bus,3082-3122-1,-0.03411572307717621,0.03411572307717621,10.0,load-weighted,WP2033,all-island
14016,CROAGHAUN,bus,3082-3122-1,0.0026189871331197094,0.0026189871331197094,10.0,load-weighted,WP2033,all-island
4391,PHILIPSTOWN,bus,3082-3122-1,0.006991886117937045,0.006991886117937045,10.0,load-weighted,WP2033,all-island
3521,LOUTHA,bus,3082-3122-1,0.026455944134331534,0.026455944134331534,10.0,load-weighted,WP2033,all-island
2651,GARRINTAGGAR,bus,3082-3122-1,-0.049206904316820774,0.049206904316820774,10.0,load-weighted,WP2033,all-island
3491,LISLEA,bus,3082-3122-1,0.022020731242079636,0.022020731242079636,10.0,load-weighted,WP2033,all-island
73500,BROCK1,bus,3082-3122-1,0.01680738301313573,0.01680738301313573,10.0,load-weighted,WP2033,all-island
1461,BARRYMORE,bus,3082-3122-1,-0.07767395135787558,0.07767395135787558,10.0,load-weighted,WP2033,all-island
2331,FERRY VIEW,bus,3082-3122-1,-0.008701027793426465,0.008701027793426465,10.0,load-weighted,WP2033,all-island
3361,LAURENCETOWN,bus,3082-3122-1,0.026274304540927884,0.026274304540927884,10.0,load-weighted,WP2033,all-island
1401,BELLACORICK,bus,3082-3122-1,0.0026189871331196712,0.0026189871331196712,10.0,load-weighted,WP2033,all-island
1441,BANDON,bus,3082-3122-1,-0.06924958778608836,0.06924958778608836,10.0,load-weighted,WP2033,all-island
52610,TRIEN,bus,3082-3122-1,-0.02878997646223455,0.02878997646223455,10.0,load-weighted,WP2033,all-island
4951,SALTHILL,bus,3082-3122-1,-0.008701027793478214,0.008701027793478214,10.0,load-weighted,WP2033,all-island
28810,GLENLARA,bus,3082-3122-1,-0.04577943478009062,0.04577943478009062,10.0,load-weighted,WP2033,all-island
2281,DALTON_A1,bus,3082-3122-1,-0.0040827928117130145,0.0040827928117130145,10.0,load-weighted,WP2033,all-island
5361,TRILLICK,bus,3082-3122-1,0.014129764639315548,0.014129764639315548,10.0,load-weighted,WP2033,all-island
2701,GLASMORE,bus,3082-3122-1,0.046225714080428464,0.046225714080428464,10.0,load-weighted,WP2033,all-island
2921,HARRISTOWN,bus,3082-3122-1,0.028332483207881613,0.028332483207881613,10.0,load-weighted,WP2033,all-island
3111,BALLYNABRANN,bus,3082-3122-1,-0.07670898292907155,0.07670898292907155,10.0,load-weighted,WP2033,all-island
1231,BALLYWATER,bus,3082-3122-1,-0.276629577300028,0.276629577300028,10.0,load-weighted,WP2033,all-island
5301,THURLES,bus,3082-3122-1,-0.057637702162324944,0.057637702162324944,10.0,load-weighted,WP2033,all-island
3881,MACROOM,bus,3082-3122-1,-0.06389089661167054,0.06389089661167054,10.0,load-weighted,WP2033,all-island
1991,CASTLEDOCKRE,bus,3082-3122-1,-0.2783216562926304,0.2783216562926304,10.0,load-weighted,WP2033,all-island
2661,AGHALEAGUE,bus,3082-3122-1,0.009780937294285759,0.009780937294285759,10.0,load-weighted,WP2033,all-island
4961,SHANKILL,bus,3082-3122-1,0.020933254444087133,0.020933254444087133,10.0,load-weighted,WP2033,all-island
1481,BUTLERSTOWN,bus,3082-3122-1,-0.15087046332578338,0.15087046332578338,10.0,load-weighted,WP2033,all-island
83510,LIMA1,bus,3082-3122-1,0.01653040704174428,0.01653040704174428,10.0,load-weighted,WP2033,all-island
3481,COOLNANOONAG,bus,3082-3122-1,-0.031162647088110344,0.031162647088110344,10.0,load-weighted,WP2033,all-island
2731,GLANLEE,bus,3082-3122-1,-0.05234591253505032,0.05234591253505032,10.0,load-weighted,WP2033,all-island
2391,KILL HILL,bus,3082-3122-1,-0.06967873226745483,0.06967873226745483,10.0,load-weighted,WP2033,all-island
3101,IKERRIN,bus,3082-3122-1,-0.0430837614266773,0.0430837614266773,10.0,load-weighted,WP2033,all-island
1931,CUNGHILL,bus,3082-3122-1,0.008316256114089086,0.008316256114089086,10.0,load-weighted,WP2033,all-island
1131,ATHEA,bus,3082-3122-1,-0.028789976462240283,0.028789976462240283,10.0,load-weighted,WP2033,all-island
1721,CAHIR,bus,3082-3122-1,-0.07986998093615627,0.07986998093615627,10.0,load-weighted,WP2033,all-island
3571,DERRYCARNEY,bus,3082-3122-1,-0.014167105284788532,0.014167105284788532,10.0,load-weighted,WP2033,all-island
68090,KNOCKNAMONA,bus,3082-3122-1,-0.10949485268664297,0.10949485268664297,10.0,load-weighted,WP2033,all-island
14010,BELLACORICK,bus,3082-3122-1,0.0026189871331199627,0.0026189871331199627,10.0,load-weighted,WP2033,all-island
4001,MULLINGAR,bus,3082-3122-1,0.023269758276820672,0.023269758276820672,10.0,load-weighted,WP2033,all-island
2171,KNOCKALOUGH,bus,3082-3122-1,-0.008701027793421376,0.008701027793421376,10.0,load-weighted,WP2033,all-island
3561,LISDRUM,bus,3082-3122-1,0.023397125143173853,0.023397125143173853,10.0,load-weighted,WP2033,all-island
4681,RATHKEALE,bus,3082-3122-1,-0.03489451824894789,0.03489451824894789,10.0,load-weighted,WP2033,all-island
2301,DUNFIRTH,bus,3082-3122-1,0.03326984689290227,0.03326984689290227,10.0,load-weighted,WP2033,all-island
5221,TULLABRACK,bus,3082-3122-1,-0.026099769132216365,0.026099769132216365,10.0,load-weighted,WP2033,all-island
5261,TRIEN,bus,3082-3122-1,-0.03327896718957966,0.03327896718957966,10.0,load-weighted,WP2033,all-island
3591,LENALEA,bus,3082-3122-1,0.013971136502972353,0.013971136502972353,10.0,load-weighted,WP2033,all-island
5191,TIEVEBRACK,bus,3082-3122-1,0.013541129839202803,0.013541129839202803,10.0,load-weighted,WP2033,all-island
5441,WATERFORD,bus,3082-3122-1,-0.1533932451174167,0.1533932451174167,10.0,load-weighted,WP2033,all-island
2131,DROMADA,bus,3082-3122-1,-0.02878997646224357,0.02878997646224357,10.0,load-weighted,WP2033,all-island
89510,STRABANE,bus,3082-3122-1,0.016083461090385477,0.016083461090385477,10.0,load-weighted,WP2033,all-island
89210,SKRK1,bus,3082-3122-1,0.016218430203104872,0.016218430203104872,10.0,load-weighted,WP2033,all-island
2221,DUNMANWAY,bus,3082-3122-1,-0.0656707373516888,0.0656707373516888,10.0,load-weighted,WP2033,all-island
2241,DALLOW,bus,3082-3122-1,-0.013331419732122507,0.013331419732122507,10.0,load-weighted,WP2033,all-island
2881,GLENLARA,bus,3082-3122-1,-0.05360593162912138,0.05360593162912138,10.0,load-weighted,WP2033,all-island
5321,THORNSBERRY,bus,3082-3122-1,0.01928702920021793,0.01928702920021793,10.0,load-weighted,WP2033,all-island
11310,TOBERTOREEN,bus,3082-3122-1,-0.028789976462240376,0.028789976462240376,10.0,load-weighted,WP2033,all-island
81510,KELS1,bus,3082-3122-1,0.016985797472120222,0.016985797472120222,10.0,load-weighted,WP2033,all-island
2225,DUNMANWAY,bus,3082-3122-1,-0.06567271234113603,0.06567271234113603,10.0,load-weighted,WP2033,all-island
1571,ARDNAGAPPARY,bus,3082-3122-1,0.01354112983906143,0.01354112983906143,10.0,load-weighted,WP2033,all-island
3301,KNOCKEARAGH,bus,3082-3122-1,-0.046746884043154024,0.046746884043154024,10.0,load-weighted,WP2033,all-island
2181,DRYBRIDGE,bus,3082-3122-1,0.03326944143008684,0.03326944143008684,10.0,load-weighted,WP2033,all-island
2101,DUNDALK,bus,3082-3122-1,0.026145768218563258,0.026145768218563258,10.0,load-weighted,WP2033,all-island
3641,LODGEWOOD,bus,3082-3122-1,-0.27832165629264166,0.27832165629264166,10.0,load-weighted,WP2033,all-island
6931,WOODHOUSE,bus,3082-3122-1,-0.10949485268664352,0.10949485268664352,10.0,load-weighted,WP2033,all-island
5241,TAWNAGHMORE,bus,3082-3122-1,0.005927512658548559,0.005927512658548559,10.0,load-weighted,WP2033,all-island
2361,ENNIS,bus,3082-3122-1,-0.027013366158531303,0.027013366158531303,10.0,load-weighted,WP2033,all-island
4261,NENAGH,bus,3082-3122-1,-0.0402089014462038,0.0402089014462038,10.0,load-weighted,WP2033,all-island
3461,KILPADDOGE,bus,3082-3122-1,-0.031162647088109972,0.031162647088109972,10.0,load-weighted,WP2033,all-island
1301,BALLYBEG,bus,3082-3122-1,-0.415844194491482,0.415844194491482,10.0,load-weighted,WP2033,all-island
4981,SLIGO,bus,3082-3122-1,0.009495886518288123,0.009495886518288123,10.0,load-weighted,WP2033,all-island
77511,DUNG1,bus,3082-3122-1,0.0168173397789386,0.0168173397789386,10.0,load-weighted,WP2033,all-island
3941,MONEYPOINT,bus,3082-3122-1,-0.025944667058274615,0.025944667058274615,10.0,load-weighted,WP2033,all-island
1271,BALTRASNA,bus,3082-3122-1,0.03686803626847023,0.03686803626847023,10.0,load-weighted,WP2033,all-island
2741,GREAT ISLAND,bus,3082-3122-1,-0.1636894757909601,0.1636894757909601,10.0,load-weighted,WP2033,all-island
4701,RICHMOND,bus,3082-3122-1,0.006135095345884713,0.006135095345884713,10.0,load-weighted,WP2033,all-island
79010,ENNISKIL,bus,3082-3122-1,0.01652733456317621,0.01652733456317621,10.0,load-weighted,WP2033,all-island
3801,MIDLETON,bus,3082-3122-1,-0.07637358503122209,0.07637358503122209,10.0,load-weighted,WP2033,all-island
4221,NAVAN,bus,3082-3122-1,0.03199936618109523,0.03199936618109523,10.0,load-weighted,WP2033,all-island
5001,SOMERSET,bus,3082-3122-1,-0.011270033165762576,0.011270033165762576,10.0,load-weighted,WP2033,all-island
1061,ARIGNA,bus,3082-3122-1,0.009734995304237881,0.009734995304237881,10.0,load-weighted,WP2033,all-island
83011,LARN1,bus,3082-3122-1,0.01702921917850765,0.01702921917850765,10.0,load-weighted,WP2033,all-island
3241,KILTEEL,bus,3082-3122-1,0.02766314040164325,0.02766314040164325,10.0,load-weighted,WP2033,all-island
84412,LSMR1,bus,3082-3122-1,0.016395388890083205,0.016395388890083205,10.0,load-weighted,WP2033,all-island
74011,CARN1,bus,3082-3122-1,0.017064607813461148,0.017064607813461148,10.0,load-weighted,WP2033,all-island
3501,LANESBORO_A1,bus,3082-3122-1,0.006135967842792293,0.006135967842792293,10.0,load-weighted,WP2033,all-island
4361,OUGHTRAGH,bus,3082-3122-1,-0.03946779455353423,0.03946779455353423,10.0,load-weighted,WP2033,all-island
2161,DOON,bus,3082-3122-1,-0.09987450666156367,0.09987450666156367,10.0,load-weighted,WP2033,all-island
1841,CRANE,bus,3082-3122-1,-0.2766295773000259,0.2766295773000259,10.0,load-weighted,WP2033,all-island
1021,ARDNACRUSHA,bus,3082-3122-1,-0.03659917401848123,0.03659917401848123,10.0,load-weighted,WP2033,all-island
5341,TONROE,bus,3082-3122-1,0.007215319961254341,0.007215319961254341,10.0,load-weighted,WP2033,all-island
2121,DRUMLINE,bus,3082-3122-1,-0.03170182762323944,0.03170182762323944,10.0,load-weighted,WP2033,all-island
4201,NEWBRIDGE,bus,3082-3122-1,0.015039630514471575,0.015039630514471575,10.0,load-weighted,WP2033,all-island
3221,KILBARRY,bus,3082-3122-1,-0.0730561052612017,0.0730561052612017,10.0,load-weighted,WP2033,all-island
1621,COOLROE,bus,3082-3122-1,-0.06936295108759197,0.06936295108759197,10.0,load-weighted,WP2033,all-island
1381,BARNAHELY,bus,3082-3122-1,-0.07446607378547881,0.07446607378547881,10.0,load-weighted,WP2033,all-island
90511,WARN1,bus,3082-3122-1,0.017440548182366483,0.017440548182366483,10.0,load-weighted,WP2033,all-island
3541,LIMERICK,bus,3082-3122-1,-0.0382635550009563,0.0382635550009563,10.0,load-weighted,WP2033,all-island
1141,ATHLONE,bus,3082-3122-1,-0.005179663061632665,0.005179663061632665,10.0,load-weighted,WP2033,all-island
5381,TIPPERARY,bus,3082-3122-1,-0.06803150400987973,0.06803150400987973,10.0,load-weighted,WP2033,all-island
2571,FIN_RURAL,bus,3082-3122-1,0.04622571408043686,0.04622571408043686,10.0,load-weighted,WP2033,all-island
4081,MONREAD,bus,3082-3122-1,0.022805994387974572,0.022805994387974572,10.0,load-weighted,WP2033,all-island
2821,GORTAWEE,bus,3082-3122-1,0.01729008906978491,0.01729008906978491,10.0,load-weighted,WP2033,all-island
1541,BANOGE,bus,3082-3122-1,-0.32034328434135684,0.32034328434135684,10.0,load-weighted,WP2033,all-island
1081,AHANE,bus,3082-3122-1,-0.04022015872668975,0.04022015872668975,10.0,load-weighted,WP2033,all-island
1831,SCREEB,bus,3082-3122-1,-0.008701027793325102,0.008701027793325102,10.0,load-weighted,WP2033,all-island
4041,MOY,bus,3082-3122-1,0.005927512658544784,0.005927512658544784,10.0,load-weighted,WP2033,all-island
1361,BALLYDINE,bus,3082-3122-1,-0.11428089700780458,0.11428089700780458,10.0,load-weighted,WP2033,all-island
86312,NARD1,bus,3082-3122-1,0.017344645477697984,0.017344645477697984,10.0,load-weighted,WP2033,all-island
1221,ATHY,bus,3082-3122-1,-0.056799804209066766,0.056799804209066766,10.0,load-weighted,WP2033,all-island
1921,COW CROSS,bus,3082-3122-1,-0.07513631412850019,0.07513631412850019,10.0,load-weighted,WP2033,all-island
4021,MALLOW,bus,3082-3122-1,-0.061561438585532265,0.061561438585532265,10.0,load-weighted,WP2033,all-island
5181,TRABEG,bus,3082-3122-1,-0.07280029783135553,0.07280029783135553,10.0,load-weighted,WP2033,all-island
1861,CARRICK ON S,bus,3082-3122-1,0.009668167775803725,0.009668167775803725,10.0,load-weighted,WP2033,all-island
22811,DALTON_A2,bus,3082-3122-1,-0.004085131158539281,0.004085131158539281,10.0,load-weighted,WP2033,all-island
17420,DUBLIN ARRAY,bus,3691-4041-1,0.0008707471503253685,0.0008707471503253685,10.0,load-weighted,WP2033,all-island
11261,ARKLOW_OFF,bus,3691-4041-1,0.002181290445743776,0.002181290445743776,10.0,load-weighted,WP2033,all-island
14720,NISA BELCAMP,bus,3691-4041-1,-5.2938944845216376e-05,5.2938944845216376e-05,10.0,load-weighted,WP2033,all-island
44731,CODLING 1,bus,3691-4041-1,-5.316912093566821e-05,5.316912093566821e-05,10.0,load-weighted,WP2033,all-island
44733,CODLING 3,bus,3691-4041-1,0.0005304040447859238,0.0005304040447859238,10.0,load-weighted,WP2033,all-island
44732,CODLING 2,bus,3691-4041-1,0.0005304040447878839,0.0005304040447878839,10.0,load-weighted,WP2033,all-island
2742,GREAT ISLAND,bus,3691-4041-1,0.004285705617496761,0.004285705617496761,10.0,load-weighted,WP2033,all-island
39420,SKERD ROCK,bus,3691-4041-1,0.00811597384656183,0.00811597384656183,10.0,load-weighted,WP2033,all-island
32060,KNOCKRAHA OF,bus,3691-4041-1,0.007728984547263427,0.007728984547263427,10.0,load-weighted,WP2033,all-island
66123,ORIEL OFFSHO,bus,3691-4041-1,-0.007345324938690013,0.007345324938690013,10.0,load-weighted,WP2033,all-island
2111,UGGOOL,bus,3691-4041-1,0.051459632243431155,0.051459632243431155,10.0,load-weighted,WP2033,all-island
14013,SRAHNAKILLY,bus,3691-4041-1,0.5550766902017402,0.5550766902017402,10.0,load-weighted,WP2033,all-island
2791,GALLANSTOWN,bus,3691-4041-1,-0.0036679618505786557,0.0036679618505786557,10.0,load-weighted,WP2033,all-island
1551,BOGGERAGH,bus,3691-4041-1,0.007989873059388357,0.007989873059388357,10.0,load-weighted,WP2033,all-island
1121,ARKLOW,bus,3691-4041-1,0.0021856755474252603,0.0021856755474252603,10.0,load-weighted,WP2033,all-island
6201,COOMATAGGART,bus,3691-4041-1,0.007978113352119702,0.007978113352119702,10.0,load-weighted,WP2033,all-island
5351,TIMONEY,bus,3691-4041-1,0.010442538740415987,0.010442538740415987,10.0,load-weighted,WP2033,all-island
5291,TULLABEG,bus,3691-4041-1,0.002988099957631382,0.002988099957631382,10.0,load-weighted,WP2033,all-island
1251,BOOLTIAGH,bus,3691-4041-1,0.015471750942616836,0.015471750942616836,10.0,load-weighted,WP2033,all-island
1311,CORDAL,bus,3691-4041-1,0.008021518783936575,0.008021518783936575,10.0,load-weighted,WP2033,all-island
3531,LYSAGHTSTOWN,bus,3691-4041-1,0.007811030049369519,0.007811030049369519,10.0,load-weighted,WP2033,all-island
2691,GARBALLAGH,bus,3691-4041-1,-0.00789030428017405,0.00789030428017405,10.0,load-weighted,WP2033,all-island
51911,CROAGHONAGH,bus,3691-4041-1,-0.0462442067856806,0.0462442067856806,10.0,load-weighted,WP2033,all-island
18810,BALLYNADRIDE,bus,3691-4041-1,0.009857729008974246,0.009857729008974246,10.0,load-weighted,WP2033,all-island
5274,CAUTEEN,bus,3691-4041-1,0.00991445776862519,0.00991445776862519,10.0,load-weighted,WP2033,all-island
87900,RASHARK1,bus,3691-4041-1,-0.01178396195299251,0.01178396195299251,10.0,load-weighted,WP2033,all-island
3311,KNOCKDRIN,bus,3691-4041-1,-0.0004007756176155376,0.0004007756176155376,10.0,load-weighted,WP2033,all-island
20900,BUFFY,bus,3691-4041-1,0.05145963224341885,0.05145963224341885,10.0,load-weighted,WP2033,all-island
5081,STONESTOWN,bus,3691-4041-1,0.010127686904592413,0.010127686904592413,10.0,load-weighted,WP2033,all-island
3391,KNOCKACUMMER,bus,3691-4041-1,0.008021518783931689,0.008021518783931689,10.0,load-weighted,WP2033,all-island
75010,COLE1,bus,3691-4041-1,-0.013240651150116597,0.013240651150116597,10.0,load-weighted,WP2033,all-island
2211,DENNISTOWN,bus,3691-4041-1,0.0037890334423601986,0.0037890334423601986,10.0,load-weighted,WP2033,all-island
1511,CLOGHBOOLA,bus,3691-4041-1,0.008133821726461566,0.008133821726461566,10.0,load-weighted,WP2033,all-island
16410,BALLYMONEEN,bus,3691-4041-1,0.05145963224343542,0.05145963224343542,10.0,load-weighted,WP2033,all-island
1591,CLONFAD,bus,3691-4041-1,-0.0015591698408748147,0.0015591698408748147,10.0,load-weighted,WP2033,all-island
3511,LICKNY,bus,3691-4041-1,-0.0027573759960400636,0.0027573759960400636,10.0,load-weighted,WP2033,all-island
87510,OMAH1,bus,3691-4041-1,-0.01759937248858829,0.01759937248858829,10.0,load-weighted,WP2033,all-island
4091,MULREAVY,bus,3691-4041-1,-0.046251008653868476,0.046251008653868476,10.0,load-weighted,WP2033,all-island
4791,RATHNASKILLO,bus,3691-4041-1,0.005984606367580999,0.005984606367580999,10.0,load-weighted,WP2033,all-island
5451,ROSSPILE,bus,3691-4041-1,0.004139815090976577,0.004139815090976577,10.0,load-weighted,WP2033,all-island
25610,NEWBARN,bus,3691-4041-1,-9.178527386991399e-05,9.178527386991399e-05,10.0,load-weighted,WP2033,all-island
90210,TREM,bus,3691-4041-1,-0.014733952184620511,0.014733952184620511,10.0,load-weighted,WP2033,all-island
4671,RAPPAREEHILL,bus,3691-4041-1,-0.006081950282487069,0.006081950282487069,10.0,load-weighted,WP2033,all-island
1341,BINBANE,bus,3691-4041-1,-0.04737438648947021,0.04737438648947021,10.0,load-weighted,WP2033,all-island
1821,CLOON,bus,3691-4041-1,0.0977269972459994,0.0977269972459994,10.0,load-weighted,WP2033,all-island
1651,CLAHANE,bus,3691-4041-1,0.008775844832743402,0.008775844832743402,10.0,load-weighted,WP2033,all-island
1491,DEENES,bus,3691-4041-1,-0.006284386890697437,0.006284386890697437,10.0,load-weighted,WP2033,all-island
1431,BALLYRAGGET,bus,3691-4041-1,0.0036549189966744804,0.0036549189966744804,10.0,load-weighted,WP2033,all-island
4071,MEENTYCAT,bus,3691-4041-1,-0.040372623246965174,0.040372623246965174,10.0,load-weighted,WP2033,all-island
66096,UPPERCHURCH,bus,3691-4041-1,0.01120691458621707,0.01120691458621707,10.0,load-weighted,WP2033,all-island
3251,REAMORE,bus,3691-4041-1,0.0087343391844774,0.0087343391844774,10.0,load-weighted,WP2033,all-island
70010,AGHYOULE,bus,3691-4041-1,-0.022390135042629267,0.022390135042629267,10.0,load-weighted,WP2033,all-island
2671,GARVAGH,bus,3691-4041-1,-0.07023855216645276,0.07023855216645276,10.0,load-weighted,WP2033,all-island
33410,BENDINSTOWN,bus,3691-4041-1,0.003233394410958484,0.003233394410958484,10.0,load-weighted,WP2033,all-island
1971,COOMAGEARLAH,bus,3691-4041-1,0.007978113352121029,0.007978113352121029,10.0,load-weighted,WP2033,all-island
3551,COOLNABACKY,bus,3691-4041-1,0.0035727960311991696,0.0035727960311991696,10.0,load-weighted,WP2033,all-island
1631,CORDERRY,bus,3691-4041-1,-0.07023855216645487,0.07023855216645487,10.0,load-weighted,WP2033,all-island
2401,MOUNT LUCAS,bus,3691-4041-1,0.0010556177989725379,0.0010556177989725379,10.0,load-weighted,WP2033,all-island
4781,RATRUSSAN,bus,3691-4041-1,-0.024139299125756367,0.024139299125756367,10.0,load-weighted,WP2033,all-island
4371,GLENREE,bus,3691-4041-1,-0.21725090756310464,0.21725090756310464,10.0,load-weighted,WP2033,all-island
2601,FIRLOUGH,bus,3691-4041-1,-0.22685040321956787,0.22685040321956787,10.0,load-weighted,WP2033,all-island
2151,DROMBEG,bus,3691-4041-1,0.008824107004779208,0.008824107004779208,10.0,load-weighted,WP2033,all-island
1671,KILCUMBER,bus,3691-4041-1,0.0016399660407868258,0.0016399660407868258,10.0,load-weighted,WP2033,all-island
2771,GARROW,bus,3691-4041-1,0.007978113352121265,0.007978113352121265,10.0,load-weighted,WP2033,all-island
81810,KILL1-CL,bus,3691-4041-1,-0.017420104712938606,0.017420104712938606,10.0,load-weighted,WP2033,all-island
23610,SLIEVECALLAN,bus,3691-4041-1,0.01947846079204574,0.01947846079204574,10.0,load-weighted,WP2033,all-island
1881,CHARLEVILLE,bus,3691-4041-1,0.009857729008975363,0.009857729008975363,10.0,load-weighted,WP2033,all-island
85510,MAKL1-CL,bus,3691-4041-1,-0.017599372488587194,0.017599372488587194,10.0,load-weighted,WP2033,all-island
5211,TIMAHOE,bus,3691-4041-1,-0.00017079359237445768,0.00017079359237445768,10.0,load-weighted,WP2033,all-island
1901,CARLOW,bus,3691-4041-1,0.0032519296896123496,0.0032519296896123496,10.0,load-weighted,WP2033,all-island
3821,MEATH HILL,bus,3691-4041-1,-0.010646114852779272,0.010646114852779272,10.0,load-weighted,WP2033,all-island
3621,LISHEEN,bus,3691-4041-1,0.009673169454850493,0.009673169454850493,10.0,load-weighted,WP2033,all-island
3891,CARRIGDANGAN,bus,3691-4041-1,0.007963081725400677,0.007963081725400677,10.0,load-weighted,WP2033,all-island
77210,DRUMQUIN,bus,3691-4041-1,-0.018901053174338153,0.018901053174338153,10.0,load-weighted,WP2033,all-island
80710,GORT,bus,3691-4041-1,-0.01582297220196282,0.01582297220196282,10.0,load-weighted,WP2033,all-island
1281,BALLYLICKEY,bus,3691-4041-1,0.007963081725383616,0.007963081725383616,10.0,load-weighted,WP2033,all-island
2271,DERRYLAHAN,bus,3691-4041-1,0.012003539154266907,0.012003539154266907,10.0,load-weighted,WP2033,all-island
4991,SORNE HILL,bus,3691-4041-1,-0.03858983220549686,0.03858983220549686,10.0,load-weighted,WP2033,all-island
5281,TRALEE,bus,3691-4041-1,0.008734339184476601,0.008734339184476601,10.0,load-weighted,WP2033,all-island
70311,ANTR1,bus,3691-4041-1,-0.010415904012178834,0.010415904012178834,10.0,load-weighted,WP2033,all-island
3581,LETTERKENNY,bus,3691-4041-1,-0.03858983220551203,0.03858983220551203,10.0,load-weighted,WP2033,all-island
36411,CRORY,bus,3691-4041-1,0.0032262703426529983,0.0032262703426529983,10.0,load-weighted,WP2033,all-island
21210,COOLSHAMROGE,bus,3691-4041-1,0.017461205380901408,0.017461205380901408,10.0,load-weighted,WP2033,all-island
1331,BLUNDELSTOWN,bus,3691-4041-1,-0.002265593976840986,0.002265593976840986,10.0,load-weighted,WP2033,all-island
4121,MULGEETH,bus,3691-4041-1,-0.0007886494285041894,0.0007886494285041894,10.0,load-weighted,WP2033,all-island
2721,GRIFFINRATH,bus,3691-4041-1,-3.8033840296866628e-06,3.8033840296866628e-06,10.0,load-weighted,WP2033,all-island
2231,DERRYBRIEN,bus,3691-4041-1,0.016073938423869127,0.016073938423869127,10.0,load-weighted,WP2033,all-island
5271,CAUTEEN,bus,3691-4041-1,0.009915813189137585,0.009915813189137585,10.0,load-weighted,WP2033,all-island
36210,LISHEEN,bus,3691-4041-1,0.009673169454850306,0.009673169454850306,10.0,load-weighted,WP2033,all-island
84011,LISB1,bus,3691-4041-1,-0.009827034343875014,0.009827034343875014,10.0,load-weighted,WP2033,all-island
4971,SHANONAGH,bus,3691-4041-1,-0.0030630081559719804,0.0030630081559719804,10.0,load-weighted,WP2033,all-island
4481,PORTLAOISE,bus,3691-4041-1,0.003716641665702899,0.003716641665702899,10.0,load-weighted,WP2033,all-island
3261,KILKENNY,bus,3691-4041-1,0.0037211173284798648,0.0037211173284798648,10.0,load-weighted,WP2033,all-island
66094,SLIABH BAWN,bus,3691-4041-1,-0.02349681814145599,0.02349681814145599,10.0,load-weighted,WP2033,all-island
1521,BOGTOWN,bus,3691-4041-1,0.001055617798978271,0.001055617798978271,10.0,load-weighted,WP2033,all-island
71011,BAME1,bus,3691-4041-1,-0.010415904012179724,0.010415904012179724,10.0,load-weighted,WP2033,all-island
17010,CATH FALL,bus,3691-4041-1,-0.051662372154744715,0.051662372154744715,10.0,load-weighted,WP2033,all-island
2061,CASTLETREASU,bus,3691-4041-1,0.007883113966635033,0.007883113966635033,10.0,load-weighted,WP2033,all-island
2641,GRAHOMICK,bus,3691-4041-1,0.003789033442356743,0.003789033442356743,10.0,load-weighted,WP2033,all-island
1751,COOMNACLOHY,bus,3691-4041-1,0.007978113352129548,0.007978113352129548,10.0,load-weighted,WP2033,all-island
2141,DUNGARVAN,bus,3691-4041-1,0.006415093760789536,0.006415093760789536,10.0,load-weighted,WP2033,all-island
5501,WEXFORD,bus,3691-4041-1,0.003789033442362679,0.003789033442362679,10.0,load-weighted,WP2033,all-island
77212,WIND_PT,bus,3691-4041-1,-0.018901053174338055,0.018901053174338055,10.0,load-weighted,WP2033,all-island
1661,CASTLEBAR,bus,3691-4041-1,0.30264512085666856,0.30264512085666856,10.0,load-weighted,WP2033,all-island
1151,BALLINKNOCKA,bus,3691-4041-1,0.009972227559033448,0.009972227559033448,10.0,load-weighted,WP2033,all-island
14016,CROAGHAUN,bus,3691-4041-1,0.5550766902017401,0.5550766902017401,10.0,load-weighted,WP2033,all-island
4391,PHILIPSTOWN,bus,3691-4041-1,0.0017059398512540463,0.0017059398512540463,10.0,load-weighted,WP2033,all-island
3521,LOUTHA,bus,3691-4041-1,-0.012405558368335397,0.012405558368335397,10.0,load-weighted,WP2033,all-island
2651,GARRINTAGGAR,bus,3691-4041-1,0.003614459316952717,0.003614459316952717,10.0,load-weighted,WP2033,all-island
3491,LISLEA,bus,3691-4041-1,-0.024567158511858766,0.024567158511858766,10.0,load-weighted,WP2033,all-island
73500,BROCK1,bus,3691-4041-1,-0.011783961952986501,0.011783961952986501,10.0,load-weighted,WP2033,all-island
1461,BARRYMORE,bus,3691-4041-1,0.00803362576029801,0.00803362576029801,10.0,load-weighted,WP2033,all-island
2331,FERRY VIEW,bus,3691-4041-1,0.05145963224341986,0.05145963224341986,10.0,load-weighted,WP2033,all-island
3361,LAURENCETOWN,bus,3691-4041-1,-0.00039659041758207834,0.00039659041758207834,10.0,load-weighted,WP2033,all-island
1401,BELLACORICK,bus,3691-4041-1,0.5550766902017404,0.5550766902017404,10.0,load-weighted,WP2033,all-island
1441,BANDON,bus,3691-4041-1,0.007923577436226471,0.007923577436226471,10.0,load-weighted,WP2033,all-island
52610,TRIEN,bus,3691-4041-1,0.008133821726468718,0.008133821726468718,10.0,load-weighted,WP2033,all-island
4951,SALTHILL,bus,3691-4041-1,0.05145963224343339,0.05145963224343339,10.0,load-weighted,WP2033,all-island
28810,GLENLARA,bus,3691-4041-1,0.008021518783933446,0.008021518783933446,10.0,load-weighted,WP2033,all-island
2281,DALTON_A1,bus,3691-4041-1,0.22389318803465375,0.22389318803465375,10.0,load-weighted,WP2033,all-island
5361,TRILLICK,bus,3691-4041-1,-0.03858983220549768,0.03858983220549768,10.0,load-weighted,WP2033,all-island
2701,GLASMORE,bus,3691-4041-1,-9.178603942384717e-05,9.178603942384717e-05,10.0,load-weighted,WP2033,all-island
2921,HARRISTOWN,bus,3691-4041-1,-0.0010562336794467503,0.0010562336794467503,10.0,load-weighted,WP2033,all-island
3111,BALLYNABRANN,bus,3691-4041-1,0.007811685928325041,0.007811685928325041,10.0,load-weighted,WP2033,all-island
1231,BALLYWATER,bus,3691-4041-1,0.0032567635379337915,0.0032567635379337915,10.0,load-weighted,WP2033,all-island
5301,THURLES,bus,3691-4041-1,0.009673169454896553,0.009673169454896553,10.0,load-weighted,WP2033,all-island
3881,MACROOM,bus,3691-4041-1,0.007986013532433214,0.007986013532433214,10.0,load-weighted,WP2033,all-island
1991,CASTLEDOCKRE,bus,3691-4041-1,0.0032262703426542316,0.0032262703426542316,10.0,load-weighted,WP2033,all-island
2661,AGHALEAGUE,bus,3691-4041-1,-0.07023855216645271,0.07023855216645271,10.0,load-weighted,WP2033,all-island
4961,SHANKILL,bus,3691-4041-1,-0.028209236254027634,0.028209236254027634,10.0,load-weighted,WP2033,all-island
1481,BUTLERSTOWN,bus,3691-4041-1,0.00514367354509669,0.00514367354509669,10.0,load-weighted,WP2033,all-island
83510,LIMA1,bus,3691-4041-1,-0.013916282144162621,0.013916282144162621,10.0,load-weighted,WP2033,all-island
3481,COOLNANOONAG,bus,3691-4041-1,0.008862860638762021,0.008862860638762021,10.0,load-weighted,WP2033,all-island
2731,GLANLEE,bus,3691-4041-1,0.007978113352121334,0.007978113352121334,10.0,load-weighted,WP2033,all-island
2391,KILL HILL,bus,3691-4041-1,0.009058742595053971,0.009058742595053971,10.0,load-weighted,WP2033,all-island
3101,IKERRIN,bus,3691-4041-1,0.010415824529112818,0.010415824529112818,10.0,load-weighted,WP2033,all-island
1931,CUNGHILL,bus,3691-4041-1,-0.14431329422105144,0.14431329422105144,10.0,load-weighted,WP2033,all-island
1131,ATHEA,bus,3691-4041-1,0.008133821726467746,0.008133821726467746,10.0,load-weighted,WP2033,all-island
1721,CAHIR,bus,3691-4041-1,0.008538705948488153,0.008538705948488153,10.0,load-weighted,WP2033,all-island
3571,DERRYCARNEY,bus,3691-4041-1,0.0096455401416206,0.0096455401416206,10.0,load-weighted,WP2033,all-island
68090,KNOCKNAMONA,bus,3691-4041-1,0.0066560637956302685,0.0066560637956302685,10.0,load-weighted,WP2033,all-island
14010,BELLACORICK,bus,3691-4041-1,0.5550766902017404,0.5550766902017404,10.0,load-weighted,WP2033,all-island
4001,MULLINGAR,bus,3691-4041-1,-0.002757375996040937,0.002757375996040937,10.0,load-weighted,WP2033,all-island
2171,KNOCKALOUGH,bus,3691-4041-1,0.05145963224342251,0.05145963224342251,10.0,load-weighted,WP2033,all-island
3561,LISDRUM,bus,3691-4041-1,-0.01995746605601493,0.01995746605601493,10.0,load-weighted,WP2033,all-island
4681,RATHKEALE,bus,3691-4041-1,0.01026479354941034,0.01026479354941034,10.0,load-weighted,WP2033,all-island
2301,DUNFIRTH,bus,3691-4041-1,-0.0007032405334672742,0.0007032405334672742,10.0,load-weighted,WP2033,all-island
5221,TULLABRACK,bus,3691-4041-1,0.012504187787274513,0.012504187787274513,10.0,load-weighted,WP2033,all-island
5261,TRIEN,bus,3691-4041-1,0.008804501293736808,0.008804501293736808,10.0,load-weighted,WP2033,all-island
3591,LENALEA,bus,3691-4041-1,-0.04015630866873605,0.04015630866873605,10.0,load-weighted,WP2033,all-island
5191,TIEVEBRACK,bus,3691-4041-1,-0.0444026884930679,0.0444026884930679,10.0,load-weighted,WP2033,all-island
5441,WATERFORD,bus,3691-4041-1,0.005035759350953868,0.005035759350953868,10.0,load-weighted,WP2033,all-island
2131,DROMADA,bus,3691-4041-1,0.008133821726467058,0.008133821726467058,10.0,load-weighted,WP2033,all-island
89510,STRABANE,bus,3691-4041-1,-0.019299721625347235,0.019299721625347235,10.0,load-weighted,WP2033,all-island
89210,SKRK1,bus,3691-4041-1,-0.017420104712938346,0.017420104712938346,10.0,load-weighted,WP2033,all-island
2221,DUNMANWAY,bus,3691-4041-1,0.00796308172540001,0.00796308172540001,10.0,load-weighted,WP2033,all-island
2241,DALLOW,bus,3691-4041-1,0.010542031779035203,0.010542031779035203,10.0,load-weighted,WP2033,all-island
2881,GLENLARA,bus,3691-4041-1,0.009857729008951611,0.009857729008951611,10.0,load-weighted,WP2033,all-island
5321,THORNSBERRY,bus,3691-4041-1,0.00037649141788051194,0.00037649141788051194,10.0,load-weighted,WP2033,all-island
11310,TOBERTOREEN,bus,3691-4041-1,0.008133821726467873,0.008133821726467873,10.0,load-weighted,WP2033,all-island
81510,KELS1,bus,3691-4041-1,-0.010415904012182132,0.010415904012182132,10.0,load-weighted,WP2033,all-island
2225,DUNMANWAY,bus,3691-4041-1,0.007963056279259981,0.007963056279259981,10.0,load-weighted,WP2033,all-island
1571,ARDNAGAPPARY,bus,3691-4041-1,-0.04440268849309183,0.04440268849309183,10.0,load-weighted,WP2033,all-island
3301,KNOCKEARAGH,bus,3691-4041-1,0.008433111916193649,0.008433111916193649,10.0,load-weighted,WP2033,all-island
2181,DRYBRIDGE,bus,3691-4041-1,-0.0077267163312304665,0.0077267163312304665,10.0,load-weighted,WP2033,all-island
2101,DUNDALK,bus,3691-4041-1,-0.011969508484864172,0.011969508484864172,10.0,load-weighted,WP2033,all-island
3641,LODGEWOOD,bus,3691-4041-1,0.003226270342652991,0.003226270342652991,10.0,load-weighted,WP2033,all-island
6931,WOODHOUSE,bus,3691-4041-1,0.006656063795630624,0.006656063795630624,10.0,load-weighted,WP2033,all-island
5241,TAWNAGHMORE,bus,3691-4041-1,-0.2630703490157427,0.2630703490157427,10.0,load-weighted,WP2033,all-island
2361,ENNIS,bus,3691-4041-1,0.019478460792047347,0.019478460792047347,10.0,load-weighted,WP2033,all-island
4261,NENAGH,bus,3691-4041-1,0.011206914586211108,0.011206914586211108,10.0,load-weighted,WP2033,all-island
3461,KILPADDOGE,bus,3691-4041-1,0.008862860638761882,0.008862860638761882,10.0,load-weighted,WP2033,all-island
1301,BALLYBEG,bus,3691-4041-1,0.0017288302668138414,0.0017288302668138414,10.0,load-weighted,WP2033,all-island
4981,SLIGO,bus,3691-4041-1,-0.08566763588281305,0.08566763588281305,10.0,load-weighted,WP2033,all-island
77511,DUNG1,bus,3691-4041-1,-0.011842291720853337,0.011842291720853337,10.0,load-weighted,WP2033,all-island
3941,MONEYPOINT,bus,3691-4041-1,0.011320160063688058,0.011320160063688058,10.0,load-weighted,WP2033,all-island
1271,BALTRASNA,bus,3691-4041-1,-0.0046606031011656186,0.0046606031011656186,10.0,load-weighted,WP2033,all-island
2741,GREAT ISLAND,bus,3691-4041-1,0.00459532909275386,0.00459532909275386,10.0,load-weighted,WP2033,all-island
4701,RICHMOND,bus,3691-4041-1,-0.006088557908428492,0.006088557908428492,10.0,load-weighted,WP2033,all-island
79010,ENNISKIL,bus,3691-4041-1,-0.0223901350426286,0.0223901350426286,10.0,load-weighted,WP2033,all-island
3801,MIDLETON,bus,3691-4041-1,0.007810971954541942,0.007810971954541942,10.0,load-weighted,WP2033,all-island
4221,NAVAN,bus,3691-4041-1,-0.009467517939276535,0.009467517939276535,10.0,load-weighted,WP2033,all-island
5001,SOMERSET,bus,3691-4041-1,0.020442959431102584,0.020442959431102584,10.0,load-weighted,WP2033,all-island
1061,ARIGNA,bus,3691-4041-1,-0.06770115030666801,0.06770115030666801,10.0,load-weighted,WP2033,all-island
83011,LARN1,bus,3691-4041-1,-0.01019585751262372,0.01019585751262372,10.0,load-weighted,WP2033,all-island
3241,KILTEEL,bus,3691-4041-1,0.0006757299749961083,0.0006757299749961083,10.0,load-weighted,WP2033,all-island
84412,LSMR1,bus,3691-4041-1,-0.01495572946332906,0.01495572946332906,10.0,load-weighted,WP2033,all-island
74011,CARN1,bus,3691-4041-1,-0.010016519897977822,0.010016519897977822,10.0,load-weighted,WP2033,all-island
3501,LANESBORO_A1,bus,3691-4041-1,-0.006081950282487378,0.006081950282487378,10.0,load-weighted,WP2033,all-island
4361,OUGHTRAGH,bus,3691-4041-1,0.008633839062326228,0.008633839062326228,10.0,load-weighted,WP2033,all-island
2161,DOON,bus,3691-4041-1,0.007570786574822618,0.007570786574822618,10.0,load-weighted,WP2033,all-island
1841,CRANE,bus,3691-4041-1,0.003256763537941671,0.003256763537941671,10.0,load-weighted,WP2033,all-island
1021,ARDNACRUSHA,bus,3691-4041-1,0.013155798660586382,0.013155798660586382,10.0,load-weighted,WP2033,all-island
5341,TONROE,bus,3691-4041-1,-0.18667263406923623,0.18667263406923623,10.0,load-weighted,WP2033,all-island
2121,DRUMLINE,bus,3691-4041-1,0.016386018486629822,0.016386018486629822,10.0,load-weighted,WP2033,all-island
4201,NEWBRIDGE,bus,3691-4041-1,0.001408306796926397,0.001408306796926397,10.0,load-weighted,WP2033,all-island
3221,KILBARRY,bus,3691-4041-1,0.007910218853479197,0.007910218853479197,10.0,load-weighted,WP2033,all-island
1621,COOLROE,bus,3691-4041-1,0.007940760595123707,0.007940760595123707,10.0,load-weighted,WP2033,all-island
1381,BARNAHELY,bus,3691-4041-1,0.007853882488732127,0.007853882488732127,10.0,load-weighted,WP2033,all-island
90511,WARN1,bus,3691-4041-1,-0.010067835250143056,0.010067835250143056,10.0,load-weighted,WP2033,all-island
3541,LIMERICK,bus,3691-4041-1,0.01153042231744941,0.01153042231744941,10.0,load-weighted,WP2033,all-island
1141,ATHLONE,bus,3691-4041-1,0.00522148061546961,0.00522148061546961,10.0,load-weighted,WP2033,all-island
5381,TIPPERARY,bus,3691-4041-1,0.009334337789295965,0.009334337789295965,10.0,load-weighted,WP2033,all-island
2571,FIN_RURAL,bus,3691-4041-1,-9.178603942942669e-05,9.178603942942669e-05,10.0,load-weighted,WP2033,all-island
4081,MONREAD,bus,3691-4041-1,0.000957603449332903,0.000957603449332903,10.0,load-weighted,WP2033,all-island
2821,GORTAWEE,bus,3691-4041-1,-0.03379779660778938,0.03379779660778938,10.0,load-weighted,WP2033,all-island
1541,BANOGE,bus,3691-4041-1,0.002772931337999846,0.002772931337999846,10.0,load-weighted,WP2033,all-island
1081,AHANE,bus,3691-4041-1,0.01120346267596181,0.01120346267596181,10.0,load-weighted,WP2033,all-island
1831,SCREEB,bus,3691-4041-1,0.05145963224336618,0.05145963224336618,10.0,load-weighted,WP2033,all-island
4041,MOY,bus,3691-4041-1,-0.2630703490157432,0.2630703490157432,10.0,load-weighted,WP2033,all-island
1361,BALLYDINE,bus,3691-4041-1,0.0068737330924246165,0.0068737330924246165,10.0,load-weighted,WP2033,all-island
86312,NARD1,bus,3691-4041-1,-0.00974167888136854,0.00974167888136854,10.0,load-weighted,WP2033,all-island
1221,ATHY,bus,3691-4041-1,0.00342024307912076,0.00342024307912076,10.0,load-weighted,WP2033,all-island
1921,COW CROSS,bus,3691-4041-1,0.007836575523471919,0.007836575523471919,10.0,load-weighted,WP2033,all-island
4021,MALLOW,bus,3691-4041-1,0.009056547321796966,0.009056547321796966,10.0,load-weighted,WP2033,all-island
5181,TRABEG,bus,3691-4041-1,0.007936819121125914,0.007936819121125914,10.0,load-weighted,WP2033,all-island
1861,CARRICK ON S,bus,3691-4041-1,-0.06401022845534823,0.06401022845534823,10.0,load-weighted,WP2033,all-island
22811,DALTON_A2,bus,3691-4041-1,0.223805879905139,0.223805879905139,10.0,load-weighted,WP2033,all-island
